{
	"__comment": "Maded by PhilippO. / pro_pixel_ from BuildmodeOne",
	"textures": {
		"particle": "block/redstone_lamp_on",
		"texture": "block/white_concrete"
	},
	"elements": [ 	 
		{
			"__comment": "Box1",
			"from": [ 0, 15, 6 ],
			"to": [ 16, 16, 10 ],
			"faces": {
				"down": { "uv": [ 0, 6, 16, 10 ], "texture": "#texture" },
				"up": { "uv": [ 0, 6, 16, 10 ], "texture": "#texture" },
				"north": { "uv": [ 0, 0, 16, 1 ], "texture": "#texture" },
				"south": { "uv": [ 0, 0, 16, 1 ], "texture": "#texture" },
				"west": { "uv": [ 6, 0, 10, 1 ], "texture": "#texture" },
				"east": { "uv": [ 6, 0, 10, 1 ], "texture": "#texture" }
			}
		},
		{
			"__comment": "Box3",
			"from": [ 0.5, 14.5, 6.5 ],
			"to": [ 3.5, 15, 9.5 ],
			"faces": {
				"down": { "uv": [ 0, 0, 16, 16 ], "texture": "#particle" },
				"up": { "uv": [ 0, 0, 16, 16 ], "texture": "#particle" },
				"north": { "uv": [ 0, 0, 3, 0.5 ], "texture": "#particle" },
				"south": { "uv": [ 0, 0, 3, 0.5 ], "texture": "#particle" },
				"west": { "uv": [ 0, 0, 3, 0.5 ], "texture": "#particle" },
				"east": { "uv": [ 0, 0, 3, 0.5 ], "texture": "#particle" }
			}
		},
		{
			"__comment": "Box3",
			"from": [ 3.5, 14.5, 6.5 ],
			"to": [ 6.5, 15, 9.5 ],
			"faces": {
				"down": { "uv": [ 0, 0, 16, 16 ], "texture": "#particle" },
				"up": { "uv": [ 0, 0, 16, 16 ], "texture": "#particle" },
				"north": { "uv": [ 0, 0, 3, 0.5 ], "texture": "#particle" },
				"south": { "uv": [ 0, 0, 3, 0.5 ], "texture": "#particle" },
				"west": { "uv": [ 0, 0, 3, 0.5 ], "texture": "#particle" },
				"east": { "uv": [ 0, 0, 3, 0.5 ], "texture": "#particle" }
			}
		},
		{
			"__comment": "Box3",
			"from": [ 12.5, 14.5, 6.5 ],
			"to": [ 15.5, 15, 9.5 ],
			"faces": {
				"down": { "uv": [ 0, 0, 16, 16 ], "texture": "#particle" },
				"up": { "uv": [ 0, 0, 16, 16 ], "texture": "#particle" },
				"north": { "uv": [ 0, 0, 3, 0.5 ], "texture": "#particle" },
				"south": { "uv": [ 0, 0, 3, 0.5 ], "texture": "#particle" },
				"west": { "uv": [ 0, 0, 3, 0.5 ], "texture": "#particle" },
				"east": { "uv": [ 0, 0, 3, 0.5 ], "texture": "#particle" }
			}
		},
		{
			"__comment": "Box3",
			"from": [ 9.5, 14.5, 6.5 ],
			"to": [ 12.5, 15, 9.5 ],
			"faces": {
				"down": { "uv": [ 0, 0, 16, 16 ], "texture": "#particle" },
				"up": { "uv": [ 0, 0, 16, 16 ], "texture": "#particle" },
				"north": { "uv": [ 0, 0, 3, 0.5 ], "texture": "#particle" },
				"south": { "uv": [ 0, 0, 3, 0.5 ], "texture": "#particle" },
				"west": { "uv": [ 0, 0, 3, 0.5 ], "texture": "#particle" },
				"east": { "uv": [ 0, 0, 3, 0.5 ], "texture": "#particle" }
			}
		},
		{
			"__comment": "Box3",
			"from": [ 6.5, 14.5, 6.5 ],
			"to": [ 9.5, 15, 9.5 ],
			"faces": {
				"down": { "uv": [ 0, 0, 16, 16 ], "texture": "#particle" },
				"up": { "uv": [ 0, 0, 16, 16 ], "texture": "#particle" },
				"north": { "uv": [ 0, 0, 3, 0.5 ], "texture": "#particle" },
				"south": { "uv": [ 0, 0, 3, 0.5 ], "texture": "#particle" },
				"west": { "uv": [ 0, 0, 3, 0.5 ], "texture": "#particle" },
				"east": { "uv": [ 0, 0, 3, 0.5 ], "texture": "#particle" }
			}
		}
	],
	"display": {
		"head": {
			"translation":  [ 0, -21.75, 0 ],
			"scale":  [ 2.28, 2.28, 2.28 ]
		}
	}
}