{
	"__comment": "Maded by PhilippO. / pro_pixel_ from BuildmodeOne",
	"textures": {
		"particle": "block/white_terracotta",
		"texture": "block/white_concrete",
		"black": "block/black_concrete_powder"
	},
	"elements": [ 	 
		{
			"__comment": "Voxels-FFE2C5",
			"from": [ 5.5, 0, 7.5 ],
			"to": [ 6, 0.5, 8 ],
			"faces": {
				"down": { "uv": [ 8.96, 4.96, 11.04, 7.04 ], "texture": "#texture" },
				"up": { "uv": [ 8.96, 4.96, 11.04, 7.04 ], "texture": "#texture" },
				"north": { "uv": [ 8.96, 4.96, 11.04, 7.04 ], "texture": "#texture" },
				"south": { "uv": [ 8.96, 4.96, 11.04, 7.04 ], "texture": "#texture" },
				"west": { "uv": [ 8.96, 4.96, 11.04, 7.04 ], "texture": "#texture" },
				"east": { "uv": [ 8.96, 4.96, 11.04, 7.04 ], "texture": "#texture" }
			}
		},
		{
			"__comment": "Voxels-FFE2C5",
			"from": [ 6, 0, 7 ],
			"to": [ 6.5, 0.5, 7.5 ],
			"faces": {
				"down": { "uv": [ 8.96, 4.96, 11.04, 7.04 ], "texture": "#texture" },
				"up": { "uv": [ 8.96, 4.96, 11.04, 7.04 ], "texture": "#texture" },
				"north": { "uv": [ 8.96, 4.96, 11.04, 7.04 ], "texture": "#texture" },
				"south": { "uv": [ 8.96, 4.96, 11.04, 7.04 ], "texture": "#texture" },
				"west": { "uv": [ 8.96, 4.96, 11.04, 7.04 ], "texture": "#texture" },
				"east": { "uv": [ 8.96, 4.96, 11.04, 7.04 ], "texture": "#texture" }
			}
		},
		{
			"__comment": "Voxels-FFEDDA",
			"from": [ 6, 0, 7.5 ],
			"to": [ 9.5, 0.5, 8 ],
			"faces": {
				"down": { "uv": [ 4.96, 0.96, 7.04, 3.04 ], "texture": "#texture" },
				"up": { "uv": [ 4.96, 0.96, 7.04, 3.04 ], "texture": "#texture" },
				"north": { "uv": [ 4.96, 0.96, 7.04, 3.04 ], "texture": "#texture" },
				"south": { "uv": [ 4.96, 0.96, 7.04, 3.04 ], "texture": "#texture" },
				"west": { "uv": [ 4.96, 0.96, 7.04, 3.04 ], "texture": "#texture" },
				"east": { "uv": [ 4.96, 0.96, 7.04, 3.04 ], "texture": "#texture" }
			}
		},
		{
			"__comment": "Voxels-FFE2C5",
			"from": [ 6, 0, 8 ],
			"to": [ 6.5, 0.5, 9 ],
			"faces": {
				"down": { "uv": [ 8.96, 4.96, 11.04, 7.04 ], "texture": "#texture" },
				"up": { "uv": [ 8.96, 4.96, 11.04, 7.04 ], "texture": "#texture" },
				"north": { "uv": [ 8.96, 4.96, 11.04, 7.04 ], "texture": "#texture" },
				"south": { "uv": [ 8.96, 4.96, 11.04, 7.04 ], "texture": "#texture" },
				"west": { "uv": [ 8.96, 4.96, 11.04, 7.04 ], "texture": "#texture" },
				"east": { "uv": [ 8.96, 4.96, 11.04, 7.04 ], "texture": "#texture" }
			}
		},
		{
			"__comment": "Voxels-FFE2C5",
			"from": [ 6, 0.5, 7.5 ],
			"to": [ 6.5, 1, 8 ],
			"faces": {
				"down": { "uv": [ 8.96, 4.96, 11.04, 7.04 ], "texture": "#texture" },
				"up": { "uv": [ 8.96, 4.96, 11.04, 7.04 ], "texture": "#texture" },
				"north": { "uv": [ 8.96, 4.96, 11.04, 7.04 ], "texture": "#texture" },
				"south": { "uv": [ 8.96, 4.96, 11.04, 7.04 ], "texture": "#texture" },
				"west": { "uv": [ 8.96, 4.96, 11.04, 7.04 ], "texture": "#texture" },
				"east": { "uv": [ 8.96, 4.96, 11.04, 7.04 ], "texture": "#texture" }
			}
		},
		{
			"__comment": "Voxels-FFE2C5",
			"from": [ 6.5, 0, 6.5 ],
			"to": [ 7, 0.5, 7 ],
			"faces": {
				"down": { "uv": [ 8.96, 4.96, 11.04, 7.04 ], "texture": "#texture" },
				"up": { "uv": [ 8.96, 4.96, 11.04, 7.04 ], "texture": "#texture" },
				"north": { "uv": [ 8.96, 4.96, 11.04, 7.04 ], "texture": "#texture" },
				"south": { "uv": [ 8.96, 4.96, 11.04, 7.04 ], "texture": "#texture" },
				"west": { "uv": [ 8.96, 4.96, 11.04, 7.04 ], "texture": "#texture" },
				"east": { "uv": [ 8.96, 4.96, 11.04, 7.04 ], "texture": "#texture" }
			}
		},
		{
			"__comment": "Voxels-FFEDDA",
			"from": [ 6.5, 0, 7 ],
			"to": [ 9, 0.5, 7.5 ],
			"faces": {
				"down": { "uv": [ 4.96, 0.96, 7.04, 3.04 ], "texture": "#texture" },
				"up": { "uv": [ 4.96, 0.96, 7.04, 3.04 ], "texture": "#texture" },
				"north": { "uv": [ 4.96, 0.96, 7.04, 3.04 ], "texture": "#texture" },
				"south": { "uv": [ 4.96, 0.96, 7.04, 3.04 ], "texture": "#texture" },
				"west": { "uv": [ 4.96, 0.96, 7.04, 3.04 ], "texture": "#texture" },
				"east": { "uv": [ 4.96, 0.96, 7.04, 3.04 ], "texture": "#texture" }
			}
		},
		{
			"__comment": "Voxels-FFEDDA",
			"from": [ 6.5, 0, 8 ],
			"to": [ 9.5, 0.5, 8.5 ],
			"faces": {
				"down": { "uv": [ 4.96, 0.96, 7.04, 3.04 ], "texture": "#texture" },
				"up": { "uv": [ 4.96, 0.96, 7.04, 3.04 ], "texture": "#texture" },
				"north": { "uv": [ 4.96, 0.96, 7.04, 3.04 ], "texture": "#texture" },
				"south": { "uv": [ 4.96, 0.96, 7.04, 3.04 ], "texture": "#texture" },
				"west": { "uv": [ 4.96, 0.96, 7.04, 3.04 ], "texture": "#texture" },
				"east": { "uv": [ 4.96, 0.96, 7.04, 3.04 ], "texture": "#texture" }
			}
		},
		{
			"__comment": "Voxels-FFD5AA",
			"from": [ 6.5, 0, 8.5 ],
			"to": [ 7, 0.5, 9 ],
			"faces": {
				"down": { "uv": [ 4.96, 4.96, 7.04, 7.04 ], "texture": "#texture" },
				"up": { "uv": [ 4.96, 4.96, 7.04, 7.04 ], "texture": "#texture" },
				"north": { "uv": [ 4.96, 4.96, 7.04, 7.04 ], "texture": "#texture" },
				"south": { "uv": [ 4.96, 4.96, 7.04, 7.04 ], "texture": "#texture" },
				"west": { "uv": [ 4.96, 4.96, 7.04, 7.04 ], "texture": "#texture" },
				"east": { "uv": [ 4.96, 4.96, 7.04, 7.04 ], "texture": "#texture" }
			}
		},
		{
			"__comment": "Voxels-FFE2C5",
			"from": [ 6.5, 0, 9 ],
			"to": [ 7.5, 0.5, 9.5 ],
			"faces": {
				"down": { "uv": [ 8.96, 4.96, 11.04, 7.04 ], "texture": "#texture" },
				"up": { "uv": [ 8.96, 4.96, 11.04, 7.04 ], "texture": "#texture" },
				"north": { "uv": [ 8.96, 4.96, 11.04, 7.04 ], "texture": "#texture" },
				"south": { "uv": [ 8.96, 4.96, 11.04, 7.04 ], "texture": "#texture" },
				"west": { "uv": [ 8.96, 4.96, 11.04, 7.04 ], "texture": "#texture" },
				"east": { "uv": [ 8.96, 4.96, 11.04, 7.04 ], "texture": "#texture" }
			}
		},
		{
			"__comment": "Voxels-FFE2C5",
			"from": [ 6.5, 0.5, 7 ],
			"to": [ 7, 1, 7.5 ],
			"faces": {
				"down": { "uv": [ 8.96, 4.96, 11.04, 7.04 ], "texture": "#texture" },
				"up": { "uv": [ 8.96, 4.96, 11.04, 7.04 ], "texture": "#texture" },
				"north": { "uv": [ 8.96, 4.96, 11.04, 7.04 ], "texture": "#texture" },
				"south": { "uv": [ 8.96, 4.96, 11.04, 7.04 ], "texture": "#texture" },
				"west": { "uv": [ 8.96, 4.96, 11.04, 7.04 ], "texture": "#texture" },
				"east": { "uv": [ 8.96, 4.96, 11.04, 7.04 ], "texture": "#texture" }
			}
		},
		{
			"__comment": "Voxels-FFEDDA",
			"from": [ 6.5, 0.5, 7.5 ],
			"to": [ 9, 1, 8 ],
			"faces": {
				"down": { "uv": [ 4.96, 0.96, 7.04, 3.04 ], "texture": "#texture" },
				"up": { "uv": [ 4.96, 0.96, 7.04, 3.04 ], "texture": "#texture" },
				"north": { "uv": [ 4.96, 0.96, 7.04, 3.04 ], "texture": "#texture" },
				"south": { "uv": [ 4.96, 0.96, 7.04, 3.04 ], "texture": "#texture" },
				"west": { "uv": [ 4.96, 0.96, 7.04, 3.04 ], "texture": "#texture" },
				"east": { "uv": [ 4.96, 0.96, 7.04, 3.04 ], "texture": "#texture" }
			}
		},
		{
			"__comment": "Voxels-FFE2C5",
			"from": [ 6.5, 0.5, 8 ],
			"to": [ 7, 2, 8.5 ],
			"faces": {
				"down": { "uv": [ 8.96, 4.96, 11.04, 7.04 ], "texture": "#texture" },
				"up": { "uv": [ 8.96, 4.96, 11.04, 7.04 ], "texture": "#texture" },
				"north": { "uv": [ 8.96, 4.96, 11.04, 7.04 ], "texture": "#texture" },
				"south": { "uv": [ 8.96, 4.96, 11.04, 7.04 ], "texture": "#texture" },
				"west": { "uv": [ 8.96, 4.96, 11.04, 7.04 ], "texture": "#texture" },
				"east": { "uv": [ 8.96, 4.96, 11.04, 7.04 ], "texture": "#texture" }
			}
		},
		{
			"__comment": "Voxels-FFEDDA",
			"from": [ 6.5, 1, 7 ],
			"to": [ 7, 1.5, 7.5 ],
			"faces": {
				"down": { "uv": [ 4.96, 0.96, 7.04, 3.04 ], "texture": "#texture" },
				"up": { "uv": [ 4.96, 0.96, 7.04, 3.04 ], "texture": "#texture" },
				"north": { "uv": [ 4.96, 0.96, 7.04, 3.04 ], "texture": "#texture" },
				"south": { "uv": [ 4.96, 0.96, 7.04, 3.04 ], "texture": "#texture" },
				"west": { "uv": [ 4.96, 0.96, 7.04, 3.04 ], "texture": "#texture" },
				"east": { "uv": [ 4.96, 0.96, 7.04, 3.04 ], "texture": "#texture" }
			}
		},
		{
			"__comment": "Voxels-FFE2C5",
			"from": [ 6.5, 1, 7.5 ],
			"to": [ 7, 1.5, 8 ],
			"faces": {
				"down": { "uv": [ 8.96, 4.96, 11.04, 7.04 ], "texture": "#texture" },
				"up": { "uv": [ 8.96, 4.96, 11.04, 7.04 ], "texture": "#texture" },
				"north": { "uv": [ 8.96, 4.96, 11.04, 7.04 ], "texture": "#texture" },
				"south": { "uv": [ 8.96, 4.96, 11.04, 7.04 ], "texture": "#texture" },
				"west": { "uv": [ 8.96, 4.96, 11.04, 7.04 ], "texture": "#texture" },
				"east": { "uv": [ 8.96, 4.96, 11.04, 7.04 ], "texture": "#texture" }
			}
		},
		{
			"__comment": "Voxels-FFEDDA",
			"from": [ 6.5, 3.5, 7 ],
			"to": [ 9, 4.5, 7.5 ],
			"faces": {
				"down": { "uv": [ 4.96, 0.96, 7.04, 3.04 ], "texture": "#particle" },
				"up": { "uv": [ 4.96, 0.96, 7.04, 3.04 ], "texture": "#particle" },
				"north": { "uv": [ 4.96, 0.96, 7.04, 3.04 ], "texture": "#particle" },
				"south": { "uv": [ 4.96, 0.96, 7.04, 3.04 ], "texture": "#particle" },
				"west": { "uv": [ 4.96, 0.96, 7.04, 3.04 ], "texture": "#particle" },
				"east": { "uv": [ 4.96, 0.96, 7.04, 3.04 ], "texture": "#particle" }
			}
		},
		{
			"__comment": "Voxels-FFEDDA",
			"from": [ 6.5, 3.5, 8.5 ],
			"to": [ 9, 5.5, 9 ],
			"faces": {
				"down": { "uv": [ 4.96, 0.96, 7.04, 3.04 ], "texture": "#texture" },
				"up": { "uv": [ 4.96, 0.96, 7.04, 3.04 ], "texture": "#texture" },
				"north": { "uv": [ 4.96, 0.96, 7.04, 3.04 ], "texture": "#texture" },
				"south": { "uv": [ 4.96, 0.96, 7.04, 3.04 ], "texture": "#texture" },
				"west": { "uv": [ 4.96, 0.96, 7.04, 3.04 ], "texture": "#texture" },
				"east": { "uv": [ 4.96, 0.96, 7.04, 3.04 ], "texture": "#texture" }
			}
		},
		{
			"__comment": "Voxels-FFEDDA",
			"from": [ 6.5, 4.5, 7 ],
			"to": [ 8.5, 5.5, 7.5 ],
			"faces": {
				"down": { "uv": [ 4.96, 0.96, 7.04, 3.04 ], "texture": "#particle" },
				"up": { "uv": [ 4.96, 0.96, 7.04, 3.04 ], "texture": "#particle" },
				"north": { "uv": [ 4.96, 0.96, 7.04, 3.04 ], "texture": "#particle" },
				"south": { "uv": [ 4.96, 0.96, 7.04, 3.04 ], "texture": "#particle" },
				"west": { "uv": [ 4.96, 0.96, 7.04, 3.04 ], "texture": "#particle" },
				"east": { "uv": [ 4.96, 0.96, 7.04, 3.04 ], "texture": "#particle" }
			}
		},
		{
			"__comment": "Voxels-FFEDDA",
			"from": [ 6.5, 4.5, 7.5 ],
			"to": [ 9, 5, 8 ],
			"faces": {
				"down": { "uv": [ 4.96, 0.96, 7.04, 3.04 ], "texture": "#particle" },
				"up": { "uv": [ 4.96, 0.96, 7.04, 3.04 ], "texture": "#particle" },
				"north": { "uv": [ 4.96, 0.96, 7.04, 3.04 ], "texture": "#particle" },
				"south": { "uv": [ 4.96, 0.96, 7.04, 3.04 ], "texture": "#particle" },
				"west": { "uv": [ 4.96, 0.96, 7.04, 3.04 ], "texture": "#particle" },
				"east": { "uv": [ 4.96, 0.96, 7.04, 3.04 ], "texture": "#particle" }
			}
		},
		{
			"__comment": "Voxels-FFF9DA",
			"from": [ 6.5, 5, 7.5 ],
			"to": [ 7, 6.5, 8 ],
			"faces": {
				"down": { "uv": [ 12.96, 0.96, 15.04, 3.04 ], "texture": "#particle" },
				"up": { "uv": [ 12.96, 0.96, 15.04, 3.04 ], "texture": "#particle" },
				"north": { "uv": [ 12.96, 0.96, 15.04, 3.04 ], "texture": "#particle" },
				"south": { "uv": [ 12.96, 0.96, 15.04, 3.04 ], "texture": "#particle" },
				"west": { "uv": [ 12.96, 0.96, 15.04, 3.04 ], "texture": "#particle" },
				"east": { "uv": [ 12.96, 0.96, 15.04, 3.04 ], "texture": "#particle" }
			}
		},
		{
			"__comment": "Voxels-FFF9DA",
			"from": [ 6.5, 5.5, 7 ],
			"to": [ 7, 6.5, 7.5 ],
			"faces": {
				"down": { "uv": [ 12.96, 0.96, 15.04, 3.04 ], "texture": "#particle" },
				"up": { "uv": [ 12.96, 0.96, 15.04, 3.04 ], "texture": "#particle" },
				"north": { "uv": [ 12.96, 0.96, 15.04, 3.04 ], "texture": "#particle" },
				"south": { "uv": [ 12.96, 0.96, 15.04, 3.04 ], "texture": "#particle" },
				"west": { "uv": [ 12.96, 0.96, 15.04, 3.04 ], "texture": "#particle" },
				"east": { "uv": [ 12.96, 0.96, 15.04, 3.04 ], "texture": "#particle" }
			}
		},
		{
			"__comment": "Voxels-FFEDDA",
			"from": [ 6.5, 5.5, 8.5 ],
			"to": [ 8.5, 6, 9 ],
			"faces": {
				"down": { "uv": [ 4.96, 0.96, 7.04, 3.04 ], "texture": "#particle" },
				"up": { "uv": [ 4.96, 0.96, 7.04, 3.04 ], "texture": "#particle" },
				"north": { "uv": [ 4.96, 0.96, 7.04, 3.04 ], "texture": "#particle" },
				"south": { "uv": [ 4.96, 0.96, 7.04, 3.04 ], "texture": "#particle" },
				"west": { "uv": [ 4.96, 0.96, 7.04, 3.04 ], "texture": "#particle" },
				"east": { "uv": [ 4.96, 0.96, 7.04, 3.04 ], "texture": "#particle" }
			}
		},
		{
			"__comment": "Voxels-FFEDDA",
			"from": [ 6.5, 6, 8.5 ],
			"to": [ 7, 6.5, 9 ],
			"faces": {
				"down": { "uv": [ 4.96, 0.96, 7.04, 3.04 ], "texture": "#particle" },
				"up": { "uv": [ 4.96, 0.96, 7.04, 3.04 ], "texture": "#particle" },
				"north": { "uv": [ 4.96, 0.96, 7.04, 3.04 ], "texture": "#particle" },
				"south": { "uv": [ 4.96, 0.96, 7.04, 3.04 ], "texture": "#particle" },
				"west": { "uv": [ 4.96, 0.96, 7.04, 3.04 ], "texture": "#particle" },
				"east": { "uv": [ 4.96, 0.96, 7.04, 3.04 ], "texture": "#particle" }
			}
		},
		{
			"__comment": "Voxels-FFFFDA",
			"from": [ 6.5, 6.5, 7.5 ],
			"to": [ 8, 7, 8 ],
			"faces": {
				"down": { "uv": [ 0.96, 4.96, 3.04, 7.04 ], "texture": "#particle" },
				"up": { "uv": [ 0.96, 4.96, 3.04, 7.04 ], "texture": "#particle" },
				"north": { "uv": [ 0.96, 4.96, 3.04, 7.04 ], "texture": "#particle" },
				"south": { "uv": [ 0.96, 4.96, 3.04, 7.04 ], "texture": "#particle" },
				"west": { "uv": [ 0.96, 4.96, 3.04, 7.04 ], "texture": "#particle" },
				"east": { "uv": [ 0.96, 4.96, 3.04, 7.04 ], "texture": "#particle" }
			}
		},
		{
			"__comment": "Voxels-FFFFDA",
			"from": [ 6.5, 7, 7.5 ],
			"to": [ 7, 7.5, 8 ],
			"faces": {
				"down": { "uv": [ 0.96, 4.96, 3.04, 7.04 ], "texture": "#particle" },
				"up": { "uv": [ 0.96, 4.96, 3.04, 7.04 ], "texture": "#particle" },
				"north": { "uv": [ 0.96, 4.96, 3.04, 7.04 ], "texture": "#particle" },
				"south": { "uv": [ 0.96, 4.96, 3.04, 7.04 ], "texture": "#particle" },
				"west": { "uv": [ 0.96, 4.96, 3.04, 7.04 ], "texture": "#particle" },
				"east": { "uv": [ 0.96, 4.96, 3.04, 7.04 ], "texture": "#particle" }
			}
		},
		{
			"__comment": "Voxels-FFE2C5",
			"from": [ 7, 0, 6 ],
			"to": [ 9, 0.5, 6.5 ],
			"faces": {
				"down": { "uv": [ 8.96, 4.96, 11.04, 7.04 ], "texture": "#texture" },
				"up": { "uv": [ 8.96, 4.96, 11.04, 7.04 ], "texture": "#texture" },
				"north": { "uv": [ 8.96, 4.96, 11.04, 7.04 ], "texture": "#texture" },
				"south": { "uv": [ 8.96, 4.96, 11.04, 7.04 ], "texture": "#texture" },
				"west": { "uv": [ 8.96, 4.96, 11.04, 7.04 ], "texture": "#texture" },
				"east": { "uv": [ 8.96, 4.96, 11.04, 7.04 ], "texture": "#texture" }
			}
		},
		{
			"__comment": "Voxels-FFEDDA",
			"from": [ 7, 0, 6.5 ],
			"to": [ 8.5, 0.5, 7 ],
			"faces": {
				"down": { "uv": [ 4.96, 0.96, 7.04, 3.04 ], "texture": "#texture" },
				"up": { "uv": [ 4.96, 0.96, 7.04, 3.04 ], "texture": "#texture" },
				"north": { "uv": [ 4.96, 0.96, 7.04, 3.04 ], "texture": "#texture" },
				"south": { "uv": [ 4.96, 0.96, 7.04, 3.04 ], "texture": "#texture" },
				"west": { "uv": [ 4.96, 0.96, 7.04, 3.04 ], "texture": "#texture" },
				"east": { "uv": [ 4.96, 0.96, 7.04, 3.04 ], "texture": "#texture" }
			}
		},
		{
			"__comment": "Voxels-FFEDDA",
			"from": [ 7, 0, 8.5 ],
			"to": [ 9.5, 0.5, 9 ],
			"faces": {
				"down": { "uv": [ 4.96, 0.96, 7.04, 3.04 ], "texture": "#texture" },
				"up": { "uv": [ 4.96, 0.96, 7.04, 3.04 ], "texture": "#texture" },
				"north": { "uv": [ 4.96, 0.96, 7.04, 3.04 ], "texture": "#texture" },
				"south": { "uv": [ 4.96, 0.96, 7.04, 3.04 ], "texture": "#texture" },
				"west": { "uv": [ 4.96, 0.96, 7.04, 3.04 ], "texture": "#texture" },
				"east": { "uv": [ 4.96, 0.96, 7.04, 3.04 ], "texture": "#texture" }
			}
		},
		{
			"__comment": "Voxels-FFE2C5",
			"from": [ 7, 0, 9.5 ],
			"to": [ 9, 0.5, 10 ],
			"faces": {
				"down": { "uv": [ 8.96, 4.96, 11.04, 7.04 ], "texture": "#texture" },
				"up": { "uv": [ 8.96, 4.96, 11.04, 7.04 ], "texture": "#texture" },
				"north": { "uv": [ 8.96, 4.96, 11.04, 7.04 ], "texture": "#texture" },
				"south": { "uv": [ 8.96, 4.96, 11.04, 7.04 ], "texture": "#texture" },
				"west": { "uv": [ 8.96, 4.96, 11.04, 7.04 ], "texture": "#texture" },
				"east": { "uv": [ 8.96, 4.96, 11.04, 7.04 ], "texture": "#texture" }
			}
		},
		{
			"__comment": "Voxels-FFE2C5",
			"from": [ 7, 0.5, 6.5 ],
			"to": [ 7.5, 1, 7 ],
			"faces": {
				"down": { "uv": [ 8.96, 4.96, 11.04, 7.04 ], "texture": "#texture" },
				"up": { "uv": [ 8.96, 4.96, 11.04, 7.04 ], "texture": "#texture" },
				"north": { "uv": [ 8.96, 4.96, 11.04, 7.04 ], "texture": "#texture" },
				"south": { "uv": [ 8.96, 4.96, 11.04, 7.04 ], "texture": "#texture" },
				"west": { "uv": [ 8.96, 4.96, 11.04, 7.04 ], "texture": "#texture" },
				"east": { "uv": [ 8.96, 4.96, 11.04, 7.04 ], "texture": "#texture" }
			}
		},
		{
			"__comment": "Voxels-FFEDDA",
			"from": [ 7, 0.5, 7 ],
			"to": [ 9, 1, 7.5 ],
			"faces": {
				"down": { "uv": [ 4.96, 0.96, 7.04, 3.04 ], "texture": "#texture" },
				"up": { "uv": [ 4.96, 0.96, 7.04, 3.04 ], "texture": "#texture" },
				"north": { "uv": [ 4.96, 0.96, 7.04, 3.04 ], "texture": "#texture" },
				"south": { "uv": [ 4.96, 0.96, 7.04, 3.04 ], "texture": "#texture" },
				"west": { "uv": [ 4.96, 0.96, 7.04, 3.04 ], "texture": "#texture" },
				"east": { "uv": [ 4.96, 0.96, 7.04, 3.04 ], "texture": "#texture" }
			}
		},
		{
			"__comment": "Voxels-FFEDDA",
			"from": [ 7, 0.5, 8 ],
			"to": [ 9, 1, 8.5 ],
			"faces": {
				"down": { "uv": [ 4.96, 0.96, 7.04, 3.04 ], "texture": "#texture" },
				"up": { "uv": [ 4.96, 0.96, 7.04, 3.04 ], "texture": "#texture" },
				"north": { "uv": [ 4.96, 0.96, 7.04, 3.04 ], "texture": "#texture" },
				"south": { "uv": [ 4.96, 0.96, 7.04, 3.04 ], "texture": "#texture" },
				"west": { "uv": [ 4.96, 0.96, 7.04, 3.04 ], "texture": "#texture" },
				"east": { "uv": [ 4.96, 0.96, 7.04, 3.04 ], "texture": "#texture" }
			}
		},
		{
			"__comment": "Voxels-FFE2C5",
			"from": [ 7, 0.5, 8.5 ],
			"to": [ 7.5, 1, 9 ],
			"faces": {
				"down": { "uv": [ 8.96, 4.96, 11.04, 7.04 ], "texture": "#texture" },
				"up": { "uv": [ 8.96, 4.96, 11.04, 7.04 ], "texture": "#texture" },
				"north": { "uv": [ 8.96, 4.96, 11.04, 7.04 ], "texture": "#texture" },
				"south": { "uv": [ 8.96, 4.96, 11.04, 7.04 ], "texture": "#texture" },
				"west": { "uv": [ 8.96, 4.96, 11.04, 7.04 ], "texture": "#texture" },
				"east": { "uv": [ 8.96, 4.96, 11.04, 7.04 ], "texture": "#texture" }
			}
		},
		{
			"__comment": "Voxels-FFE2C5",
			"from": [ 7, 1, 7 ],
			"to": [ 7.5, 1.5, 7.5 ],
			"faces": {
				"down": { "uv": [ 8.96, 4.96, 11.04, 7.04 ], "texture": "#texture" },
				"up": { "uv": [ 8.96, 4.96, 11.04, 7.04 ], "texture": "#texture" },
				"north": { "uv": [ 8.96, 4.96, 11.04, 7.04 ], "texture": "#texture" },
				"south": { "uv": [ 8.96, 4.96, 11.04, 7.04 ], "texture": "#texture" },
				"west": { "uv": [ 8.96, 4.96, 11.04, 7.04 ], "texture": "#texture" },
				"east": { "uv": [ 8.96, 4.96, 11.04, 7.04 ], "texture": "#texture" }
			}
		},
		{
			"__comment": "Voxels-FFEDDA",
			"from": [ 7, 1, 7.5 ],
			"to": [ 9, 4.5, 8 ],
			"faces": {
				"down": { "uv": [ 4.96, 0.96, 7.04, 3.04 ], "texture": "#texture" },
				"up": { "uv": [ 4.96, 0.96, 7.04, 3.04 ], "texture": "#texture" },
				"north": { "uv": [ 4.96, 0.96, 7.04, 3.04 ], "texture": "#texture" },
				"south": { "uv": [ 4.96, 0.96, 7.04, 3.04 ], "texture": "#texture" },
				"west": { "uv": [ 4.96, 0.96, 7.04, 3.04 ], "texture": "#texture" },
				"east": { "uv": [ 4.96, 0.96, 7.04, 3.04 ], "texture": "#texture" }
			}
		},
		{
			"__comment": "Voxels-FFEDDA",
			"from": [ 7, 1, 8 ],
			"to": [ 8.5, 6, 8.5 ],
			"faces": {
				"down": { "uv": [ 4.96, 0.96, 7.04, 3.04 ], "texture": "#texture" },
				"up": { "uv": [ 4.96, 0.96, 7.04, 3.04 ], "texture": "#texture" },
				"north": { "uv": [ 4.96, 0.96, 7.04, 3.04 ], "texture": "#texture" },
				"south": { "uv": [ 4.96, 0.96, 7.04, 3.04 ], "texture": "#texture" },
				"west": { "uv": [ 4.96, 0.96, 7.04, 3.04 ], "texture": "#texture" },
				"east": { "uv": [ 4.96, 0.96, 7.04, 3.04 ], "texture": "#texture" }
			}
		},
		{
			"__comment": "Voxels-FFEDDA",
			"from": [ 7, 1, 8.5 ],
			"to": [ 8.5, 1.5, 9 ],
			"faces": {
				"down": { "uv": [ 4.96, 0.96, 7.04, 3.04 ], "texture": "#texture" },
				"up": { "uv": [ 4.96, 0.96, 7.04, 3.04 ], "texture": "#texture" },
				"north": { "uv": [ 4.96, 0.96, 7.04, 3.04 ], "texture": "#texture" },
				"south": { "uv": [ 4.96, 0.96, 7.04, 3.04 ], "texture": "#texture" },
				"west": { "uv": [ 4.96, 0.96, 7.04, 3.04 ], "texture": "#texture" },
				"east": { "uv": [ 4.96, 0.96, 7.04, 3.04 ], "texture": "#texture" }
			}
		},
		{
			"__comment": "Voxels-FFEDDA",
			"from": [ 7, 1.5, 7 ],
			"to": [ 9, 3.5, 7.5 ],
			"faces": {
				"down": { "uv": [ 4.96, 0.96, 7.04, 3.04 ], "texture": "#texture" },
				"up": { "uv": [ 4.96, 0.96, 7.04, 3.04 ], "texture": "#texture" },
				"north": { "uv": [ 4.96, 0.96, 7.04, 3.04 ], "texture": "#texture" },
				"south": { "uv": [ 4.96, 0.96, 7.04, 3.04 ], "texture": "#texture" },
				"west": { "uv": [ 4.96, 0.96, 7.04, 3.04 ], "texture": "#texture" },
				"east": { "uv": [ 4.96, 0.96, 7.04, 3.04 ], "texture": "#texture" }
			}
		},
		{
			"__comment": "Voxels-FFEDDA",
			"from": [ 7, 2.5, 8.5 ],
			"to": [ 9, 3.5, 9 ],
			"faces": {
				"down": { "uv": [ 4.96, 0.96, 7.04, 3.04 ], "texture": "#texture" },
				"up": { "uv": [ 4.96, 0.96, 7.04, 3.04 ], "texture": "#texture" },
				"north": { "uv": [ 4.96, 0.96, 7.04, 3.04 ], "texture": "#texture" },
				"south": { "uv": [ 4.96, 0.96, 7.04, 3.04 ], "texture": "#texture" },
				"west": { "uv": [ 4.96, 0.96, 7.04, 3.04 ], "texture": "#texture" },
				"east": { "uv": [ 4.96, 0.96, 7.04, 3.04 ], "texture": "#texture" }
			}
		},
		{
			"__comment": "Voxels-FFEDDA",
			"from": [ 7, 4, 6.5 ],
			"to": [ 7.5, 4.5, 7 ],
			"faces": {
				"down": { "uv": [ 4.96, 0.96, 7.04, 3.04 ], "texture": "#particle" },
				"up": { "uv": [ 4.96, 0.96, 7.04, 3.04 ], "texture": "#particle" },
				"north": { "uv": [ 4.96, 0.96, 7.04, 3.04 ], "texture": "#particle" },
				"south": { "uv": [ 4.96, 0.96, 7.04, 3.04 ], "texture": "#particle" },
				"west": { "uv": [ 4.96, 0.96, 7.04, 3.04 ], "texture": "#particle" },
				"east": { "uv": [ 4.96, 0.96, 7.04, 3.04 ], "texture": "#particle" }
			}
		},
		{
			"__comment": "Voxels-FFF9DA",
			"from": [ 7, 4.5, 6.5 ],
			"to": [ 8, 6, 7 ],
			"faces": {
				"down": { "uv": [ 12.96, 0.96, 15.04, 3.04 ], "texture": "#particle" },
				"up": { "uv": [ 12.96, 0.96, 15.04, 3.04 ], "texture": "#particle" },
				"north": { "uv": [ 12.96, 0.96, 15.04, 3.04 ], "texture": "#particle" },
				"south": { "uv": [ 12.96, 0.96, 15.04, 3.04 ], "texture": "#particle" },
				"west": { "uv": [ 12.96, 0.96, 15.04, 3.04 ], "texture": "#particle" },
				"east": { "uv": [ 12.96, 0.96, 15.04, 3.04 ], "texture": "#particle" }
			}
		},
		{
			"__comment": "Voxels-FFEDDA",
			"from": [ 7, 5, 7.5 ],
			"to": [ 9, 6.5, 8 ],
			"faces": {
				"down": { "uv": [ 4.96, 0.96, 7.04, 3.04 ], "texture": "#particle" },
				"up": { "uv": [ 4.96, 0.96, 7.04, 3.04 ], "texture": "#particle" },
				"north": { "uv": [ 4.96, 0.96, 7.04, 3.04 ], "texture": "#particle" },
				"south": { "uv": [ 4.96, 0.96, 7.04, 3.04 ], "texture": "#particle" },
				"west": { "uv": [ 4.96, 0.96, 7.04, 3.04 ], "texture": "#particle" },
				"east": { "uv": [ 4.96, 0.96, 7.04, 3.04 ], "texture": "#particle" }
			}
		},
		{
			"__comment": "Voxels-FFEDDA",
			"from": [ 7, 5.5, 7 ],
			"to": [ 8.5, 6, 7.5 ],
			"faces": {
				"down": { "uv": [ 4.96, 0.96, 7.04, 3.04 ], "texture": "#particle" },
				"up": { "uv": [ 4.96, 0.96, 7.04, 3.04 ], "texture": "#particle" },
				"north": { "uv": [ 4.96, 0.96, 7.04, 3.04 ], "texture": "#particle" },
				"south": { "uv": [ 4.96, 0.96, 7.04, 3.04 ], "texture": "#particle" },
				"west": { "uv": [ 4.96, 0.96, 7.04, 3.04 ], "texture": "#particle" },
				"east": { "uv": [ 4.96, 0.96, 7.04, 3.04 ], "texture": "#particle" }
			}
		},
		{
			"__comment": "Voxels-FFF9DA",
			"from": [ 7, 6, 7 ],
			"to": [ 7.5, 7, 7.5 ],
			"faces": {
				"down": { "uv": [ 12.96, 0.96, 15.04, 3.04 ], "texture": "#particle" },
				"up": { "uv": [ 12.96, 0.96, 15.04, 3.04 ], "texture": "#particle" },
				"north": { "uv": [ 12.96, 0.96, 15.04, 3.04 ], "texture": "#particle" },
				"south": { "uv": [ 12.96, 0.96, 15.04, 3.04 ], "texture": "#particle" },
				"west": { "uv": [ 12.96, 0.96, 15.04, 3.04 ], "texture": "#particle" },
				"east": { "uv": [ 12.96, 0.96, 15.04, 3.04 ], "texture": "#particle" }
			}
		},
		{
			"__comment": "Voxels-FFF9DA",
			"from": [ 7, 6, 8 ],
			"to": [ 7.5, 7, 9 ],
			"faces": {
				"down": { "uv": [ 12.96, 0.96, 15.04, 3.04 ], "texture": "#particle" },
				"up": { "uv": [ 12.96, 0.96, 15.04, 3.04 ], "texture": "#particle" },
				"north": { "uv": [ 12.96, 0.96, 15.04, 3.04 ], "texture": "#particle" },
				"south": { "uv": [ 12.96, 0.96, 15.04, 3.04 ], "texture": "#particle" },
				"west": { "uv": [ 12.96, 0.96, 15.04, 3.04 ], "texture": "#particle" },
				"east": { "uv": [ 12.96, 0.96, 15.04, 3.04 ], "texture": "#particle" }
			}
		},
		{
			"__comment": "Voxels-FFFFDA",
			"from": [ 7, 7, 7 ],
			"to": [ 7.5, 7.5, 7.5 ],
			"faces": {
				"down": { "uv": [ 0.96, 4.96, 3.04, 7.04 ], "texture": "#particle" },
				"up": { "uv": [ 0.96, 4.96, 3.04, 7.04 ], "texture": "#particle" },
				"north": { "uv": [ 0.96, 4.96, 3.04, 7.04 ], "texture": "#particle" },
				"south": { "uv": [ 0.96, 4.96, 3.04, 7.04 ], "texture": "#particle" },
				"west": { "uv": [ 0.96, 4.96, 3.04, 7.04 ], "texture": "#particle" },
				"east": { "uv": [ 0.96, 4.96, 3.04, 7.04 ], "texture": "#particle" }
			}
		},
		{
			"__comment": "Voxels-FFF9DA",
			"from": [ 7, 7, 7.5 ],
			"to": [ 7.5, 7.5, 8 ],
			"faces": {
				"down": { "uv": [ 12.96, 0.96, 15.04, 3.04 ], "texture": "#particle" },
				"up": { "uv": [ 12.96, 0.96, 15.04, 3.04 ], "texture": "#particle" },
				"north": { "uv": [ 12.96, 0.96, 15.04, 3.04 ], "texture": "#particle" },
				"south": { "uv": [ 12.96, 0.96, 15.04, 3.04 ], "texture": "#particle" },
				"west": { "uv": [ 12.96, 0.96, 15.04, 3.04 ], "texture": "#particle" },
				"east": { "uv": [ 12.96, 0.96, 15.04, 3.04 ], "texture": "#particle" }
			}
		},
		{
			"__comment": "Voxels-FFF9DA",
			"from": [ 7, 7, 8.5 ],
			"to": [ 7.5, 7.5, 9 ],
			"faces": {
				"down": { "uv": [ 12.96, 0.96, 15.04, 3.04 ], "texture": "#particle" },
				"up": { "uv": [ 12.96, 0.96, 15.04, 3.04 ], "texture": "#particle" },
				"north": { "uv": [ 12.96, 0.96, 15.04, 3.04 ], "texture": "#particle" },
				"south": { "uv": [ 12.96, 0.96, 15.04, 3.04 ], "texture": "#particle" },
				"west": { "uv": [ 12.96, 0.96, 15.04, 3.04 ], "texture": "#particle" },
				"east": { "uv": [ 12.96, 0.96, 15.04, 3.04 ], "texture": "#particle" }
			}
		},
		{
			"__comment": "Voxels-FFEDDA",
			"from": [ 7.5, 0, 9 ],
			"to": [ 9, 0.5, 9.5 ],
			"faces": {
				"down": { "uv": [ 4.96, 0.96, 7.04, 3.04 ], "texture": "#texture" },
				"up": { "uv": [ 4.96, 0.96, 7.04, 3.04 ], "texture": "#texture" },
				"north": { "uv": [ 4.96, 0.96, 7.04, 3.04 ], "texture": "#texture" },
				"south": { "uv": [ 4.96, 0.96, 7.04, 3.04 ], "texture": "#texture" },
				"west": { "uv": [ 4.96, 0.96, 7.04, 3.04 ], "texture": "#texture" },
				"east": { "uv": [ 4.96, 0.96, 7.04, 3.04 ], "texture": "#texture" }
			}
		},
		{
			"__comment": "Voxels-FFE2C5",
			"from": [ 7.5, 0.5, 6 ],
			"to": [ 8.5, 1, 6.5 ],
			"faces": {
				"down": { "uv": [ 8.96, 4.96, 11.04, 7.04 ], "texture": "#texture" },
				"up": { "uv": [ 8.96, 4.96, 11.04, 7.04 ], "texture": "#texture" },
				"north": { "uv": [ 8.96, 4.96, 11.04, 7.04 ], "texture": "#texture" },
				"south": { "uv": [ 8.96, 4.96, 11.04, 7.04 ], "texture": "#texture" },
				"west": { "uv": [ 8.96, 4.96, 11.04, 7.04 ], "texture": "#texture" },
				"east": { "uv": [ 8.96, 4.96, 11.04, 7.04 ], "texture": "#texture" }
			}
		},
		{
			"__comment": "Voxels-FFEDDA",
			"from": [ 7.5, 0.5, 6.5 ],
			"to": [ 8.5, 1, 7 ],
			"faces": {
				"down": { "uv": [ 4.96, 0.96, 7.04, 3.04 ], "texture": "#texture" },
				"up": { "uv": [ 4.96, 0.96, 7.04, 3.04 ], "texture": "#texture" },
				"north": { "uv": [ 4.96, 0.96, 7.04, 3.04 ], "texture": "#texture" },
				"south": { "uv": [ 4.96, 0.96, 7.04, 3.04 ], "texture": "#texture" },
				"west": { "uv": [ 4.96, 0.96, 7.04, 3.04 ], "texture": "#texture" },
				"east": { "uv": [ 4.96, 0.96, 7.04, 3.04 ], "texture": "#texture" }
			}
		},
		{
			"__comment": "Voxels-FFEDDA",
			"from": [ 7.5, 0.5, 8.5 ],
			"to": [ 9, 1, 9 ],
			"faces": {
				"down": { "uv": [ 4.96, 0.96, 7.04, 3.04 ], "texture": "#texture" },
				"up": { "uv": [ 4.96, 0.96, 7.04, 3.04 ], "texture": "#texture" },
				"north": { "uv": [ 4.96, 0.96, 7.04, 3.04 ], "texture": "#texture" },
				"south": { "uv": [ 4.96, 0.96, 7.04, 3.04 ], "texture": "#texture" },
				"west": { "uv": [ 4.96, 0.96, 7.04, 3.04 ], "texture": "#texture" },
				"east": { "uv": [ 4.96, 0.96, 7.04, 3.04 ], "texture": "#texture" }
			}
		},
		{
			"__comment": "Voxels-FFE2C5",
			"from": [ 7.5, 0.5, 9 ],
			"to": [ 8, 1.5, 9.5 ],
			"faces": {
				"down": { "uv": [ 8.96, 4.96, 11.04, 7.04 ], "texture": "#texture" },
				"up": { "uv": [ 8.96, 4.96, 11.04, 7.04 ], "texture": "#texture" },
				"north": { "uv": [ 8.96, 4.96, 11.04, 7.04 ], "texture": "#texture" },
				"south": { "uv": [ 8.96, 4.96, 11.04, 7.04 ], "texture": "#texture" },
				"west": { "uv": [ 8.96, 4.96, 11.04, 7.04 ], "texture": "#texture" },
				"east": { "uv": [ 8.96, 4.96, 11.04, 7.04 ], "texture": "#texture" }
			}
		},
		{
			"__comment": "Voxels-FFE2C5",
			"from": [ 7.5, 1, 6.5 ],
			"to": [ 8.5, 1.5, 7 ],
			"faces": {
				"down": { "uv": [ 8.96, 4.96, 11.04, 7.04 ], "texture": "#texture" },
				"up": { "uv": [ 8.96, 4.96, 11.04, 7.04 ], "texture": "#texture" },
				"north": { "uv": [ 8.96, 4.96, 11.04, 7.04 ], "texture": "#texture" },
				"south": { "uv": [ 8.96, 4.96, 11.04, 7.04 ], "texture": "#texture" },
				"west": { "uv": [ 8.96, 4.96, 11.04, 7.04 ], "texture": "#texture" },
				"east": { "uv": [ 8.96, 4.96, 11.04, 7.04 ], "texture": "#texture" }
			}
		},
		{
			"__comment": "Voxels-FFEDDA",
			"from": [ 7.5, 1, 7 ],
			"to": [ 9, 1.5, 7.5 ],
			"faces": {
				"down": { "uv": [ 4.96, 0.96, 7.04, 3.04 ], "texture": "#texture" },
				"up": { "uv": [ 4.96, 0.96, 7.04, 3.04 ], "texture": "#texture" },
				"north": { "uv": [ 4.96, 0.96, 7.04, 3.04 ], "texture": "#texture" },
				"south": { "uv": [ 4.96, 0.96, 7.04, 3.04 ], "texture": "#texture" },
				"west": { "uv": [ 4.96, 0.96, 7.04, 3.04 ], "texture": "#texture" },
				"east": { "uv": [ 4.96, 0.96, 7.04, 3.04 ], "texture": "#texture" }
			}
		},
		{
			"__comment": "Voxels-FFEDDA",
			"from": [ 7.5, 1.5, 8.5 ],
			"to": [ 8.5, 2.5, 9 ],
			"faces": {
				"down": { "uv": [ 4.96, 0.96, 7.04, 3.04 ], "texture": "#texture" },
				"up": { "uv": [ 4.96, 0.96, 7.04, 3.04 ], "texture": "#texture" },
				"north": { "uv": [ 4.96, 0.96, 7.04, 3.04 ], "texture": "#texture" },
				"south": { "uv": [ 4.96, 0.96, 7.04, 3.04 ], "texture": "#texture" },
				"west": { "uv": [ 4.96, 0.96, 7.04, 3.04 ], "texture": "#texture" },
				"east": { "uv": [ 4.96, 0.96, 7.04, 3.04 ], "texture": "#texture" }
			}
		},
		{
			"__comment": "Voxels-FFEDDA",
			"from": [ 7.5, 3, 6.5 ],
			"to": [ 8, 3.5, 7 ],
			"faces": {
				"down": { "uv": [ 4.96, 0.96, 7.04, 3.04 ], "texture": "#particle" },
				"up": { "uv": [ 4.96, 0.96, 7.04, 3.04 ], "texture": "#particle" },
				"north": { "uv": [ 4.96, 0.96, 7.04, 3.04 ], "texture": "#particle" },
				"south": { "uv": [ 4.96, 0.96, 7.04, 3.04 ], "texture": "#particle" },
				"west": { "uv": [ 4.96, 0.96, 7.04, 3.04 ], "texture": "#particle" },
				"east": { "uv": [ 4.96, 0.96, 7.04, 3.04 ], "texture": "#particle" }
			}
		},
		{
			"__comment": "Voxels-FFF9DA",
			"from": [ 7.5, 3.5, 6.5 ],
			"to": [ 8, 4.5, 7 ],
			"faces": {
				"down": { "uv": [ 12.96, 0.96, 15.04, 3.04 ], "texture": "#particle" },
				"up": { "uv": [ 12.96, 0.96, 15.04, 3.04 ], "texture": "#particle" },
				"north": { "uv": [ 12.96, 0.96, 15.04, 3.04 ], "texture": "#particle" },
				"south": { "uv": [ 12.96, 0.96, 15.04, 3.04 ], "texture": "#particle" },
				"west": { "uv": [ 12.96, 0.96, 15.04, 3.04 ], "texture": "#particle" },
				"east": { "uv": [ 12.96, 0.96, 15.04, 3.04 ], "texture": "#particle" }
			}
		},
		{
			"__comment": "Voxels-FFF9DA",
			"from": [ 7.5, 5, 9 ],
			"to": [ 8.5, 6.5, 9.5 ],
			"faces": {
				"down": { "uv": [ 12.96, 0.96, 15.04, 3.04 ], "texture": "#particle" },
				"up": { "uv": [ 12.96, 0.96, 15.04, 3.04 ], "texture": "#particle" },
				"north": { "uv": [ 12.96, 0.96, 15.04, 3.04 ], "texture": "#particle" },
				"south": { "uv": [ 12.96, 0.96, 15.04, 3.04 ], "texture": "#particle" },
				"west": { "uv": [ 12.96, 0.96, 15.04, 3.04 ], "texture": "#particle" },
				"east": { "uv": [ 12.96, 0.96, 15.04, 3.04 ], "texture": "#particle" }
			}
		},
		{
			"__comment": "Voxels-FFF9DA",
			"from": [ 7.5, 6, 6.5 ],
			"to": [ 8, 6.5, 7 ],
			"faces": {
				"down": { "uv": [ 12.96, 0.96, 15.04, 3.04 ], "texture": "#particle" },
				"up": { "uv": [ 12.96, 0.96, 15.04, 3.04 ], "texture": "#particle" },
				"north": { "uv": [ 12.96, 0.96, 15.04, 3.04 ], "texture": "#particle" },
				"south": { "uv": [ 12.96, 0.96, 15.04, 3.04 ], "texture": "#particle" },
				"west": { "uv": [ 12.96, 0.96, 15.04, 3.04 ], "texture": "#particle" },
				"east": { "uv": [ 12.96, 0.96, 15.04, 3.04 ], "texture": "#particle" }
			}
		},
		{
			"__comment": "Voxels-FFEDDA",
			"from": [ 7.5, 6, 7 ],
			"to": [ 8, 6.5, 7.5 ],
			"faces": {
				"down": { "uv": [ 4.96, 0.96, 7.04, 3.04 ], "texture": "#particle" },
				"up": { "uv": [ 4.96, 0.96, 7.04, 3.04 ], "texture": "#particle" },
				"north": { "uv": [ 4.96, 0.96, 7.04, 3.04 ], "texture": "#particle" },
				"south": { "uv": [ 4.96, 0.96, 7.04, 3.04 ], "texture": "#particle" },
				"west": { "uv": [ 4.96, 0.96, 7.04, 3.04 ], "texture": "#particle" },
				"east": { "uv": [ 4.96, 0.96, 7.04, 3.04 ], "texture": "#particle" }
			}
		},
		{
			"__comment": "Voxels-FFEDDA",
			"from": [ 7.5, 6, 8 ],
			"to": [ 9, 6.5, 8.5 ],
			"faces": {
				"down": { "uv": [ 4.96, 0.96, 7.04, 3.04 ], "texture": "#particle" },
				"up": { "uv": [ 4.96, 0.96, 7.04, 3.04 ], "texture": "#particle" },
				"north": { "uv": [ 4.96, 0.96, 7.04, 3.04 ], "texture": "#particle" },
				"south": { "uv": [ 4.96, 0.96, 7.04, 3.04 ], "texture": "#particle" },
				"west": { "uv": [ 4.96, 0.96, 7.04, 3.04 ], "texture": "#particle" },
				"east": { "uv": [ 4.96, 0.96, 7.04, 3.04 ], "texture": "#particle" }
			}
		},
		{
			"__comment": "Voxels-FFEDDA",
			"from": [ 7.5, 6, 8.5 ],
			"to": [ 8.5, 6.5, 9 ],
			"faces": {
				"down": { "uv": [ 4.96, 0.96, 7.04, 3.04 ], "texture": "#particle" },
				"up": { "uv": [ 4.96, 0.96, 7.04, 3.04 ], "texture": "#particle" },
				"north": { "uv": [ 4.96, 0.96, 7.04, 3.04 ], "texture": "#particle" },
				"south": { "uv": [ 4.96, 0.96, 7.04, 3.04 ], "texture": "#particle" },
				"west": { "uv": [ 4.96, 0.96, 7.04, 3.04 ], "texture": "#particle" },
				"east": { "uv": [ 4.96, 0.96, 7.04, 3.04 ], "texture": "#particle" }
			}
		},
		{
			"__comment": "Voxels-FFFFDA",
			"from": [ 7.5, 6.5, 7 ],
			"to": [ 8.5, 7, 7.5 ],
			"faces": {
				"down": { "uv": [ 0.96, 4.96, 3.04, 7.04 ], "texture": "#particle" },
				"up": { "uv": [ 0.96, 4.96, 3.04, 7.04 ], "texture": "#particle" },
				"north": { "uv": [ 0.96, 4.96, 3.04, 7.04 ], "texture": "#particle" },
				"south": { "uv": [ 0.96, 4.96, 3.04, 7.04 ], "texture": "#particle" },
				"west": { "uv": [ 0.96, 4.96, 3.04, 7.04 ], "texture": "#particle" },
				"east": { "uv": [ 0.96, 4.96, 3.04, 7.04 ], "texture": "#particle" }
			}
		},
		{
			"__comment": "Voxels-000000",
			"from": [ 7.5, 6.5, 8 ],
			"to": [ 8, 8, 8.5 ],
			"faces": {
				"down": { "uv": [ 8.96, 0.96, 10, 2 ], "texture": "#black" },
				"up": { "uv": [ 8.96, 0.96, 10, 2 ], "texture": "#black" },
				"north": { "uv": [ 8.96, 0.96, 10, 3 ], "texture": "#black" },
				"south": { "uv": [ 8.96, 0.96, 10, 3 ], "texture": "#black" },
				"west": { "uv": [ 8.96, 0.96, 10, 3 ], "texture": "#black" },
				"east": { "uv": [ 8.96, 0.96, 10, 3 ], "texture": "#black" }
			}
		},
		{
			"__comment": "Voxels-FFF9DA",
			"from": [ 7.5, 6.5, 8.5 ],
			"to": [ 8, 7, 9 ],
			"faces": {
				"down": { "uv": [ 12.96, 0.96, 15.04, 3.04 ], "texture": "#particle" },
				"up": { "uv": [ 12.96, 0.96, 15.04, 3.04 ], "texture": "#particle" },
				"north": { "uv": [ 12.96, 0.96, 15.04, 3.04 ], "texture": "#particle" },
				"south": { "uv": [ 12.96, 0.96, 15.04, 3.04 ], "texture": "#particle" },
				"west": { "uv": [ 12.96, 0.96, 15.04, 3.04 ], "texture": "#particle" },
				"east": { "uv": [ 12.96, 0.96, 15.04, 3.04 ], "texture": "#particle" }
			}
		},
		{
			"__comment": "Voxels-FFEDDA",
			"from": [ 8, 0.5, 9 ],
			"to": [ 8.5, 1, 9.5 ],
			"faces": {
				"down": { "uv": [ 4.96, 0.96, 7.04, 3.04 ], "texture": "#texture" },
				"up": { "uv": [ 4.96, 0.96, 7.04, 3.04 ], "texture": "#texture" },
				"north": { "uv": [ 4.96, 0.96, 7.04, 3.04 ], "texture": "#texture" },
				"south": { "uv": [ 4.96, 0.96, 7.04, 3.04 ], "texture": "#texture" },
				"west": { "uv": [ 4.96, 0.96, 7.04, 3.04 ], "texture": "#texture" },
				"east": { "uv": [ 4.96, 0.96, 7.04, 3.04 ], "texture": "#texture" }
			}
		},
		{
			"__comment": "Voxels-FFE2C5",
			"from": [ 8, 0.5, 9.5 ],
			"to": [ 8.5, 1, 10 ],
			"faces": {
				"down": { "uv": [ 8.96, 4.96, 11.04, 7.04 ], "texture": "#texture" },
				"up": { "uv": [ 8.96, 4.96, 11.04, 7.04 ], "texture": "#texture" },
				"north": { "uv": [ 8.96, 4.96, 11.04, 7.04 ], "texture": "#texture" },
				"south": { "uv": [ 8.96, 4.96, 11.04, 7.04 ], "texture": "#texture" },
				"west": { "uv": [ 8.96, 4.96, 11.04, 7.04 ], "texture": "#texture" },
				"east": { "uv": [ 8.96, 4.96, 11.04, 7.04 ], "texture": "#texture" }
			}
		},
		{
			"__comment": "Voxels-FFE2C5",
			"from": [ 8, 1, 9 ],
			"to": [ 8.5, 1.5, 9.5 ],
			"faces": {
				"down": { "uv": [ 8.96, 4.96, 11.04, 7.04 ], "texture": "#texture" },
				"up": { "uv": [ 8.96, 4.96, 11.04, 7.04 ], "texture": "#texture" },
				"north": { "uv": [ 8.96, 4.96, 11.04, 7.04 ], "texture": "#texture" },
				"south": { "uv": [ 8.96, 4.96, 11.04, 7.04 ], "texture": "#texture" },
				"west": { "uv": [ 8.96, 4.96, 11.04, 7.04 ], "texture": "#texture" },
				"east": { "uv": [ 8.96, 4.96, 11.04, 7.04 ], "texture": "#texture" }
			}
		},
		{
			"__comment": "Voxels-FFEDDA",
			"from": [ 8, 1.5, 6.5 ],
			"to": [ 8.5, 2, 7 ],
			"faces": {
				"down": { "uv": [ 4.96, 0.96, 7.04, 3.04 ], "texture": "#texture" },
				"up": { "uv": [ 4.96, 0.96, 7.04, 3.04 ], "texture": "#texture" },
				"north": { "uv": [ 4.96, 0.96, 7.04, 3.04 ], "texture": "#texture" },
				"south": { "uv": [ 4.96, 0.96, 7.04, 3.04 ], "texture": "#texture" },
				"west": { "uv": [ 4.96, 0.96, 7.04, 3.04 ], "texture": "#texture" },
				"east": { "uv": [ 4.96, 0.96, 7.04, 3.04 ], "texture": "#texture" }
			}
		},
		{
			"__comment": "Voxels-FFEDDA",
			"from": [ 8, 1.5, 9 ],
			"to": [ 8.5, 2, 9.5 ],
			"faces": {
				"down": { "uv": [ 4.96, 0.96, 7.04, 3.04 ], "texture": "#texture" },
				"up": { "uv": [ 4.96, 0.96, 7.04, 3.04 ], "texture": "#texture" },
				"north": { "uv": [ 4.96, 0.96, 7.04, 3.04 ], "texture": "#texture" },
				"south": { "uv": [ 4.96, 0.96, 7.04, 3.04 ], "texture": "#texture" },
				"west": { "uv": [ 4.96, 0.96, 7.04, 3.04 ], "texture": "#texture" },
				"east": { "uv": [ 4.96, 0.96, 7.04, 3.04 ], "texture": "#texture" }
			}
		},
		{
			"__comment": "Voxels-FFF9DA",
			"from": [ 8, 3.5, 9 ],
			"to": [ 8.5, 5, 9.5 ],
			"faces": {
				"down": { "uv": [ 12.96, 0.96, 15.04, 3.04 ], "texture": "#particle" },
				"up": { "uv": [ 12.96, 0.96, 15.04, 3.04 ], "texture": "#particle" },
				"north": { "uv": [ 12.96, 0.96, 15.04, 3.04 ], "texture": "#particle" },
				"south": { "uv": [ 12.96, 0.96, 15.04, 3.04 ], "texture": "#particle" },
				"west": { "uv": [ 12.96, 0.96, 15.04, 3.04 ], "texture": "#particle" },
				"east": { "uv": [ 12.96, 0.96, 15.04, 3.04 ], "texture": "#particle" }
			}
		},
		{
			"__comment": "Voxels-FFEDDA",
			"from": [ 8, 4.5, 6.5 ],
			"to": [ 8.5, 5, 7 ],
			"faces": {
				"down": { "uv": [ 4.96, 0.96, 7.04, 3.04 ], "texture": "#particle" },
				"up": { "uv": [ 4.96, 0.96, 7.04, 3.04 ], "texture": "#particle" },
				"north": { "uv": [ 4.96, 0.96, 7.04, 3.04 ], "texture": "#particle" },
				"south": { "uv": [ 4.96, 0.96, 7.04, 3.04 ], "texture": "#particle" },
				"west": { "uv": [ 4.96, 0.96, 7.04, 3.04 ], "texture": "#particle" },
				"east": { "uv": [ 4.96, 0.96, 7.04, 3.04 ], "texture": "#particle" }
			}
		},
		{
			"__comment": "Voxels-FFF9DA",
			"from": [ 8, 5, 6.5 ],
			"to": [ 8.5, 6, 7 ],
			"faces": {
				"down": { "uv": [ 12.96, 0.96, 15.04, 3.04 ], "texture": "#particle" },
				"up": { "uv": [ 12.96, 0.96, 15.04, 3.04 ], "texture": "#particle" },
				"north": { "uv": [ 12.96, 0.96, 15.04, 3.04 ], "texture": "#particle" },
				"south": { "uv": [ 12.96, 0.96, 15.04, 3.04 ], "texture": "#particle" },
				"west": { "uv": [ 12.96, 0.96, 15.04, 3.04 ], "texture": "#particle" },
				"east": { "uv": [ 12.96, 0.96, 15.04, 3.04 ], "texture": "#particle" }
			}
		},
		{
			"__comment": "Voxels-FFF9DA",
			"from": [ 8, 6, 7 ],
			"to": [ 9, 6.5, 7.5 ],
			"faces": {
				"down": { "uv": [ 12.96, 0.96, 15.04, 3.04 ], "texture": "#particle" },
				"up": { "uv": [ 12.96, 0.96, 15.04, 3.04 ], "texture": "#particle" },
				"north": { "uv": [ 12.96, 0.96, 15.04, 3.04 ], "texture": "#particle" },
				"south": { "uv": [ 12.96, 0.96, 15.04, 3.04 ], "texture": "#particle" },
				"west": { "uv": [ 12.96, 0.96, 15.04, 3.04 ], "texture": "#particle" },
				"east": { "uv": [ 12.96, 0.96, 15.04, 3.04 ], "texture": "#particle" }
			}
		},
		{
			"__comment": "Voxels-FFEDDA",
			"from": [ 8, 6.5, 8.5 ],
			"to": [ 8.5, 7, 9 ],
			"faces": {
				"down": { "uv": [ 4.96, 0.96, 7.04, 3.04 ], "texture": "#particle" },
				"up": { "uv": [ 4.96, 0.96, 7.04, 3.04 ], "texture": "#particle" },
				"north": { "uv": [ 4.96, 0.96, 7.04, 3.04 ], "texture": "#particle" },
				"south": { "uv": [ 4.96, 0.96, 7.04, 3.04 ], "texture": "#particle" },
				"west": { "uv": [ 4.96, 0.96, 7.04, 3.04 ], "texture": "#particle" },
				"east": { "uv": [ 4.96, 0.96, 7.04, 3.04 ], "texture": "#particle" }
			}
		},
		{
			"__comment": "Voxels-FFF9DA",
			"from": [ 8, 6.5, 9 ],
			"to": [ 8.5, 7, 9.5 ],
			"faces": {
				"down": { "uv": [ 12.96, 0.96, 15.04, 3.04 ], "texture": "#particle" },
				"up": { "uv": [ 12.96, 0.96, 15.04, 3.04 ], "texture": "#particle" },
				"north": { "uv": [ 12.96, 0.96, 15.04, 3.04 ], "texture": "#particle" },
				"south": { "uv": [ 12.96, 0.96, 15.04, 3.04 ], "texture": "#particle" },
				"west": { "uv": [ 12.96, 0.96, 15.04, 3.04 ], "texture": "#particle" },
				"east": { "uv": [ 12.96, 0.96, 15.04, 3.04 ], "texture": "#particle" }
			}
		},
		{
			"__comment": "Voxels-FFFFDA",
			"from": [ 8, 7, 7 ],
			"to": [ 9, 7.5, 7.5 ],
			"faces": {
				"down": { "uv": [ 0.96, 4.96, 3.04, 7.04 ], "texture": "#particle" },
				"up": { "uv": [ 0.96, 4.96, 3.04, 7.04 ], "texture": "#particle" },
				"north": { "uv": [ 0.96, 4.96, 3.04, 7.04 ], "texture": "#particle" },
				"south": { "uv": [ 0.96, 4.96, 3.04, 7.04 ], "texture": "#particle" },
				"west": { "uv": [ 0.96, 4.96, 3.04, 7.04 ], "texture": "#particle" },
				"east": { "uv": [ 0.96, 4.96, 3.04, 7.04 ], "texture": "#particle" }
			}
		},
		{
			"__comment": "Voxels-FFFFDA",
			"from": [ 8, 7, 8.5 ],
			"to": [ 8.5, 7.5, 9 ],
			"faces": {
				"down": { "uv": [ 0.96, 4.96, 3.04, 7.04 ], "texture": "#particle" },
				"up": { "uv": [ 0.96, 4.96, 3.04, 7.04 ], "texture": "#particle" },
				"north": { "uv": [ 0.96, 4.96, 3.04, 7.04 ], "texture": "#particle" },
				"south": { "uv": [ 0.96, 4.96, 3.04, 7.04 ], "texture": "#particle" },
				"west": { "uv": [ 0.96, 4.96, 3.04, 7.04 ], "texture": "#particle" },
				"east": { "uv": [ 0.96, 4.96, 3.04, 7.04 ], "texture": "#particle" }
			}
		},
		{
			"__comment": "Voxels-000000",
			"from": [ 8, 7.5, 8 ],
			"to": [ 8.5, 9, 8.5 ],
			"faces": {
				"down": { "uv": [ 8.96, 0.96, 10, 2 ], "texture": "#black" },
				"up": { "uv": [ 8.96, 0.96, 10, 2 ], "texture": "#black" },
				"north": { "uv": [ 8.96, 0.96, 10, 3 ], "texture": "#black" },
				"south": { "uv": [ 8.96, 0.96, 10, 3 ], "texture": "#black" },
				"west": { "uv": [ 8.96, 0.96, 10, 3 ], "texture": "#black" },
				"east": { "uv": [ 8.96, 0.96, 10, 3 ], "texture": "#black" }
			}
		},
		{
			"__comment": "Voxels-FFE2C5",
			"from": [ 8.5, 0, 6.5 ],
			"to": [ 9, 1, 7 ],
			"faces": {
				"down": { "uv": [ 8.96, 4.96, 11.04, 7.04 ], "texture": "#texture" },
				"up": { "uv": [ 8.96, 4.96, 11.04, 7.04 ], "texture": "#texture" },
				"north": { "uv": [ 8.96, 4.96, 11.04, 7.04 ], "texture": "#texture" },
				"south": { "uv": [ 8.96, 4.96, 11.04, 7.04 ], "texture": "#texture" },
				"west": { "uv": [ 8.96, 4.96, 11.04, 7.04 ], "texture": "#texture" },
				"east": { "uv": [ 8.96, 4.96, 11.04, 7.04 ], "texture": "#texture" }
			}
		},
		{
			"__comment": "Voxels-FFE2C5",
			"from": [ 8.5, 0.5, 9 ],
			"to": [ 9, 1, 9.5 ],
			"faces": {
				"down": { "uv": [ 8.96, 4.96, 11.04, 7.04 ], "texture": "#texture" },
				"up": { "uv": [ 8.96, 4.96, 11.04, 7.04 ], "texture": "#texture" },
				"north": { "uv": [ 8.96, 4.96, 11.04, 7.04 ], "texture": "#texture" },
				"south": { "uv": [ 8.96, 4.96, 11.04, 7.04 ], "texture": "#texture" },
				"west": { "uv": [ 8.96, 4.96, 11.04, 7.04 ], "texture": "#texture" },
				"east": { "uv": [ 8.96, 4.96, 11.04, 7.04 ], "texture": "#texture" }
			}
		},
		{
			"__comment": "Voxels-FFE2C5",
			"from": [ 8.5, 1, 8 ],
			"to": [ 9, 1.5, 9 ],
			"faces": {
				"down": { "uv": [ 8.96, 4.96, 11.04, 7.04 ], "texture": "#texture" },
				"up": { "uv": [ 8.96, 4.96, 11.04, 7.04 ], "texture": "#texture" },
				"north": { "uv": [ 8.96, 4.96, 11.04, 7.04 ], "texture": "#texture" },
				"south": { "uv": [ 8.96, 4.96, 11.04, 7.04 ], "texture": "#texture" },
				"west": { "uv": [ 8.96, 4.96, 11.04, 7.04 ], "texture": "#texture" },
				"east": { "uv": [ 8.96, 4.96, 11.04, 7.04 ], "texture": "#texture" }
			}
		},
		{
			"__comment": "Voxels-FFEDDA",
			"from": [ 8.5, 1.5, 8 ],
			"to": [ 9, 6, 8.5 ],
			"faces": {
				"down": { "uv": [ 4.96, 0.96, 7.04, 3.04 ], "texture": "#texture" },
				"up": { "uv": [ 4.96, 0.96, 7.04, 3.04 ], "texture": "#texture" },
				"north": { "uv": [ 4.96, 0.96, 7.04, 3.04 ], "texture": "#texture" },
				"south": { "uv": [ 4.96, 0.96, 7.04, 3.04 ], "texture": "#texture" },
				"west": { "uv": [ 4.96, 0.96, 7.04, 3.04 ], "texture": "#texture" },
				"east": { "uv": [ 4.96, 0.96, 7.04, 3.04 ], "texture": "#texture" }
			}
		},
		{
			"__comment": "Voxels-FFE2C5",
			"from": [ 8.5, 1.5, 8.5 ],
			"to": [ 9, 2, 9 ],
			"faces": {
				"down": { "uv": [ 8.96, 4.96, 11.04, 7.04 ], "texture": "#texture" },
				"up": { "uv": [ 8.96, 4.96, 11.04, 7.04 ], "texture": "#texture" },
				"north": { "uv": [ 8.96, 4.96, 11.04, 7.04 ], "texture": "#texture" },
				"south": { "uv": [ 8.96, 4.96, 11.04, 7.04 ], "texture": "#texture" },
				"west": { "uv": [ 8.96, 4.96, 11.04, 7.04 ], "texture": "#texture" },
				"east": { "uv": [ 8.96, 4.96, 11.04, 7.04 ], "texture": "#texture" }
			}
		},
		{
			"__comment": "Voxels-FFEDDA",
			"from": [ 8.5, 2, 8.5 ],
			"to": [ 9, 2.5, 9 ],
			"faces": {
				"down": { "uv": [ 4.96, 0.96, 7.04, 3.04 ], "texture": "#texture" },
				"up": { "uv": [ 4.96, 0.96, 7.04, 3.04 ], "texture": "#texture" },
				"north": { "uv": [ 4.96, 0.96, 7.04, 3.04 ], "texture": "#texture" },
				"south": { "uv": [ 4.96, 0.96, 7.04, 3.04 ], "texture": "#texture" },
				"west": { "uv": [ 4.96, 0.96, 7.04, 3.04 ], "texture": "#texture" },
				"east": { "uv": [ 4.96, 0.96, 7.04, 3.04 ], "texture": "#texture" }
			}
		},
		{
			"__comment": "Voxels-FFF9DA",
			"from": [ 8.5, 4.5, 7 ],
			"to": [ 9, 6, 7.5 ],
			"faces": {
				"down": { "uv": [ 12.96, 0.96, 15.04, 3.04 ], "texture": "#particle" },
				"up": { "uv": [ 12.96, 0.96, 15.04, 3.04 ], "texture": "#particle" },
				"north": { "uv": [ 12.96, 0.96, 15.04, 3.04 ], "texture": "#particle" },
				"south": { "uv": [ 12.96, 0.96, 15.04, 3.04 ], "texture": "#particle" },
				"west": { "uv": [ 12.96, 0.96, 15.04, 3.04 ], "texture": "#particle" },
				"east": { "uv": [ 12.96, 0.96, 15.04, 3.04 ], "texture": "#particle" }
			}
		},
		{
			"__comment": "Voxels-FFF9DA",
			"from": [ 8.5, 5.5, 8.5 ],
			"to": [ 9, 6.5, 9 ],
			"faces": {
				"down": { "uv": [ 12.96, 0.96, 15.04, 3.04 ], "texture": "#particle" },
				"up": { "uv": [ 12.96, 0.96, 15.04, 3.04 ], "texture": "#particle" },
				"north": { "uv": [ 12.96, 0.96, 15.04, 3.04 ], "texture": "#particle" },
				"south": { "uv": [ 12.96, 0.96, 15.04, 3.04 ], "texture": "#particle" },
				"west": { "uv": [ 12.96, 0.96, 15.04, 3.04 ], "texture": "#particle" },
				"east": { "uv": [ 12.96, 0.96, 15.04, 3.04 ], "texture": "#particle" }
			}
		},
		{
			"__comment": "Voxels-FFF9DA",
			"from": [ 8.5, 6.5, 7 ],
			"to": [ 9, 7, 7.5 ],
			"faces": {
				"down": { "uv": [ 12.96, 0.96, 15.04, 3.04 ], "texture": "#particle" },
				"up": { "uv": [ 12.96, 0.96, 15.04, 3.04 ], "texture": "#particle" },
				"north": { "uv": [ 12.96, 0.96, 15.04, 3.04 ], "texture": "#particle" },
				"south": { "uv": [ 12.96, 0.96, 15.04, 3.04 ], "texture": "#particle" },
				"west": { "uv": [ 12.96, 0.96, 15.04, 3.04 ], "texture": "#particle" },
				"east": { "uv": [ 12.96, 0.96, 15.04, 3.04 ], "texture": "#particle" }
			}
		},
		{
			"__comment": "Voxels-FFFFDA",
			"from": [ 8.5, 6.5, 7.5 ],
			"to": [ 9, 7, 9 ],
			"faces": {
				"down": { "uv": [ 0.96, 4.96, 3.04, 7.04 ], "texture": "#particle" },
				"up": { "uv": [ 0.96, 4.96, 3.04, 7.04 ], "texture": "#particle" },
				"north": { "uv": [ 0.96, 4.96, 3.04, 7.04 ], "texture": "#particle" },
				"south": { "uv": [ 0.96, 4.96, 3.04, 7.04 ], "texture": "#particle" },
				"west": { "uv": [ 0.96, 4.96, 3.04, 7.04 ], "texture": "#particle" },
				"east": { "uv": [ 0.96, 4.96, 3.04, 7.04 ], "texture": "#particle" }
			}
		},
		{
			"__comment": "Voxels-FFE2C5",
			"from": [ 9, 0, 7 ],
			"to": [ 9.5, 1, 7.5 ],
			"faces": {
				"down": { "uv": [ 8.96, 4.96, 11.04, 7.04 ], "texture": "#texture" },
				"up": { "uv": [ 8.96, 4.96, 11.04, 7.04 ], "texture": "#texture" },
				"north": { "uv": [ 8.96, 4.96, 11.04, 7.04 ], "texture": "#texture" },
				"south": { "uv": [ 8.96, 4.96, 11.04, 7.04 ], "texture": "#texture" },
				"west": { "uv": [ 8.96, 4.96, 11.04, 7.04 ], "texture": "#texture" },
				"east": { "uv": [ 8.96, 4.96, 11.04, 7.04 ], "texture": "#texture" }
			}
		},
		{
			"__comment": "Voxels-FFE2C5",
			"from": [ 9, 0, 9 ],
			"to": [ 9.5, 0.5, 9.5 ],
			"faces": {
				"down": { "uv": [ 8.96, 4.96, 11.04, 7.04 ], "texture": "#texture" },
				"up": { "uv": [ 8.96, 4.96, 11.04, 7.04 ], "texture": "#texture" },
				"north": { "uv": [ 8.96, 4.96, 11.04, 7.04 ], "texture": "#texture" },
				"south": { "uv": [ 8.96, 4.96, 11.04, 7.04 ], "texture": "#texture" },
				"west": { "uv": [ 8.96, 4.96, 11.04, 7.04 ], "texture": "#texture" },
				"east": { "uv": [ 8.96, 4.96, 11.04, 7.04 ], "texture": "#texture" }
			}
		},
		{
			"__comment": "Voxels-FFE2C5",
			"from": [ 9, 0.5, 7.5 ],
			"to": [ 9.5, 1.5, 8 ],
			"faces": {
				"down": { "uv": [ 8.96, 4.96, 11.04, 7.04 ], "texture": "#texture" },
				"up": { "uv": [ 8.96, 4.96, 11.04, 7.04 ], "texture": "#texture" },
				"north": { "uv": [ 8.96, 4.96, 11.04, 7.04 ], "texture": "#texture" },
				"south": { "uv": [ 8.96, 4.96, 11.04, 7.04 ], "texture": "#texture" },
				"west": { "uv": [ 8.96, 4.96, 11.04, 7.04 ], "texture": "#texture" },
				"east": { "uv": [ 8.96, 4.96, 11.04, 7.04 ], "texture": "#texture" }
			}
		},
		{
			"__comment": "Voxels-FFE2C5",
			"from": [ 9, 0.5, 8 ],
			"to": [ 9.5, 1, 9 ],
			"faces": {
				"down": { "uv": [ 8.96, 4.96, 11.04, 7.04 ], "texture": "#texture" },
				"up": { "uv": [ 8.96, 4.96, 11.04, 7.04 ], "texture": "#texture" },
				"north": { "uv": [ 8.96, 4.96, 11.04, 7.04 ], "texture": "#texture" },
				"south": { "uv": [ 8.96, 4.96, 11.04, 7.04 ], "texture": "#texture" },
				"west": { "uv": [ 8.96, 4.96, 11.04, 7.04 ], "texture": "#texture" },
				"east": { "uv": [ 8.96, 4.96, 11.04, 7.04 ], "texture": "#texture" }
			}
		},
		{
			"__comment": "Voxels-FFF9DA",
			"from": [ 9, 3.5, 7.5 ],
			"to": [ 9.5, 7, 8 ],
			"faces": {
				"down": { "uv": [ 12.96, 0.96, 15.04, 3.04 ], "texture": "#particle" },
				"up": { "uv": [ 12.96, 0.96, 15.04, 3.04 ], "texture": "#particle" },
				"north": { "uv": [ 12.96, 0.96, 15.04, 3.04 ], "texture": "#particle" },
				"south": { "uv": [ 12.96, 0.96, 15.04, 3.04 ], "texture": "#particle" },
				"west": { "uv": [ 12.96, 0.96, 15.04, 3.04 ], "texture": "#particle" },
				"east": { "uv": [ 12.96, 0.96, 15.04, 3.04 ], "texture": "#particle" }
			}
		},
		{
			"__comment": "Voxels-FFF9DA",
			"from": [ 9, 5, 7 ],
			"to": [ 9.5, 6, 7.5 ],
			"faces": {
				"down": { "uv": [ 12.96, 0.96, 15.04, 3.04 ], "texture": "#particle" },
				"up": { "uv": [ 12.96, 0.96, 15.04, 3.04 ], "texture": "#particle" },
				"north": { "uv": [ 12.96, 0.96, 15.04, 3.04 ], "texture": "#particle" },
				"south": { "uv": [ 12.96, 0.96, 15.04, 3.04 ], "texture": "#particle" },
				"west": { "uv": [ 12.96, 0.96, 15.04, 3.04 ], "texture": "#particle" },
				"east": { "uv": [ 12.96, 0.96, 15.04, 3.04 ], "texture": "#particle" }
			}
		},
		{
			"__comment": "Voxels-FFF9DA",
			"from": [ 9, 5, 8 ],
			"to": [ 9.5, 6.5, 8.5 ],
			"faces": {
				"down": { "uv": [ 12.96, 0.96, 15.04, 3.04 ], "texture": "#particle" },
				"up": { "uv": [ 12.96, 0.96, 15.04, 3.04 ], "texture": "#particle" },
				"north": { "uv": [ 12.96, 0.96, 15.04, 3.04 ], "texture": "#particle" },
				"south": { "uv": [ 12.96, 0.96, 15.04, 3.04 ], "texture": "#particle" },
				"west": { "uv": [ 12.96, 0.96, 15.04, 3.04 ], "texture": "#particle" },
				"east": { "uv": [ 12.96, 0.96, 15.04, 3.04 ], "texture": "#particle" }
			}
		},
		{
			"__comment": "Voxels-FFE2C5",
			"from": [ 9.5, 0, 7.5 ],
			"to": [ 10, 0.5, 9 ],
			"faces": {
				"down": { "uv": [ 8.96, 4.96, 11.04, 7.04 ], "texture": "#texture" },
				"up": { "uv": [ 8.96, 4.96, 11.04, 7.04 ], "texture": "#texture" },
				"north": { "uv": [ 8.96, 4.96, 11.04, 7.04 ], "texture": "#texture" },
				"south": { "uv": [ 8.96, 4.96, 11.04, 7.04 ], "texture": "#texture" },
				"west": { "uv": [ 8.96, 4.96, 11.04, 7.04 ], "texture": "#texture" },
				"east": { "uv": [ 8.96, 4.96, 11.04, 7.04 ], "texture": "#texture" }
			}
		}
	],
	"display": {
		"head": {
			"translation":  [ 0, -14.5, 0 ],
			"scale":  [ 2.3, 2.3, 2.3 ]
		}
	}
}