{
	"__comment": "Maded by PhilippO. / pro_pixel_ from BuildmodeOne",
	"textures": {
		"particle": "block/gauntlet",
		"texture": "block/gauntlet"
	},
	"elements": [ 	 
		{
			"__comment": "Box1",
			"from": [ 6, 0, 6 ],
			"to": [ 10, 6.5, 9 ],
			"faces": {
				"down": { "uv": [ 7, 13, 11, 15 ], "texture": "#texture" },
				"up": { "uv": [ 12, 14, 16, 16 ], "texture": "#texture" },
				"north": { "uv": [ 0.5, 9.5, 4.5, 16 ], "texture": "#texture" },
				"south": { "uv": [ 0.5, 9.5, 4.5, 16 ], "texture": "#texture" },
				"west": { "uv": [ 12.5, 9.5, 15.5, 16 ], "texture": "#texture" },
				"east": { "uv": [ 12.5, 9.5, 15.5, 16 ], "texture": "#texture" }
			}
		},
		{
			"__comment": "Box2",
			"from": [ 6.5, 0, 9 ],
			"to": [ 9.5, 5, 9.5 ],
			"faces": {
				"down": { "uv": [ 12.5, 15.5, 15.5, 16 ], "texture": "#texture" },
				"south": { "uv": [ 1, 11, 4, 16 ], "texture": "#texture" },
				"west": { "uv": [ 12.5, 11, 13, 16 ], "texture": "#texture" },
				"east": { "uv": [ 12.5, 11, 13, 16 ], "texture": "#texture" }
			}
		},
		{
			"__comment": "Box2",
			"from": [ 6.5, 0, 5.5 ],
			"to": [ 9.5, 5, 6 ],
			"faces": {
				"down": { "uv": [ 12, 15.5, 16, 16 ], "texture": "#texture" },
				"up": { "uv": [ 12, 15.5, 16, 16 ], "texture": "#texture" },
				"north": { "uv": [ 0.5, 11, 4.5, 16 ], "texture": "#texture" },
				"west": { "uv": [ 12, 11, 12.5, 16 ], "texture": "#texture" },
				"east": { "uv": [ 12, 11, 12.5, 16 ], "texture": "#texture" }
			}
		},
		{
			"__comment": "Box4",
			"from": [ 5.5, 0, 6.5 ],
			"to": [ 6, 4.5, 8.5 ],
			"faces": {
				"down": { "uv": [ 4.5, 12.5, 5, 14.5 ], "texture": "#texture" },
				"up": { "uv": [ 4.5, 13, 5, 15 ], "texture": "#texture" },
				"north": { "uv": [ 4.5, 11.5, 5, 16 ], "texture": "#texture" },
				"south": { "uv": [ 4.5, 11.5, 5, 16 ], "texture": "#texture" },
				"west": { "uv": [ 13, 11, 15, 16 ], "texture": "#texture" }
			}
		},
		{
			"__comment": "Box4",
			"from": [ 10, 0, 6.5 ],
			"to": [ 10.5, 4.5, 8.5 ],
			"faces": {
				"down": { "uv": [ 5, 7.5, 5.5, 9.5 ], "texture": "#texture" },
				"up": { "uv": [ 5, 7.5, 5.5, 9.5 ], "texture": "#texture" },
				"north": { "uv": [ 4.5, 10, 5, 15.5 ], "texture": "#texture" },
				"south": { "uv": [ 4.5, 10, 5, 15.5 ], "texture": "#texture" },
				"east": { "uv": [ 13, 11, 15, 16 ], "texture": "#texture" }
			}
		},
		{
			"__comment": "Box6",
			"from": [ 5.5, 4.5, 7 ],
			"to": [ 6, 6, 8 ],
			"faces": {
				"up": { "uv": [ 5.5, 7.5, 6, 8.5 ], "texture": "#texture" },
				"north": { "uv": [ 4, 12.5, 4.5, 14 ], "texture": "#texture" },
				"south": { "uv": [ 4, 12.5, 4.5, 14 ], "texture": "#texture" },
				"west": { "uv": [ 13.5, 10, 14.5, 11.5 ], "texture": "#texture" }
			}
		},
		{
			"__comment": "Box6",
			"from": [ 10, 4.5, 7 ],
			"to": [ 10.5, 6, 8 ],
			"faces": {
				"up": { "uv": [ 5.5, 7.5, 6, 8.5 ], "texture": "#texture" },
				"north": { "uv": [ 5.5, 7.5, 6, 8.5 ], "texture": "#texture" },
				"south": { "uv": [ 5.5, 7.5, 6, 8.5 ], "texture": "#texture" },
				"east": { "uv": [ 13.5, 10.5, 14.5, 11.5 ], "texture": "#texture" }
			}
		},
		{
			"__comment": "Box8",
			"from": [ 7, 5, 5.5 ],
			"to": [ 9, 7, 6 ],
			"faces": {
				"up": { "uv": [ 1.5, 9, 3.5, 9.5 ], "texture": "#texture" },
				"north": { "uv": [ 1.5, 9, 3.5, 11 ], "texture": "#texture" },
				"south": { "uv": [ 1.5, 9, 3.5, 11 ], "texture": "#texture" },
				"west": { "uv": [ 3, 8, 3.5, 10 ], "texture": "#texture" },
				"east": { "uv": [ 3, 8, 3.5, 10 ], "texture": "#texture" }
			}
		},
		{
			"__comment": "Box8",
			"from": [ 6.5, 5, 9 ],
			"to": [ 9.5, 6, 9.5 ],
			"faces": {
				"up": { "uv": [ 1, 10, 4, 10.5 ], "texture": "#texture" },
				"south": { "uv": [ 1, 10, 4, 11 ], "texture": "#texture" },
				"west": { "uv": [ 12.5, 10, 13, 11 ], "texture": "#texture" },
				"east": { "uv": [ 12.5, 10, 13, 11 ], "texture": "#texture" }
			}
		},
		{
			"__comment": "Box10",
			"from": [ 6.5, 6.5, 6.5 ],
			"to": [ 9.5, 11, 8 ],
			"faces": {
				"up": { "uv": [ 12.5, 14.5, 15.5, 16 ], "texture": "#texture" },
				"north": { "uv": [ 1, 5.5, 4, 10 ], "texture": "#texture" },
				"south": { "uv": [ 1, 5.5, 4, 10 ], "texture": "#texture" },
				"west": { "uv": [ 13.5, 5, 15, 9.5 ], "texture": "#texture" },
				"east": { "uv": [ 13.5, 5, 15, 9.5 ], "texture": "#texture" }
			}
		},
		{
			"__comment": "Box11",
			"from": [ 6.5, 6.5, 6 ],
			"to": [ 9.5, 10.5, 6.5 ],
			"faces": {
				"up": { "uv": [ 1, 5.5, 4, 6 ], "texture": "#texture" },
				"north": { "uv": [ 12.5, 12, 15.5, 16 ], "texture": "#texture" },
				"west": { "uv": [ 12.5, 5.5, 13, 9.5 ], "texture": "#texture" },
				"east": { "uv": [ 12.5, 5.5, 13, 9.5 ], "texture": "#texture" }
			}
		},
		{
			"__comment": "Box11",
			"from": [ 6.5, 6.5, 8 ],
			"to": [ 9.5, 10.5, 8.5 ],
			"faces": {
				"up": { "uv": [ 12.5, 15.5, 15.5, 16 ], "texture": "#texture" },
				"south": { "uv": [ 1, 5.5, 4, 9.5 ], "texture": "#texture" },
				"west": { "uv": [ 12.5, 5.5, 13, 9.5 ], "texture": "#texture" },
				"east": { "uv": [ 12.5, 5.5, 13, 9.5 ], "texture": "#texture" }
			}
		},
		{
			"__comment": "Box13",
			"from": [ 6, 10.5, 8 ],
			"to": [ 6.5, 11.5, 8.5 ],
			"faces": {
				"down": { "uv": [ 0.5, 4.5, 1, 5.5 ], "texture": "#texture" },
				"up": { "uv": [ 0.5, 4.5, 1, 5.5 ], "texture": "#texture" },
				"north": { "uv": [ 0.5, 4.5, 1, 5.5 ], "texture": "#texture" },
				"south": { "uv": [ 0.5, 4.5, 1, 5.5 ], "texture": "#texture" },
				"west": { "uv": [ 0.5, 4.5, 1, 5.5 ], "texture": "#texture" },
				"east": { "uv": [ 0.5, 4.5, 1, 5.5 ], "texture": "#texture" }
			}
		},
		{
			"__comment": "Box11",
			"from": [ 7, 6.5, 8.5 ],
			"to": [ 9, 9, 9 ],
			"faces": {
				"up": { "uv": [ 1, 9.5, 4, 10 ], "texture": "#texture" },
				"south": { "uv": [ 1, 7, 4, 11 ], "texture": "#texture" },
				"west": { "uv": [ 3.5, 7, 4, 11 ], "texture": "#texture" },
				"east": { "uv": [ 3.5, 7, 4, 11 ], "texture": "#texture" }
			}
		},
		{
			"__comment": "Box13",
			"from": [ 7, 10.5, 8 ],
			"to": [ 7.5, 11.5, 8.5 ],
			"faces": {
				"up": { "uv": [ 1.5, 4.5, 2, 5.5 ], "texture": "#texture" },
				"north": { "uv": [ 1.5, 4.5, 2, 5.5 ], "texture": "#texture" },
				"south": { "uv": [ 1.5, 4.5, 2, 5.5 ], "texture": "#texture" },
				"west": { "uv": [ 1.5, 4.5, 2, 5.5 ], "texture": "#texture" },
				"east": { "uv": [ 1.5, 4.5, 2, 5.5 ], "texture": "#texture" }
			}
		},
		{
			"__comment": "Box13",
			"from": [ 8, 10.5, 8 ],
			"to": [ 8.5, 11.5, 8.5 ],
			"faces": {
				"up": { "uv": [ 2.5, 4.5, 3, 5.5 ], "texture": "#texture" },
				"north": { "uv": [ 2.5, 4.5, 3, 5.5 ], "texture": "#texture" },
				"south": { "uv": [ 2.5, 4.5, 3, 5.5 ], "texture": "#texture" },
				"west": { "uv": [ 2.5, 4.5, 3, 5.5 ], "texture": "#texture" },
				"east": { "uv": [ 2.5, 4.5, 3, 5.5 ], "texture": "#texture" }
			}
		},
		{
			"__comment": "Box13",
			"from": [ 9, 10.5, 8 ],
			"to": [ 9.5, 11.5, 8.5 ],
			"faces": {
				"up": { "uv": [ 3.5, 4.5, 4, 5.5 ], "texture": "#texture" },
				"north": { "uv": [ 3.5, 4.5, 4, 5.5 ], "texture": "#texture" },
				"south": { "uv": [ 3.5, 4.5, 4, 5.5 ], "texture": "#texture" },
				"west": { "uv": [ 3.5, 4.5, 4, 5.5 ], "texture": "#texture" },
				"east": { "uv": [ 3.5, 4.5, 4, 5.5 ], "texture": "#texture" }
			}
		},
		{
			"__comment": "Box18",
			"from": [ 6, 10.625, 7.125 ],
			"to": [ 7, 13.125, 8.125 ],
			"rotation": { "origin": [ 6, 10.625, 7.125 ], "axis": "x", "angle": -22.5 },
			"faces": {
				"down": { "uv": [ 1.5, 1, 2.5, 2 ], "texture": "#texture" },
				"up": { "uv": [ 1.5, 1, 2.5, 2 ], "texture": "#texture" },
				"north": { "uv": [ 1.5, 2, 2.5, 4.5 ], "texture": "#texture" },
				"south": { "uv": [ 1.5, 2, 2.5, 4.5 ], "texture": "#texture" },
				"west": { "uv": [ 1.5, 2, 2.5, 4.5 ], "texture": "#texture" },
				"east": { "uv": [ 1.5, 2, 2.5, 4.5 ], "texture": "#texture" }
			}
		},
		{
			"__comment": "Box18",
			"from": [ 7, 11, 7 ],
			"to": [ 8, 13.5, 8 ],
			"faces": {
				"up": { "uv": [ 1.5, 1, 2.5, 2 ], "texture": "#texture" },
				"north": { "uv": [ 1.5, 2, 2.5, 4.5 ], "texture": "#texture" },
				"south": { "uv": [ 1.5, 2, 2.5, 4.5 ], "texture": "#texture" },
				"west": { "uv": [ 1.5, 2, 2.5, 4.5 ], "texture": "#texture" }
			}
		},
		{
			"__comment": "Box18",
			"from": [ 8, 11, 7 ],
			"to": [ 9, 14, 8 ],
			"faces": {
				"up": { "uv": [ 3.5, 1, 4.5, 2 ], "texture": "#texture" },
				"north": { "uv": [ 1.5, 2, 2.5, 4.5 ], "texture": "#texture" },
				"south": { "uv": [ 1.5, 2, 2.5, 4.5 ], "texture": "#texture" },
				"west": { "uv": [ 1.5, 2, 2.5, 4.5 ], "texture": "#texture" },
				"east": { "uv": [ 1.5, 2, 2.5, 4.5 ], "texture": "#texture" }
			}
		},
		{
			"__comment": "Box18",
			"from": [ 9, 11, 7 ],
			"to": [ 10, 13.5, 8 ],
			"faces": {
				"down": { "uv": [ 3.5, 1, 4.5, 2 ], "texture": "#texture" },
				"up": { "uv": [ 3.5, 1, 4.5, 2 ], "texture": "#texture" },
				"north": { "uv": [ 1.5, 2, 2.5, 4.5 ], "texture": "#texture" },
				"south": { "uv": [ 1.5, 2, 2.5, 4.5 ], "texture": "#texture" },
				"east": { "uv": [ 1.5, 2, 2.5, 4.5 ], "texture": "#texture" }
			}
		},
		{
			"__comment": "Box18",
			"from": [ 7, 13, 7 ],
			"to": [ 8, 15, 8 ],
			"rotation": { "origin": [ 7, 13, 7 ], "axis": "x", "angle": -22.5 },
			"faces": {
				"up": { "uv": [ 5, 7.5, 6, 8.5 ], "texture": "#texture" },
				"north": { "uv": [ 1.5, 2, 2.5, 4.5 ], "texture": "#texture" },
				"south": { "uv": [ 1.5, 2, 2.5, 4.5 ], "texture": "#texture" },
				"west": { "uv": [ 1.5, 2, 2.5, 4.5 ], "texture": "#texture" },
				"east": { "uv": [ 1.5, 2, 2.5, 4.5 ], "texture": "#texture" }
			}
		},
		{
			"__comment": "Box18",
			"from": [ 8, 13.5, 7 ],
			"to": [ 9, 15.5, 8 ],
			"rotation": { "origin": [ 8, 13.5, 7 ], "axis": "x", "angle": -22.5 },
			"faces": {
				"up": { "uv": [ 1.5, 2, 2.5, 3 ], "texture": "#texture" },
				"north": { "uv": [ 1.5, 2, 2.5, 4.5 ], "texture": "#texture" },
				"south": { "uv": [ 1.5, 2, 2.5, 4.5 ], "texture": "#texture" },
				"west": { "uv": [ 1.5, 2, 2.5, 4.5 ], "texture": "#texture" },
				"east": { "uv": [ 1.5, 2, 2.5, 4.5 ], "texture": "#texture" }
			}
		},
		{
			"__comment": "Box18",
			"from": [ 9, 13, 7 ],
			"to": [ 10, 15, 8 ],
			"rotation": { "origin": [ 9, 13, 7 ], "axis": "x", "angle": -22.5 },
			"faces": {
				"up": { "uv": [ 5, 6, 6, 7 ], "texture": "#texture" },
				"north": { "uv": [ 1.5, 2, 2.5, 4.5 ], "texture": "#texture" },
				"south": { "uv": [ 1.5, 2, 2.5, 4.5 ], "texture": "#texture" },
				"west": { "uv": [ 1.5, 2, 2.5, 4.5 ], "texture": "#texture" },
				"east": { "uv": [ 1.5, 2, 2.5, 4.5 ], "texture": "#texture" }
			}
		},
		{
			"__comment": "Box18",
			"from": [ 9.125, 8.125, 7 ],
			"to": [ 10.125, 10.625, 8 ],
			"rotation": { "origin": [ 9.125, 8.125, 7 ], "axis": "z", "angle": -45 },
			"faces": {
				"down": { "uv": [ 5, 5, 6, 6 ], "texture": "#texture" },
				"north": { "uv": [ 5, 7.5, 6, 10 ], "texture": "#texture" },
				"south": { "uv": [ 5, 7.5, 6, 10 ], "texture": "#texture" },
				"west": { "uv": [ 5, 7.5, 6, 10 ], "texture": "#texture" },
				"east": { "uv": [ 5, 7.5, 6, 10 ], "texture": "#texture" }
			}
		},
		{
			"__comment": "Box18",
			"from": [ 10.5, 9, 7 ],
			"to": [ 11.5, 11, 8 ],
			"faces": {
				"down": { "uv": [ 5, 5, 6, 6 ], "texture": "#texture" },
				"up": { "uv": [ 5, 9, 6, 10 ], "texture": "#texture" },
				"north": { "uv": [ 5, 7.5, 6, 10 ], "texture": "#texture" },
				"south": { "uv": [ 5, 7.5, 6, 10 ], "texture": "#texture" },
				"west": { "uv": [ 5, 7.5, 6, 10 ], "texture": "#texture" },
				"east": { "uv": [ 5, 7.5, 6, 10 ], "texture": "#texture" }
			}
		},
		{
			"__comment": "Box13",
			"from": [ 10.25, 8.875, 8 ],
			"to": [ 10.75, 9.875, 8.5 ],
			"rotation": { "origin": [ 10.25, 8.875, 8 ], "axis": "z", "angle": -22.5 },
			"faces": {
				"down": { "uv": [ 6, 8.5, 6.5, 9.5 ], "texture": "#texture" },
				"up": { "uv": [ 6, 8.5, 6.5, 9.5 ], "texture": "#texture" },
				"north": { "uv": [ 6, 8.5, 6.5, 9.5 ], "texture": "#texture" },
				"south": { "uv": [ 6, 8.5, 6.5, 9.5 ], "texture": "#texture" },
				"west": { "uv": [ 6, 8.5, 6.5, 9.5 ], "texture": "#texture" },
				"east": { "uv": [ 6, 8.5, 6.5, 9.5 ], "texture": "#texture" }
			}
		},
		{
			"__comment": "Box10",
			"from": [ 6, 8, 7 ],
			"to": [ 6.5, 11, 8 ],
			"faces": {
				"down": { "uv": [ 12.5, 6.5, 15.5, 8 ], "texture": "#texture" },
				"up": { "uv": [ 12.5, 6.5, 15.5, 8 ], "texture": "#texture" },
				"north": { "uv": [ 4, 5, 4.5, 8 ], "texture": "#texture" },
				"south": { "uv": [ 4, 5, 4.5, 8 ], "texture": "#texture" },
				"west": { "uv": [ 13.5, 5, 15, 9.5 ], "texture": "#texture" }
			}
		},
		{
			"__comment": "Box10",
			"from": [ 9.5, 8, 7 ],
			"to": [ 10, 11, 8 ],
			"faces": {
				"down": { "uv": [ 12.5, 8, 15.5, 9.5 ], "texture": "#texture" },
				"north": { "uv": [ 4, 5.5, 4.5, 8 ], "texture": "#texture" },
				"south": { "uv": [ 4, 5.5, 4.5, 8 ], "texture": "#texture" },
				"east": { "uv": [ 13.5, 4.5, 15, 9 ], "texture": "#texture" }
			}
		},
		{
			"__comment": "Box13",
			"from": [ 7.5, 9, 8.5 ],
			"to": [ 8.5, 10, 9 ],
			"faces": {
				"up": { "uv": [ 2, 6, 3, 7 ], "texture": "#texture" },
				"south": { "uv": [ 2, 6, 3, 7 ], "texture": "#texture" },
				"west": { "uv": [ 2, 6, 3, 7 ], "texture": "#texture" },
				"east": { "uv": [ 2, 6, 3, 7 ], "texture": "#texture" }
			}
		},
		{
			"__comment": "Box31",
			"from": [ 7.5, 3.5, 1.5 ],
			"to": [ 8.5, 4.5, 7 ],
			"rotation": { "origin": [ 7.5, 3.5, 1.5 ], "axis": "x", "angle": -22.5 },
			"faces": {
				"down": { "uv": [ 8.5, 5.5, 9.5, 11 ], "texture": "#texture" },
				"up": { "uv": [ 8.5, 5.5, 9.5, 11 ], "texture": "#texture" },
				"north": { "uv": [ 8.5, 5.5, 9.5, 6.5 ], "texture": "#texture" },
				"south": { "uv": [ 8.5, 5.5, 9.5, 6.5 ], "texture": "#texture" },
				"west": { "uv": [ 8.5, 5.5, 9.5, 11 ], "texture": "#texture", "rotation": 90 },
				"east": { "uv": [ 8.5, 5.5, 9.5, 11 ], "texture": "#texture", "rotation": 90 }
			}
		}
	],
	"display": {
		"head": {
			"rotation":  [ -67.55, 0, 0 ],
			"translation":  [ 0, -14, -1.5 ],
			"scale":  [ 1.5, 1.5, 1.5 ]
		}
	}
}