{
	"credit": "Made with Blockbench",
	"textures": {
		"0": "block/anvil",
		"5": "block/cauldron_inner",
		"6": "block/stripped_dark_oak_log",
		"particle": "block/anvil"
	},
	"elements": [
		{
			"from": [7.50001, 4, 12.45],
			"to": [8.00001, 4.6875, 14.2],
			"rotation": {"angle": 22.5, "axis": "x", "origin": [8.4, 5.75, 4.7]},
			"faces": {
				"north": {"uv": [5, 12, 6, 13], "texture": "#6"},
				"east": {"uv": [5, 12, 6, 13], "texture": "#6"},
				"south": {"uv": [5, 12, 6, 13], "texture": "#6"},
				"west": {"uv": [5, 12, 6, 13], "texture": "#6"},
				"up": {"uv": [5, 12, 6, 13], "texture": "#6"},
				"down": {"uv": [5, 12, 6, 13], "texture": "#6"}
			}
		},
		{
			"from": [7.5, 0.27109, 12.80647],
			"to": [8, 1.05234, 14.85334],
			"faces": {
				"north": {"uv": [11, 10, 13, 11], "texture": "#6"},
				"east": {"uv": [5, 12, 6, 13], "texture": "#6"},
				"south": {"uv": [11, 10, 13, 11], "texture": "#6"},
				"west": {"uv": [5, 12, 6, 13], "texture": "#6"},
				"up": {"uv": [11, 10, 13, 11], "texture": "#6"},
				"down": {"uv": [11, 10, 13, 11], "texture": "#6"}
			}
		},
		{
			"from": [7.50001, 1.55234, 11.41584],
			"to": [8.00001, 2.38047, 13.46272],
			"rotation": {"angle": -22.5, "axis": "x", "origin": [7.75, 5.42734, 15.36897]},
			"faces": {
				"north": {"uv": [1, 9, 5, 11], "texture": "#6"},
				"east": {"uv": [5, 12, 6, 13], "texture": "#6"},
				"south": {"uv": [1, 9, 5, 11], "texture": "#6"},
				"west": {"uv": [5, 12, 6, 13], "texture": "#6"},
				"up": {"uv": [1, 6, 3, 11], "texture": "#6"},
				"down": {"uv": [1, 9, 5, 11], "texture": "#6"}
			}
		},
		{
			"from": [7.48438, 0.27109, 14.77522],
			"to": [8.03125, 1.88047, 17.46272],
			"faces": {
				"north": {"uv": [4, 2, 7, 6], "rotation": 180, "texture": "#6"},
				"east": {"uv": [5, 6, 11, 9], "texture": "#6"},
				"south": {"uv": [4, 2, 7, 6], "texture": "#6"},
				"west": {"uv": [8, 5, 14, 9], "texture": "#6"},
				"up": {"uv": [8, 5, 11, 13], "texture": "#6"},
				"down": {"uv": [4, 1, 8.5, 5.75], "rotation": 270, "texture": "#6"}
			}
		},
		{
			"from": [7.48438, 1.08359, 9.96272],
			"to": [8.03125, 1.81797, 11.52522],
			"faces": {
				"north": {"uv": [4, 2, 7, 6], "rotation": 180, "texture": "#6"},
				"east": {"uv": [8, 5, 14, 8], "texture": "#6"},
				"south": {"uv": [4, 2, 7, 6], "texture": "#6"},
				"west": {"uv": [8, 5, 14, 8], "texture": "#6"},
				"up": {"uv": [8, 5, 11, 13], "texture": "#6"},
				"down": {"uv": [4, 1, 8.5, 5.75], "rotation": 270, "texture": "#6"}
			}
		},
		{
			"from": [7.7875, 1.8875, -0.175],
			"to": [8.1, 2.2, 9.95],
			"faces": {
				"north": {"uv": [0, 0, 16, 16], "texture": "#5"},
				"east": {"uv": [0, 0, 16, 2], "texture": "#0"},
				"south": {"uv": [0, 0, 0.0625, 0.0625], "texture": "#0"},
				"west": {"uv": [0, 0, 16, 2], "texture": "#0"},
				"up": {"uv": [0, 0, 16, 2], "rotation": 90, "texture": "#0"},
				"down": {"uv": [0, 0, 16, 2], "rotation": 90, "texture": "#0"}
			}
		},
		{
			"from": [7.4125, 1.8875, -0.175],
			"to": [7.725, 2.2, 9.95],
			"faces": {
				"north": {"uv": [0, 0, 16, 16], "texture": "#5"},
				"east": {"uv": [0, 0, 16, 2], "texture": "#0"},
				"south": {"uv": [0, 0, 0.0625, 0.0625], "texture": "#0"},
				"west": {"uv": [0, 0, 16, 2], "texture": "#0"},
				"up": {"uv": [0, 0, 16, 2], "rotation": 90, "texture": "#0"},
				"down": {"uv": [0, 0, 16, 2], "rotation": 90, "texture": "#0"}
			}
		},
		{
			"from": [7.48438, 1.08359, 7.90022],
			"to": [8.03125, 2.06797, 9.96272],
			"faces": {
				"north": {"uv": [4, 5, 9, 12], "texture": "#0"},
				"east": {"uv": [4, 5, 14, 11], "texture": "#0"},
				"south": {"uv": [4, 2, 7, 6], "texture": "#6"},
				"west": {"uv": [4, 5, 14, 11], "texture": "#0"},
				"up": {"uv": [8, 5, 11, 13], "texture": "#6"},
				"down": {"uv": [4, 5, 10, 16], "texture": "#0"}
			}
		},
		{
			"from": [7.48438, 1.08359, 7.02522],
			"to": [8.03125, 2.06797, 7.90022],
			"faces": {
				"north": {"uv": [4, 2, 7, 6], "rotation": 180, "texture": "#6"},
				"east": {"uv": [8, 5, 10, 8], "texture": "#6"},
				"south": {"uv": [4, 2, 7, 6], "texture": "#6"},
				"west": {"uv": [11, 5, 14, 8], "texture": "#6"},
				"up": {"uv": [8, 5, 11, 13], "texture": "#6"},
				"down": {"uv": [4, 1, 8.5, 5.75], "rotation": 270, "texture": "#6"}
			}
		},
		{
			"from": [7.48438, 1.33359, 5.40022],
			"to": [8.03125, 1.88047, 7.02522],
			"faces": {
				"north": {"uv": [4, 2, 7, 6], "rotation": 180, "texture": "#6"},
				"east": {"uv": [8, 5, 10, 8], "texture": "#6"},
				"south": {"uv": [4, 2, 7, 6], "texture": "#6"},
				"west": {"uv": [11, 5, 14, 8], "texture": "#6"},
				"up": {"uv": [8, 5, 11, 13], "texture": "#6"},
				"down": {"uv": [4, 1, 8.5, 5.75], "rotation": 270, "texture": "#6"}
			}
		},
		{
			"from": [7.50001, -3, 10.0125],
			"to": [8.00001, -2, 10.7],
			"rotation": {"angle": -22.5, "axis": "x", "origin": [8.4, 5.75, 4.1375]},
			"faces": {
				"north": {"uv": [5, 12, 6, 13], "rotation": 180, "texture": "#6"},
				"east": {"uv": [5, 12, 6, 13], "rotation": 270, "texture": "#6"},
				"south": {"uv": [5, 12, 6, 13], "texture": "#6"},
				"west": {"uv": [5, 12, 6, 13], "rotation": 90, "texture": "#6"},
				"up": {"uv": [5, 12, 6, 13], "rotation": 180, "texture": "#6"},
				"down": {"uv": [5, 12, 6, 13], "texture": "#6"}
			}
		},
		{
			"from": [7.48438, 1.81797, 9.96272],
			"to": [8.03125, 2.11484, 10.66584],
			"faces": {
				"north": {"uv": [4, 5, 9, 12], "texture": "#0"},
				"east": {"uv": [4, 5, 8, 8], "texture": "#0"},
				"south": {"uv": [4, 2, 7, 4], "texture": "#0"},
				"west": {"uv": [4, 5, 9, 7], "texture": "#0"},
				"up": {"uv": [8, 5, 11, 9], "texture": "#0"},
				"down": {"uv": [4, 5, 10, 16], "texture": "#0"}
			}
		},
		{
			"from": [7.42188, 1.81797, 9.94709],
			"to": [8.09375, 2.19297, 10.25959],
			"faces": {
				"north": {"uv": [4, 5, 9, 12], "texture": "#0"},
				"east": {"uv": [4, 5, 6, 8], "texture": "#0"},
				"south": {"uv": [4, 2, 7, 6], "texture": "#0"},
				"west": {"uv": [4, 5, 6, 7], "texture": "#0"},
				"up": {"uv": [8, 5, 11, 7], "texture": "#0"},
				"down": {"uv": [4, 5, 10, 16], "texture": "#0"}
			}
		},
		{
			"from": [7.725, 2.0125, 0.075],
			"to": [7.7875, 2.24688, 9.95],
			"faces": {
				"north": {"uv": [0, 0, 0.0625, 0.0625], "texture": "#0"},
				"east": {"uv": [0, 0, 16, 2], "texture": "#0"},
				"south": {"uv": [0, 0, 0.0625, 0.0625], "texture": "#0"},
				"west": {"uv": [0, 0, 16, 2], "texture": "#0"},
				"up": {"uv": [0, 0, 16, 2], "rotation": 90, "texture": "#0"},
				"down": {"uv": [0, 0, 16, 2], "rotation": 90, "texture": "#0"}
			}
		},
		{
			"from": [7.74063, 2.24688, 0.18437],
			"to": [7.77188, 2.325, 0.30937],
			"faces": {
				"north": {"uv": [0, 0, 0.0625, 0.0625], "texture": "#0"},
				"east": {"uv": [0, 0, 0.0625, 0.0625], "texture": "#0"},
				"south": {"uv": [0, 0, 0.0625, 0.0625], "texture": "#0"},
				"west": {"uv": [0, 0, 0.0625, 0.0625], "texture": "#0"},
				"up": {"uv": [0, 0, 0.0625, 0.0625], "texture": "#0"},
				"down": {"uv": [0, 0, 0.0625, 0.0625], "texture": "#0"}
			}
		},
		{
			"from": [7.725, 0.74688, 11.31],
			"to": [7.81875, 0.77813, 11.66938],
			"faces": {
				"north": {"uv": [0, 0, 0.0625, 0.0625], "texture": "#0"},
				"east": {"uv": [0, 0, 0.0625, 0.0625], "texture": "#0"},
				"south": {"uv": [0, 0, 0.0625, 0.0625], "texture": "#0"},
				"west": {"uv": [0, 0, 0.0625, 0.0625], "texture": "#0"},
				"up": {"uv": [0, 0, 0.0625, 0.0625], "texture": "#0"},
				"down": {"uv": [0, 0, 0.0625, 0.0625], "texture": "#0"}
			}
		},
		{
			"from": [7.725, 0.68438, 11.02813],
			"to": [7.81875, 0.71563, 11.54375],
			"rotation": {"angle": 45, "axis": "x", "origin": [8, 1, 11.5]},
			"faces": {
				"north": {"uv": [0, 0, 0.0625, 0.0625], "texture": "#0"},
				"east": {"uv": [0, 0, 0.0625, 0.0625], "texture": "#0"},
				"south": {"uv": [0, 0, 0.0625, 0.0625], "texture": "#0"},
				"west": {"uv": [0, 0, 0.0625, 0.0625], "texture": "#0"},
				"up": {"uv": [0, 0, 0.0625, 0.0625], "texture": "#0"},
				"down": {"uv": [0, 0, 0.0625, 0.0625], "texture": "#0"}
			}
		},
		{
			"from": [7.725, 0.70625, 11.56005],
			"to": [7.81875, 0.7375, 12.06005],
			"rotation": {"angle": -22.5, "axis": "x", "origin": [8, 1, 11.5]},
			"faces": {
				"north": {"uv": [0, 0, 0.0625, 0.0625], "rotation": 180, "texture": "#0"},
				"east": {"uv": [0, 0, 0.0625, 0.0625], "rotation": 180, "texture": "#0"},
				"south": {"uv": [0, 0, 0.0625, 0.0625], "rotation": 180, "texture": "#0"},
				"west": {"uv": [0, 0, 0.0625, 0.0625], "rotation": 180, "texture": "#0"},
				"up": {"uv": [0, 0, 0.0625, 0.0625], "texture": "#0"},
				"down": {"uv": [0, 0, 0.0625, 0.0625], "texture": "#0"}
			}
		},
		{
			"from": [7.725, 0.8413, 11.41875],
			"to": [7.81875, 1.3413, 11.45],
			"rotation": {"angle": 22.5, "axis": "x", "origin": [8, 1, 11.5]},
			"faces": {
				"north": {"uv": [0, 0, 0.0625, 0.0625], "rotation": 180, "texture": "#0"},
				"east": {"uv": [0, 0, 0.0625, 0.0625], "rotation": 270, "texture": "#0"},
				"south": {"uv": [0, 0, 0.0625, 0.0625], "texture": "#0"},
				"west": {"uv": [0, 0, 0.0625, 0.0625], "rotation": 90, "texture": "#0"},
				"up": {"uv": [0, 0, 0.0625, 0.0625], "rotation": 180, "texture": "#0"},
				"down": {"uv": [0, 0, 0.0625, 0.0625], "texture": "#0"}
			}
		}
	],
	"display": {
		"thirdperson_righthand": {
			"rotation": [0, -15, 0],
			"translation": [1.75, 12.25, -5.75],
			"scale": [1.75, 1.75, 1.75]
		},
		"thirdperson_lefthand": {
			"translation": [-0.5, 11.5, -4.5],
			"scale": [1.5, 1.5, 1.5]
		},
		"firstperson_righthand": {
			"rotation": [4.5, -6.5, 0],
			"translation": [14, 18, -2],
			"scale": [2.5, 2.5, 2.5]
		},
		"ground": {
			"translation": [0, 4, 0]
		},
		"gui": {
			"rotation": [90, 50, -90],
			"translation": [4, 6.25, 0],
			"scale": [1.1, 1.1, 1.1]
		},
		"fixed": {
			"rotation": [90, 50, -90],
			"translation": [6, 7.5, 0],
			"scale": [1.5, 1.5, 1.5]
		}
	}
}