{
	"credit": "https://www.youtube.com/c/ZeroCaty",
	"textures": {
		"1": "block/gray_concrete",
		"4": "block/purple_concrete_powder"
	},
	"elements": [
		{
			"from": [4, 0, 6],
			"to": [12, 5, 10],
			"faces": {
				"north": {"uv": [0, 0, 8, 5], "texture": "#1"},
				"east": {"uv": [0, 0, 4, 5], "texture": "#1"},
				"south": {"uv": [0, 0, 8, 5], "texture": "#1"},
				"west": {"uv": [0, 0, 4, 5], "texture": "#1"},
				"up": {"uv": [0, 0, 8, 4], "texture": "#1"},
				"down": {"uv": [0, 0, 8, 4], "texture": "#1"}
			}
		},
		{
			"from": [3.9, 2.9, 5.9],
			"to": [12.1, 4, 10.1],
			"faces": {
				"north": {"uv": [0, 0, 8.2, 1.1], "texture": "#4"},
				"east": {"uv": [0, 0, 4.2, 1.1], "texture": "#4"},
				"south": {"uv": [0, 0, 8.2, 1.1], "texture": "#4"},
				"west": {"uv": [0, 0, 4.2, 1.1], "texture": "#4"},
				"up": {"uv": [0, 0, 4.2, 1.1], "texture": "#4"},
				"down": {"uv": [0, 0, 4.2, 1.1], "texture": "#4"}
			}
		},
		{
			"name": "Down",
			"from": [4, -0.2, 9.51],
			"to": [12, 0.4, 10.11],
			"rotation": {"angle": -45, "axis": "x", "origin": [8, 0.5, 9.5]},
			"faces": {
				"north": {"uv": [1, 0, 0, 1], "texture": "#1"},
				"east": {"uv": [1, 0, 0, 1], "texture": "#1"},
				"south": {"uv": [1, 0, 0, 1], "texture": "#1"},
				"west": {"uv": [1, 0, 0, 1], "texture": "#1"},
				"up": {"uv": [0, 1, 1, 0], "texture": "#1"},
				"down": {"uv": [0, 1, 1, 0], "texture": "#1"}
			}
		},
		{
			"name": "Down",
			"from": [4, 0.4, 10.1],
			"to": [12, 0.9, 10.2],
			"rotation": {"angle": -22.5, "axis": "x", "origin": [8, 0.5, 9.5]},
			"faces": {
				"north": {"uv": [8, 0, 0, 1.1], "texture": "#1"},
				"east": {"uv": [8, 0, 0, 1.1], "texture": "#1"},
				"south": {"uv": [8, 0, 0, 1.1], "texture": "#1"},
				"west": {"uv": [8, 0, 0, 1.1], "texture": "#1"},
				"up": {"uv": [0, 1.1, 8, 0], "texture": "#1"},
				"down": {"uv": [0, 1.1, 8, 0], "texture": "#1"}
			}
		},
		{
			"name": "Down",
			"from": [4, 0.4, 5.8],
			"to": [12, 0.9, 5.9],
			"rotation": {"angle": 22.5, "axis": "x", "origin": [8, 0.5, 6.5]},
			"faces": {
				"north": {"uv": [0, 0, 8, 1.1], "texture": "#1"},
				"east": {"uv": [0, 0, 8, 1.1], "texture": "#1"},
				"south": {"uv": [0, 0, 8, 1.1], "texture": "#1"},
				"west": {"uv": [0, 0, 8, 1.1], "texture": "#1"},
				"up": {"uv": [0, 0, 8, 1.1], "texture": "#1"},
				"down": {"uv": [0, 0, 8, 1.1], "texture": "#1"}
			}
		},
		{
			"name": "Down",
			"from": [4, -0.2, 5.89],
			"to": [12, 0.4, 6.49],
			"rotation": {"angle": 45, "axis": "x", "origin": [8, 0.5, 6.5]},
			"faces": {
				"north": {"uv": [0, 0, 1, 1], "texture": "#1"},
				"east": {"uv": [0, 0, 1, 1], "texture": "#1"},
				"south": {"uv": [0, 0, 1, 1], "texture": "#1"},
				"west": {"uv": [0, 0, 1, 1], "texture": "#1"},
				"up": {"uv": [0, 0, 1, 1], "texture": "#1"},
				"down": {"uv": [0, 0, 1, 1], "texture": "#1"}
			}
		},
		{
			"from": [9.5, 5, 7.75],
			"to": [9.9, 6, 8.25],
			"faces": {
				"north": {"uv": [0, 0, 0.4, 1], "texture": "#1"},
				"east": {"uv": [0, 0, 0.4, 1], "texture": "#1"},
				"south": {"uv": [0, 0, 0.4, 1], "texture": "#1"},
				"west": {"uv": [0, 0, 0.4, 1], "texture": "#1"},
				"up": {"uv": [0, 0, 0.4, 1], "texture": "#1"},
				"down": {"uv": [0, 0, 0.4, 1], "texture": "#1"}
			}
		},
		{
			"from": [6.1, 5, 7.75],
			"to": [6.5, 6, 8.25],
			"faces": {
				"north": {"uv": [0, 0, 0.4, 1], "texture": "#1"},
				"east": {"uv": [0, 0, 0.4, 1], "texture": "#1"},
				"south": {"uv": [0, 0, 0.4, 1], "texture": "#1"},
				"west": {"uv": [0, 0, 0.4, 1], "texture": "#1"},
				"up": {"uv": [0, 0, 0.4, 1], "texture": "#1"},
				"down": {"uv": [0, 0, 0.4, 1], "texture": "#1"}
			}
		},
		{
			"from": [6.5, 5.7, 7.75],
			"to": [9.5, 6, 8.25],
			"faces": {
				"north": {"uv": [0, 0, 3, 0.3], "texture": "#1"},
				"east": {"uv": [0, 0, 3, 0.3], "texture": "#1"},
				"south": {"uv": [0, 0, 3, 0.3], "texture": "#1"},
				"west": {"uv": [0, 0, 3, 0.3], "texture": "#1"},
				"up": {"uv": [0, 0, 3, 0.3], "texture": "#1"},
				"down": {"uv": [0, 0, 3, 0.3], "texture": "#1"}
			}
		},
		{
			"name": "Up",
			"from": [4, 4.6, 9.5],
			"to": [12, 5.21, 10.1],
			"rotation": {"angle": 45, "axis": "x", "origin": [8, 4.5, 9.5]},
			"faces": {
				"north": {"uv": [1, 1, 0, 0], "texture": "#1"},
				"east": {"uv": [1, 1, 0, 0], "texture": "#1"},
				"south": {"uv": [1, 1, 0, 0], "texture": "#1"},
				"west": {"uv": [1, 1, 0, 0], "texture": "#1"},
				"up": {"uv": [0, 0, 1, 1], "texture": "#1"},
				"down": {"uv": [0, 0, 1, 1], "texture": "#1"}
			}
		},
		{
			"name": "Up",
			"from": [4, 4.1, 10.1],
			"to": [12, 4.7, 10.2],
			"rotation": {"angle": 22.5, "axis": "x", "origin": [8, 4.5, 9.5]},
			"faces": {
				"north": {"uv": [8, 1.1, 0, 0], "texture": "#1"},
				"east": {"uv": [8, 1.1, 0, 0], "texture": "#1"},
				"south": {"uv": [8, 1.1, 0, 0], "texture": "#1"},
				"west": {"uv": [8, 1.1, 0, 0], "texture": "#1"},
				"up": {"uv": [0, 0, 8, 1.1], "texture": "#1"},
				"down": {"uv": [0, 0, 8, 1.1], "texture": "#1"}
			}
		},
		{
			"name": "Up",
			"from": [4, 4.6, 5.9],
			"to": [12, 5.21, 6.5],
			"rotation": {"angle": -45, "axis": "x", "origin": [8, 4.5, 6.5]},
			"faces": {
				"north": {"uv": [0, 1, 1, 0], "texture": "#1"},
				"east": {"uv": [0, 1, 1, 0], "texture": "#1"},
				"south": {"uv": [0, 1, 1, 0], "texture": "#1"},
				"west": {"uv": [0, 1, 1, 0], "texture": "#1"},
				"up": {"uv": [0, 1, 1, 0], "texture": "#1"},
				"down": {"uv": [0, 1, 1, 0], "texture": "#1"}
			}
		},
		{
			"name": "Up",
			"from": [4, 4.1, 5.8],
			"to": [12, 4.7, 5.9],
			"rotation": {"angle": -22.5, "axis": "x", "origin": [8, 4.5, 6.5]},
			"faces": {
				"north": {"uv": [0, 1.1, 8, 0], "texture": "#1"},
				"east": {"uv": [0, 1.1, 8, 0], "texture": "#1"},
				"south": {"uv": [0, 1.1, 8, 0], "texture": "#1"},
				"west": {"uv": [0, 1.1, 8, 0], "texture": "#1"},
				"up": {"uv": [0, 1.1, 8, 0], "texture": "#1"},
				"down": {"uv": [0, 1.1, 8, 0], "texture": "#1"}
			}
		}
	],
	"display": {
		"thirdperson_righthand": {
			"rotation": [50, 90, 40],
			"translation": [0, -2, 2.25]
		},
		"thirdperson_lefthand": {
			"rotation": [50, 90, 40],
			"translation": [0, -2, 2.25]
		},
		"firstperson_righthand": {
			"translation": [0, 9, 0]
		},
		"ground": {
			"translation": [0, 5.0, 0],
			"scale": [0.7, 0.7, 0.7]
		},
		"fixed": {
			"translation": [0, 8.5, 0],
			"scale": [1.7, 1.7, 1.7]
		},
		"gui": {
			"rotation": [30, 50, 0],
			"translation": [0, 8.25, 0],
			"scale": [1.7, 1.7, 1.7]
		}
	}
}