{
	"credit": "Made with Blockbench",
	"textures": {
		"0": "block/anvil",
		"1": "block/black_concrete",
		"2": "block/light_gray_concrete",
		"3": "zcbm/weapons/6g30",
		"particle": "block/anvil"
	},
	"elements": [
		{
			"from": [7.25, 5.22051, 5.94368],
			"to": [8.75, 5.92301, 6.05368],
			"faces": {
				"north": {"uv": [11, 0, 11.75, 0.75], "rotation": 180, "texture": "#3"},
				"east": {"uv": [0, 0, 2.5, 1.25], "rotation": 270, "texture": "#0"},
				"south": {"uv": [11.75, 0, 11, 0.75], "rotation": 180, "texture": "#3"},
				"west": {"uv": [0, 0, 2.5, 1.25], "rotation": 270, "texture": "#0"},
				"up": {"uv": [0, 0, 2.5, 1.25], "rotation": 90, "texture": "#0"},
				"down": {"uv": [11.75, 0, 11, 0.75], "rotation": 180, "texture": "#3"}
			}
		},
		{
			"from": [7.82787, 6.34395, 12.82968],
			"to": [8.16227, 8.10395, 13.70968],
			"rotation": {"angle": -22.5, "axis": "x", "origin": [7.99947, 6.56395, 13.48968]},
			"faces": {
				"north": {"uv": [0, 11, 1, 12], "texture": "#0"},
				"east": {"uv": [0, 11, 1, 12], "texture": "#0"},
				"south": {"uv": [0, 11, 1, 12], "texture": "#0"},
				"west": {"uv": [0, 11, 1, 12], "texture": "#0"},
				"up": {"uv": [0, 11, 1, 12], "texture": "#0"},
				"down": {"uv": [0, 11, 1, 12], "texture": "#0"}
			}
		},
		{
			"from": [7.77947, 6.23395, 13.44568],
			"to": [8.21947, 6.45395, 14.47968],
			"rotation": {"angle": -22.5, "axis": "x", "origin": [7.99947, 4.69395, 14.14968]},
			"faces": {
				"north": {"uv": [0, 11, 1, 12], "texture": "#0"},
				"east": {"uv": [0, 11, 1, 12], "texture": "#0"},
				"south": {"uv": [0, 11, 1, 12], "texture": "#0"},
				"west": {"uv": [0, 11, 1, 12], "texture": "#0"},
				"up": {"uv": [0, 11, 1, 12], "texture": "#0"},
				"down": {"uv": [0, 11, 1, 12], "texture": "#0"}
			}
		},
		{
			"from": [7.86747, 7.55395, 12.05968],
			"to": [8.13147, 8.10395, 13.25968],
			"faces": {
				"north": {"uv": [6, 7, 7.5, 8.25], "texture": "#0"},
				"east": {"uv": [6, 7, 7.5, 8.25], "texture": "#0"},
				"south": {"uv": [6, 7, 7.5, 8.25], "texture": "#0"},
				"west": {"uv": [6, 7, 7.5, 8.25], "texture": "#0"},
				"up": {"uv": [6, 7, 7.5, 8.25], "texture": "#0"},
				"down": {"uv": [6, 7, 7.5, 8.25], "texture": "#0"}
			}
		},
		{
			"from": [7.88947, 8.01595, 9.72768],
			"to": [8.10947, 8.14795, 13.15968],
			"faces": {
				"north": {"uv": [0, 0, 7.8, 0.3], "texture": "#0"},
				"east": {"uv": [0, 0, 7.8, 0.3], "texture": "#0"},
				"south": {"uv": [0, 0, 7.8, 0.3], "texture": "#0"},
				"west": {"uv": [0, 0, 7.8, 0.3], "texture": "#0"},
				"up": {"uv": [0, 0, 7.8, 0.3], "texture": "#0"},
				"down": {"uv": [0, 0, 7.8, 0.3], "texture": "#0"}
			}
		},
		{
			"from": [7.88947, 7.48795, 11.88368],
			"to": [8.10947, 8.01595, 12.05968],
			"faces": {
				"north": {"uv": [0, 0, 0.5, 1.2], "texture": "#0"},
				"east": {"uv": [0, 0, 0.5, 1.2], "texture": "#0"},
				"south": {"uv": [0, 0, 0.5, 1.2], "texture": "#0"},
				"west": {"uv": [0, 0, 0.5, 1.2], "texture": "#0"},
				"up": {"uv": [0, 0, 0.5, 1.2], "texture": "#0"},
				"down": {"uv": [0, 0, 0.5, 1.2], "texture": "#0"}
			}
		},
		{
			"from": [7.88947, 7.44395, 11.31168],
			"to": [8.10947, 7.61995, 12.23568],
			"rotation": {"angle": -22.5, "axis": "x", "origin": [7.99947, 7.53195, 11.97168]},
			"faces": {
				"north": {"uv": [0, 0, 0.5, 0.4], "rotation": 180, "texture": "#0"},
				"east": {"uv": [0, 0, 0.5, 0.4], "rotation": 180, "texture": "#0"},
				"south": {"uv": [0, 0, 0.5, 0.4], "rotation": 180, "texture": "#0"},
				"west": {"uv": [0, 0, 0.5, 0.4], "rotation": 180, "texture": "#0"},
				"up": {"uv": [0, 0, 0.5, 0.4], "rotation": 180, "texture": "#0"},
				"down": {"uv": [0, 0, 0.5, 0.4], "rotation": 180, "texture": "#0"}
			}
		},
		{
			"from": [7.88947, 7.17995, 10.65168],
			"to": [8.10947, 7.39995, 11.39968],
			"faces": {
				"north": {"uv": [0, 0, 0.5, 0.4], "rotation": 180, "texture": "#0"},
				"east": {"uv": [0, 0, 0.5, 0.4], "rotation": 180, "texture": "#0"},
				"south": {"uv": [0, 0, 0.5, 0.4], "rotation": 180, "texture": "#0"},
				"west": {"uv": [0, 0, 0.5, 0.4], "rotation": 180, "texture": "#0"},
				"up": {"uv": [0, 0, 0.5, 0.4], "rotation": 180, "texture": "#0"},
				"down": {"uv": [0, 0, 0.5, 0.4], "rotation": 180, "texture": "#0"}
			}
		},
		{
			"from": [7.88947, 7.17995, 9.72768],
			"to": [8.10947, 8.01595, 10.65168],
			"faces": {
				"north": {"uv": [0, 0, 0.5, 0.4], "rotation": 180, "texture": "#0"},
				"east": {"uv": [0, 0, 0.5, 0.4], "rotation": 180, "texture": "#0"},
				"south": {"uv": [0, 0, 0.5, 0.4], "rotation": 180, "texture": "#0"},
				"west": {"uv": [0, 0, 0.5, 0.4], "rotation": 180, "texture": "#0"},
				"up": {"uv": [0, 0, 0.5, 0.4], "rotation": 180, "texture": "#0"},
				"down": {"uv": [0, 0, 0.5, 0.4], "rotation": 180, "texture": "#0"}
			}
		},
		{
			"from": [7.93787, 7.31195, 11.17968],
			"to": [8.06107, 7.75195, 11.31168],
			"rotation": {"angle": 22.5, "axis": "x", "origin": [8.00387, 7.61995, 11.24568]},
			"faces": {
				"north": {"uv": [6, 0, 6.5, 1.2], "texture": "#0"},
				"east": {"uv": [6, 0, 6.5, 1.2], "texture": "#0"},
				"south": {"uv": [6, 0, 6.5, 1.2], "texture": "#0"},
				"west": {"uv": [6, 0, 6.5, 1.2], "texture": "#0"},
				"up": {"uv": [6, 0, 6.5, 1.2], "texture": "#0"},
				"down": {"uv": [6, 0, 6.5, 1.2], "texture": "#0"}
			}
		},
		{
			"from": [7.93787, 7.66395, 11.17968],
			"to": [8.06107, 8.10395, 11.31168],
			"rotation": {"angle": -22.5, "axis": "x", "origin": [8.00387, 7.79595, 11.24568]},
			"faces": {
				"north": {"uv": [6, 0, 6.5, 1.2], "texture": "#0"},
				"east": {"uv": [6, 0, 6.5, 1.2], "texture": "#0"},
				"south": {"uv": [6, 0, 6.5, 1.2], "texture": "#0"},
				"west": {"uv": [6, 0, 6.5, 1.2], "texture": "#0"},
				"up": {"uv": [6, 0, 6.5, 1.2], "texture": "#0"},
				"down": {"uv": [6, 0, 6.5, 1.2], "texture": "#0"}
			}
		},
		{
			"from": [7.93347, 7.64195, 11.28968],
			"to": [8.06547, 7.77395, 11.94968],
			"faces": {
				"north": {"uv": [6, 0, 6.5, 1.2], "rotation": 270, "texture": "#0"},
				"east": {"uv": [6, 0, 6.5, 1.2], "rotation": 270, "texture": "#0"},
				"south": {"uv": [6, 0, 6.5, 1.2], "rotation": 270, "texture": "#0"},
				"west": {"uv": [6, 0, 6.5, 1.2], "rotation": 270, "texture": "#0"},
				"up": {"uv": [6, 0, 6.5, 1.2], "rotation": 270, "texture": "#0"},
				"down": {"uv": [6, 0, 6.5, 1.2], "rotation": 270, "texture": "#0"}
			}
		},
		{
			"from": [7.77947, 8.32395, 6.25168],
			"to": [8.21947, 8.76395, 13.59968],
			"rotation": {"angle": -45, "axis": "z", "origin": [7.99947, 8.54395, 9.77168]},
			"faces": {
				"north": {"uv": [0, 0, 1.5, 1.25], "texture": "#0"},
				"east": {"uv": [1, 9.75, 8.34707, 10.18973], "texture": "#3"},
				"south": {"uv": [0, 0, 1.5, 1.25], "texture": "#0"},
				"west": {"uv": [0, 10.5, 7.34707, 10.93973], "texture": "#3"},
				"up": {"uv": [0, 0, 0.44, 7.348], "texture": "#3"},
				"down": {"uv": [0, 0, 0.44, 7.348], "texture": "#3"}
			}
		},
		{
			"from": [7.88947, 8.43395, 13.42368],
			"to": [8.10947, 8.65395, 15.90968],
			"rotation": {"angle": -45, "axis": "z", "origin": [7.99947, 8.54395, 14.66668]},
			"faces": {
				"north": {"uv": [0, 0, 2.5, 1.25], "texture": "#0"},
				"east": {"uv": [2, 2.75, 4.48549, 2.96987], "texture": "#3"},
				"south": {"uv": [0, 0, 2.5, 1.25], "texture": "#0"},
				"west": {"uv": [0, 0, 2.486, 0.22], "texture": "#3"},
				"up": {"uv": [0, 0, 2.486, 0.22], "rotation": 90, "texture": "#3"},
				"down": {"uv": [1, 3.5, 3.48549, 3.71987], "rotation": 90, "texture": "#3"}
			}
		},
		{
			"from": [7.82347, 7.33395, 15.62368],
			"to": [8.17547, 8.76395, 15.97568],
			"faces": {
				"north": {"uv": [1.75, 2.5, 2.10156, 3.92969], "texture": "#3"},
				"east": {"uv": [1.75, 2.5, 2.10156, 3.92969], "texture": "#3"},
				"south": {"uv": [6, 7, 7.5, 8.25], "texture": "#0"},
				"west": {"uv": [1.75, 2.5, 2.10156, 3.92969], "texture": "#3"},
				"up": {"uv": [0, 0, 0.352, 0.352], "texture": "#3"},
				"down": {"uv": [0, 0, 0.352, 0.352], "texture": "#3"}
			}
		},
		{
			"from": [7.71347, 8.08195, 10.18968],
			"to": [7.97747, 8.87395, 10.40968],
			"faces": {
				"north": {"uv": [6, 7, 7.5, 8.25], "texture": "#0"},
				"east": {"uv": [6, 7, 7.5, 8.25], "texture": "#0"},
				"south": {"uv": [6, 7, 7.5, 8.25], "texture": "#0"},
				"west": {"uv": [6, 7, 7.5, 8.25], "texture": "#0"},
				"up": {"uv": [6, 7, 7.5, 8.25], "texture": "#0"},
				"down": {"uv": [6, 7, 7.5, 8.25], "texture": "#0"}
			}
		},
		{
			"from": [7.66947, 8.08195, 12.78568],
			"to": [8.32947, 8.87395, 13.00568],
			"faces": {
				"north": {"uv": [6, 7, 7.5, 8.25], "texture": "#0"},
				"east": {"uv": [6, 7, 7.5, 8.25], "texture": "#0"},
				"south": {"uv": [6, 7, 7.5, 8.25], "texture": "#0"},
				"west": {"uv": [6, 7, 7.5, 8.25], "texture": "#0"},
				"up": {"uv": [6, 7, 7.5, 8.25], "texture": "#0"},
				"down": {"uv": [6, 7, 7.5, 8.25], "texture": "#0"}
			}
		},
		{
			"from": [7.88947, 8.43395, 5.32768],
			"to": [8.10947, 8.65395, 6.27368],
			"rotation": {"angle": 45, "axis": "z", "origin": [7.99947, 8.54395, 5.80068]},
			"faces": {
				"north": {"uv": [0, 0, 2.5, 1.25], "texture": "#0"},
				"east": {"uv": [0, 0, 2.5, 1.25], "texture": "#0"},
				"south": {"uv": [0, 0, 2.5, 1.25], "texture": "#0"},
				"west": {"uv": [0, 0, 2.5, 1.25], "texture": "#0"},
				"up": {"uv": [0, 0, 2.5, 1.25], "texture": "#0"},
				"down": {"uv": [0, 0, 2.5, 1.25], "texture": "#0"}
			}
		},
		{
			"from": [7.84547, 8.35333, 5.37168],
			"to": [8.15347, 8.74195, 5.78968],
			"faces": {
				"north": {"uv": [0, 0, 2.5, 1.25], "texture": "#0"},
				"east": {"uv": [0, 0, 2.5, 1.25], "texture": "#0"},
				"south": {"uv": [0, 0, 2.5, 1.25], "texture": "#0"},
				"west": {"uv": [0, 0, 2.5, 1.25], "texture": "#0"},
				"up": {"uv": [0, 0, 2.5, 1.25], "texture": "#0"},
				"down": {"uv": [0, 0, 2.5, 1.25], "texture": "#0"}
			}
		},
		{
			"from": [7.79447, 8.25645, 2.20368],
			"to": [8.20447, 8.35395, 5.89968],
			"faces": {
				"north": {"uv": [11, 0, 11.75, 0.75], "texture": "#3"},
				"east": {"uv": [11, 0, 11.75, 0.75], "rotation": 270, "texture": "#3"},
				"south": {"uv": [11, 0, 11.75, 0.75], "rotation": 270, "texture": "#3"},
				"west": {"uv": [11, 0, 11.75, 0.75], "rotation": 270, "texture": "#3"},
				"up": {"uv": [0, 0, 0.41, 3.696], "texture": "#3"},
				"down": {"uv": [11, 0, 11.75, 0.75], "rotation": 270, "texture": "#3"}
			}
		},
		{
			"from": [7.62547, 7.53195, 6.22968],
			"to": [8.32947, 8.23595, 9.61768],
			"faces": {
				"north": {"uv": [0, 0, 2.5, 1.25], "texture": "#0"},
				"east": {"uv": [3.5, 8.5, 4.20313, 11.88728], "rotation": 90, "texture": "#3"},
				"south": {"uv": [0, 0, 2.5, 1.25], "texture": "#0"},
				"west": {"uv": [3.5, 8.5, 4.20313, 11.88728], "rotation": 90, "texture": "#3"},
				"up": {"uv": [3.5, 8.5, 4.20313, 11.88728], "texture": "#3"},
				"down": {"uv": [0, 0, 2.5, 1.25], "texture": "#0"}
			}
		},
		{
			"from": [8.39547, 7.09195, 6.22968],
			"to": [9.09947, 7.79595, 9.61768],
			"rotation": {"angle": 45, "axis": "z", "origin": [8.72547, 7.42195, 7.83568]},
			"faces": {
				"north": {"uv": [0, 0, 2.5, 1.25], "texture": "#0"},
				"east": {"uv": [3.5, 8.5, 4.20313, 11.88728], "rotation": 90, "texture": "#3"},
				"south": {"uv": [0, 0, 2.5, 1.25], "texture": "#0"},
				"west": {"uv": [0, 0, 2.5, 1.25], "texture": "#0"},
				"up": {"uv": [3.5, 8.5, 4.20313, 11.88728], "texture": "#3"},
				"down": {"uv": [3.5, 8.5, 4.20313, 11.88728], "texture": "#3"}
			}
		},
		{
			"from": [8.39547, 6.10195, 6.22968],
			"to": [9.09947, 6.80595, 9.61768],
			"rotation": {"angle": 45, "axis": "z", "origin": [8.72547, 6.43195, 7.83568]},
			"faces": {
				"north": {"uv": [0, 0, 2.5, 1.25], "texture": "#0"},
				"east": {"uv": [3.5, 8.5, 4.20313, 11.88728], "rotation": 90, "texture": "#3"},
				"south": {"uv": [0, 0, 2.5, 1.25], "texture": "#0"},
				"west": {"uv": [3.5, 8.5, 4.20313, 11.88728], "rotation": 90, "texture": "#3"},
				"up": {"uv": [0, 0, 2.5, 1.25], "texture": "#0"},
				"down": {"uv": [3.5, 8.5, 4.20313, 11.88728], "texture": "#3"}
			}
		},
		{
			"from": [7.62547, 5.70595, 6.22968],
			"to": [8.32947, 6.40995, 9.61768],
			"faces": {
				"north": {"uv": [0, 0, 2.5, 1.25], "texture": "#0"},
				"east": {"uv": [3.5, 8.5, 4.20313, 11.88728], "rotation": 90, "texture": "#3"},
				"south": {"uv": [0, 0, 2.5, 1.25], "texture": "#0"},
				"west": {"uv": [3.5, 8.5, 4.20313, 11.88728], "rotation": 90, "texture": "#3"},
				"up": {"uv": [0, 0, 2.5, 1.25], "texture": "#0"},
				"down": {"uv": [3.5, 8.5, 4.20313, 11.88728], "texture": "#3"}
			}
		},
		{
			"from": [6.89947, 7.09195, 6.22968],
			"to": [7.60347, 7.79595, 9.61768],
			"rotation": {"angle": -45, "axis": "z", "origin": [7.22947, 7.42195, 7.83568]},
			"faces": {
				"north": {"uv": [2.5, 0, 0, 1.25], "texture": "#0"},
				"east": {"uv": [2.5, 0, 0, 1.25], "texture": "#0"},
				"south": {"uv": [2.5, 0, 0, 1.25], "texture": "#0"},
				"west": {"uv": [3.5, 8.5, 4.20313, 11.88728], "rotation": 90, "texture": "#3"},
				"up": {"uv": [3.5, 8.5, 4.20313, 11.88728], "texture": "#3"},
				"down": {"uv": [3.5, 8.5, 4.20313, 11.88728], "texture": "#3"}
			}
		},
		{
			"from": [6.89947, 6.10195, 6.22968],
			"to": [7.60347, 6.80595, 9.61768],
			"rotation": {"angle": -45, "axis": "z", "origin": [7.22947, 6.43195, 7.83568]},
			"faces": {
				"north": {"uv": [2.5, 0, 0, 1.25], "texture": "#0"},
				"east": {"uv": [3.5, 8.5, 4.20313, 11.88728], "rotation": 90, "texture": "#3"},
				"south": {"uv": [2.5, 0, 0, 1.25], "texture": "#0"},
				"west": {"uv": [3.5, 8.5, 4.20313, 11.88728], "rotation": 90, "texture": "#3"},
				"up": {"uv": [2.5, 0, 0, 1.25], "texture": "#0"},
				"down": {"uv": [3.5, 8.5, 4.20313, 11.88728], "texture": "#3"}
			}
		},
		{
			"from": [7.71347, 8.08195, 9.63968],
			"to": [8.28547, 8.87395, 9.90368],
			"faces": {
				"north": {"uv": [6, 7, 7.5, 8.25], "texture": "#0"},
				"east": {"uv": [6, 7, 7.5, 8.25], "texture": "#0"},
				"south": {"uv": [6, 7, 7.5, 8.25], "texture": "#0"},
				"west": {"uv": [6, 7, 7.5, 8.25], "texture": "#0"},
				"up": {"uv": [6, 7, 7.5, 8.25], "texture": "#0"},
				"down": {"uv": [6, 7, 7.5, 8.25], "texture": "#0"}
			}
		},
		{
			"from": [7.71347, 8.85195, 9.63968],
			"to": [8.28547, 8.98395, 10.40968],
			"faces": {
				"north": {"uv": [6, 7, 7.5, 8.25], "texture": "#0"},
				"east": {"uv": [6, 7, 7.5, 8.25], "texture": "#0"},
				"south": {"uv": [6, 7, 7.5, 8.25], "texture": "#0"},
				"west": {"uv": [6, 7, 7.5, 8.25], "texture": "#0"},
				"up": {"uv": [6, 7, 7.5, 8.25], "texture": "#0"},
				"down": {"uv": [6, 7, 7.5, 8.25], "texture": "#0"}
			}
		},
		{
			"from": [7.88947, 6.1077, 3.80968],
			"to": [8.24147, 7.3827, 4.16168],
			"rotation": {"angle": 45, "axis": "y", "origin": [8.06547, 6.83895, 4.08468]},
			"faces": {
				"north": {"uv": [1.75, 0.5, 2.10156, 1.77456], "texture": "#3"},
				"east": {"uv": [1.75, 0.5, 2.10156, 1.77456], "texture": "#3"},
				"south": {"uv": [1.75, 0.5, 2.10156, 1.77456], "texture": "#3"},
				"west": {"uv": [1.75, 0.5, 2.10156, 1.77456], "texture": "#3"},
				"up": {"uv": [6, 7, 7.5, 8.25], "texture": "#0"},
				"down": {"uv": [6, 7, 7.5, 8.25], "texture": "#0"}
			}
		},
		{
			"from": [7.86747, 7.55395, 15.55768],
			"to": [8.13147, 8.71995, 15.64568],
			"faces": {
				"north": {"uv": [0, 0, 2.5, 1.25], "texture": "#0"},
				"east": {"uv": [0, 0, 2.5, 1.25], "texture": "#0"},
				"south": {"uv": [0, 0, 2.5, 1.25], "texture": "#0"},
				"west": {"uv": [0, 0, 2.5, 1.25], "texture": "#0"},
				"up": {"uv": [0, 0, 2.5, 1.25], "texture": "#0"},
				"down": {"uv": [0, 0, 2.5, 1.25], "texture": "#0"}
			}
		},
		{
			"from": [7.71347, 8.18083, 2.22568],
			"to": [7.75747, 8.66833, 2.44568],
			"faces": {
				"north": {"uv": [11.5, 0.25, 11.54353, 0.73661], "texture": "#3"},
				"east": {"uv": [11.5, 0.25, 11.54353, 0.73661], "texture": "#3"},
				"south": {"uv": [11.5, 0.25, 11.54353, 0.73661], "texture": "#3"},
				"west": {"uv": [11.5, 0.25, 11.54353, 0.73661], "texture": "#3"},
				"up": {"uv": [11.5, 0.25, 11.54353, 0.73661], "texture": "#3"},
				"down": {"uv": [11.5, 0.25, 11.54353, 0.73661], "texture": "#3"}
			}
		},
		{
			"from": [7.88947, 8.66833, 2.24768],
			"to": [8.10947, 9.54833, 2.40168],
			"faces": {
				"north": {"uv": [11.5, 0.25, 11.54353, 0.73661], "texture": "#3"},
				"east": {"uv": [11.5, 0.25, 11.54353, 0.73661], "texture": "#3"},
				"south": {"uv": [11.5, 0.25, 11.54353, 0.73661], "texture": "#3"},
				"west": {"uv": [11.5, 0.25, 11.54353, 0.73661], "texture": "#3"},
				"up": {"uv": [11.5, 0.25, 11.54353, 0.73661], "texture": "#3"},
				"down": {"uv": [11.5, 0.25, 11.54353, 0.73661], "texture": "#3"}
			}
		},
		{
			"from": [8.24147, 8.24333, 2.22568],
			"to": [8.28547, 8.66833, 2.44568],
			"faces": {
				"north": {"uv": [11.5, 0.25, 11.54353, 0.73661], "texture": "#3"},
				"east": {"uv": [11.5, 0.25, 11.54353, 0.73661], "texture": "#3"},
				"south": {"uv": [11.5, 0.25, 11.54353, 0.73661], "texture": "#3"},
				"west": {"uv": [11.5, 0.25, 11.54353, 0.73661], "texture": "#3"},
				"up": {"uv": [11.5, 0.25, 11.54353, 0.73661], "texture": "#3"},
				"down": {"uv": [11.5, 0.25, 11.54353, 0.73661], "texture": "#3"}
			}
		},
		{
			"from": [7.75747, 8.51433, 2.22568],
			"to": [8.24147, 8.66833, 2.44568],
			"faces": {
				"north": {"uv": [11.5, 0.25, 11.54353, 0.73661], "texture": "#3"},
				"east": {"uv": [11.5, 0.25, 11.54353, 0.73661], "texture": "#3"},
				"south": {"uv": [11.5, 0.25, 11.54353, 0.73661], "texture": "#3"},
				"west": {"uv": [11.5, 0.25, 11.54353, 0.73661], "texture": "#3"},
				"up": {"uv": [11.5, 0.25, 11.54353, 0.73661], "texture": "#3"},
				"down": {"uv": [11.5, 0.25, 11.54353, 0.73661], "texture": "#3"}
			}
		},
		{
			"from": [7.84547, 9.39433, 2.26968],
			"to": [8.15347, 9.52633, 2.37968],
			"faces": {
				"north": {"uv": [11.5, 0.25, 11.54353, 0.73661], "texture": "#3"},
				"east": {"uv": [11.5, 0.25, 11.54353, 0.73661], "texture": "#3"},
				"south": {"uv": [11.5, 0.25, 11.54353, 0.73661], "texture": "#3"},
				"west": {"uv": [11.5, 0.25, 11.54353, 0.73661], "texture": "#3"},
				"up": {"uv": [11.5, 0.25, 11.54353, 0.73661], "texture": "#3"},
				"down": {"uv": [11.5, 0.25, 11.54353, 0.73661], "texture": "#3"}
			}
		},
		{
			"from": [7.97747, 9.54833, 2.29168],
			"to": [8.02147, 9.63633, 2.35768],
			"faces": {
				"north": {"uv": [11.5, 0.25, 11.54353, 0.73661], "texture": "#3"},
				"east": {"uv": [11.5, 0.25, 11.54353, 0.73661], "texture": "#3"},
				"south": {"uv": [11.5, 0.25, 11.54353, 0.73661], "texture": "#3"},
				"west": {"uv": [11.5, 0.25, 11.54353, 0.73661], "texture": "#3"},
				"up": {"uv": [11.5, 0.25, 11.54353, 0.73661], "texture": "#3"},
				"down": {"uv": [11.5, 0.25, 11.54353, 0.73661], "texture": "#3"}
			}
		},
		{
			"from": [7.98847, 9.63633, 2.31368],
			"to": [8.01047, 9.72433, 2.33568],
			"faces": {
				"north": {"uv": [11.5, 0.25, 11.54353, 0.73661], "texture": "#3"},
				"east": {"uv": [11.5, 0.25, 11.54353, 0.73661], "texture": "#3"},
				"south": {"uv": [11.5, 0.25, 11.54353, 0.73661], "texture": "#3"},
				"west": {"uv": [11.5, 0.25, 11.54353, 0.73661], "texture": "#3"},
				"up": {"uv": [11.5, 0.25, 11.54353, 0.73661], "texture": "#3"},
				"down": {"uv": [11.5, 0.25, 11.54353, 0.73661], "texture": "#3"}
			}
		},
		{
			"from": [7.88947, 9.54833, 2.24768],
			"to": [7.93347, 9.72433, 2.40168],
			"faces": {
				"north": {"uv": [11.5, 0.25, 11.54353, 0.73661], "texture": "#3"},
				"east": {"uv": [11.5, 0.25, 11.54353, 0.73661], "texture": "#3"},
				"south": {"uv": [11.5, 0.25, 11.54353, 0.73661], "texture": "#3"},
				"west": {"uv": [11.5, 0.25, 11.54353, 0.73661], "texture": "#3"},
				"up": {"uv": [11.5, 0.25, 11.54353, 0.73661], "texture": "#3"},
				"down": {"uv": [11.5, 0.25, 11.54353, 0.73661], "texture": "#3"}
			}
		},
		{
			"from": [8.06547, 9.54833, 2.24768],
			"to": [8.10947, 9.72433, 2.40168],
			"faces": {
				"north": {"uv": [11.5, 0.25, 11.54353, 0.73661], "texture": "#3"},
				"east": {"uv": [11.5, 0.25, 11.54353, 0.73661], "texture": "#3"},
				"south": {"uv": [11.5, 0.25, 11.54353, 0.73661], "texture": "#3"},
				"west": {"uv": [11.5, 0.25, 11.54353, 0.73661], "texture": "#3"},
				"up": {"uv": [11.5, 0.25, 11.54353, 0.73661], "texture": "#3"},
				"down": {"uv": [11.5, 0.25, 11.54353, 0.73661], "texture": "#3"}
			}
		},
		{
			"from": [8.04347, 9.72433, 2.24768],
			"to": [8.10947, 9.76833, 2.40168],
			"rotation": {"angle": -22.5, "axis": "z", "origin": [8.06547, 9.74633, 2.32468]},
			"faces": {
				"north": {"uv": [11.5, 0.25, 11.54353, 0.73661], "texture": "#3"},
				"east": {"uv": [11.5, 0.25, 11.54353, 0.73661], "texture": "#3"},
				"south": {"uv": [11.5, 0.25, 11.54353, 0.73661], "texture": "#3"},
				"west": {"uv": [11.5, 0.25, 11.54353, 0.73661], "texture": "#3"},
				"up": {"uv": [11.5, 0.25, 11.54353, 0.73661], "texture": "#3"},
				"down": {"uv": [11.5, 0.25, 11.54353, 0.73661], "texture": "#3"}
			}
		},
		{
			"from": [7.88947, 9.72433, 2.24768],
			"to": [7.95547, 9.76833, 2.40168],
			"rotation": {"angle": 22.5, "axis": "z", "origin": [7.91147, 9.74633, 2.32468]},
			"faces": {
				"north": {"uv": [11.5, 0.25, 11.54353, 0.73661], "texture": "#3"},
				"east": {"uv": [11.5, 0.25, 11.54353, 0.73661], "texture": "#3"},
				"south": {"uv": [11.5, 0.25, 11.54353, 0.73661], "texture": "#3"},
				"west": {"uv": [11.5, 0.25, 11.54353, 0.73661], "texture": "#3"},
				"up": {"uv": [11.5, 0.25, 11.54353, 0.73661], "texture": "#3"},
				"down": {"uv": [11.5, 0.25, 11.54353, 0.73661], "texture": "#3"}
			}
		},
		{
			"from": [8.25997, 5.61045, 5.81168],
			"to": [8.69997, 6.05045, 9.92568],
			"rotation": {"angle": -45, "axis": "z", "origin": [9.62747, 6.99295, 5.86668]},
			"faces": {
				"north": {"uv": [0, 0, 2.5, 1.25], "texture": "#0"},
				"east": {"uv": [0, 0, 2.5, 1.25], "texture": "#0"},
				"south": {"uv": [0, 0, 2.5, 1.25], "texture": "#0"},
				"west": {"uv": [0, 0, 2.5, 1.25], "texture": "#0"},
				"up": {"uv": [0, 0, 2.5, 1.25], "texture": "#0"},
				"down": {"uv": [0, 0, 2.5, 1.25], "texture": "#0"}
			}
		},
		{
			"from": [7.08829, 6.16496, 5.81168],
			"to": [7.17629, 6.78096, 5.92168],
			"rotation": {"angle": -45, "axis": "z", "origin": [7.13229, 6.47296, 5.86668]},
			"faces": {
				"north": {"uv": [0, 0, 2.5, 1.25], "texture": "#0"},
				"east": {"uv": [0, 0, 2.5, 1.25], "texture": "#0"},
				"south": {"uv": [0, 0, 2.5, 1.25], "texture": "#0"},
				"west": {"uv": [0, 0, 2.5, 1.25], "texture": "#0"},
				"up": {"uv": [0, 0, 2.5, 1.25], "texture": "#0"},
				"down": {"uv": [0, 0, 2.5, 1.25], "texture": "#0"}
			}
		},
		{
			"from": [6.82429, 7.44096, 5.81168],
			"to": [7.44029, 7.52896, 5.92168],
			"rotation": {"angle": -45, "axis": "z", "origin": [7.13229, 7.48496, 5.86668]},
			"faces": {
				"north": {"uv": [0, 0, 2.5, 1.25], "rotation": 90, "texture": "#0"},
				"east": {"uv": [0, 0, 2.5, 1.25], "rotation": 270, "texture": "#0"},
				"south": {"uv": [0, 0, 2.5, 1.25], "rotation": 270, "texture": "#0"},
				"west": {"uv": [0, 0, 2.5, 1.25], "rotation": 270, "texture": "#0"},
				"up": {"uv": [0, 0, 2.5, 1.25], "rotation": 270, "texture": "#0"},
				"down": {"uv": [0, 0, 2.5, 1.25], "rotation": 270, "texture": "#0"}
			}
		},
		{
			"from": [8.80429, 7.17696, 5.81168],
			"to": [8.89229, 7.79296, 5.92168],
			"rotation": {"angle": -45, "axis": "z", "origin": [8.84829, 7.48496, 5.86668]},
			"faces": {
				"north": {"uv": [0, 0, 2.5, 1.25], "rotation": 180, "texture": "#0"},
				"east": {"uv": [0, 0, 2.5, 1.25], "rotation": 180, "texture": "#0"},
				"south": {"uv": [0, 0, 2.5, 1.25], "rotation": 180, "texture": "#0"},
				"west": {"uv": [0, 0, 2.5, 1.25], "rotation": 180, "texture": "#0"},
				"up": {"uv": [0, 0, 2.5, 1.25], "rotation": 180, "texture": "#0"},
				"down": {"uv": [0, 0, 2.5, 1.25], "rotation": 180, "texture": "#0"}
			}
		},
		{
			"from": [8.80429, 6.16496, 5.81168],
			"to": [8.89229, 6.78096, 5.92168],
			"rotation": {"angle": 45, "axis": "z", "origin": [8.84829, 6.47296, 5.86668]},
			"faces": {
				"north": {"uv": [0, 0, 2.5, 1.25], "texture": "#0"},
				"east": {"uv": [0, 0, 2.5, 1.25], "texture": "#0"},
				"south": {"uv": [0, 0, 2.5, 1.25], "texture": "#0"},
				"west": {"uv": [0, 0, 2.5, 1.25], "texture": "#0"},
				"up": {"uv": [0, 0, 2.5, 1.25], "texture": "#0"},
				"down": {"uv": [0, 0, 2.5, 1.25], "texture": "#0"}
			}
		},
		{
			"from": [7.96829, 5.28496, 5.81168],
			"to": [8.05629, 5.90096, 5.92168],
			"faces": {
				"north": {"uv": [0, 0, 2.5, 1.25], "texture": "#0"},
				"east": {"uv": [0, 0, 2.5, 1.25], "texture": "#0"},
				"south": {"uv": [0, 0, 2.5, 1.25], "texture": "#0"},
				"west": {"uv": [0, 0, 2.5, 1.25], "texture": "#0"},
				"up": {"uv": [0, 0, 2.5, 1.25], "texture": "#0"},
				"down": {"uv": [0, 0, 2.5, 1.25], "texture": "#0"}
			}
		},
		{
			"from": [7.96829, 5.28496, 9.81568],
			"to": [8.05629, 5.90096, 9.92568],
			"faces": {
				"north": {"uv": [0, 0, 2.5, 1.25], "texture": "#0"},
				"east": {"uv": [0, 0, 2.5, 1.25], "texture": "#0"},
				"south": {"uv": [0, 0, 2.5, 1.25], "texture": "#0"},
				"west": {"uv": [0, 0, 2.5, 1.25], "texture": "#0"},
				"up": {"uv": [0, 0, 2.5, 1.25], "texture": "#0"},
				"down": {"uv": [0, 0, 2.5, 1.25], "texture": "#0"}
			}
		},
		{
			"from": [7.08829, 6.16496, 9.81568],
			"to": [7.17629, 6.78096, 9.92568],
			"rotation": {"angle": -45, "axis": "z", "origin": [7.13229, 6.47296, 9.87068]},
			"faces": {
				"north": {"uv": [0, 0, 2.5, 1.25], "texture": "#0"},
				"east": {"uv": [0, 0, 2.5, 1.25], "texture": "#0"},
				"south": {"uv": [0, 0, 2.5, 1.25], "texture": "#0"},
				"west": {"uv": [0, 0, 2.5, 1.25], "texture": "#0"},
				"up": {"uv": [0, 0, 2.5, 1.25], "texture": "#0"},
				"down": {"uv": [0, 0, 2.5, 1.25], "texture": "#0"}
			}
		},
		{
			"from": [6.82429, 7.44096, 9.81568],
			"to": [7.44029, 7.52896, 9.92568],
			"rotation": {"angle": -45, "axis": "z", "origin": [7.13229, 7.48496, 9.87068]},
			"faces": {
				"north": {"uv": [0, 0, 2.5, 1.25], "rotation": 90, "texture": "#0"},
				"east": {"uv": [0, 0, 2.5, 1.25], "rotation": 270, "texture": "#0"},
				"south": {"uv": [0, 0, 2.5, 1.25], "rotation": 270, "texture": "#0"},
				"west": {"uv": [0, 0, 2.5, 1.25], "rotation": 270, "texture": "#0"},
				"up": {"uv": [0, 0, 2.5, 1.25], "rotation": 270, "texture": "#0"},
				"down": {"uv": [0, 0, 2.5, 1.25], "rotation": 270, "texture": "#0"}
			}
		},
		{
			"from": [8.80429, 7.17696, 9.81568],
			"to": [8.89229, 7.79296, 9.92568],
			"rotation": {"angle": -45, "axis": "z", "origin": [8.84829, 7.48496, 9.87068]},
			"faces": {
				"north": {"uv": [0, 0, 2.5, 1.25], "rotation": 180, "texture": "#0"},
				"east": {"uv": [0, 0, 2.5, 1.25], "rotation": 180, "texture": "#0"},
				"south": {"uv": [0, 0, 2.5, 1.25], "rotation": 180, "texture": "#0"},
				"west": {"uv": [0, 0, 2.5, 1.25], "rotation": 180, "texture": "#0"},
				"up": {"uv": [0, 0, 2.5, 1.25], "rotation": 180, "texture": "#0"},
				"down": {"uv": [0, 0, 2.5, 1.25], "rotation": 180, "texture": "#0"}
			}
		},
		{
			"from": [8.80429, 6.16496, 9.81568],
			"to": [8.89229, 6.78096, 9.92568],
			"rotation": {"angle": 45, "axis": "z", "origin": [8.84829, 6.47296, 9.87068]},
			"faces": {
				"north": {"uv": [0, 0, 2.5, 1.25], "texture": "#0"},
				"east": {"uv": [0, 0, 2.5, 1.25], "texture": "#0"},
				"south": {"uv": [0, 0, 2.5, 1.25], "texture": "#0"},
				"west": {"uv": [0, 0, 2.5, 1.25], "texture": "#0"},
				"up": {"uv": [0, 0, 2.5, 1.25], "texture": "#0"},
				"down": {"uv": [0, 0, 2.5, 1.25], "texture": "#0"}
			}
		},
		{
			"from": [7.88029, 5.13321, 5.89968],
			"to": [8.14429, 5.22821, 9.84768],
			"faces": {
				"north": {"uv": [0, 0, 0.264, 0.095], "texture": "#3"},
				"east": {"uv": [0, 0, 3.948, 0.095], "texture": "#3"},
				"south": {"uv": [1.75, 5, 2.01339, 5.09487], "texture": "#3"},
				"west": {"uv": [0, 0, 3.948, 0.095], "texture": "#3"},
				"up": {"uv": [0, 0, 0.264, 3.948], "texture": "#3"},
				"down": {"uv": [0, 0, 0.264, 3.948], "texture": "#3"}
			}
		},
		{
			"from": [7.88067, 7.20195, 3.80968],
			"to": [8.24147, 7.22395, 4.17048],
			"rotation": {"angle": 45, "axis": "y", "origin": [8.05667, 6.79495, 4.08468]},
			"faces": {
				"north": {"uv": [6, 7, 7.5, 8.25], "texture": "#0"},
				"east": {"uv": [6, 7, 7.5, 8.25], "texture": "#0"},
				"south": {"uv": [6, 7, 7.5, 8.25], "texture": "#0"},
				"west": {"uv": [6, 7, 7.5, 8.25], "texture": "#0"},
				"up": {"uv": [6, 7, 7.5, 8.25], "texture": "#0"},
				"down": {"uv": [6, 7, 7.5, 8.25], "texture": "#0"}
			}
		},
		{
			"from": [7.88067, 6.3022, 3.80968],
			"to": [8.24147, 6.3242, 4.17048],
			"rotation": {"angle": 45, "axis": "y", "origin": [8.05667, 5.73895, 4.08468]},
			"faces": {
				"north": {"uv": [6, 7, 7.5, 8.25], "texture": "#0"},
				"east": {"uv": [6, 7, 7.5, 8.25], "texture": "#0"},
				"south": {"uv": [6, 7, 7.5, 8.25], "texture": "#0"},
				"west": {"uv": [6, 7, 7.5, 8.25], "texture": "#0"},
				"up": {"uv": [6, 7, 7.5, 8.25], "texture": "#0"},
				"down": {"uv": [6, 7, 7.5, 8.25], "texture": "#0"}
			}
		},
		{
			"from": [7.88067, 6.4342, 3.80968],
			"to": [8.24147, 6.4562, 4.17048],
			"rotation": {"angle": 45, "axis": "y", "origin": [8.05667, 5.87095, 4.08468]},
			"faces": {
				"north": {"uv": [6, 7, 7.5, 8.25], "texture": "#0"},
				"east": {"uv": [6, 7, 7.5, 8.25], "texture": "#0"},
				"south": {"uv": [6, 7, 7.5, 8.25], "texture": "#0"},
				"west": {"uv": [6, 7, 7.5, 8.25], "texture": "#0"},
				"up": {"uv": [6, 7, 7.5, 8.25], "texture": "#0"},
				"down": {"uv": [6, 7, 7.5, 8.25], "texture": "#0"}
			}
		},
		{
			"from": [7.88067, 6.3902, 3.80968],
			"to": [8.24147, 6.4122, 4.17048],
			"rotation": {"angle": 45, "axis": "y", "origin": [8.05667, 5.82695, 4.08468]},
			"faces": {
				"north": {"uv": [6, 7, 7.5, 8.25], "texture": "#0"},
				"east": {"uv": [6, 7, 7.5, 8.25], "texture": "#0"},
				"south": {"uv": [6, 7, 7.5, 8.25], "texture": "#0"},
				"west": {"uv": [6, 7, 7.5, 8.25], "texture": "#0"},
				"up": {"uv": [6, 7, 7.5, 8.25], "texture": "#0"},
				"down": {"uv": [6, 7, 7.5, 8.25], "texture": "#0"}
			}
		},
		{
			"from": [7.88067, 6.3462, 3.80968],
			"to": [8.24147, 6.3682, 4.17048],
			"rotation": {"angle": 45, "axis": "y", "origin": [8.05667, 5.78295, 4.08468]},
			"faces": {
				"north": {"uv": [6, 7, 7.5, 8.25], "texture": "#0"},
				"east": {"uv": [6, 7, 7.5, 8.25], "texture": "#0"},
				"south": {"uv": [6, 7, 7.5, 8.25], "texture": "#0"},
				"west": {"uv": [6, 7, 7.5, 8.25], "texture": "#0"},
				"up": {"uv": [6, 7, 7.5, 8.25], "texture": "#0"},
				"down": {"uv": [6, 7, 7.5, 8.25], "texture": "#0"}
			}
		},
		{
			"from": [7.82787, 8.65395, 15.88768],
			"to": [8.17107, 8.74195, 15.97568],
			"rotation": {"angle": 22.5, "axis": "x", "origin": [8.00387, 8.69795, 15.93168]},
			"faces": {
				"north": {"uv": [6, 7, 7.5, 8.25], "texture": "#0"},
				"east": {"uv": [6, 7, 7.5, 8.25], "texture": "#0"},
				"south": {"uv": [6, 7, 7.5, 8.25], "texture": "#0"},
				"west": {"uv": [6, 7, 7.5, 8.25], "texture": "#0"},
				"up": {"uv": [6, 7, 7.5, 8.25], "texture": "#0"},
				"down": {"uv": [6, 7, 7.5, 8.25], "texture": "#0"}
			}
		},
		{
			"from": [7.82787, 8.65395, 15.88768],
			"to": [8.17107, 8.74195, 15.97568],
			"rotation": {"angle": 22.5, "axis": "x", "origin": [8.00387, 8.69795, 15.93168]},
			"faces": {
				"north": {"uv": [6, 7, 7.5, 8.25], "texture": "#0"},
				"east": {"uv": [6, 7, 7.5, 8.25], "texture": "#0"},
				"south": {"uv": [6, 7, 7.5, 8.25], "texture": "#0"},
				"west": {"uv": [6, 7, 7.5, 8.25], "texture": "#0"},
				"up": {"uv": [6, 7, 7.5, 8.25], "texture": "#0"},
				"down": {"uv": [6, 7, 7.5, 8.25], "texture": "#0"}
			}
		},
		{
			"from": [7.82787, 8.56595, 15.88768],
			"to": [8.17107, 8.65395, 15.97568],
			"rotation": {"angle": 22.5, "axis": "x", "origin": [8.00387, 8.60995, 15.93168]},
			"faces": {
				"north": {"uv": [6, 7, 7.5, 8.25], "texture": "#0"},
				"east": {"uv": [6, 7, 7.5, 8.25], "texture": "#0"},
				"south": {"uv": [6, 7, 7.5, 8.25], "texture": "#0"},
				"west": {"uv": [6, 7, 7.5, 8.25], "texture": "#0"},
				"up": {"uv": [6, 7, 7.5, 8.25], "texture": "#0"},
				"down": {"uv": [6, 7, 7.5, 8.25], "texture": "#0"}
			}
		},
		{
			"from": [7.82787, 8.47795, 15.88768],
			"to": [8.17107, 8.56595, 15.97568],
			"rotation": {"angle": 22.5, "axis": "x", "origin": [8.00387, 8.52195, 15.93168]},
			"faces": {
				"north": {"uv": [6, 7, 7.5, 8.25], "texture": "#0"},
				"east": {"uv": [6, 7, 7.5, 8.25], "texture": "#0"},
				"south": {"uv": [6, 7, 7.5, 8.25], "texture": "#0"},
				"west": {"uv": [6, 7, 7.5, 8.25], "texture": "#0"},
				"up": {"uv": [6, 7, 7.5, 8.25], "texture": "#0"},
				"down": {"uv": [6, 7, 7.5, 8.25], "texture": "#0"}
			}
		},
		{
			"from": [7.82787, 8.38995, 15.88768],
			"to": [8.17107, 8.47795, 15.97568],
			"rotation": {"angle": 22.5, "axis": "x", "origin": [8.00387, 8.43395, 15.93168]},
			"faces": {
				"north": {"uv": [6, 7, 7.5, 8.25], "texture": "#0"},
				"east": {"uv": [6, 7, 7.5, 8.25], "texture": "#0"},
				"south": {"uv": [6, 7, 7.5, 8.25], "texture": "#0"},
				"west": {"uv": [6, 7, 7.5, 8.25], "texture": "#0"},
				"up": {"uv": [6, 7, 7.5, 8.25], "texture": "#0"},
				"down": {"uv": [6, 7, 7.5, 8.25], "texture": "#0"}
			}
		},
		{
			"from": [7.82787, 8.30195, 15.88768],
			"to": [8.17107, 8.38995, 15.97568],
			"rotation": {"angle": 22.5, "axis": "x", "origin": [8.00387, 8.34595, 15.93168]},
			"faces": {
				"north": {"uv": [6, 7, 7.5, 8.25], "texture": "#0"},
				"east": {"uv": [6, 7, 7.5, 8.25], "texture": "#0"},
				"south": {"uv": [6, 7, 7.5, 8.25], "texture": "#0"},
				"west": {"uv": [6, 7, 7.5, 8.25], "texture": "#0"},
				"up": {"uv": [6, 7, 7.5, 8.25], "texture": "#0"},
				"down": {"uv": [6, 7, 7.5, 8.25], "texture": "#0"}
			}
		},
		{
			"from": [7.82787, 8.21395, 15.88768],
			"to": [8.17107, 8.30195, 15.97568],
			"rotation": {"angle": 22.5, "axis": "x", "origin": [8.00387, 8.25795, 15.93168]},
			"faces": {
				"north": {"uv": [6, 7, 7.5, 8.25], "texture": "#0"},
				"east": {"uv": [6, 7, 7.5, 8.25], "texture": "#0"},
				"south": {"uv": [6, 7, 7.5, 8.25], "texture": "#0"},
				"west": {"uv": [6, 7, 7.5, 8.25], "texture": "#0"},
				"up": {"uv": [6, 7, 7.5, 8.25], "texture": "#0"},
				"down": {"uv": [6, 7, 7.5, 8.25], "texture": "#0"}
			}
		},
		{
			"from": [7.82787, 8.12595, 15.88768],
			"to": [8.17107, 8.21395, 15.97568],
			"rotation": {"angle": 22.5, "axis": "x", "origin": [8.00387, 8.16995, 15.93168]},
			"faces": {
				"north": {"uv": [6, 7, 7.5, 8.25], "texture": "#0"},
				"east": {"uv": [6, 7, 7.5, 8.25], "texture": "#0"},
				"south": {"uv": [6, 7, 7.5, 8.25], "texture": "#0"},
				"west": {"uv": [6, 7, 7.5, 8.25], "texture": "#0"},
				"up": {"uv": [6, 7, 7.5, 8.25], "texture": "#0"},
				"down": {"uv": [6, 7, 7.5, 8.25], "texture": "#0"}
			}
		},
		{
			"from": [7.82787, 8.03795, 15.88768],
			"to": [8.17107, 8.12595, 15.97568],
			"rotation": {"angle": 22.5, "axis": "x", "origin": [8.00387, 8.08195, 15.93168]},
			"faces": {
				"north": {"uv": [6, 7, 7.5, 8.25], "texture": "#0"},
				"east": {"uv": [6, 7, 7.5, 8.25], "texture": "#0"},
				"south": {"uv": [6, 7, 7.5, 8.25], "texture": "#0"},
				"west": {"uv": [6, 7, 7.5, 8.25], "texture": "#0"},
				"up": {"uv": [6, 7, 7.5, 8.25], "texture": "#0"},
				"down": {"uv": [6, 7, 7.5, 8.25], "texture": "#0"}
			}
		},
		{
			"from": [7.82787, 7.94995, 15.88768],
			"to": [8.17107, 8.03795, 15.97568],
			"rotation": {"angle": 22.5, "axis": "x", "origin": [8.00387, 7.99395, 15.93168]},
			"faces": {
				"north": {"uv": [6, 7, 7.5, 8.25], "texture": "#0"},
				"east": {"uv": [6, 7, 7.5, 8.25], "texture": "#0"},
				"south": {"uv": [6, 7, 7.5, 8.25], "texture": "#0"},
				"west": {"uv": [6, 7, 7.5, 8.25], "texture": "#0"},
				"up": {"uv": [6, 7, 7.5, 8.25], "texture": "#0"},
				"down": {"uv": [6, 7, 7.5, 8.25], "texture": "#0"}
			}
		},
		{
			"from": [7.82787, 7.86195, 15.88768],
			"to": [8.17107, 7.94995, 15.97568],
			"rotation": {"angle": 22.5, "axis": "x", "origin": [8.00387, 7.90595, 15.93168]},
			"faces": {
				"north": {"uv": [6, 7, 7.5, 8.25], "texture": "#0"},
				"east": {"uv": [6, 7, 7.5, 8.25], "texture": "#0"},
				"south": {"uv": [6, 7, 7.5, 8.25], "texture": "#0"},
				"west": {"uv": [6, 7, 7.5, 8.25], "texture": "#0"},
				"up": {"uv": [6, 7, 7.5, 8.25], "texture": "#0"},
				"down": {"uv": [6, 7, 7.5, 8.25], "texture": "#0"}
			}
		},
		{
			"from": [7.82787, 7.77395, 15.88768],
			"to": [8.17107, 7.86195, 15.97568],
			"rotation": {"angle": 22.5, "axis": "x", "origin": [8.00387, 7.81795, 15.93168]},
			"faces": {
				"north": {"uv": [6, 7, 7.5, 8.25], "texture": "#0"},
				"east": {"uv": [6, 7, 7.5, 8.25], "texture": "#0"},
				"south": {"uv": [6, 7, 7.5, 8.25], "texture": "#0"},
				"west": {"uv": [6, 7, 7.5, 8.25], "texture": "#0"},
				"up": {"uv": [6, 7, 7.5, 8.25], "texture": "#0"},
				"down": {"uv": [6, 7, 7.5, 8.25], "texture": "#0"}
			}
		},
		{
			"from": [7.82787, 7.68595, 15.88768],
			"to": [8.17107, 7.77395, 15.97568],
			"rotation": {"angle": 22.5, "axis": "x", "origin": [8.00387, 7.72995, 15.93168]},
			"faces": {
				"north": {"uv": [6, 7, 7.5, 8.25], "texture": "#0"},
				"east": {"uv": [6, 7, 7.5, 8.25], "texture": "#0"},
				"south": {"uv": [6, 7, 7.5, 8.25], "texture": "#0"},
				"west": {"uv": [6, 7, 7.5, 8.25], "texture": "#0"},
				"up": {"uv": [6, 7, 7.5, 8.25], "texture": "#0"},
				"down": {"uv": [6, 7, 7.5, 8.25], "texture": "#0"}
			}
		},
		{
			"from": [7.82787, 7.59795, 15.88768],
			"to": [8.17107, 7.68595, 15.97568],
			"rotation": {"angle": 22.5, "axis": "x", "origin": [8.00387, 7.64195, 15.93168]},
			"faces": {
				"north": {"uv": [6, 7, 7.5, 8.25], "texture": "#0"},
				"east": {"uv": [6, 7, 7.5, 8.25], "texture": "#0"},
				"south": {"uv": [6, 7, 7.5, 8.25], "texture": "#0"},
				"west": {"uv": [6, 7, 7.5, 8.25], "texture": "#0"},
				"up": {"uv": [6, 7, 7.5, 8.25], "texture": "#0"},
				"down": {"uv": [6, 7, 7.5, 8.25], "texture": "#0"}
			}
		},
		{
			"from": [7.82787, 7.50995, 15.88768],
			"to": [8.17107, 7.59795, 15.97568],
			"rotation": {"angle": 22.5, "axis": "x", "origin": [8.00387, 7.55395, 15.93168]},
			"faces": {
				"north": {"uv": [6, 7, 7.5, 8.25], "texture": "#0"},
				"east": {"uv": [6, 7, 7.5, 8.25], "texture": "#0"},
				"south": {"uv": [6, 7, 7.5, 8.25], "texture": "#0"},
				"west": {"uv": [6, 7, 7.5, 8.25], "texture": "#0"},
				"up": {"uv": [6, 7, 7.5, 8.25], "texture": "#0"},
				"down": {"uv": [6, 7, 7.5, 8.25], "texture": "#0"}
			}
		},
		{
			"from": [7.82787, 7.42195, 15.88768],
			"to": [8.17107, 7.50995, 15.97568],
			"rotation": {"angle": 22.5, "axis": "x", "origin": [8.00387, 7.46595, 15.93168]},
			"faces": {
				"north": {"uv": [6, 7, 7.5, 8.25], "texture": "#0"},
				"east": {"uv": [6, 7, 7.5, 8.25], "texture": "#0"},
				"south": {"uv": [6, 7, 7.5, 8.25], "texture": "#0"},
				"west": {"uv": [6, 7, 7.5, 8.25], "texture": "#0"},
				"up": {"uv": [6, 7, 7.5, 8.25], "texture": "#0"},
				"down": {"uv": [6, 7, 7.5, 8.25], "texture": "#0"}
			}
		},
		{
			"from": [7.82787, 7.37795, 15.88768],
			"to": [8.17107, 7.42195, 15.97568],
			"rotation": {"angle": 22.5, "axis": "x", "origin": [8.00387, 7.37795, 15.93168]},
			"faces": {
				"north": {"uv": [6, 7, 7.5, 8.25], "texture": "#0"},
				"east": {"uv": [6, 7, 7.5, 8.25], "texture": "#0"},
				"south": {"uv": [6, 7, 7.5, 8.25], "texture": "#0"},
				"west": {"uv": [6, 7, 7.5, 8.25], "texture": "#0"},
				"up": {"uv": [6, 7, 7.5, 8.25], "texture": "#0"},
				"down": {"uv": [6, 7, 7.5, 8.25], "texture": "#0"}
			}
		},
		{
			"from": [7.66947, 8.08195, 11.15768],
			"to": [8.32947, 8.87395, 11.37768],
			"faces": {
				"north": {"uv": [6, 7, 7.5, 8.25], "texture": "#0"},
				"east": {"uv": [6, 7, 7.5, 8.25], "texture": "#0"},
				"south": {"uv": [6, 7, 7.5, 8.25], "texture": "#0"},
				"west": {"uv": [6, 7, 7.5, 8.25], "texture": "#0"},
				"up": {"uv": [6, 7, 7.5, 8.25], "texture": "#0"},
				"down": {"uv": [6, 7, 7.5, 8.25], "texture": "#0"}
			}
		},
		{
			"from": [7.62547, 8.43395, 11.33368],
			"to": [8.37347, 8.65395, 11.55368],
			"rotation": {"angle": -45, "axis": "x", "origin": [7.99947, 8.54395, 11.44368]},
			"faces": {
				"north": {"uv": [6, 7, 7.5, 8.25], "texture": "#2"},
				"east": {"uv": [6, 7, 7.5, 8.25], "texture": "#2"},
				"south": {"uv": [6, 7, 7.5, 8.25], "texture": "#2"},
				"west": {"uv": [6, 7, 7.5, 8.25], "texture": "#2"},
				"up": {"uv": [6, 7, 7.5, 8.25], "texture": "#2"},
				"down": {"uv": [6, 7, 7.5, 8.25], "texture": "#2"}
			}
		},
		{
			"from": [7.49347, 8.85195, 9.63968],
			"to": [7.71347, 8.98395, 9.88168],
			"faces": {
				"north": {"uv": [6, 7, 7.5, 8.25], "texture": "#0"},
				"east": {"uv": [6, 7, 7.5, 8.25], "texture": "#0"},
				"south": {"uv": [6, 7, 7.5, 8.25], "texture": "#0"},
				"west": {"uv": [6, 7, 7.5, 8.25], "texture": "#0"},
				"up": {"uv": [6, 7, 7.5, 8.25], "texture": "#0"},
				"down": {"uv": [6, 7, 7.5, 8.25], "texture": "#0"}
			}
		},
		{
			"from": [7.53747, 8.23595, 9.72768],
			"to": [7.62547, 8.85195, 9.79368],
			"faces": {
				"north": {"uv": [6, 7, 7.5, 8.25], "texture": "#0"},
				"east": {"uv": [6, 7, 7.5, 8.25], "texture": "#0"},
				"south": {"uv": [6, 7, 7.5, 8.25], "texture": "#0"},
				"west": {"uv": [6, 7, 7.5, 8.25], "texture": "#0"},
				"up": {"uv": [6, 7, 7.5, 8.25], "texture": "#0"},
				"down": {"uv": [6, 7, 7.5, 8.25], "texture": "#0"}
			}
		},
		{
			"from": [7.66947, 8.30195, 6.14168],
			"to": [8.32947, 8.87395, 6.36168],
			"faces": {
				"north": {"uv": [6, 7, 7.5, 8.25], "texture": "#0"},
				"east": {"uv": [6, 7, 7.5, 8.25], "texture": "#0"},
				"south": {"uv": [6, 7, 7.5, 8.25], "texture": "#0"},
				"west": {"uv": [6, 7, 7.5, 8.25], "texture": "#0"},
				"up": {"uv": [6, 7, 7.5, 8.25], "texture": "#0"},
				"down": {"uv": [6, 7, 7.5, 8.25], "texture": "#0"}
			}
		},
		{
			"from": [7.60347, 7.50995, 6.14168],
			"to": [8.35147, 8.25795, 6.61168],
			"faces": {
				"north": {"uv": [0, 0, 0.748, 0.748], "texture": "#3"},
				"east": {"uv": [0, 0, 0.748, 0.748], "texture": "#3"},
				"south": {"uv": [0, 0, 0.748, 0.748], "texture": "#3"},
				"west": {"uv": [0, 0, 0.748, 0.748], "texture": "#3"},
				"up": {"uv": [0, 0, 0.748, 0.748], "texture": "#3"},
				"down": {"uv": [0, 0, 0.748, 0.748], "texture": "#3"}
			}
		},
		{
			"from": [6.87747, 7.08755, 6.14168],
			"to": [7.62547, 7.83555, 6.61168],
			"rotation": {"angle": -45, "axis": "z", "origin": [7.20747, 7.41755, 7.83568]},
			"faces": {
				"north": {"uv": [0, 0, 0.748, 0.748], "texture": "#3"},
				"east": {"uv": [0, 0, 0.748, 0.748], "texture": "#3"},
				"south": {"uv": [0, 0, 0.748, 0.748], "texture": "#3"},
				"west": {"uv": [0, 0, 0.748, 0.748], "texture": "#3"},
				"up": {"uv": [0, 0, 0.748, 0.748], "texture": "#3"},
				"down": {"uv": [0, 0, 0.748, 0.748], "texture": "#3"}
			}
		},
		{
			"from": [6.85547, 6.10195, 6.14168],
			"to": [7.60347, 6.84995, 6.61168],
			"rotation": {"angle": -45, "axis": "z", "origin": [7.18547, 6.43195, 7.83568]},
			"faces": {
				"north": {"uv": [0, 0, 0.748, 0.748], "texture": "#3"},
				"east": {"uv": [0, 0, 0.748, 0.748], "texture": "#3"},
				"south": {"uv": [0, 0, 0.748, 0.748], "texture": "#3"},
				"west": {"uv": [0, 0, 0.748, 0.748], "texture": "#3"},
				"up": {"uv": [0, 0, 0.748, 0.748], "texture": "#3"},
				"down": {"uv": [0, 0, 0.748, 0.748], "texture": "#3"}
			}
		},
		{
			"from": [7.60347, 5.68395, 6.14168],
			"to": [8.35147, 6.43195, 6.61168],
			"faces": {
				"north": {"uv": [0, 0, 0.748, 0.748], "texture": "#3"},
				"east": {"uv": [0, 0, 0.748, 0.748], "texture": "#3"},
				"south": {"uv": [0, 0, 0.748, 0.748], "texture": "#3"},
				"west": {"uv": [0, 0, 0.748, 0.748], "texture": "#3"},
				"up": {"uv": [0, 0, 0.748, 0.748], "texture": "#3"},
				"down": {"uv": [0, 0, 0.748, 0.748], "texture": "#3"}
			}
		},
		{
			"from": [8.39547, 6.06895, 6.14168],
			"to": [9.14347, 6.81695, 6.61168],
			"rotation": {"angle": 45, "axis": "z", "origin": [8.72547, 6.39895, 7.83568]},
			"faces": {
				"north": {"uv": [0, 0, 0.748, 0.748], "texture": "#3"},
				"east": {"uv": [0, 0, 0.748, 0.748], "texture": "#3"},
				"south": {"uv": [0, 0, 0.748, 0.748], "texture": "#3"},
				"west": {"uv": [0, 0, 0.748, 0.748], "texture": "#3"},
				"up": {"uv": [0, 0, 0.748, 0.748], "texture": "#3"},
				"down": {"uv": [0, 0, 0.748, 0.748], "texture": "#3"}
			}
		},
		{
			"from": [8.39547, 7.06115, 6.14168],
			"to": [9.14347, 7.80915, 6.61168],
			"rotation": {"angle": 45, "axis": "z", "origin": [8.72547, 7.39115, 7.83568]},
			"faces": {
				"north": {"uv": [0, 0, 0.748, 0.748], "texture": "#3"},
				"east": {"uv": [0, 0, 0.748, 0.748], "texture": "#3"},
				"south": {"uv": [0, 0, 0.748, 0.748], "texture": "#3"},
				"west": {"uv": [0, 0, 0.748, 0.748], "texture": "#3"},
				"up": {"uv": [0, 0, 0.748, 0.748], "texture": "#3"},
				"down": {"uv": [0, 0, 0.748, 0.748], "texture": "#3"}
			}
		},
		{
			"from": [7.00947, 6.10195, 6.09768],
			"to": [7.53747, 6.62995, 6.14168],
			"rotation": {"angle": -45, "axis": "z", "origin": [7.33947, 6.43195, 7.79168]},
			"faces": {
				"north": {"uv": [2.5, 0, 0, 1.25], "texture": "#1"},
				"east": {"uv": [2.5, 0, 0, 1.25], "texture": "#0"},
				"south": {"uv": [2.5, 0, 0, 1.25], "texture": "#0"},
				"west": {"uv": [2.5, 0, 0, 1.25], "texture": "#0"},
				"up": {"uv": [2.5, 0, 0, 1.25], "texture": "#0"},
				"down": {"uv": [2.5, 0, 0, 1.25], "texture": "#0"}
			}
		},
		{
			"from": [7.71347, 5.79395, 6.09768],
			"to": [8.24147, 6.32195, 6.14168],
			"faces": {
				"north": {"uv": [0, 0, 2.5, 1.25], "texture": "#1"},
				"east": {"uv": [0, 0, 2.5, 1.25], "texture": "#0"},
				"south": {"uv": [0, 0, 2.5, 1.25], "texture": "#0"},
				"west": {"uv": [0, 0, 2.5, 1.25], "texture": "#0"},
				"up": {"uv": [0, 0, 2.5, 1.25], "texture": "#0"},
				"down": {"uv": [0, 0, 2.5, 1.25], "texture": "#0"}
			}
		},
		{
			"from": [7.00947, 7.08755, 6.09768],
			"to": [7.53747, 7.61555, 6.14168],
			"rotation": {"angle": -45, "axis": "z", "origin": [7.33947, 7.41755, 7.79168]},
			"faces": {
				"north": {"uv": [2.5, 0, 0, 1.25], "texture": "#1"},
				"east": {"uv": [2.5, 0, 0, 1.25], "texture": "#0"},
				"south": {"uv": [2.5, 0, 0, 1.25], "texture": "#0"},
				"west": {"uv": [2.5, 0, 0, 1.25], "texture": "#0"},
				"up": {"uv": [2.5, 0, 0, 1.25], "texture": "#0"},
				"down": {"uv": [2.5, 0, 0, 1.25], "texture": "#0"}
			}
		},
		{
			"from": [7.71347, 7.61995, 6.09768],
			"to": [8.24147, 8.14795, 6.14168],
			"faces": {
				"north": {"uv": [0, 0, 2.5, 1.25], "texture": "#1"},
				"east": {"uv": [0, 0, 2.5, 1.25], "texture": "#0"},
				"south": {"uv": [0, 0, 2.5, 1.25], "texture": "#0"},
				"west": {"uv": [0, 0, 2.5, 1.25], "texture": "#0"},
				"up": {"uv": [0, 0, 2.5, 1.25], "texture": "#0"},
				"down": {"uv": [0, 0, 2.5, 1.25], "texture": "#0"}
			}
		},
		{
			"from": [8.39547, 7.19315, 6.09768],
			"to": [8.92347, 7.72115, 6.14168],
			"rotation": {"angle": 45, "axis": "z", "origin": [8.72547, 7.52315, 7.79168]},
			"faces": {
				"north": {"uv": [0, 0, 2.5, 1.25], "texture": "#1"},
				"east": {"uv": [0, 0, 2.5, 1.25], "texture": "#0"},
				"south": {"uv": [0, 0, 2.5, 1.25], "texture": "#0"},
				"west": {"uv": [0, 0, 2.5, 1.25], "texture": "#0"},
				"up": {"uv": [0, 0, 2.5, 1.25], "texture": "#0"},
				"down": {"uv": [0, 0, 2.5, 1.25], "texture": "#0"}
			}
		},
		{
			"from": [8.39547, 6.20095, 6.09768],
			"to": [8.92347, 6.72895, 6.14168],
			"rotation": {"angle": 45, "axis": "z", "origin": [8.72547, 6.53095, 7.79168]},
			"faces": {
				"north": {"uv": [0, 0, 2.5, 1.25], "texture": "#1"},
				"east": {"uv": [0, 0, 2.5, 1.25], "texture": "#0"},
				"south": {"uv": [0, 0, 2.5, 1.25], "texture": "#0"},
				"west": {"uv": [0, 0, 2.5, 1.25], "texture": "#0"},
				"up": {"uv": [0, 0, 2.5, 1.25], "texture": "#0"},
				"down": {"uv": [0, 0, 2.5, 1.25], "texture": "#0"}
			}
		},
		{
			"from": [7.84547, 7.64195, 9.79368],
			"to": [8.15347, 7.77395, 10.62968],
			"faces": {
				"north": {"uv": [6, 0, 6.5, 1.2], "rotation": 270, "texture": "#0"},
				"east": {"uv": [6, 0, 6.5, 1.2], "rotation": 270, "texture": "#0"},
				"south": {"uv": [6, 0, 6.5, 1.2], "rotation": 270, "texture": "#0"},
				"west": {"uv": [6, 0, 6.5, 1.2], "rotation": 270, "texture": "#0"},
				"up": {"uv": [6, 0, 6.5, 1.2], "rotation": 270, "texture": "#0"},
				"down": {"uv": [6, 0, 6.5, 1.2], "rotation": 270, "texture": "#0"}
			}
		},
		{
			"from": [7.93347, 6.93795, 9.79368],
			"to": [8.06547, 7.06995, 10.05768],
			"faces": {
				"north": {"uv": [6, 0, 6.5, 1.2], "rotation": 270, "texture": "#0"},
				"east": {"uv": [6, 0, 6.5, 1.2], "rotation": 270, "texture": "#0"},
				"south": {"uv": [6, 0, 6.5, 1.2], "rotation": 270, "texture": "#0"},
				"west": {"uv": [6, 0, 6.5, 1.2], "rotation": 270, "texture": "#0"},
				"up": {"uv": [6, 0, 6.5, 1.2], "rotation": 270, "texture": "#0"},
				"down": {"uv": [6, 0, 6.5, 1.2], "rotation": 270, "texture": "#0"}
			}
		},
		{
			"from": [7.88947, 6.89395, 10.05768],
			"to": [8.15347, 7.11395, 10.14568],
			"faces": {
				"north": {"uv": [6, 0, 6.5, 1.2], "rotation": 270, "texture": "#0"},
				"east": {"uv": [6, 0, 6.5, 1.2], "rotation": 270, "texture": "#0"},
				"south": {"uv": [6, 0, 6.5, 1.2], "rotation": 270, "texture": "#0"},
				"west": {"uv": [6, 0, 6.5, 1.2], "rotation": 270, "texture": "#0"},
				"up": {"uv": [6, 0, 6.5, 1.2], "rotation": 270, "texture": "#0"},
				"down": {"uv": [6, 0, 6.5, 1.2], "rotation": 270, "texture": "#0"}
			}
		},
		{
			"from": [7.88947, 6.89395, 10.01368],
			"to": [8.15347, 7.13595, 10.01808],
			"faces": {
				"north": {"uv": [6, 0, 6.5, 1.2], "rotation": 270, "texture": "#0"},
				"east": {"uv": [6, 0, 6.5, 1.2], "rotation": 270, "texture": "#0"},
				"south": {"uv": [6, 0, 6.5, 1.2], "rotation": 270, "texture": "#0"},
				"west": {"uv": [6, 0, 6.5, 1.2], "rotation": 270, "texture": "#0"},
				"up": {"uv": [6, 0, 6.5, 1.2], "rotation": 270, "texture": "#0"},
				"down": {"uv": [6, 0, 6.5, 1.2], "rotation": 270, "texture": "#0"}
			}
		},
		{
			"from": [7.88947, 7.13595, 10.01368],
			"to": [8.15347, 7.14035, 10.41408],
			"faces": {
				"north": {"uv": [6, 0, 6.5, 1.2], "rotation": 270, "texture": "#0"},
				"east": {"uv": [6, 0, 6.5, 1.2], "rotation": 270, "texture": "#0"},
				"south": {"uv": [6, 0, 6.5, 1.2], "rotation": 270, "texture": "#0"},
				"west": {"uv": [6, 0, 6.5, 1.2], "rotation": 270, "texture": "#0"},
				"up": {"uv": [6, 0, 6.5, 1.2], "rotation": 270, "texture": "#0"},
				"down": {"uv": [6, 0, 6.5, 1.2], "rotation": 270, "texture": "#0"}
			}
		},
		{
			"from": [7.88947, 6.98195, 10.40968],
			"to": [8.15347, 7.13595, 10.41408],
			"faces": {
				"north": {"uv": [6, 0, 6.5, 1.2], "rotation": 270, "texture": "#0"},
				"east": {"uv": [6, 0, 6.5, 1.2], "rotation": 270, "texture": "#0"},
				"south": {"uv": [6, 0, 6.5, 1.2], "rotation": 270, "texture": "#0"},
				"west": {"uv": [6, 0, 6.5, 1.2], "rotation": 270, "texture": "#0"},
				"up": {"uv": [6, 0, 6.5, 1.2], "rotation": 270, "texture": "#0"},
				"down": {"uv": [6, 0, 6.5, 1.2], "rotation": 270, "texture": "#0"}
			}
		},
		{
			"from": [7.88947, 6.83675, 10.37888],
			"to": [8.15347, 6.99075, 10.38328],
			"rotation": {"angle": 22.5, "axis": "x", "origin": [8.02147, 6.91375, 10.38108]},
			"faces": {
				"north": {"uv": [6, 0, 6.5, 1.2], "rotation": 270, "texture": "#0"},
				"east": {"uv": [6, 0, 6.5, 1.2], "rotation": 270, "texture": "#0"},
				"south": {"uv": [6, 0, 6.5, 1.2], "rotation": 270, "texture": "#0"},
				"west": {"uv": [6, 0, 6.5, 1.2], "rotation": 270, "texture": "#0"},
				"up": {"uv": [6, 0, 6.5, 1.2], "rotation": 270, "texture": "#0"},
				"down": {"uv": [6, 0, 6.5, 1.2], "rotation": 270, "texture": "#0"}
			}
		},
		{
			"from": [7.81027, 6.34395, 13.62168],
			"to": [8.19747, 8.10395, 13.70968],
			"rotation": {"angle": -22.5, "axis": "x", "origin": [7.99947, 6.56395, 13.48968]},
			"faces": {
				"north": {"uv": [0, 11, 1, 12], "texture": "#0"},
				"east": {"uv": [0, 11, 1, 12], "texture": "#0"},
				"south": {"uv": [0, 11, 1, 12], "texture": "#0"},
				"west": {"uv": [0, 11, 1, 12], "texture": "#0"},
				"up": {"uv": [0, 11, 1, 12], "texture": "#0"},
				"down": {"uv": [0, 11, 1, 12], "texture": "#0"}
			}
		},
		{
			"from": [7.81027, 5.99195, 12.82968],
			"to": [8.19747, 7.79595, 12.91768],
			"rotation": {"angle": -22.5, "axis": "x", "origin": [7.99947, 6.25595, 12.69768]},
			"faces": {
				"north": {"uv": [0, 11, 1, 12], "texture": "#0"},
				"east": {"uv": [0, 11, 1, 12], "texture": "#0"},
				"south": {"uv": [0, 11, 1, 12], "texture": "#0"},
				"west": {"uv": [0, 11, 1, 12], "texture": "#0"},
				"up": {"uv": [0, 11, 1, 12], "texture": "#0"},
				"down": {"uv": [0, 11, 1, 12], "texture": "#0"}
			}
		},
		{
			"from": [6.8125, 5.00176, 5.94368],
			"to": [8.1875, 5.73551, 6.05368],
			"rotation": {"angle": -45, "axis": "z", "origin": [8, 6.22801, 5.99868]},
			"faces": {
				"north": {"uv": [11, 0, 11.75, 0.75], "rotation": 180, "texture": "#3"},
				"east": {"uv": [0, 0, 2.5, 1.25], "rotation": 270, "texture": "#0"},
				"south": {"uv": [11.75, 0, 11, 0.75], "rotation": 180, "texture": "#3"},
				"west": {"uv": [0, 0, 2.5, 1.25], "rotation": 270, "texture": "#0"},
				"up": {"uv": [0, 0, 2.5, 1.25], "rotation": 90, "texture": "#0"},
				"down": {"uv": [11.75, 0, 11, 0.75], "rotation": 180, "texture": "#3"}
			}
		},
		{
			"from": [6.28938, 6.19676, 5.94368],
			"to": [7.07, 7.60301, 6.05368],
			"faces": {
				"north": {"uv": [11, 0, 11.75, 0.75], "rotation": 180, "texture": "#3"},
				"east": {"uv": [0, 0, 2.5, 1.25], "texture": "#0"},
				"south": {"uv": [11.75, 0, 11, 0.75], "rotation": 180, "texture": "#3"},
				"west": {"uv": [11.75, 0, 11, 0.75], "rotation": 180, "texture": "#3"},
				"up": {"uv": [0, 0, 2.5, 1.25], "texture": "#0"},
				"down": {"uv": [0, 0, 2.5, 1.25], "rotation": 180, "texture": "#0"}
			}
		},
		{
			"from": [5.26563, 8.63949, 5.94368],
			"to": [6.6875, 9.45136, 6.05368],
			"rotation": {"angle": 45, "axis": "z", "origin": [8, 9.77199, 5.99868]},
			"faces": {
				"north": {"uv": [11, 0, 11.75, 0.75], "rotation": 180, "texture": "#3"},
				"east": {"uv": [2.5, 0, 0, 1.25], "rotation": 270, "texture": "#0"},
				"south": {"uv": [11.75, 0, 11, 0.75], "rotation": 180, "texture": "#3"},
				"west": {"uv": [2.5, 0, 0, 1.25], "rotation": 270, "texture": "#0"},
				"up": {"uv": [11.75, 0, 11, 0.75], "rotation": 180, "texture": "#3"},
				"down": {"uv": [2.5, 0, 0, 1.25], "rotation": 90, "texture": "#0"}
			}
		},
		{
			"from": [7.29688, 7.90801, 5.94368],
			"to": [8.75, 8.61051, 6.05368],
			"faces": {
				"north": {"uv": [11, 0, 11.75, 0.75], "rotation": 180, "texture": "#3"},
				"east": {"uv": [0, 0, 2.5, 1.25], "rotation": 270, "texture": "#0"},
				"south": {"uv": [11.75, 0, 11, 0.75], "rotation": 180, "texture": "#3"},
				"west": {"uv": [0, 0, 2.5, 1.25], "rotation": 270, "texture": "#0"},
				"up": {"uv": [11.75, 0, 11, 0.75], "rotation": 180, "texture": "#3"},
				"down": {"uv": [0, 0, 2.5, 1.25], "rotation": 270, "texture": "#0"}
			}
		},
		{
			"from": [7.8125, 5.00176, 5.94368],
			"to": [9.1875, 5.73551, 6.05368],
			"rotation": {"angle": 45, "axis": "z", "origin": [8, 6.22801, 5.99868]},
			"faces": {
				"north": {"uv": [11.75, 0, 11, 0.75], "rotation": 180, "texture": "#3"},
				"east": {"uv": [0, 1.25, 2.5, 0], "rotation": 270, "texture": "#0"},
				"south": {"uv": [11.75, 0, 11, 0.75], "rotation": 180, "texture": "#3"},
				"west": {"uv": [0, 1.25, 2.5, 0], "rotation": 270, "texture": "#0"},
				"up": {"uv": [0, 1.25, 2.5, 0], "rotation": 90, "texture": "#0"},
				"down": {"uv": [11.75, 0, 11, 0.75], "rotation": 180, "texture": "#3"}
			}
		},
		{
			"from": [8.93, 6.19676, 5.94368],
			"to": [9.71063, 7.60301, 6.05368],
			"faces": {
				"north": {"uv": [11.75, 0, 11, 0.75], "rotation": 180, "texture": "#3"},
				"east": {"uv": [11.75, 0, 11, 0.75], "rotation": 180, "texture": "#3"},
				"south": {"uv": [11.75, 0, 11, 0.75], "rotation": 180, "texture": "#3"},
				"west": {"uv": [2.5, 0, 0, 1.25], "texture": "#0"},
				"up": {"uv": [2.5, 0, 0, 1.25], "texture": "#0"},
				"down": {"uv": [2.5, 0, 0, 1.25], "rotation": 180, "texture": "#0"}
			}
		},
		{
			"from": [9.3125, 8.63949, 5.94368],
			"to": [10.73438, 9.45136, 6.05368],
			"rotation": {"angle": -45, "axis": "z", "origin": [8, 9.77199, 5.99868]},
			"faces": {
				"north": {"uv": [11.75, 0, 11, 0.75], "rotation": 180, "texture": "#3"},
				"east": {"uv": [2.5, 1.25, 0, 0], "rotation": 270, "texture": "#0"},
				"south": {"uv": [11.75, 0, 11, 0.75], "rotation": 180, "texture": "#3"},
				"west": {"uv": [2.5, 1.25, 0, 0], "rotation": 270, "texture": "#0"},
				"up": {"uv": [11.75, 0, 11, 0.75], "rotation": 180, "texture": "#3"},
				"down": {"uv": [2.5, 1.25, 0, 0], "rotation": 90, "texture": "#0"}
			}
		},
		{
			"from": [7, 5.72051, 5.94368],
			"to": [9, 7.92301, 6.05368],
			"faces": {
				"north": {"uv": [11, 0, 11.75, 0.75], "rotation": 180, "texture": "#3"},
				"east": {"uv": [0, 0, 2.5, 1.25], "rotation": 270, "texture": "#0"},
				"south": {"uv": [11.75, 0, 11, 0.75], "rotation": 180, "texture": "#3"},
				"west": {"uv": [0, 0, 2.5, 1.25], "rotation": 270, "texture": "#0"},
				"up": {"uv": [0, 0, 2.5, 1.25], "rotation": 90, "texture": "#0"},
				"down": {"uv": [0, 0, 2.5, 1.25], "rotation": 270, "texture": "#0"}
			}
		},
		{
			"from": [6.28938, 6.19676, 9.63118],
			"to": [7.07, 7.60301, 9.8193],
			"faces": {
				"north": {"uv": [11, 0, 11.75, 0.75], "rotation": 180, "texture": "#3"},
				"east": {"uv": [0, 0, 2.5, 1.25], "texture": "#0"},
				"south": {"uv": [11.75, 0, 11, 0.75], "rotation": 180, "texture": "#3"},
				"west": {"uv": [11.75, 0, 11, 0.75], "rotation": 180, "texture": "#3"},
				"up": {"uv": [0, 0, 2.5, 1.25], "texture": "#0"},
				"down": {"uv": [0, 0, 2.5, 1.25], "rotation": 180, "texture": "#0"}
			}
		},
		{
			"from": [6.8125, 5.00176, 9.63118],
			"to": [8.1875, 5.73551, 9.8193],
			"rotation": {"angle": -45, "axis": "z", "origin": [8, 6.22801, 9.7643]},
			"faces": {
				"north": {"uv": [11, 0, 11.75, 0.75], "rotation": 180, "texture": "#3"},
				"east": {"uv": [0, 0, 2.5, 1.25], "rotation": 270, "texture": "#0"},
				"south": {"uv": [11.75, 0, 11, 0.75], "rotation": 180, "texture": "#3"},
				"west": {"uv": [0, 0, 2.5, 1.25], "rotation": 270, "texture": "#0"},
				"up": {"uv": [0, 0, 2.5, 1.25], "rotation": 90, "texture": "#0"},
				"down": {"uv": [11.75, 0, 11, 0.75], "rotation": 180, "texture": "#3"}
			}
		},
		{
			"from": [7.25, 5.22051, 9.63118],
			"to": [8.75, 5.92301, 9.8193],
			"faces": {
				"north": {"uv": [11, 0, 11.75, 0.75], "rotation": 180, "texture": "#3"},
				"east": {"uv": [0, 0, 2.5, 1.25], "rotation": 270, "texture": "#0"},
				"south": {"uv": [11.75, 0, 11, 0.75], "rotation": 180, "texture": "#3"},
				"west": {"uv": [0, 0, 2.5, 1.25], "rotation": 270, "texture": "#0"},
				"up": {"uv": [0, 0, 2.5, 1.25], "rotation": 90, "texture": "#0"},
				"down": {"uv": [11.75, 0, 11, 0.75], "rotation": 180, "texture": "#3"}
			}
		},
		{
			"from": [5.26563, 8.63949, 9.63118],
			"to": [6.6875, 9.45136, 9.8193],
			"rotation": {"angle": 45, "axis": "z", "origin": [8, 9.77199, 9.7643]},
			"faces": {
				"north": {"uv": [11, 0, 11.75, 0.75], "rotation": 180, "texture": "#3"},
				"east": {"uv": [2.5, 0, 0, 1.25], "rotation": 270, "texture": "#0"},
				"south": {"uv": [11.75, 0, 11, 0.75], "rotation": 180, "texture": "#3"},
				"west": {"uv": [2.5, 0, 0, 1.25], "rotation": 270, "texture": "#0"},
				"up": {"uv": [11.75, 0, 11, 0.75], "rotation": 180, "texture": "#3"},
				"down": {"uv": [2.5, 0, 0, 1.25], "rotation": 90, "texture": "#0"}
			}
		},
		{
			"from": [7.29688, 7.90801, 9.63118],
			"to": [8.75, 8.61051, 9.8193],
			"faces": {
				"north": {"uv": [11, 0, 11.75, 0.75], "rotation": 180, "texture": "#3"},
				"east": {"uv": [0, 0, 2.5, 1.25], "rotation": 270, "texture": "#0"},
				"south": {"uv": [11.75, 0, 11, 0.75], "rotation": 180, "texture": "#3"},
				"west": {"uv": [0, 0, 2.5, 1.25], "rotation": 270, "texture": "#0"},
				"up": {"uv": [11.75, 0, 11, 0.75], "rotation": 180, "texture": "#3"},
				"down": {"uv": [0, 0, 2.5, 1.25], "rotation": 270, "texture": "#0"}
			}
		},
		{
			"from": [7, 5.72051, 9.63118],
			"to": [9, 7.92301, 9.8193],
			"faces": {
				"north": {"uv": [11, 0, 11.75, 0.75], "rotation": 180, "texture": "#3"},
				"east": {"uv": [0, 0, 2.5, 1.25], "rotation": 270, "texture": "#0"},
				"south": {"uv": [11.75, 0, 11, 0.75], "rotation": 180, "texture": "#3"},
				"west": {"uv": [0, 0, 2.5, 1.25], "rotation": 270, "texture": "#0"},
				"up": {"uv": [0, 0, 2.5, 1.25], "rotation": 90, "texture": "#0"},
				"down": {"uv": [0, 0, 2.5, 1.25], "rotation": 270, "texture": "#0"}
			}
		},
		{
			"from": [7.8125, 5.00176, 9.63118],
			"to": [9.1875, 5.73551, 9.8193],
			"rotation": {"angle": 45, "axis": "z", "origin": [8, 6.22801, 9.7643]},
			"faces": {
				"north": {"uv": [11.75, 0, 11, 0.75], "rotation": 180, "texture": "#3"},
				"east": {"uv": [0, 1.25, 2.5, 0], "rotation": 270, "texture": "#0"},
				"south": {"uv": [11.75, 0, 11, 0.75], "rotation": 180, "texture": "#3"},
				"west": {"uv": [0, 1.25, 2.5, 0], "rotation": 270, "texture": "#0"},
				"up": {"uv": [0, 1.25, 2.5, 0], "rotation": 90, "texture": "#0"},
				"down": {"uv": [11.75, 0, 11, 0.75], "rotation": 180, "texture": "#3"}
			}
		},
		{
			"from": [8.93, 6.19676, 9.63118],
			"to": [9.71063, 7.60301, 9.8193],
			"faces": {
				"north": {"uv": [11.75, 0, 11, 0.75], "rotation": 180, "texture": "#3"},
				"east": {"uv": [11.75, 0, 11, 0.75], "rotation": 180, "texture": "#3"},
				"south": {"uv": [11.75, 0, 11, 0.75], "rotation": 180, "texture": "#3"},
				"west": {"uv": [2.5, 0, 0, 1.25], "texture": "#0"},
				"up": {"uv": [2.5, 0, 0, 1.25], "texture": "#0"},
				"down": {"uv": [2.5, 0, 0, 1.25], "rotation": 180, "texture": "#0"}
			}
		},
		{
			"from": [9.3125, 8.63949, 9.63118],
			"to": [10.73438, 9.45136, 9.8193],
			"rotation": {"angle": -45, "axis": "z", "origin": [8, 9.77199, 9.7643]},
			"faces": {
				"north": {"uv": [11.75, 0, 11, 0.75], "rotation": 180, "texture": "#3"},
				"east": {"uv": [2.5, 1.25, 0, 0], "rotation": 270, "texture": "#0"},
				"south": {"uv": [11.75, 0, 11, 0.75], "rotation": 180, "texture": "#3"},
				"west": {"uv": [2.5, 1.25, 0, 0], "rotation": 270, "texture": "#0"},
				"up": {"uv": [11.75, 0, 11, 0.75], "rotation": 180, "texture": "#3"},
				"down": {"uv": [2.5, 1.25, 0, 0], "rotation": 90, "texture": "#0"}
			}
		},
		{
			"from": [7.6851, 8.30333, 2.20368],
			"to": [8.0951, 8.40083, 5.89968],
			"rotation": {"angle": 45, "axis": "z", "origin": [7.99947, 8.02395, 4.05168]},
			"faces": {
				"north": {"uv": [11, 0, 11.75, 0.75], "texture": "#3"},
				"east": {"uv": [11, 0, 11.75, 0.75], "rotation": 270, "texture": "#3"},
				"south": {"uv": [11, 0, 11.75, 0.75], "rotation": 270, "texture": "#3"},
				"west": {"uv": [11, 0, 11.75, 0.75], "rotation": 270, "texture": "#3"},
				"up": {"uv": [0, 0, 0.41, 3.696], "texture": "#3"},
				"down": {"uv": [11, 0, 11.75, 0.75], "rotation": 270, "texture": "#3"}
			}
		},
		{
			"from": [7.51322, 7.6627, 2.20368],
			"to": [7.61072, 8.0727, 5.89968],
			"faces": {
				"north": {"uv": [11, 0, 11.75, 0.75], "texture": "#3"},
				"east": {"uv": [11, 0, 11.75, 0.75], "texture": "#3"},
				"south": {"uv": [11, 0, 11.75, 0.75], "texture": "#3"},
				"west": {"uv": [0, 0, 3.696, 0.41], "texture": "#3"},
				"up": {"uv": [11, 0, 11.75, 0.75], "texture": "#3"},
				"down": {"uv": [11, 0, 11.75, 0.75], "texture": "#3"}
			}
		},
		{
			"from": [7.40385, 7.7252, 2.20368],
			"to": [7.50135, 8.10395, 5.89968],
			"rotation": {"angle": 45, "axis": "z", "origin": [7.99947, 8.02395, 4.05168]},
			"faces": {
				"north": {"uv": [11, 0, 11.75, 0.75], "texture": "#3"},
				"east": {"uv": [11, 0, 11.75, 0.75], "texture": "#3"},
				"south": {"uv": [11, 0, 11.75, 0.75], "texture": "#3"},
				"west": {"uv": [0, 0, 3.696, 0.37875], "texture": "#3"},
				"up": {"uv": [11, 0, 11.75, 0.75], "texture": "#3"},
				"down": {"uv": [11, 0, 11.75, 0.75], "texture": "#3"}
			}
		},
		{
			"from": [8.49865, 7.70958, 2.20368],
			"to": [8.59615, 8.10395, 5.89968],
			"rotation": {"angle": -45, "axis": "z", "origin": [8.00053, 8.02395, 4.05168]},
			"faces": {
				"north": {"uv": [11, 0, 11.75, 0.75], "texture": "#3"},
				"east": {"uv": [0, 0, 3.696, 0.39438], "texture": "#3"},
				"south": {"uv": [11, 0, 11.75, 0.75], "texture": "#3"},
				"west": {"uv": [11, 0, 11.75, 0.75], "texture": "#3"},
				"up": {"uv": [11, 0, 11.75, 0.75], "texture": "#3"},
				"down": {"uv": [11, 0, 11.75, 0.75], "texture": "#3"}
			}
		},
		{
			"from": [8.38928, 7.6627, 2.20368],
			"to": [8.48678, 8.0727, 5.89968],
			"faces": {
				"north": {"uv": [11, 0, 11.75, 0.75], "texture": "#3"},
				"east": {"uv": [0, 0, 3.696, 0.41], "texture": "#3"},
				"south": {"uv": [11, 0, 11.75, 0.75], "texture": "#3"},
				"west": {"uv": [11, 0, 11.75, 0.75], "texture": "#3"},
				"up": {"uv": [11, 0, 11.75, 0.75], "texture": "#3"},
				"down": {"uv": [11, 0, 11.75, 0.75], "texture": "#3"}
			}
		},
		{
			"from": [7.9049, 8.30333, 2.20368],
			"to": [8.3149, 8.40083, 5.89968],
			"rotation": {"angle": -45, "axis": "z", "origin": [8.00053, 8.02395, 4.05168]},
			"faces": {
				"north": {"uv": [11, 0, 11.75, 0.75], "texture": "#3"},
				"east": {"uv": [11, 0, 11.75, 0.75], "rotation": 270, "texture": "#3"},
				"south": {"uv": [11, 0, 11.75, 0.75], "rotation": 270, "texture": "#3"},
				"west": {"uv": [11, 0, 11.75, 0.75], "rotation": 270, "texture": "#3"},
				"up": {"uv": [0, 0, 0.41, 3.696], "texture": "#3"},
				"down": {"uv": [11, 0, 11.75, 0.75], "rotation": 270, "texture": "#3"}
			}
		},
		{
			"from": [7.79447, 7.38145, 2.20368],
			"to": [8.20447, 7.47895, 5.89968],
			"faces": {
				"north": {"uv": [11, 0, 11.75, 0.75], "texture": "#3"},
				"east": {"uv": [11, 0, 11.75, 0.75], "rotation": 270, "texture": "#3"},
				"south": {"uv": [11, 0, 11.75, 0.75], "rotation": 270, "texture": "#3"},
				"west": {"uv": [11, 0, 11.75, 0.75], "rotation": 270, "texture": "#3"},
				"up": {"uv": [11, 0, 11.75, 0.75], "rotation": 270, "texture": "#3"},
				"down": {"uv": [0, 0, 0.41, 3.696], "texture": "#3"}
			}
		},
		{
			"from": [7.71347, 8.35395, 4.86568],
			"to": [8.28547, 8.68395, 5.08568],
			"faces": {
				"north": {"uv": [11.5, 0.25, 11.54353, 0.73661], "texture": "#3"},
				"east": {"uv": [11.5, 0.25, 11.54353, 0.73661], "texture": "#3"},
				"south": {"uv": [11.5, 0.25, 11.54353, 0.73661], "texture": "#3"},
				"west": {"uv": [11.5, 0.25, 11.54353, 0.73661], "texture": "#3"},
				"up": {"uv": [11.5, 0.25, 11.54353, 0.73661], "texture": "#3"},
				"down": {"uv": [11.5, 0.25, 11.54353, 0.73661], "texture": "#3"}
			}
		},
		{
			"from": [7.77947, 8.57395, 4.66768],
			"to": [7.88947, 10.68595, 4.82168],
			"rotation": {"angle": -22.5, "axis": "x", "origin": [7.88947, 9.21195, 4.74468]},
			"faces": {
				"north": {"uv": [11.5, 0.25, 11.54353, 0.73661], "texture": "#3"},
				"east": {"uv": [11.5, 0.25, 11.54353, 0.73661], "texture": "#3"},
				"south": {"uv": [11.5, 0.25, 11.54353, 0.73661], "texture": "#3"},
				"west": {"uv": [11.5, 0.25, 11.54353, 0.73661], "texture": "#3"},
				"up": {"uv": [11.5, 0.25, 11.54353, 0.73661], "texture": "#3"},
				"down": {"uv": [11.5, 0.25, 11.54353, 0.73661], "texture": "#3"}
			}
		},
		{
			"from": [8.10947, 8.57395, 4.66768],
			"to": [8.21947, 10.68595, 4.82168],
			"rotation": {"angle": -22.5, "axis": "x", "origin": [8.21947, 9.21195, 4.74468]},
			"faces": {
				"north": {"uv": [11.5, 0.25, 11.54353, 0.73661], "texture": "#3"},
				"east": {"uv": [11.5, 0.25, 11.54353, 0.73661], "texture": "#3"},
				"south": {"uv": [11.5, 0.25, 11.54353, 0.73661], "texture": "#3"},
				"west": {"uv": [11.5, 0.25, 11.54353, 0.73661], "texture": "#3"},
				"up": {"uv": [11.5, 0.25, 11.54353, 0.73661], "texture": "#3"},
				"down": {"uv": [11.5, 0.25, 11.54353, 0.73661], "texture": "#3"}
			}
		},
		{
			"from": [7.77947, 8.92595, 5.41568],
			"to": [7.99947, 8.99195, 5.56968],
			"rotation": {"angle": -22.5, "axis": "x", "origin": [7.99947, 7.47395, 5.36068]},
			"faces": {
				"north": {"uv": [11.5, 0.25, 11.54353, 0.73661], "texture": "#3"},
				"east": {"uv": [11.5, 0.25, 11.54353, 0.73661], "texture": "#3"},
				"south": {"uv": [11.5, 0.25, 11.54353, 0.73661], "texture": "#3"},
				"west": {"uv": [11.5, 0.25, 11.54353, 0.73661], "texture": "#3"},
				"up": {"uv": [11.5, 0.25, 11.54353, 0.73661], "texture": "#3"},
				"down": {"uv": [11.5, 0.25, 11.54353, 0.73661], "texture": "#3"}
			}
		},
		{
			"from": [8.08747, 8.92595, 5.41568],
			"to": [8.17547, 8.99195, 5.56968],
			"rotation": {"angle": -22.5, "axis": "x", "origin": [8.17547, 7.47395, 5.36068]},
			"faces": {
				"north": {"uv": [11.5, 0.25, 11.54353, 0.73661], "texture": "#3"},
				"east": {"uv": [11.5, 0.25, 11.54353, 0.73661], "texture": "#3"},
				"south": {"uv": [11.5, 0.25, 11.54353, 0.73661], "texture": "#3"},
				"west": {"uv": [11.5, 0.25, 11.54353, 0.73661], "texture": "#3"},
				"up": {"uv": [11.5, 0.25, 11.54353, 0.73661], "texture": "#3"},
				"down": {"uv": [11.5, 0.25, 11.54353, 0.73661], "texture": "#3"}
			}
		},
		{
			"from": [7.77947, 9.10195, 5.32768],
			"to": [7.99947, 9.16795, 5.48168],
			"rotation": {"angle": -22.5, "axis": "x", "origin": [7.99947, 7.64995, 5.27268]},
			"faces": {
				"north": {"uv": [11.5, 0.25, 11.54353, 0.73661], "texture": "#3"},
				"east": {"uv": [11.5, 0.25, 11.54353, 0.73661], "texture": "#3"},
				"south": {"uv": [11.5, 0.25, 11.54353, 0.73661], "texture": "#3"},
				"west": {"uv": [11.5, 0.25, 11.54353, 0.73661], "texture": "#3"},
				"up": {"uv": [11.5, 0.25, 11.54353, 0.73661], "texture": "#3"},
				"down": {"uv": [11.5, 0.25, 11.54353, 0.73661], "texture": "#3"}
			}
		},
		{
			"from": [8.08747, 9.10195, 5.32768],
			"to": [8.17547, 9.16795, 5.48168],
			"rotation": {"angle": -22.5, "axis": "x", "origin": [8.17547, 7.64995, 5.27268]},
			"faces": {
				"north": {"uv": [11.5, 0.25, 11.54353, 0.73661], "texture": "#3"},
				"east": {"uv": [11.5, 0.25, 11.54353, 0.73661], "texture": "#3"},
				"south": {"uv": [11.5, 0.25, 11.54353, 0.73661], "texture": "#3"},
				"west": {"uv": [11.5, 0.25, 11.54353, 0.73661], "texture": "#3"},
				"up": {"uv": [11.5, 0.25, 11.54353, 0.73661], "texture": "#3"},
				"down": {"uv": [11.5, 0.25, 11.54353, 0.73661], "texture": "#3"}
			}
		},
		{
			"from": [8.08747, 9.27795, 5.28368],
			"to": [8.17547, 9.34395, 5.43768],
			"rotation": {"angle": -22.5, "axis": "x", "origin": [8.17547, 7.82595, 5.22868]},
			"faces": {
				"north": {"uv": [11.5, 0.25, 11.54353, 0.73661], "texture": "#3"},
				"east": {"uv": [11.5, 0.25, 11.54353, 0.73661], "texture": "#3"},
				"south": {"uv": [11.5, 0.25, 11.54353, 0.73661], "texture": "#3"},
				"west": {"uv": [11.5, 0.25, 11.54353, 0.73661], "texture": "#3"},
				"up": {"uv": [11.5, 0.25, 11.54353, 0.73661], "texture": "#3"},
				"down": {"uv": [11.5, 0.25, 11.54353, 0.73661], "texture": "#3"}
			}
		},
		{
			"from": [7.77947, 9.27795, 5.28368],
			"to": [7.99947, 9.34395, 5.43768],
			"rotation": {"angle": -22.5, "axis": "x", "origin": [7.99947, 7.82595, 5.22868]},
			"faces": {
				"north": {"uv": [11.5, 0.25, 11.54353, 0.73661], "texture": "#3"},
				"east": {"uv": [11.5, 0.25, 11.54353, 0.73661], "texture": "#3"},
				"south": {"uv": [11.5, 0.25, 11.54353, 0.73661], "texture": "#3"},
				"west": {"uv": [11.5, 0.25, 11.54353, 0.73661], "texture": "#3"},
				"up": {"uv": [11.5, 0.25, 11.54353, 0.73661], "texture": "#3"},
				"down": {"uv": [11.5, 0.25, 11.54353, 0.73661], "texture": "#3"}
			}
		},
		{
			"from": [7.77947, 9.45395, 5.19568],
			"to": [7.99947, 9.51995, 5.34968],
			"rotation": {"angle": -22.5, "axis": "x", "origin": [7.99947, 8.00195, 5.14068]},
			"faces": {
				"north": {"uv": [11.5, 0.25, 11.54353, 0.73661], "texture": "#3"},
				"east": {"uv": [11.5, 0.25, 11.54353, 0.73661], "texture": "#3"},
				"south": {"uv": [11.5, 0.25, 11.54353, 0.73661], "texture": "#3"},
				"west": {"uv": [11.5, 0.25, 11.54353, 0.73661], "texture": "#3"},
				"up": {"uv": [11.5, 0.25, 11.54353, 0.73661], "texture": "#3"},
				"down": {"uv": [11.5, 0.25, 11.54353, 0.73661], "texture": "#3"}
			}
		},
		{
			"from": [8.08747, 9.45395, 5.19568],
			"to": [8.17547, 9.51995, 5.34968],
			"rotation": {"angle": -22.5, "axis": "x", "origin": [8.17547, 8.00195, 5.14068]},
			"faces": {
				"north": {"uv": [11.5, 0.25, 11.54353, 0.73661], "texture": "#3"},
				"east": {"uv": [11.5, 0.25, 11.54353, 0.73661], "texture": "#3"},
				"south": {"uv": [11.5, 0.25, 11.54353, 0.73661], "texture": "#3"},
				"west": {"uv": [11.5, 0.25, 11.54353, 0.73661], "texture": "#3"},
				"up": {"uv": [11.5, 0.25, 11.54353, 0.73661], "texture": "#3"},
				"down": {"uv": [11.5, 0.25, 11.54353, 0.73661], "texture": "#3"}
			}
		},
		{
			"from": [8.08747, 9.62995, 5.10768],
			"to": [8.17547, 9.69595, 5.26168],
			"rotation": {"angle": -22.5, "axis": "x", "origin": [8.17547, 8.17795, 5.05268]},
			"faces": {
				"north": {"uv": [11.5, 0.25, 11.54353, 0.73661], "texture": "#3"},
				"east": {"uv": [11.5, 0.25, 11.54353, 0.73661], "texture": "#3"},
				"south": {"uv": [11.5, 0.25, 11.54353, 0.73661], "texture": "#3"},
				"west": {"uv": [11.5, 0.25, 11.54353, 0.73661], "texture": "#3"},
				"up": {"uv": [11.5, 0.25, 11.54353, 0.73661], "texture": "#3"},
				"down": {"uv": [11.5, 0.25, 11.54353, 0.73661], "texture": "#3"}
			}
		},
		{
			"from": [7.77947, 9.62995, 5.10768],
			"to": [7.99947, 9.69595, 5.26168],
			"rotation": {"angle": -22.5, "axis": "x", "origin": [7.99947, 8.17795, 5.05268]},
			"faces": {
				"north": {"uv": [11.5, 0.25, 11.54353, 0.73661], "texture": "#3"},
				"east": {"uv": [11.5, 0.25, 11.54353, 0.73661], "texture": "#3"},
				"south": {"uv": [11.5, 0.25, 11.54353, 0.73661], "texture": "#3"},
				"west": {"uv": [11.5, 0.25, 11.54353, 0.73661], "texture": "#3"},
				"up": {"uv": [11.5, 0.25, 11.54353, 0.73661], "texture": "#3"},
				"down": {"uv": [11.5, 0.25, 11.54353, 0.73661], "texture": "#3"}
			}
		},
		{
			"from": [7.82347, 9.80595, 5.01968],
			"to": [7.91147, 9.87195, 5.17368],
			"rotation": {"angle": -22.5, "axis": "x", "origin": [8.04347, 8.35395, 4.96468]},
			"faces": {
				"north": {"uv": [11.5, 0.25, 11.54353, 0.73661], "texture": "#3"},
				"east": {"uv": [11.5, 0.25, 11.54353, 0.73661], "texture": "#3"},
				"south": {"uv": [11.5, 0.25, 11.54353, 0.73661], "texture": "#3"},
				"west": {"uv": [11.5, 0.25, 11.54353, 0.73661], "texture": "#3"},
				"up": {"uv": [11.5, 0.25, 11.54353, 0.73661], "texture": "#3"},
				"down": {"uv": [11.5, 0.25, 11.54353, 0.73661], "texture": "#3"}
			}
		},
		{
			"from": [7.99947, 9.80595, 5.01968],
			"to": [8.21947, 9.87195, 5.17368],
			"rotation": {"angle": -22.5, "axis": "x", "origin": [8.21947, 8.35395, 4.96468]},
			"faces": {
				"north": {"uv": [11.5, 0.25, 11.54353, 0.73661], "texture": "#3"},
				"east": {"uv": [11.5, 0.25, 11.54353, 0.73661], "texture": "#3"},
				"south": {"uv": [11.5, 0.25, 11.54353, 0.73661], "texture": "#3"},
				"west": {"uv": [11.5, 0.25, 11.54353, 0.73661], "texture": "#3"},
				"up": {"uv": [11.5, 0.25, 11.54353, 0.73661], "texture": "#3"},
				"down": {"uv": [11.5, 0.25, 11.54353, 0.73661], "texture": "#3"}
			}
		},
		{
			"from": [7.99947, 9.98195, 4.97568],
			"to": [8.21947, 10.04795, 5.12968],
			"rotation": {"angle": -22.5, "axis": "x", "origin": [8.21947, 8.52995, 4.92068]},
			"faces": {
				"north": {"uv": [11.5, 0.25, 11.54353, 0.73661], "texture": "#3"},
				"east": {"uv": [11.5, 0.25, 11.54353, 0.73661], "texture": "#3"},
				"south": {"uv": [11.5, 0.25, 11.54353, 0.73661], "texture": "#3"},
				"west": {"uv": [11.5, 0.25, 11.54353, 0.73661], "texture": "#3"},
				"up": {"uv": [11.5, 0.25, 11.54353, 0.73661], "texture": "#3"},
				"down": {"uv": [11.5, 0.25, 11.54353, 0.73661], "texture": "#3"}
			}
		},
		{
			"from": [7.82347, 9.98195, 4.97568],
			"to": [7.91147, 10.04795, 5.12968],
			"rotation": {"angle": -22.5, "axis": "x", "origin": [8.04347, 8.52995, 4.92068]},
			"faces": {
				"north": {"uv": [11.5, 0.25, 11.54353, 0.73661], "texture": "#3"},
				"east": {"uv": [11.5, 0.25, 11.54353, 0.73661], "texture": "#3"},
				"south": {"uv": [11.5, 0.25, 11.54353, 0.73661], "texture": "#3"},
				"west": {"uv": [11.5, 0.25, 11.54353, 0.73661], "texture": "#3"},
				"up": {"uv": [11.5, 0.25, 11.54353, 0.73661], "texture": "#3"},
				"down": {"uv": [11.5, 0.25, 11.54353, 0.73661], "texture": "#3"}
			}
		},
		{
			"from": [7.82347, 10.15795, 4.88768],
			"to": [7.91147, 10.22395, 5.04168],
			"rotation": {"angle": -22.5, "axis": "x", "origin": [8.04347, 8.70595, 4.83268]},
			"faces": {
				"north": {"uv": [11.5, 0.25, 11.54353, 0.73661], "texture": "#3"},
				"east": {"uv": [11.5, 0.25, 11.54353, 0.73661], "texture": "#3"},
				"south": {"uv": [11.5, 0.25, 11.54353, 0.73661], "texture": "#3"},
				"west": {"uv": [11.5, 0.25, 11.54353, 0.73661], "texture": "#3"},
				"up": {"uv": [11.5, 0.25, 11.54353, 0.73661], "texture": "#3"},
				"down": {"uv": [11.5, 0.25, 11.54353, 0.73661], "texture": "#3"}
			}
		},
		{
			"from": [7.99947, 10.15795, 4.88768],
			"to": [8.21947, 10.22395, 5.04168],
			"rotation": {"angle": -22.5, "axis": "x", "origin": [8.21947, 8.70595, 4.83268]},
			"faces": {
				"north": {"uv": [11.5, 0.25, 11.54353, 0.73661], "texture": "#3"},
				"east": {"uv": [11.5, 0.25, 11.54353, 0.73661], "texture": "#3"},
				"south": {"uv": [11.5, 0.25, 11.54353, 0.73661], "texture": "#3"},
				"west": {"uv": [11.5, 0.25, 11.54353, 0.73661], "texture": "#3"},
				"up": {"uv": [11.5, 0.25, 11.54353, 0.73661], "texture": "#3"},
				"down": {"uv": [11.5, 0.25, 11.54353, 0.73661], "texture": "#3"}
			}
		},
		{
			"from": [7.99947, 10.33395, 4.79968],
			"to": [8.21947, 10.39995, 4.95368],
			"rotation": {"angle": -22.5, "axis": "x", "origin": [8.21947, 8.88195, 4.74468]},
			"faces": {
				"north": {"uv": [11.5, 0.25, 11.54353, 0.73661], "texture": "#3"},
				"east": {"uv": [11.5, 0.25, 11.54353, 0.73661], "texture": "#3"},
				"south": {"uv": [11.5, 0.25, 11.54353, 0.73661], "texture": "#3"},
				"west": {"uv": [11.5, 0.25, 11.54353, 0.73661], "texture": "#3"},
				"up": {"uv": [11.5, 0.25, 11.54353, 0.73661], "texture": "#3"},
				"down": {"uv": [11.5, 0.25, 11.54353, 0.73661], "texture": "#3"}
			}
		},
		{
			"from": [7.82347, 10.33395, 4.79968],
			"to": [7.91147, 10.39995, 4.95368],
			"rotation": {"angle": -22.5, "axis": "x", "origin": [8.04347, 8.88195, 4.74468]},
			"faces": {
				"north": {"uv": [11.5, 0.25, 11.54353, 0.73661], "texture": "#3"},
				"east": {"uv": [11.5, 0.25, 11.54353, 0.73661], "texture": "#3"},
				"south": {"uv": [11.5, 0.25, 11.54353, 0.73661], "texture": "#3"},
				"west": {"uv": [11.5, 0.25, 11.54353, 0.73661], "texture": "#3"},
				"up": {"uv": [11.5, 0.25, 11.54353, 0.73661], "texture": "#3"},
				"down": {"uv": [11.5, 0.25, 11.54353, 0.73661], "texture": "#3"}
			}
		},
		{
			"from": [7.82347, 10.50995, 4.79968],
			"to": [7.91147, 10.57595, 4.95368],
			"rotation": {"angle": -22.5, "axis": "x", "origin": [8.04347, 9.05795, 4.74468]},
			"faces": {
				"north": {"uv": [11.5, 0.25, 11.54353, 0.73661], "texture": "#3"},
				"east": {"uv": [11.5, 0.25, 11.54353, 0.73661], "texture": "#3"},
				"south": {"uv": [11.5, 0.25, 11.54353, 0.73661], "texture": "#3"},
				"west": {"uv": [11.5, 0.25, 11.54353, 0.73661], "texture": "#3"},
				"up": {"uv": [11.5, 0.25, 11.54353, 0.73661], "texture": "#3"},
				"down": {"uv": [11.5, 0.25, 11.54353, 0.73661], "texture": "#3"}
			}
		},
		{
			"from": [7.99947, 10.50995, 4.79968],
			"to": [8.21947, 10.57595, 4.95368],
			"rotation": {"angle": -22.5, "axis": "x", "origin": [8.21947, 9.05795, 4.74468]},
			"faces": {
				"north": {"uv": [11.5, 0.25, 11.54353, 0.73661], "texture": "#3"},
				"east": {"uv": [11.5, 0.25, 11.54353, 0.73661], "texture": "#3"},
				"south": {"uv": [11.5, 0.25, 11.54353, 0.73661], "texture": "#3"},
				"west": {"uv": [11.5, 0.25, 11.54353, 0.73661], "texture": "#3"},
				"up": {"uv": [11.5, 0.25, 11.54353, 0.73661], "texture": "#3"},
				"down": {"uv": [11.5, 0.25, 11.54353, 0.73661], "texture": "#3"}
			}
		},
		{
			"from": [7.77947, 10.68595, 4.57968],
			"to": [8.21947, 10.75195, 4.82168],
			"rotation": {"angle": -22.5, "axis": "x", "origin": [8.21947, 9.23395, 4.74468]},
			"faces": {
				"north": {"uv": [11.5, 0.25, 11.54353, 0.73661], "texture": "#3"},
				"east": {"uv": [11.5, 0.25, 11.54353, 0.73661], "texture": "#3"},
				"south": {"uv": [11.5, 0.25, 11.54353, 0.73661], "texture": "#3"},
				"west": {"uv": [11.5, 0.25, 11.54353, 0.73661], "texture": "#3"},
				"up": {"uv": [11.5, 0.25, 11.54353, 0.73661], "texture": "#3"},
				"down": {"uv": [11.5, 0.25, 11.54353, 0.73661], "texture": "#3"}
			}
		},
		{
			"from": [7.77947, 10.50115, 3.91968],
			"to": [7.91147, 10.56715, 4.02968],
			"rotation": {"angle": -22.5, "axis": "x", "origin": [7.99947, 10.53415, 3.99668]},
			"faces": {
				"north": {"uv": [11.5, 0.25, 11.54353, 0.73661], "texture": "#3"},
				"east": {"uv": [11.5, 0.25, 11.54353, 0.73661], "texture": "#3"},
				"south": {"uv": [11.5, 0.25, 11.54353, 0.73661], "texture": "#3"},
				"west": {"uv": [11.5, 0.25, 11.54353, 0.73661], "texture": "#3"},
				"up": {"uv": [11.5, 0.25, 11.54353, 0.73661], "texture": "#3"},
				"down": {"uv": [11.5, 0.25, 11.54353, 0.73661], "texture": "#3"}
			}
		},
		{
			"from": [8.08747, 10.50115, 3.91968],
			"to": [8.21947, 10.56715, 4.02968],
			"rotation": {"angle": -22.5, "axis": "x", "origin": [7.99947, 10.53415, 3.99668]},
			"faces": {
				"north": {"uv": [11.5, 0.25, 11.54353, 0.73661], "texture": "#3"},
				"east": {"uv": [11.5, 0.25, 11.54353, 0.73661], "texture": "#3"},
				"south": {"uv": [11.5, 0.25, 11.54353, 0.73661], "texture": "#3"},
				"west": {"uv": [11.5, 0.25, 11.54353, 0.73661], "texture": "#3"},
				"up": {"uv": [11.5, 0.25, 11.54353, 0.73661], "texture": "#3"},
				"down": {"uv": [11.5, 0.25, 11.54353, 0.73661], "texture": "#3"}
			}
		},
		{
			"from": [8.08747, 10.43515, 3.83168],
			"to": [8.21947, 10.50115, 3.98568],
			"rotation": {"angle": -45, "axis": "x", "origin": [7.99947, 10.46815, 3.90868]},
			"faces": {
				"north": {"uv": [11.5, 0.25, 11.54353, 0.73661], "texture": "#3"},
				"east": {"uv": [11.5, 0.25, 11.54353, 0.73661], "texture": "#3"},
				"south": {"uv": [11.5, 0.25, 11.54353, 0.73661], "texture": "#3"},
				"west": {"uv": [11.5, 0.25, 11.54353, 0.73661], "texture": "#3"},
				"up": {"uv": [11.5, 0.25, 11.54353, 0.73661], "texture": "#3"},
				"down": {"uv": [11.5, 0.25, 11.54353, 0.73661], "texture": "#3"}
			}
		},
		{
			"from": [8.08747, 10.43515, 3.74368],
			"to": [8.21947, 10.50115, 3.89768],
			"rotation": {"angle": 45, "axis": "x", "origin": [7.99947, 10.46815, 3.82068]},
			"faces": {
				"north": {"uv": [11.5, 0.25, 11.54353, 0.73661], "texture": "#3"},
				"east": {"uv": [11.5, 0.25, 11.54353, 0.73661], "texture": "#3"},
				"south": {"uv": [11.5, 0.25, 11.54353, 0.73661], "texture": "#3"},
				"west": {"uv": [11.5, 0.25, 11.54353, 0.73661], "texture": "#3"},
				"up": {"uv": [11.5, 0.25, 11.54353, 0.73661], "texture": "#3"},
				"down": {"uv": [11.5, 0.25, 11.54353, 0.73661], "texture": "#3"}
			}
		},
		{
			"from": [7.77947, 10.43515, 3.74368],
			"to": [7.91147, 10.50115, 3.89768],
			"rotation": {"angle": 45, "axis": "x", "origin": [7.99947, 10.46815, 3.82068]},
			"faces": {
				"north": {"uv": [11.5, 0.25, 11.54353, 0.73661], "texture": "#3"},
				"east": {"uv": [11.5, 0.25, 11.54353, 0.73661], "texture": "#3"},
				"south": {"uv": [11.5, 0.25, 11.54353, 0.73661], "texture": "#3"},
				"west": {"uv": [11.5, 0.25, 11.54353, 0.73661], "texture": "#3"},
				"up": {"uv": [11.5, 0.25, 11.54353, 0.73661], "texture": "#3"},
				"down": {"uv": [11.5, 0.25, 11.54353, 0.73661], "texture": "#3"}
			}
		},
		{
			"from": [7.77947, 10.43515, 3.83168],
			"to": [7.91147, 10.50115, 3.98568],
			"rotation": {"angle": -45, "axis": "x", "origin": [7.99947, 10.46815, 3.90868]},
			"faces": {
				"north": {"uv": [11.5, 0.25, 11.54353, 0.73661], "texture": "#3"},
				"east": {"uv": [11.5, 0.25, 11.54353, 0.73661], "texture": "#3"},
				"south": {"uv": [11.5, 0.25, 11.54353, 0.73661], "texture": "#3"},
				"west": {"uv": [11.5, 0.25, 11.54353, 0.73661], "texture": "#3"},
				"up": {"uv": [11.5, 0.25, 11.54353, 0.73661], "texture": "#3"},
				"down": {"uv": [11.5, 0.25, 11.54353, 0.73661], "texture": "#3"}
			}
		}
	],
	"display": {
		"thirdperson_righthand": {
			"rotation": [0, -15, 0],
			"translation": [1.25, 0.75, -4.25],
			"scale": [1.5, 1.5, 1.5]
		},
		"thirdperson_lefthand": {
			"translation": [-1, 9, -5.5],
			"scale": [1.5, 1.5, 1.5]
		},
		"firstperson_righthand": {
			"rotation": [9, 4, 0],
			"translation": [7.25, 5.5, 3.5]
		},
		"ground": {
			"translation": [0, 0.5, 0]
		},
		"gui": {
			"rotation": [90, 48, -90],
			"translation": [-0.75, 0.25, -0.5],
			"scale": [1.25, 1.25, 1.25]
		},
		"fixed": {
			"rotation": [90, 48, -90],
			"translation": [-1.5, 1, -0.5],
			"scale": [1.5, 1.5, 1.5]
		}
	},
	"groups": [0, 1, 2, 3, 4, 5, 6, 7, 8, 9, 10, 11, 12, 13, 14, 15, 16, 17, 18, 19, 20, 21, 22, 23, 24, 25, 26, 27, 28, 29, 30, 31, 32, 33, 34, 35, 36, 37, 38, 39, 40, 41, 42, 43, 44, 45, 46, 47, 48, 49, 50, 51, 52, 53, 54, 55, 56, 57, 58, 59, 60, 61, 62, 63, 64, 65, 66, 67, 68, 69, 70, 71, 72, 73, 74, 75, 76, 77, 78, 79, 80, 81, 82, 83, 84, 85, 86, 87, 88, 89, 90, 91, 92, 93, 94, 95, 96, 97, 98, 99, 100, 101, 102, 103, 104, 105, 106, 107, 108, 109, 110, 111, 112, 113, 114, 115, 116, 117, 118, 119, 120, 121, 122, 123, 124,
		{
			"name": "group",
			"children": [125, 126, 127, 128, 129, 130, 131, 132, 133, 134, 135, 136, 137, 138, 139, 140, 141, 142, 143, 144, 145, 146, 147, 148, 149, 150, 151, 152, 153, 154]
		}
	]
}