{
	"credit": "https://www.youtube.com/c/ZeroCaty",
	"textures": {
		"0": "block/lime_terracotta",
		"1": "block/red_concrete",
		"2": "block/anvil",
		"3": "block/black_concrete",
		"4": "block/iron_block",
		"5": "block/fire_1",
		"6": "block/white_stained_glass",
		"particle": "block/lime_terracotta"
	},
	"elements": [
		{
			"from": [7, 0, 7.5],
			"to": [9, 2, 14.6],
			"faces": {
				"north": {"uv": [0, 0, 8, 8], "texture": "#1"},
				"east": {"uv": [0, 0, 8, 16], "rotation": 90, "texture": "#1"},
				"south": {"uv": [0, 0, 8, 8], "texture": "#1"},
				"west": {"uv": [0, 0, 8, 16], "rotation": 90, "texture": "#1"},
				"up": {"uv": [0, 0, 8, 16], "texture": "#1"},
				"down": {"uv": [0, 0, 8, 16], "texture": "#1"}
			}
		},
		{
			"from": [6.9, -0.1, 9.3],
			"to": [7, 1.3, 14.6],
			"faces": {
				"north": {"uv": [0, 0, 2.2, 1.4], "texture": "#0"},
				"east": {"uv": [0, 0, 16, 5], "texture": "#0"},
				"south": {"uv": [0, 0, 16, 5], "texture": "#0"},
				"west": {"uv": [0, 0, 16, 5], "texture": "#0"},
				"up": {"uv": [0, 0, 16, 5], "texture": "#0"},
				"down": {"uv": [0, 0, 1, 1], "texture": "#0"}
			}
		},
		{
			"from": [9, 1.4, 8],
			"to": [9.1, 2.1, 8.5],
			"faces": {
				"north": {"uv": [0, 0, 1, 1], "texture": "#0"},
				"east": {"uv": [0, 0, 16, 5], "texture": "#0"},
				"south": {"uv": [0, 0, 16, 5], "texture": "#0"},
				"west": {"uv": [0, 0, 4, 5], "texture": "#0"},
				"up": {"uv": [0, 0, 16, 5], "texture": "#0"},
				"down": {"uv": [0, 0, 1, 1], "texture": "#0"}
			}
		},
		{
			"from": [6.9, 1.3, 12.3],
			"to": [7, 2.1, 14.6],
			"faces": {
				"north": {"uv": [0, 0, 16, 5], "texture": "#0"},
				"east": {"uv": [0, 0, 16, 5], "texture": "#0"},
				"south": {"uv": [0, 0, 16, 5], "texture": "#0"},
				"west": {"uv": [0, 0, 16, 5], "texture": "#0"},
				"up": {"uv": [0, 0, 16, 5], "texture": "#0"},
				"down": {"uv": [0, 0, 16, 5], "texture": "#0"}
			}
		},
		{
			"from": [9, 1.3, 9.3],
			"to": [9.1, 1.8, 10.8],
			"faces": {
				"north": {"uv": [0, 0, 16, 5], "texture": "#0"},
				"east": {"uv": [0, 14, 4, 16], "texture": "#0"},
				"south": {"uv": [0, 0, 16, 5], "texture": "#0"},
				"west": {"uv": [0, 14, 4, 16], "texture": "#0"},
				"up": {"uv": [0, 0, 16, 5], "texture": "#0"},
				"down": {"uv": [0, 0, 16, 5], "texture": "#0"}
			}
		},
		{
			"from": [6.8, 2.1, 7.7],
			"to": [9.2, 3.5, 11.5],
			"faces": {
				"north": {"uv": [0, 0, 16, 5], "texture": "#0"},
				"east": {"uv": [0, 0, 16, 5], "texture": "#0"},
				"south": {"uv": [0, 0, 16, 5], "texture": "#0"},
				"west": {"uv": [0, 0, 16, 5], "texture": "#0"},
				"up": {"uv": [0, 0, 16, 5], "texture": "#0"},
				"down": {"uv": [0, 0, 16, 5], "texture": "#0"}
			}
		},
		{
			"from": [7, 2.2, 14.4],
			"to": [9, 3.6, 16],
			"faces": {
				"north": {"uv": [0, 0, 16, 16], "texture": "#2"},
				"east": {"uv": [0, 0, 16, 6], "texture": "#2"},
				"south": {"uv": [0, 0, 5, 6], "texture": "#2"},
				"west": {"uv": [0, 0, 16, 6], "texture": "#2"},
				"up": {"uv": [0, 0, 14, 16], "texture": "#2"},
				"down": {"uv": [0, 0, 16, 16], "texture": "#2"}
			}
		},
		{
			"from": [6.8, 3.5, 7.7],
			"to": [9.2, 4.9, 9.6],
			"faces": {
				"north": {"uv": [0, 0, 16, 5], "texture": "#0"},
				"east": {"uv": [0, 0, 16, 5], "texture": "#0"},
				"south": {"uv": [0, 0, 16, 5], "texture": "#0"},
				"west": {"uv": [0, 0, 16, 5], "texture": "#0"},
				"up": {"uv": [0, 0, 16, 5], "texture": "#0"},
				"down": {"uv": [0, 0, 16, 5], "texture": "#0"}
			}
		},
		{
			"from": [6.8, 3.5, 9.6],
			"to": [9.2, 3.8, 11.5],
			"faces": {
				"north": {"uv": [0, 0, 16, 5], "texture": "#0"},
				"east": {"uv": [0, 0, 16, 2], "texture": "#0"},
				"south": {"uv": [0, 0, 16, 5], "texture": "#0"},
				"west": {"uv": [0, 0, 16, 2], "texture": "#0"},
				"up": {"uv": [0, 0, 16, 5], "texture": "#0"},
				"down": {"uv": [0, 0, 16, 5], "texture": "#0"}
			}
		},
		{
			"from": [7.8, 3.3, -1.4],
			"to": [8.2, 3.7, 8.8],
			"rotation": {"angle": 45, "axis": "z", "origin": [8, 3.5, 3.7]},
			"faces": {
				"north": {"uv": [0, 0, 16, 2], "texture": "#2"},
				"east": {"uv": [0, 0, 16, 2], "texture": "#2"},
				"south": {"uv": [0, 0, 16, 2], "texture": "#2"},
				"west": {"uv": [0, 0, 16, 2], "texture": "#2"},
				"up": {"uv": [0, 0, 2, 16], "texture": "#2"},
				"down": {"uv": [0, 0, 2, 16], "texture": "#2"}
			}
		},
		{
			"from": [7.6, 4.6, 5.8],
			"to": [8.4, 4.9, 7.7],
			"faces": {
				"north": {"uv": [0, 0, 16, 5], "texture": "#0"},
				"east": {"uv": [0, 0, 16, 5], "texture": "#0"},
				"south": {"uv": [0, 0, 16, 5], "texture": "#0"},
				"west": {"uv": [0, 0, 16, 5], "texture": "#0"},
				"up": {"uv": [0, 0, 16, 5], "texture": "#0"},
				"down": {"uv": [0, 0, 16, 5], "texture": "#0"}
			}
		},
		{
			"from": [7.71, 4.25, 2.7],
			"to": [8.29, 4.55, 6],
			"rotation": {"angle": -22.5, "axis": "x", "origin": [8.01, 4.4, 5.05]},
			"faces": {
				"north": {"uv": [0, 0, 16, 5], "texture": "#0"},
				"east": {"uv": [0, 0, 16, 5], "texture": "#0"},
				"south": {"uv": [0, 0, 16, 5], "texture": "#0"},
				"west": {"uv": [0, 0, 16, 5], "texture": "#0"},
				"up": {"uv": [0, 0, 16, 5], "texture": "#0"},
				"down": {"uv": [0, 0, 16, 5], "texture": "#0"}
			}
		},
		{
			"from": [7.6, 3.15, 3],
			"to": [8.4, 3.95, 3.1],
			"faces": {
				"north": {"uv": [0, 0, 16, 5], "texture": "#0"},
				"east": {"uv": [0, 0, 16, 5], "texture": "#0"},
				"south": {"uv": [0, 0, 16, 5], "texture": "#0"},
				"west": {"uv": [0, 0, 16, 5], "texture": "#0"},
				"up": {"uv": [0, 0, 16, 5], "texture": "#0"},
				"down": {"uv": [0, 0, 16, 5], "texture": "#0"}
			}
		},
		{
			"from": [7.6, 3.15, -1.8],
			"to": [7.7, 3.25, 7.9],
			"faces": {
				"north": {"uv": [0, 0, 16, 5], "texture": "#0"},
				"east": {"uv": [0, 0, 16, 5], "texture": "#0"},
				"south": {"uv": [0, 0, 16, 5], "texture": "#0"},
				"west": {"uv": [0, 0, 16, 5], "texture": "#0"},
				"up": {"uv": [0, 0, 16, 5], "texture": "#0"},
				"down": {"uv": [0, 0, 16, 5], "texture": "#0"}
			}
		},
		{
			"from": [7.85, 3.35, -1.61],
			"to": [8.15, 3.65, -1.51],
			"rotation": {"angle": 45, "axis": "z", "origin": [8, 3.5, -1.55]},
			"faces": {
				"north": {"uv": [0, 0, 1, 1], "texture": "#3"},
				"east": {"uv": [0, 0, 1, 1], "texture": "#3"},
				"south": {"uv": [0, 0, 1, 1], "texture": "#3"},
				"west": {"uv": [0, 0, 1, 1], "texture": "#3"},
				"up": {"uv": [0, 0, 1, 1], "texture": "#3"},
				"down": {"uv": [0, 0, 1, 1], "texture": "#3"}
			}
		},
		{
			"from": [7.6, 3.05, -2],
			"to": [7.8, 3.25, -1.2],
			"rotation": {"angle": 22.5, "axis": "x", "origin": [7.65, 3.15, -1.6]},
			"faces": {
				"north": {"uv": [0, 0, 16, 5], "texture": "#0"},
				"east": {"uv": [0, 0, 16, 5], "texture": "#0"},
				"south": {"uv": [0, 0, 16, 5], "texture": "#0"},
				"west": {"uv": [0, 0, 16, 5], "texture": "#0"},
				"up": {"uv": [0, 0, 16, 5], "texture": "#0"},
				"down": {"uv": [0, 0, 16, 5], "texture": "#0"}
			}
		},
		{
			"from": [7.4, 3.3, -2],
			"to": [8, 3.9, -2],
			"shade": false,
			"faces": {
				"north": {"uv": [0, 0, 16, 16], "texture": "#5"},
				"east": {"uv": [0, 0, 16, 16], "texture": "#5"},
				"south": {"uv": [0, 0, 16, 16], "texture": "#5"},
				"west": {"uv": [0, 0, 16, 16], "texture": "#5"},
				"up": {"uv": [0, 0, 16, 16], "texture": "#5"},
				"down": {"uv": [0, 0, 16, 16], "texture": "#5"}
			}
		},
		{
			"from": [7.5, 3.1, -2],
			"to": [8, 3.3, -1.8],
			"faces": {
				"north": {"uv": [0, 0, 16, 5], "texture": "#0"},
				"east": {"uv": [0, 0, 16, 5], "texture": "#0"},
				"south": {"uv": [0, 0, 16, 5], "texture": "#0"},
				"west": {"uv": [0, 0, 16, 5], "texture": "#0"},
				"up": {"uv": [0, 0, 16, 5], "texture": "#0"},
				"down": {"uv": [0, 0, 16, 5], "texture": "#0"}
			}
		},
		{
			"from": [7.7, 3.2, -1.6],
			"to": [8.3, 3.8, -0.5],
			"faces": {
				"north": {"uv": [0, 0, 7, 4], "texture": "#2"},
				"east": {"uv": [0, 0, 7, 4], "texture": "#2"},
				"south": {"uv": [0, 0, 7, 4], "texture": "#2"},
				"west": {"uv": [0, 0, 7, 4], "texture": "#2"},
				"up": {"uv": [0, 0, 4, 7], "texture": "#2"},
				"down": {"uv": [0, 0, 4, 7], "texture": "#2"}
			}
		},
		{
			"from": [6.8, 3.8, 9.6],
			"to": [7, 4.9, 11.5],
			"faces": {
				"north": {"uv": [0, 0, 16, 5], "texture": "#0"},
				"east": {"uv": [0, 0, 16, 5], "texture": "#0"},
				"south": {"uv": [0, 0, 16, 5], "texture": "#0"},
				"west": {"uv": [0, 0, 16, 5], "texture": "#0"},
				"up": {"uv": [0, 0, 16, 5], "texture": "#0"},
				"down": {"uv": [0, 0, 16, 5], "texture": "#0"}
			}
		},
		{
			"from": [9, 3.8, 9.6],
			"to": [9.2, 4.9, 11.5],
			"faces": {
				"north": {"uv": [0, 0, 16, 5], "texture": "#0"},
				"east": {"uv": [0, 0, 16, 5], "texture": "#0"},
				"south": {"uv": [0, 0, 16, 5], "texture": "#0"},
				"west": {"uv": [0, 0, 16, 5], "texture": "#0"},
				"up": {"uv": [0, 0, 16, 5], "texture": "#0"},
				"down": {"uv": [0, 0, 16, 5], "texture": "#0"}
			}
		},
		{
			"from": [7.4, 3.8, 9.8],
			"to": [8.6, 4, 11.1],
			"faces": {
				"north": {"uv": [0, 0, 12, 2], "texture": "#2"},
				"east": {"uv": [0, 0, 12, 2], "texture": "#2"},
				"south": {"uv": [0, 0, 12, 2], "texture": "#2"},
				"west": {"uv": [0, 0, 12, 2], "texture": "#2"},
				"up": {"uv": [0, 0, 7, 5], "texture": "#2"},
				"down": {"uv": [0, 0, 16, 5], "texture": "#2"}
			}
		},
		{
			"from": [7.81, 4, 10.31],
			"to": [8.19, 4.8, 10.69],
			"faces": {
				"north": {"uv": [0, 0, 5, 5], "texture": "#2"},
				"east": {"uv": [0, 0, 5, 5], "texture": "#2"},
				"south": {"uv": [0, 0, 5, 5], "texture": "#2"},
				"west": {"uv": [0, 0, 5, 5], "texture": "#2"},
				"up": {"uv": [0, 0, 16, 5], "texture": "#2"},
				"down": {"uv": [0, 0, 16, 5], "texture": "#2"}
			}
		},
		{
			"from": [7.8, 4.7, 10.2],
			"to": [8.2, 5.5, 10.6],
			"rotation": {"angle": -22.5, "axis": "x", "origin": [8, 5.1, 10.4]},
			"faces": {
				"north": {"uv": [0, 0, 5, 5], "texture": "#2"},
				"east": {"uv": [0, 0, 5, 5], "texture": "#2"},
				"south": {"uv": [0, 0, 5, 5], "texture": "#2"},
				"west": {"uv": [0, 0, 5, 5], "texture": "#2"},
				"up": {"uv": [0, 0, 5, 5], "texture": "#2"},
				"down": {"uv": [0, 0, 16, 5], "texture": "#2"}
			}
		},
		{
			"from": [7, 3.6, 14.4],
			"to": [7.2, 5, 14.7],
			"faces": {
				"north": {"uv": [0, 0, 1, 14], "texture": "#2"},
				"east": {"uv": [0, 0, 2, 14], "texture": "#2"},
				"south": {"uv": [0, 0, 1, 14], "texture": "#2"},
				"west": {"uv": [0, 0, 2, 14], "texture": "#2"},
				"up": {"uv": [0, 0, 2, 3], "texture": "#2"},
				"down": {"uv": [0, 0, 5, 6], "texture": "#2"}
			}
		},
		{
			"from": [8.8, 3.6, 14.4],
			"to": [9, 5, 14.7],
			"faces": {
				"north": {"uv": [0, 0, 1, 14], "texture": "#2"},
				"east": {"uv": [0, 0, 2, 14], "texture": "#2"},
				"south": {"uv": [0, 0, 1, 14], "texture": "#2"},
				"west": {"uv": [0, 0, 2, 14], "texture": "#2"},
				"up": {"uv": [0, 0, 2, 3], "texture": "#2"},
				"down": {"uv": [0, 0, 16, 6], "texture": "#2"}
			}
		},
		{
			"from": [7.2, 4.8, 14.4],
			"to": [8.8, 5, 14.7],
			"faces": {
				"north": {"uv": [0, 0, 13, 2], "texture": "#2"},
				"east": {"uv": [0, 0, 13, 2], "texture": "#2"},
				"south": {"uv": [0, 0, 13, 2], "texture": "#2"},
				"west": {"uv": [0, 0, 13, 2], "texture": "#2"},
				"up": {"uv": [0, 0, 13, 2], "texture": "#2"},
				"down": {"uv": [0, 0, 13, 2], "texture": "#2"}
			}
		},
		{
			"from": [6.6, 4.8, 9.61],
			"to": [6.8, 5.9, 11.51],
			"rotation": {"angle": 22.5, "axis": "z", "origin": [6.7, 5.35, 10.56]},
			"faces": {
				"north": {"uv": [0, 0, 16, 5], "texture": "#0"},
				"east": {"uv": [0, 0, 16, 5], "texture": "#0"},
				"south": {"uv": [0, 0, 16, 5], "texture": "#0"},
				"west": {"uv": [0, 0, 16, 5], "texture": "#0"},
				"up": {"uv": [0, 0, 16, 5], "texture": "#0"},
				"down": {"uv": [0, 0, 16, 5], "texture": "#0"}
			}
		},
		{
			"from": [9.2, 4.8, 9.61],
			"to": [9.4, 5.9, 11.51],
			"rotation": {"angle": -22.5, "axis": "z", "origin": [9.3, 5.35, 10.56]},
			"faces": {
				"north": {"uv": [0, 0, 16, 5], "texture": "#0"},
				"east": {"uv": [0, 0, 16, 5], "texture": "#0"},
				"south": {"uv": [0, 0, 16, 5], "texture": "#0"},
				"west": {"uv": [0, 0, 16, 5], "texture": "#0"},
				"up": {"uv": [0, 0, 16, 5], "texture": "#0"},
				"down": {"uv": [0, 0, 16, 5], "texture": "#0"}
			}
		},
		{
			"from": [7.9, 4.8, 7.7],
			"to": [8.1, 5.9, 9.6],
			"rotation": {"angle": -22.5, "axis": "x", "origin": [8, 5.35, 8.65]},
			"faces": {
				"north": {"uv": [0, 0, 16, 5], "texture": "#0"},
				"east": {"uv": [0, 0, 16, 5], "texture": "#0"},
				"south": {"uv": [0, 0, 16, 5], "texture": "#0"},
				"west": {"uv": [0, 0, 16, 5], "texture": "#0"},
				"up": {"uv": [0, 0, 16, 5], "texture": "#0"},
				"down": {"uv": [0, 0, 16, 5], "texture": "#0"}
			}
		},
		{
			"from": [5.5, 3.5, 7.7],
			"to": [6.8, 3.9, 8.1],
			"rotation": {"angle": -22.5, "axis": "z", "origin": [6.15, 3.7, 7.9]},
			"faces": {
				"north": {"uv": [0, 0, 16, 5], "texture": "#0"},
				"east": {"uv": [0, 0, 16, 5], "texture": "#0"},
				"south": {"uv": [0, 0, 16, 5], "texture": "#0"},
				"west": {"uv": [0, 0, 16, 5], "texture": "#0"},
				"up": {"uv": [0, 0, 16, 5], "texture": "#0"},
				"down": {"uv": [0, 0, 16, 5], "texture": "#0"}
			}
		},
		{
			"from": [4.3, 3.7, 7.775],
			"to": [5.6, 4, 8.075],
			"rotation": {"angle": 45, "axis": "x", "origin": [4.95, 3.9, 7.975]},
			"faces": {
				"north": {"uv": [0, 0, 13, 3], "texture": "#2"},
				"east": {"uv": [0, 0, 1, 1], "texture": "#2"},
				"south": {"uv": [0, 0, 13, 3], "texture": "#2"},
				"west": {"uv": [0, 0, 1, 1], "texture": "#2"},
				"up": {"uv": [0, 0, 13, 3], "texture": "#2"},
				"down": {"uv": [0, 0, 13, 3], "texture": "#2"}
			}
		},
		{
			"from": [7.9, 4.9, 10.3],
			"to": [8.1, 5.4, 10.7],
			"rotation": {"angle": -22.5, "axis": "x", "origin": [8, 5.1, 10.5]},
			"faces": {
				"north": {"uv": [0, 0, 5, 5], "texture": "#2"},
				"east": {"uv": [0, 0, 5, 5], "texture": "#2"},
				"south": {"uv": [0, 0, 16, 16], "texture": "#4"},
				"west": {"uv": [0, 0, 5, 5], "texture": "#2"},
				"up": {"uv": [0, 0, 5, 5], "texture": "#2"},
				"down": {"uv": [0, 0, 16, 5], "texture": "#2"}
			}
		},
		{
			"from": [4.2, 3.69, 7.76],
			"to": [4.31, 4.01, 8.08],
			"rotation": {"angle": 45, "axis": "x", "origin": [4.95, 3.9, 7.975]},
			"faces": {
				"north": {"uv": [2, 0, 3, 3], "texture": "#2"},
				"east": {"uv": [0, 0, 16, 5], "texture": "#2"},
				"south": {"uv": [2, 0, 3, 3], "texture": "#2"},
				"west": {"uv": [0, 0, 3, 3], "texture": "#2"},
				"up": {"uv": [2, 0, 3, 3], "texture": "#2"},
				"down": {"uv": [2, 0, 3, 3], "texture": "#2"}
			}
		},
		{
			"from": [4.6, 3.69, 7.76],
			"to": [4.61, 4.01, 8.08],
			"rotation": {"angle": 45, "axis": "x", "origin": [5.25, 3.9, 7.975]},
			"faces": {
				"north": {"uv": [0, 0, 1, 1], "rotation": 270, "texture": "#2"},
				"east": {"uv": [0, 0, 1, 1], "rotation": 270, "texture": "#2"},
				"south": {"uv": [0, 0, 1, 1], "rotation": 270, "texture": "#2"},
				"west": {"uv": [6, 1, 7, 2], "rotation": 270, "texture": "#2"},
				"up": {"uv": [0, 0, 1, 1], "rotation": 270, "texture": "#2"},
				"down": {"uv": [0, 0, 1, 1], "rotation": 270, "texture": "#2"}
			}
		},
		{
			"from": [4.5, 3.69, 7.76],
			"to": [4.51, 4.01, 8.08],
			"rotation": {"angle": 45, "axis": "x", "origin": [5.15, 3.9, 7.975]},
			"faces": {
				"north": {"uv": [0, 0, 1, 1], "rotation": 270, "texture": "#2"},
				"east": {"uv": [0, 0, 1, 1], "rotation": 270, "texture": "#2"},
				"south": {"uv": [0, 0, 1, 1], "rotation": 270, "texture": "#2"},
				"west": {"uv": [6, 1, 7, 2], "rotation": 270, "texture": "#2"},
				"up": {"uv": [0, 0, 1, 1], "rotation": 270, "texture": "#2"},
				"down": {"uv": [0, 0, 1, 1], "rotation": 270, "texture": "#2"}
			}
		},
		{
			"from": [4.7, 3.69, 7.76],
			"to": [4.71, 4.01, 8.08],
			"rotation": {"angle": 45, "axis": "x", "origin": [5.35, 3.9, 7.975]},
			"faces": {
				"north": {"uv": [0, 0, 1, 1], "rotation": 270, "texture": "#2"},
				"east": {"uv": [0, 0, 1, 1], "rotation": 270, "texture": "#2"},
				"south": {"uv": [0, 0, 1, 1], "rotation": 270, "texture": "#2"},
				"west": {"uv": [6, 1, 7, 2], "rotation": 270, "texture": "#2"},
				"up": {"uv": [0, 0, 1, 1], "rotation": 270, "texture": "#2"},
				"down": {"uv": [0, 0, 1, 1], "rotation": 270, "texture": "#2"}
			}
		},
		{
			"from": [4.8, 3.69, 7.76],
			"to": [4.81, 4.01, 8.08],
			"rotation": {"angle": 45, "axis": "x", "origin": [5.45, 3.9, 7.975]},
			"faces": {
				"north": {"uv": [0, 0, 1, 1], "rotation": 270, "texture": "#2"},
				"east": {"uv": [0, 0, 1, 1], "rotation": 270, "texture": "#2"},
				"south": {"uv": [0, 0, 1, 1], "rotation": 270, "texture": "#2"},
				"west": {"uv": [6, 1, 7, 2], "rotation": 270, "texture": "#2"},
				"up": {"uv": [0, 0, 1, 1], "rotation": 270, "texture": "#2"},
				"down": {"uv": [0, 0, 1, 1], "rotation": 270, "texture": "#2"}
			}
		},
		{
			"from": [4.9, 3.69, 7.76],
			"to": [4.91, 4.01, 8.08],
			"rotation": {"angle": 45, "axis": "x", "origin": [5.55, 3.9, 7.975]},
			"faces": {
				"north": {"uv": [0, 0, 1, 1], "rotation": 270, "texture": "#2"},
				"east": {"uv": [0, 0, 1, 1], "rotation": 270, "texture": "#2"},
				"south": {"uv": [0, 0, 1, 1], "rotation": 270, "texture": "#2"},
				"west": {"uv": [6, 1, 7, 2], "rotation": 270, "texture": "#2"},
				"up": {"uv": [0, 0, 1, 1], "rotation": 270, "texture": "#2"},
				"down": {"uv": [0, 0, 1, 1], "rotation": 270, "texture": "#2"}
			}
		},
		{
			"from": [5, 3.69, 7.76],
			"to": [5.01, 4.01, 8.08],
			"rotation": {"angle": 45, "axis": "x", "origin": [5.65, 3.9, 7.975]},
			"faces": {
				"north": {"uv": [0, 0, 1, 1], "rotation": 270, "texture": "#2"},
				"east": {"uv": [0, 0, 1, 1], "rotation": 270, "texture": "#2"},
				"south": {"uv": [0, 0, 1, 1], "rotation": 270, "texture": "#2"},
				"west": {"uv": [6, 1, 7, 2], "rotation": 270, "texture": "#2"},
				"up": {"uv": [0, 0, 1, 1], "rotation": 270, "texture": "#2"},
				"down": {"uv": [0, 0, 1, 1], "rotation": 270, "texture": "#2"}
			}
		},
		{
			"from": [5.1, 3.69, 7.76],
			"to": [5.11, 4.01, 8.08],
			"rotation": {"angle": 45, "axis": "x", "origin": [5.75, 3.9, 7.975]},
			"faces": {
				"north": {"uv": [0, 0, 1, 1], "rotation": 270, "texture": "#2"},
				"east": {"uv": [0, 0, 1, 1], "rotation": 270, "texture": "#2"},
				"south": {"uv": [0, 0, 1, 1], "rotation": 270, "texture": "#2"},
				"west": {"uv": [6, 1, 7, 2], "rotation": 270, "texture": "#2"},
				"up": {"uv": [0, 0, 1, 1], "rotation": 270, "texture": "#2"},
				"down": {"uv": [0, 0, 1, 1], "rotation": 270, "texture": "#2"}
			}
		},
		{
			"from": [5.2, 3.69, 7.76],
			"to": [5.21, 4.01, 8.08],
			"rotation": {"angle": 45, "axis": "x", "origin": [5.85, 3.9, 7.975]},
			"faces": {
				"north": {"uv": [0, 0, 1, 1], "rotation": 270, "texture": "#2"},
				"east": {"uv": [0, 0, 1, 1], "rotation": 270, "texture": "#2"},
				"south": {"uv": [0, 0, 1, 1], "rotation": 270, "texture": "#2"},
				"west": {"uv": [6, 1, 7, 2], "rotation": 270, "texture": "#2"},
				"up": {"uv": [0, 0, 1, 1], "rotation": 270, "texture": "#2"},
				"down": {"uv": [0, 0, 1, 1], "rotation": 270, "texture": "#2"}
			}
		},
		{
			"from": [5.3, 3.69, 7.76],
			"to": [5.31, 4.01, 8.08],
			"rotation": {"angle": 45, "axis": "x", "origin": [5.95, 3.9, 7.975]},
			"faces": {
				"north": {"uv": [0, 0, 1, 1], "rotation": 270, "texture": "#2"},
				"east": {"uv": [0, 0, 1, 1], "rotation": 270, "texture": "#2"},
				"south": {"uv": [0, 0, 1, 1], "rotation": 270, "texture": "#2"},
				"west": {"uv": [6, 1, 7, 2], "rotation": 270, "texture": "#2"},
				"up": {"uv": [0, 0, 1, 1], "rotation": 270, "texture": "#2"},
				"down": {"uv": [0, 0, 1, 1], "rotation": 270, "texture": "#2"}
			}
		},
		{
			"from": [5.4, 3.69, 7.76],
			"to": [5.41, 4.01, 8.08],
			"rotation": {"angle": 45, "axis": "x", "origin": [6.05, 3.9, 7.975]},
			"faces": {
				"north": {"uv": [0, 0, 1, 1], "rotation": 270, "texture": "#2"},
				"east": {"uv": [0, 0, 1, 1], "rotation": 270, "texture": "#2"},
				"south": {"uv": [0, 0, 1, 1], "rotation": 270, "texture": "#2"},
				"west": {"uv": [6, 1, 7, 2], "rotation": 270, "texture": "#2"},
				"up": {"uv": [0, 0, 1, 1], "rotation": 270, "texture": "#2"},
				"down": {"uv": [0, 0, 1, 1], "rotation": 270, "texture": "#2"}
			}
		},
		{
			"from": [5.5, 3.69, 7.76],
			"to": [5.51, 4.01, 8.08],
			"rotation": {"angle": 45, "axis": "x", "origin": [6.15, 3.9, 7.975]},
			"faces": {
				"north": {"uv": [0, 0, 1, 1], "rotation": 270, "texture": "#2"},
				"east": {"uv": [0, 0, 1, 1], "rotation": 270, "texture": "#2"},
				"south": {"uv": [0, 0, 1, 1], "rotation": 270, "texture": "#2"},
				"west": {"uv": [6, 1, 7, 2], "rotation": 270, "texture": "#2"},
				"up": {"uv": [0, 0, 1, 1], "rotation": 270, "texture": "#2"},
				"down": {"uv": [0, 0, 1, 1], "rotation": 270, "texture": "#2"}
			}
		},
		{
			"from": [4.4, 3.69, 7.76],
			"to": [4.41, 4.01, 8.08],
			"rotation": {"angle": 45, "axis": "x", "origin": [5.05, 3.9, 7.975]},
			"faces": {
				"north": {"uv": [0, 0, 1, 1], "rotation": 270, "texture": "#2"},
				"east": {"uv": [0, 0, 1, 1], "rotation": 270, "texture": "#2"},
				"south": {"uv": [0, 0, 1, 1], "rotation": 270, "texture": "#2"},
				"west": {"uv": [6, 1, 7, 2], "rotation": 270, "texture": "#2"},
				"up": {"uv": [0, 0, 1, 1], "rotation": 270, "texture": "#2"},
				"down": {"uv": [0, 0, 1, 1], "rotation": 270, "texture": "#2"}
			}
		},
		{
			"from": [5.5, 3.8, 7.875],
			"to": [5.8, 4.1, 8.275],
			"rotation": {"angle": -45, "axis": "x", "origin": [5.35, 3.9, 7.975]},
			"faces": {
				"north": {"uv": [0, 0, 16, 5], "rotation": 180, "texture": "#2"},
				"east": {"uv": [0, 0, 3, 3], "rotation": 90, "texture": "#2"},
				"south": {"uv": [0, 0, 3, 3], "rotation": 90, "texture": "#2"},
				"west": {"uv": [0, 0, 3, 3], "rotation": 90, "texture": "#2"},
				"up": {"uv": [0, 0, 3, 3], "rotation": 90, "texture": "#2"},
				"down": {"uv": [0, 0, 3, 3], "rotation": 90, "texture": "#2"}
			}
		},
		{
			"from": [6.2, 3.2, 10.3],
			"to": [7.4, 4.3, 10.7],
			"rotation": {"angle": 45, "axis": "z", "origin": [6.8, 3.75, 10.5]},
			"faces": {
				"north": {"uv": [0, 0, 16, 5], "texture": "#0"},
				"east": {"uv": [0, 0, 3, 5], "texture": "#0"},
				"south": {"uv": [0, 0, 16, 5], "texture": "#0"},
				"west": {"uv": [0, 0, 16, 5], "texture": "#0"},
				"up": {"uv": [0, 0, 16, 5], "texture": "#0"},
				"down": {"uv": [0, 0, 16, 5], "texture": "#0"}
			}
		},
		{
			"from": [6.3, 3.3, 10.4],
			"to": [7.3, 4.2, 10.8],
			"rotation": {"angle": 45, "axis": "z", "origin": [6.8, 3.75, 10.6]},
			"faces": {
				"north": {"uv": [0, 0, 16, 5], "texture": "#0"},
				"east": {"uv": [0, 0, 16, 5], "texture": "#0"},
				"south": {"uv": [0, 0, 16, 16], "texture": "#6"},
				"west": {"uv": [0, 0, 16, 5], "texture": "#0"},
				"up": {"uv": [0, 0, 16, 5], "texture": "#0"},
				"down": {"uv": [0, 0, 16, 5], "texture": "#0"}
			}
		},
		{
			"from": [6.9, 3.2, 10.3],
			"to": [7.4, 4.3, 10.9],
			"faces": {
				"north": {"uv": [0, 0, 16, 5], "texture": "#0"},
				"east": {"uv": [0, 0, 16, 5], "texture": "#0"},
				"south": {"uv": [0, 0, 3, 5], "texture": "#0"},
				"west": {"uv": [0, 0, 16, 5], "texture": "#0"},
				"up": {"uv": [0, 0, 3, 5], "texture": "#0"},
				"down": {"uv": [0, 0, 16, 5], "texture": "#0"}
			}
		},
		{
			"from": [6.25, 3.66, 10.41],
			"to": [6.28, 3.76, 10.81],
			"faces": {
				"north": {"uv": [0, 0, 16, 5], "rotation": 90, "texture": "#0"},
				"east": {"uv": [0, 0, 16, 5], "rotation": 270, "texture": "#0"},
				"south": {"uv": [0, 0, 16, 16], "rotation": 270, "texture": "#3"},
				"west": {"uv": [0, 0, 16, 5], "rotation": 270, "texture": "#0"},
				"up": {"uv": [0, 0, 16, 5], "rotation": 270, "texture": "#0"},
				"down": {"uv": [0, 0, 16, 5], "rotation": 270, "texture": "#0"}
			}
		},
		{
			"from": [6.45, 3.86, 10.41],
			"to": [6.48, 3.96, 10.81],
			"faces": {
				"north": {"uv": [0, 0, 16, 5], "rotation": 90, "texture": "#0"},
				"east": {"uv": [0, 0, 16, 5], "rotation": 270, "texture": "#0"},
				"south": {"uv": [0, 0, 16, 16], "rotation": 270, "texture": "#3"},
				"west": {"uv": [0, 0, 16, 5], "rotation": 270, "texture": "#0"},
				"up": {"uv": [0, 0, 16, 5], "rotation": 270, "texture": "#0"},
				"down": {"uv": [0, 0, 16, 5], "rotation": 270, "texture": "#0"}
			}
		},
		{
			"from": [6.65, 4.06, 10.41],
			"to": [6.68, 4.16, 10.81],
			"faces": {
				"north": {"uv": [0, 0, 16, 5], "rotation": 90, "texture": "#0"},
				"east": {"uv": [0, 0, 16, 5], "rotation": 270, "texture": "#0"},
				"south": {"uv": [0, 0, 16, 16], "rotation": 270, "texture": "#3"},
				"west": {"uv": [0, 0, 16, 5], "rotation": 270, "texture": "#0"},
				"up": {"uv": [0, 0, 16, 5], "rotation": 270, "texture": "#0"},
				"down": {"uv": [0, 0, 16, 5], "rotation": 270, "texture": "#0"}
			}
		},
		{
			"from": [6.45, 3.46, 10.41],
			"to": [6.48, 3.56, 10.81],
			"faces": {
				"north": {"uv": [0, 0, 16, 5], "rotation": 90, "texture": "#0"},
				"east": {"uv": [0, 0, 16, 5], "rotation": 270, "texture": "#0"},
				"south": {"uv": [0, 0, 16, 16], "rotation": 270, "texture": "#3"},
				"west": {"uv": [0, 0, 16, 5], "rotation": 270, "texture": "#0"},
				"up": {"uv": [0, 0, 16, 5], "rotation": 270, "texture": "#0"},
				"down": {"uv": [0, 0, 16, 5], "rotation": 270, "texture": "#0"}
			}
		},
		{
			"from": [6.65, 3.26, 10.41],
			"to": [6.68, 3.36, 10.81],
			"faces": {
				"north": {"uv": [0, 0, 16, 5], "rotation": 90, "texture": "#0"},
				"east": {"uv": [0, 0, 16, 5], "rotation": 270, "texture": "#0"},
				"south": {"uv": [0, 0, 16, 16], "rotation": 270, "texture": "#3"},
				"west": {"uv": [0, 0, 16, 5], "rotation": 270, "texture": "#0"},
				"up": {"uv": [0, 0, 16, 5], "rotation": 270, "texture": "#0"},
				"down": {"uv": [0, 0, 16, 5], "rotation": 270, "texture": "#0"}
			}
		},
		{
			"from": [6.75, 3.26, 10.41],
			"to": [6.78, 3.66, 10.81],
			"rotation": {"angle": -22.5, "axis": "z", "origin": [7.2, 3.55, 10.6]},
			"faces": {
				"north": {"uv": [0, 0, 16, 5], "rotation": 90, "texture": "#0"},
				"east": {"uv": [0, 0, 16, 5], "rotation": 270, "texture": "#0"},
				"south": {"uv": [0, 0, 16, 16], "rotation": 270, "texture": "#1"},
				"west": {"uv": [0, 0, 16, 5], "rotation": 270, "texture": "#0"},
				"up": {"uv": [0, 0, 16, 5], "rotation": 270, "texture": "#0"},
				"down": {"uv": [0, 0, 16, 5], "rotation": 270, "texture": "#0"}
			}
		},
		{
			"from": [6, 4.1, 9.9],
			"to": [6.5, 4.6, 10.3],
			"rotation": {"angle": 45, "axis": "z", "origin": [6, 4.55, 10.1]},
			"faces": {
				"north": {"uv": [0, 0, 16, 5], "texture": "#0"},
				"east": {"uv": [0, 0, 16, 5], "texture": "#0"},
				"south": {"uv": [0, 0, 16, 16], "texture": "#6"},
				"west": {"uv": [0, 0, 16, 5], "texture": "#0"},
				"up": {"uv": [0, 0, 16, 5], "texture": "#0"},
				"down": {"uv": [0, 0, 16, 5], "texture": "#0"}
			}
		},
		{
			"from": [5.9, 4, 9.8],
			"to": [6.6, 4.7, 10.2],
			"rotation": {"angle": 45, "axis": "z", "origin": [6, 4.55, 10]},
			"faces": {
				"north": {"uv": [0, 0, 16, 5], "texture": "#0"},
				"east": {"uv": [0, 0, 16, 5], "texture": "#0"},
				"south": {"uv": [0, 0, 16, 5], "texture": "#0"},
				"west": {"uv": [0, 0, 16, 5], "texture": "#0"},
				"up": {"uv": [0, 0, 16, 5], "texture": "#0"},
				"down": {"uv": [0, 0, 16, 5], "texture": "#0"}
			}
		},
		{
			"from": [6.2, 4.3, 8.5],
			"to": [6.3, 4.4, 9.8],
			"rotation": {"angle": 45, "axis": "z", "origin": [6, 4.55, 9.6]},
			"faces": {
				"north": {"uv": [0, 0, 1, 1], "rotation": 270, "texture": "#2"},
				"east": {"uv": [0, 0, 1, 1], "rotation": 270, "texture": "#2"},
				"south": {"uv": [0, 0, 1, 1], "rotation": 270, "texture": "#2"},
				"west": {"uv": [0, 0, 1, 1], "rotation": 270, "texture": "#2"},
				"up": {"uv": [0, 0, 1, 1], "rotation": 270, "texture": "#2"},
				"down": {"uv": [0, 0, 1, 1], "rotation": 270, "texture": "#2"}
			}
		},
		{
			"from": [6.2, 3.6, 8.5],
			"to": [6.3, 4.3, 8.6],
			"rotation": {"angle": 45, "axis": "z", "origin": [6, 4.55, 9.6]},
			"faces": {
				"north": {"uv": [0, 0, 1, 1], "rotation": 270, "texture": "#2"},
				"east": {"uv": [0, 0, 1, 1], "rotation": 270, "texture": "#2"},
				"south": {"uv": [0, 0, 1, 1], "rotation": 270, "texture": "#2"},
				"west": {"uv": [0, 0, 1, 1], "rotation": 270, "texture": "#2"},
				"up": {"uv": [0, 0, 1, 1], "rotation": 270, "texture": "#2"},
				"down": {"uv": [0, 0, 1, 1], "rotation": 270, "texture": "#2"}
			}
		},
		{
			"from": [6.3025, 4.8, 9.91],
			"to": [6.3325, 4.85, 10.31],
			"faces": {
				"north": {"uv": [0, 0, 16, 5], "rotation": 90, "texture": "#0"},
				"east": {"uv": [0, 0, 16, 5], "rotation": 270, "texture": "#0"},
				"south": {"uv": [0, 0, 16, 16], "rotation": 270, "texture": "#3"},
				"west": {"uv": [0, 0, 16, 5], "rotation": 270, "texture": "#0"},
				"up": {"uv": [0, 0, 16, 5], "rotation": 270, "texture": "#0"},
				"down": {"uv": [0, 0, 16, 5], "rotation": 270, "texture": "#0"}
			}
		},
		{
			"from": [6.175, 4.71, 9.91],
			"to": [6.205, 4.76, 10.31],
			"rotation": {"angle": -45, "axis": "z", "origin": [6.19, 4.735, 10.11]},
			"faces": {
				"north": {"uv": [0, 0, 16, 5], "rotation": 90, "texture": "#0"},
				"east": {"uv": [0, 0, 16, 5], "rotation": 270, "texture": "#0"},
				"south": {"uv": [0, 0, 16, 16], "rotation": 270, "texture": "#3"},
				"west": {"uv": [0, 0, 16, 5], "rotation": 270, "texture": "#0"},
				"up": {"uv": [0, 0, 16, 5], "rotation": 270, "texture": "#0"},
				"down": {"uv": [0, 0, 16, 5], "rotation": 270, "texture": "#0"}
			}
		},
		{
			"from": [6.07, 4.56, 9.91],
			"to": [6.1, 4.61, 10.31],
			"faces": {
				"north": {"uv": [0, 0, 16, 5], "rotation": 90, "texture": "#0"},
				"east": {"uv": [0, 0, 16, 5], "rotation": 270, "texture": "#0"},
				"south": {"uv": [0, 0, 16, 16], "rotation": 270, "texture": "#3"},
				"west": {"uv": [0, 0, 16, 5], "rotation": 270, "texture": "#0"},
				"up": {"uv": [0, 0, 16, 5], "rotation": 270, "texture": "#0"},
				"down": {"uv": [0, 0, 16, 5], "rotation": 270, "texture": "#0"}
			}
		},
		{
			"from": [6.43, 4.71, 9.91],
			"to": [6.46, 4.76, 10.31],
			"rotation": {"angle": 45, "axis": "z", "origin": [6.445, 4.735, 10.11]},
			"faces": {
				"north": {"uv": [0, 0, 16, 5], "rotation": 90, "texture": "#0"},
				"east": {"uv": [0, 0, 16, 5], "rotation": 270, "texture": "#0"},
				"south": {"uv": [0, 0, 16, 16], "rotation": 270, "texture": "#3"},
				"west": {"uv": [0, 0, 16, 5], "rotation": 270, "texture": "#0"},
				"up": {"uv": [0, 0, 16, 5], "rotation": 270, "texture": "#0"},
				"down": {"uv": [0, 0, 16, 5], "rotation": 270, "texture": "#0"}
			}
		},
		{
			"from": [6.43, 4.41, 9.91],
			"to": [6.46, 4.46, 10.31],
			"rotation": {"angle": -45, "axis": "z", "origin": [6.445, 4.435, 10.11]},
			"faces": {
				"north": {"uv": [0, 0, 16, 5], "rotation": 90, "texture": "#0"},
				"east": {"uv": [0, 0, 16, 5], "rotation": 270, "texture": "#0"},
				"south": {"uv": [0, 0, 16, 16], "rotation": 270, "texture": "#1"},
				"west": {"uv": [0, 0, 16, 5], "rotation": 270, "texture": "#0"},
				"up": {"uv": [0, 0, 16, 5], "rotation": 270, "texture": "#0"},
				"down": {"uv": [0, 0, 16, 5], "rotation": 270, "texture": "#0"}
			}
		},
		{
			"from": [6.175, 4.41, 9.91],
			"to": [6.205, 4.46, 10.31],
			"rotation": {"angle": 45, "axis": "z", "origin": [6.19, 4.435, 10.11]},
			"faces": {
				"north": {"uv": [0, 0, 16, 5], "rotation": 90, "texture": "#0"},
				"east": {"uv": [0, 0, 16, 5], "rotation": 270, "texture": "#0"},
				"south": {"uv": [0, 0, 16, 16], "rotation": 270, "texture": "#3"},
				"west": {"uv": [0, 0, 16, 5], "rotation": 270, "texture": "#0"},
				"up": {"uv": [0, 0, 16, 5], "rotation": 270, "texture": "#0"},
				"down": {"uv": [0, 0, 16, 5], "rotation": 270, "texture": "#0"}
			}
		},
		{
			"from": [6.54, 4.56, 9.91],
			"to": [6.57, 4.61, 10.31],
			"faces": {
				"north": {"uv": [0, 0, 16, 5], "rotation": 90, "texture": "#0"},
				"east": {"uv": [0, 0, 16, 5], "rotation": 270, "texture": "#0"},
				"south": {"uv": [0, 0, 16, 16], "rotation": 270, "texture": "#3"},
				"west": {"uv": [0, 0, 16, 5], "rotation": 270, "texture": "#0"},
				"up": {"uv": [0, 0, 16, 5], "rotation": 270, "texture": "#0"},
				"down": {"uv": [0, 0, 16, 5], "rotation": 270, "texture": "#0"}
			}
		},
		{
			"from": [6.28, 4.46, 9.91],
			"to": [6.31, 4.61, 10.31],
			"rotation": {"angle": -22.5, "axis": "z", "origin": [6.295, 4.535, 10.11]},
			"faces": {
				"north": {"uv": [0, 0, 16, 5], "rotation": 90, "texture": "#0"},
				"east": {"uv": [0, 0, 16, 5], "rotation": 270, "texture": "#0"},
				"south": {"uv": [0, 0, 16, 16], "rotation": 270, "texture": "#1"},
				"west": {"uv": [0, 0, 16, 5], "rotation": 270, "texture": "#0"},
				"up": {"uv": [0, 0, 16, 5], "rotation": 270, "texture": "#0"},
				"down": {"uv": [0, 0, 16, 5], "rotation": 270, "texture": "#0"}
			}
		},
		{
			"from": [9.2, 3.6, 8.2],
			"to": [9.7, 4.8, 9.1],
			"faces": {
				"north": {"uv": [0, 0, 16, 5], "texture": "#0"},
				"east": {"uv": [0, 0, 16, 5], "texture": "#0"},
				"south": {"uv": [0, 0, 16, 5], "texture": "#0"},
				"west": {"uv": [0, 0, 16, 5], "texture": "#0"},
				"up": {"uv": [0, 0, 16, 5], "texture": "#0"},
				"down": {"uv": [0, 0, 16, 5], "texture": "#0"}
			}
		},
		{
			"from": [9.6, 4.6, 8.3],
			"to": [9.8, 4.61, 9],
			"rotation": {"angle": -22.5, "axis": "z", "origin": [9.85, 4.65, 8.65]},
			"faces": {
				"north": {"uv": [0, 0, 16, 5], "texture": "#0"},
				"east": {"uv": [0, 0, 16, 5], "texture": "#0"},
				"south": {"uv": [0, 0, 16, 5], "texture": "#0"},
				"west": {"uv": [0, 0, 16, 5], "texture": "#0"},
				"up": {"uv": [0, 0, 16, 5], "texture": "#0"},
				"down": {"uv": [0, 0, 16, 5], "texture": "#3"}
			}
		},
		{
			"from": [9.6, 4.5, 8.3],
			"to": [9.8, 4.51, 9],
			"rotation": {"angle": -22.5, "axis": "z", "origin": [9.85, 4.55, 8.65]},
			"faces": {
				"north": {"uv": [0, 0, 16, 5], "texture": "#0"},
				"east": {"uv": [0, 0, 16, 5], "texture": "#0"},
				"south": {"uv": [0, 0, 16, 5], "texture": "#0"},
				"west": {"uv": [0, 0, 16, 5], "texture": "#0"},
				"up": {"uv": [0, 0, 16, 5], "texture": "#0"},
				"down": {"uv": [0, 0, 16, 5], "texture": "#3"}
			}
		},
		{
			"from": [9.6, 4.3, 8.3],
			"to": [9.8, 4.31, 9],
			"rotation": {"angle": -22.5, "axis": "z", "origin": [9.85, 4.35, 8.65]},
			"faces": {
				"north": {"uv": [0, 0, 16, 5], "texture": "#0"},
				"east": {"uv": [0, 0, 16, 5], "texture": "#0"},
				"south": {"uv": [0, 0, 16, 5], "texture": "#0"},
				"west": {"uv": [0, 0, 16, 5], "texture": "#0"},
				"up": {"uv": [0, 0, 16, 5], "texture": "#0"},
				"down": {"uv": [0, 0, 16, 5], "texture": "#3"}
			}
		},
		{
			"from": [9.6, 4.4, 8.3],
			"to": [9.8, 4.41, 9],
			"rotation": {"angle": -22.5, "axis": "z", "origin": [9.85, 4.45, 8.65]},
			"faces": {
				"north": {"uv": [0, 0, 16, 5], "texture": "#0"},
				"east": {"uv": [0, 0, 16, 5], "texture": "#0"},
				"south": {"uv": [0, 0, 16, 5], "texture": "#0"},
				"west": {"uv": [0, 0, 16, 5], "texture": "#0"},
				"up": {"uv": [0, 0, 16, 5], "texture": "#0"},
				"down": {"uv": [0, 0, 16, 5], "texture": "#3"}
			}
		},
		{
			"from": [9.6, 4.2, 8.3],
			"to": [9.8, 4.21, 9],
			"rotation": {"angle": -22.5, "axis": "z", "origin": [9.85, 4.25, 8.65]},
			"faces": {
				"north": {"uv": [0, 0, 16, 5], "texture": "#0"},
				"east": {"uv": [0, 0, 16, 5], "texture": "#0"},
				"south": {"uv": [0, 0, 16, 5], "texture": "#0"},
				"west": {"uv": [0, 0, 16, 5], "texture": "#0"},
				"up": {"uv": [0, 0, 16, 5], "texture": "#0"},
				"down": {"uv": [0, 0, 16, 5], "texture": "#3"}
			}
		},
		{
			"from": [9.6, 4.1, 8.3],
			"to": [9.8, 4.11, 9],
			"rotation": {"angle": -22.5, "axis": "z", "origin": [9.85, 4.15, 8.65]},
			"faces": {
				"north": {"uv": [0, 0, 16, 5], "texture": "#0"},
				"east": {"uv": [0, 0, 16, 5], "texture": "#0"},
				"south": {"uv": [0, 0, 16, 5], "texture": "#0"},
				"west": {"uv": [0, 0, 16, 5], "texture": "#0"},
				"up": {"uv": [0, 0, 16, 5], "texture": "#0"},
				"down": {"uv": [0, 0, 16, 5], "texture": "#3"}
			}
		},
		{
			"from": [9.6, 4, 8.3],
			"to": [9.8, 4.01, 9],
			"rotation": {"angle": -22.5, "axis": "z", "origin": [9.85, 4.05, 8.65]},
			"faces": {
				"north": {"uv": [0, 0, 16, 5], "texture": "#0"},
				"east": {"uv": [0, 0, 16, 5], "texture": "#0"},
				"south": {"uv": [0, 0, 16, 5], "texture": "#0"},
				"west": {"uv": [0, 0, 16, 5], "texture": "#0"},
				"up": {"uv": [0, 0, 16, 5], "texture": "#0"},
				"down": {"uv": [0, 0, 16, 5], "texture": "#3"}
			}
		},
		{
			"from": [9.6, 3.9, 8.3],
			"to": [9.8, 3.91, 9],
			"rotation": {"angle": -22.5, "axis": "z", "origin": [9.85, 3.95, 8.65]},
			"faces": {
				"north": {"uv": [0, 0, 16, 5], "texture": "#0"},
				"east": {"uv": [0, 0, 16, 5], "texture": "#0"},
				"south": {"uv": [0, 0, 16, 5], "texture": "#0"},
				"west": {"uv": [0, 0, 16, 5], "texture": "#0"},
				"up": {"uv": [0, 0, 16, 5], "texture": "#0"},
				"down": {"uv": [0, 0, 16, 5], "texture": "#3"}
			}
		},
		{
			"from": [9.6, 3.8, 8.3],
			"to": [9.8, 3.81, 9],
			"rotation": {"angle": -22.5, "axis": "z", "origin": [9.85, 3.85, 8.65]},
			"faces": {
				"north": {"uv": [0, 0, 16, 5], "texture": "#0"},
				"east": {"uv": [0, 0, 16, 5], "texture": "#0"},
				"south": {"uv": [0, 0, 16, 5], "texture": "#0"},
				"west": {"uv": [0, 0, 16, 5], "texture": "#0"},
				"up": {"uv": [0, 0, 16, 5], "texture": "#0"},
				"down": {"uv": [0, 0, 16, 5], "texture": "#3"}
			}
		},
		{
			"from": [9.6, 3.7, 8.3],
			"to": [9.8, 3.71, 9],
			"rotation": {"angle": -22.5, "axis": "z", "origin": [9.85, 3.75, 8.65]},
			"faces": {
				"north": {"uv": [0, 0, 16, 5], "texture": "#0"},
				"east": {"uv": [0, 0, 16, 5], "texture": "#0"},
				"south": {"uv": [0, 0, 16, 5], "texture": "#0"},
				"west": {"uv": [0, 0, 16, 5], "texture": "#0"},
				"up": {"uv": [0, 0, 16, 5], "texture": "#0"},
				"down": {"uv": [0, 0, 16, 5], "texture": "#3"}
			}
		},
		{
			"from": [7.9, 1, 14.6],
			"to": [8.2, 1.3, 15.4],
			"faces": {
				"north": {"uv": [0, 0, 1, 1], "rotation": 270, "texture": "#2"},
				"east": {"uv": [0, 0, 1, 1], "rotation": 270, "texture": "#2"},
				"south": {"uv": [0, 0, 1, 1], "rotation": 270, "texture": "#2"},
				"west": {"uv": [0, 0, 1, 1], "rotation": 270, "texture": "#2"},
				"up": {"uv": [0, 0, 1, 1], "rotation": 270, "texture": "#2"},
				"down": {"uv": [0, 0, 1, 1], "rotation": 270, "texture": "#2"}
			}
		},
		{
			"from": [8, 0.9, 15.5],
			"to": [8.1, 2.1, 15.6],
			"rotation": {"angle": 22.5, "axis": "x", "origin": [8.3, 1.55, 16.05]},
			"faces": {
				"north": {"uv": [0, 0, 1, 1], "rotation": 270, "texture": "#2"},
				"east": {"uv": [0, 0, 1, 1], "rotation": 270, "texture": "#2"},
				"south": {"uv": [0, 0, 1, 1], "rotation": 270, "texture": "#2"},
				"west": {"uv": [0, 0, 1, 1], "rotation": 270, "texture": "#2"},
				"up": {"uv": [0, 0, 1, 1], "rotation": 270, "texture": "#2"},
				"down": {"uv": [0, 0, 1, 1], "rotation": 270, "texture": "#2"}
			}
		},
		{
			"from": [7.95, 1.9, 15.45],
			"to": [8.15, 2.2, 15.65],
			"rotation": {"angle": 22.5, "axis": "x", "origin": [8.25, 1.55, 16]},
			"faces": {
				"north": {"uv": [0, 0, 1, 1], "rotation": 270, "texture": "#2"},
				"east": {"uv": [0, 0, 1, 1], "rotation": 270, "texture": "#2"},
				"south": {"uv": [0, 0, 1, 1], "rotation": 270, "texture": "#2"},
				"west": {"uv": [0, 0, 1, 1], "rotation": 270, "texture": "#2"},
				"up": {"uv": [0, 0, 1, 1], "rotation": 270, "texture": "#2"},
				"down": {"uv": [0, 0, 1, 1], "rotation": 270, "texture": "#2"}
			}
		},
		{
			"from": [7.8, 0.9, 14.6],
			"to": [8.3, 1.4, 14.7],
			"faces": {
				"north": {"uv": [0, 0, 1, 1], "rotation": 270, "texture": "#2"},
				"east": {"uv": [0, 0, 1, 1], "rotation": 270, "texture": "#2"},
				"south": {"uv": [0, 0, 1, 1], "rotation": 270, "texture": "#2"},
				"west": {"uv": [0, 0, 1, 1], "rotation": 270, "texture": "#2"},
				"up": {"uv": [0, 0, 1, 1], "rotation": 270, "texture": "#2"},
				"down": {"uv": [0, 0, 1, 1], "rotation": 270, "texture": "#2"}
			}
		},
		{
			"from": [7.25, 2.9, 7.6],
			"to": [8.65, 4.3, 7.8],
			"rotation": {"angle": 45, "axis": "z", "origin": [8.1, 3.6, 7.7]},
			"faces": {
				"north": {"uv": [0, 0, 16, 5], "texture": "#0"},
				"east": {"uv": [0, 0, 16, 5], "texture": "#0"},
				"south": {"uv": [0, 0, 16, 5], "texture": "#0"},
				"west": {"uv": [0, 0, 16, 5], "texture": "#0"},
				"up": {"uv": [0, 0, 16, 5], "texture": "#0"},
				"down": {"uv": [0, 0, 16, 5], "texture": "#0"}
			}
		},
		{
			"from": [7.9, 4.1, 7.5],
			"to": [8.1, 4.3, 8.8],
			"rotation": {"angle": 45, "axis": "z", "origin": [8, 4.2, 8.1]},
			"faces": {
				"north": {"uv": [0, 0, 1, 1], "rotation": 270, "texture": "#2"},
				"east": {"uv": [0, 0, 1, 1], "rotation": 270, "texture": "#2"},
				"south": {"uv": [0, 0, 1, 1], "rotation": 270, "texture": "#2"},
				"west": {"uv": [0, 0, 1, 1], "rotation": 270, "texture": "#2"},
				"up": {"uv": [0, 0, 1, 1], "rotation": 270, "texture": "#2"},
				"down": {"uv": [0, 0, 1, 1], "rotation": 270, "texture": "#2"}
			}
		},
		{
			"from": [7.1, 3.4, 7.5],
			"to": [7.3, 3.6, 8.8],
			"rotation": {"angle": 45, "axis": "z", "origin": [7.2, 3.5, 8.1]},
			"faces": {
				"north": {"uv": [0, 0, 1, 1], "rotation": 270, "texture": "#2"},
				"east": {"uv": [0, 0, 1, 1], "rotation": 270, "texture": "#2"},
				"south": {"uv": [0, 0, 1, 1], "rotation": 270, "texture": "#2"},
				"west": {"uv": [0, 0, 1, 1], "rotation": 270, "texture": "#2"},
				"up": {"uv": [0, 0, 1, 1], "rotation": 270, "texture": "#2"},
				"down": {"uv": [0, 0, 1, 1], "rotation": 270, "texture": "#2"}
			}
		},
		{
			"from": [8.6, 3.4, 7.5],
			"to": [8.8, 3.6, 8.8],
			"rotation": {"angle": 45, "axis": "z", "origin": [8.7, 3.5, 8.1]},
			"faces": {
				"north": {"uv": [0, 0, 1, 1], "rotation": 270, "texture": "#2"},
				"east": {"uv": [0, 0, 1, 1], "rotation": 270, "texture": "#2"},
				"south": {"uv": [0, 0, 1, 1], "rotation": 270, "texture": "#2"},
				"west": {"uv": [0, 0, 1, 1], "rotation": 270, "texture": "#2"},
				"up": {"uv": [0, 0, 1, 1], "rotation": 270, "texture": "#2"},
				"down": {"uv": [0, 0, 1, 1], "rotation": 270, "texture": "#2"}
			}
		},
		{
			"from": [7.9, 2.7, 7.5],
			"to": [8.1, 2.9, 8.8],
			"rotation": {"angle": 45, "axis": "z", "origin": [8, 2.8, 8.1]},
			"faces": {
				"north": {"uv": [0, 0, 1, 1], "rotation": 270, "texture": "#2"},
				"east": {"uv": [0, 0, 1, 1], "rotation": 270, "texture": "#2"},
				"south": {"uv": [0, 0, 1, 1], "rotation": 270, "texture": "#2"},
				"west": {"uv": [0, 0, 1, 1], "rotation": 270, "texture": "#2"},
				"up": {"uv": [0, 0, 1, 1], "rotation": 270, "texture": "#2"},
				"down": {"uv": [0, 0, 1, 1], "rotation": 270, "texture": "#2"}
			}
		},
		{
			"from": [7.75, 3.25, -1.4],
			"to": [7.8, 3.3, 8.8],
			"faces": {
				"north": {"uv": [0, 0, 16, 2], "texture": "#2"},
				"east": {"uv": [0, 0, 16, 2], "texture": "#2"},
				"south": {"uv": [0, 0, 16, 2], "texture": "#2"},
				"west": {"uv": [0, 0, 16, 2], "texture": "#2"},
				"up": {"uv": [0, 0, 2, 16], "texture": "#2"},
				"down": {"uv": [0, 0, 2, 16], "texture": "#2"}
			}
		},
		{
			"from": [8.2, 3.25, -1.4],
			"to": [8.25, 3.3, 8.8],
			"faces": {
				"north": {"uv": [0, 0, 16, 2], "texture": "#2"},
				"east": {"uv": [0, 0, 16, 2], "texture": "#2"},
				"south": {"uv": [0, 0, 16, 2], "texture": "#2"},
				"west": {"uv": [0, 0, 16, 2], "texture": "#2"},
				"up": {"uv": [0, 0, 2, 16], "texture": "#2"},
				"down": {"uv": [0, 0, 2, 16], "texture": "#2"}
			}
		},
		{
			"from": [8.2, 3.7, -1.4],
			"to": [8.25, 3.75, 8.8],
			"faces": {
				"north": {"uv": [0, 0, 16, 2], "texture": "#2"},
				"east": {"uv": [0, 0, 16, 2], "texture": "#2"},
				"south": {"uv": [0, 0, 16, 2], "texture": "#2"},
				"west": {"uv": [0, 0, 16, 2], "texture": "#2"},
				"up": {"uv": [0, 0, 2, 16], "texture": "#2"},
				"down": {"uv": [0, 0, 2, 16], "texture": "#2"}
			}
		},
		{
			"from": [7.75, 3.7, -1.4],
			"to": [7.8, 3.75, 8.8],
			"faces": {
				"north": {"uv": [0, 0, 16, 2], "texture": "#2"},
				"east": {"uv": [0, 0, 16, 2], "texture": "#2"},
				"south": {"uv": [0, 0, 16, 2], "texture": "#2"},
				"west": {"uv": [0, 0, 16, 2], "texture": "#2"},
				"up": {"uv": [0, 0, 2, 16], "texture": "#2"},
				"down": {"uv": [0, 0, 2, 16], "texture": "#2"}
			}
		},
		{
			"from": [8.2, 3.55, 3],
			"to": [8.9, 3.65, 3.1],
			"rotation": {"angle": -22.5, "axis": "y", "origin": [8.55, 3.6, 3.05]},
			"faces": {
				"north": {"uv": [0, 0, 16, 5], "texture": "#2"},
				"east": {"uv": [0, 0, 16, 5], "texture": "#2"},
				"south": {"uv": [0, 0, 16, 5], "texture": "#2"},
				"west": {"uv": [0, 0, 16, 5], "texture": "#2"},
				"up": {"uv": [0, 0, 16, 5], "texture": "#2"},
				"down": {"uv": [0, 0, 16, 5], "texture": "#2"}
			}
		},
		{
			"from": [7.6, 3.15, 2.8],
			"to": [8.4, 3.95, 2.9],
			"faces": {
				"north": {"uv": [0, 0, 16, 5], "texture": "#0"},
				"east": {"uv": [0, 0, 16, 5], "texture": "#0"},
				"south": {"uv": [0, 0, 16, 5], "texture": "#0"},
				"west": {"uv": [0, 0, 16, 5], "texture": "#0"},
				"up": {"uv": [0, 0, 16, 5], "texture": "#0"},
				"down": {"uv": [0, 0, 16, 5], "texture": "#0"}
			}
		},
		{
			"from": [7.6, 3.2, 2.9],
			"to": [8.3, 3.85, 3],
			"faces": {
				"north": {"uv": [0, 0, 2, 16], "texture": "#2"},
				"east": {"uv": [0, 0, 2, 16], "texture": "#2"},
				"south": {"uv": [0, 0, 2, 16], "texture": "#2"},
				"west": {"uv": [0, 0, 2, 16], "texture": "#2"},
				"up": {"uv": [0, 0, 16, 2], "texture": "#2"},
				"down": {"uv": [0, 0, 16, 2], "texture": "#2"}
			}
		},
		{
			"from": [8.8, 3.5, 3.1],
			"to": [9, 3.7, 3.5],
			"faces": {
				"north": {"uv": [0, 0, 16, 5], "texture": "#0"},
				"east": {"uv": [0, 0, 16, 5], "texture": "#0"},
				"south": {"uv": [0, 0, 16, 5], "texture": "#0"},
				"west": {"uv": [0, 0, 16, 5], "texture": "#0"},
				"up": {"uv": [0, 0, 16, 5], "texture": "#0"},
				"down": {"uv": [0, 0, 16, 5], "texture": "#0"}
			}
		},
		{
			"from": [8.5, 3.5, 2.8],
			"to": [8.6, 3.7, 3],
			"faces": {
				"north": {"uv": [0, 0, 16, 5], "texture": "#0"},
				"east": {"uv": [0, 0, 16, 5], "texture": "#0"},
				"south": {"uv": [0, 0, 16, 5], "texture": "#0"},
				"west": {"uv": [0, 0, 16, 5], "texture": "#0"},
				"up": {"uv": [0, 0, 16, 5], "texture": "#0"},
				"down": {"uv": [0, 0, 16, 5], "texture": "#0"}
			}
		},
		{
			"from": [8.2, 3.56, 2.8],
			"to": [8.55, 3.64, 2.9],
			"rotation": {"angle": 22.5, "axis": "y", "origin": [8.55, 3.61, 2.85]},
			"faces": {
				"north": {"uv": [0, 0, 16, 5], "texture": "#2"},
				"east": {"uv": [0, 0, 16, 5], "texture": "#2"},
				"south": {"uv": [0, 0, 16, 5], "texture": "#2"},
				"west": {"uv": [0, 0, 16, 5], "texture": "#2"},
				"up": {"uv": [0, 0, 16, 5], "texture": "#2"},
				"down": {"uv": [0, 0, 16, 5], "texture": "#2"}
			}
		},
		{
			"from": [7.45, 0.6, 7.4],
			"to": [8.45, 1.6, 7.5],
			"rotation": {"angle": 45, "axis": "z", "origin": [8.1, 1.1, 7.4]},
			"faces": {
				"north": {"uv": [6, 0, 12, 5], "texture": "#2"},
				"east": {"uv": [0, 0, 1, 1], "texture": "#2"},
				"south": {"uv": [6, 0, 12, 5], "texture": "#2"},
				"west": {"uv": [0, 0, 1, 1], "texture": "#2"},
				"up": {"uv": [0, 0, 1, 1], "texture": "#2"},
				"down": {"uv": [0, 0, 1, 1], "texture": "#2"}
			}
		},
		{
			"from": [8.25, 1.3, 7.3],
			"to": [8.45, 1.5, 7.4],
			"rotation": {"angle": 45, "axis": "z", "origin": [8.1, 1, 7.3]},
			"faces": {
				"north": {"uv": [0, 0, 1, 1], "rotation": 270, "texture": "#2"},
				"east": {"uv": [0, 0, 1, 1], "rotation": 270, "texture": "#2"},
				"south": {"uv": [0, 0, 1, 1], "rotation": 270, "texture": "#2"},
				"west": {"uv": [0, 0, 1, 1], "rotation": 270, "texture": "#2"},
				"up": {"uv": [0, 0, 1, 1], "rotation": 270, "texture": "#2"},
				"down": {"uv": [0, 0, 1, 1], "rotation": 270, "texture": "#2"}
			}
		},
		{
			"from": [8.25, 0.4, 7.3],
			"to": [8.45, 0.6, 7.4],
			"rotation": {"angle": 45, "axis": "z", "origin": [8.1, 0.1, 7.3]},
			"faces": {
				"north": {"uv": [0, 0, 1, 1], "rotation": 270, "texture": "#2"},
				"east": {"uv": [0, 0, 1, 1], "rotation": 270, "texture": "#2"},
				"south": {"uv": [0, 0, 1, 1], "rotation": 270, "texture": "#2"},
				"west": {"uv": [0, 0, 1, 1], "rotation": 270, "texture": "#2"},
				"up": {"uv": [0, 0, 1, 1], "rotation": 270, "texture": "#2"},
				"down": {"uv": [0, 0, 1, 1], "rotation": 270, "texture": "#2"}
			}
		},
		{
			"from": [8.7, 0.85, 7.3],
			"to": [8.9, 1.05, 7.4],
			"rotation": {"angle": 45, "axis": "z", "origin": [8.55, 0.55, 7.3]},
			"faces": {
				"north": {"uv": [0, 0, 1, 1], "rotation": 270, "texture": "#2"},
				"east": {"uv": [0, 0, 1, 1], "rotation": 270, "texture": "#2"},
				"south": {"uv": [0, 0, 1, 1], "rotation": 270, "texture": "#2"},
				"west": {"uv": [0, 0, 1, 1], "rotation": 270, "texture": "#2"},
				"up": {"uv": [0, 0, 1, 1], "rotation": 270, "texture": "#2"},
				"down": {"uv": [0, 0, 1, 1], "rotation": 270, "texture": "#2"}
			}
		},
		{
			"from": [7.8, 0.85, 7.3],
			"to": [8, 1.05, 7.4],
			"rotation": {"angle": 45, "axis": "z", "origin": [7.65, 0.55, 7.3]},
			"faces": {
				"north": {"uv": [0, 0, 1, 1], "rotation": 270, "texture": "#2"},
				"east": {"uv": [0, 0, 1, 1], "rotation": 270, "texture": "#2"},
				"south": {"uv": [0, 0, 1, 1], "rotation": 270, "texture": "#2"},
				"west": {"uv": [0, 0, 1, 1], "rotation": 270, "texture": "#2"},
				"up": {"uv": [0, 0, 1, 1], "rotation": 270, "texture": "#2"},
				"down": {"uv": [0, 0, 1, 1], "rotation": 270, "texture": "#2"}
			}
		},
		{
			"from": [8.25, 0.85, 7.39],
			"to": [8.45, 1.05, 7.39],
			"rotation": {"angle": 45, "axis": "z", "origin": [8.1, 0.55, 7.3]},
			"faces": {
				"north": {"uv": [0, 0, 16, 5], "texture": "#3"},
				"east": {"uv": [0, 0, 16, 5], "texture": "#3"},
				"south": {"uv": [0, 0, 16, 5], "texture": "#3"},
				"west": {"uv": [0, 0, 16, 5], "texture": "#3"},
				"up": {"uv": [0, 0, 16, 5], "texture": "#3"},
				"down": {"uv": [0, 0, 16, 5], "texture": "#3"}
			}
		},
		{
			"from": [8.25, 0.88, 7.38],
			"to": [8.41, 1.04, 7.38],
			"rotation": {"angle": 45, "axis": "z", "origin": [8.1, 0.58, 7.29]},
			"faces": {
				"north": {"uv": [0, 0, 1, 1], "rotation": 270, "texture": "#2"},
				"east": {"uv": [0, 0, 1, 1], "rotation": 270, "texture": "#2"},
				"south": {"uv": [0, 0, 1, 1], "rotation": 270, "texture": "#2"},
				"west": {"uv": [0, 0, 1, 1], "rotation": 270, "texture": "#2"},
				"up": {"uv": [0, 0, 1, 1], "rotation": 270, "texture": "#2"},
				"down": {"uv": [0, 0, 1, 1], "rotation": 270, "texture": "#2"}
			}
		},
		{
			"from": [7.5, 1.1, 14.9],
			"to": [7.9, 1.2, 15.1],
			"faces": {
				"north": {"uv": [0, 0, 1, 1], "rotation": 270, "texture": "#2"},
				"east": {"uv": [0, 0, 1, 1], "rotation": 270, "texture": "#2"},
				"south": {"uv": [0, 0, 1, 1], "rotation": 270, "texture": "#2"},
				"west": {"uv": [0, 0, 1, 1], "rotation": 270, "texture": "#2"},
				"up": {"uv": [0, 0, 1, 1], "rotation": 270, "texture": "#2"},
				"down": {"uv": [0, 0, 1, 1], "rotation": 270, "texture": "#2"}
			}
		},
		{
			"from": [7.75, 1.2, 14.85],
			"to": [7.85, 2.6, 15.15],
			"rotation": {"angle": 22.5, "axis": "z", "origin": [8.2, 0.85, 14.85]},
			"faces": {
				"north": {"uv": [0, 0, 0.3, 1.4], "rotation": 270, "texture": "#0"},
				"east": {"uv": [0, 0, 0.3, 1.4], "rotation": 270, "texture": "#0"},
				"south": {"uv": [0, 0, 0.3, 1.4], "rotation": 270, "texture": "#0"},
				"west": {"uv": [0, 0, 0.3, 1.4], "rotation": 270, "texture": "#0"},
				"up": {"uv": [0, 0, 0.3, 1.4], "rotation": 270, "texture": "#0"},
				"down": {"uv": [0, 0, 0.3, 1.4], "rotation": 270, "texture": "#0"}
			}
		},
		{
			"from": [6.8, 2.1, 11.5],
			"to": [9.2, 3.1, 15.3],
			"faces": {
				"north": {"uv": [0, 0, 16, 5], "texture": "#0"},
				"east": {"uv": [0, 0, 16, 5], "texture": "#0"},
				"south": {"uv": [0, 0, 16, 5], "texture": "#0"},
				"west": {"uv": [0, 0, 16, 5], "texture": "#0"},
				"up": {"uv": [0, 0, 16, 5], "texture": "#0"},
				"down": {"uv": [0, 0, 16, 5], "texture": "#0"}
			}
		},
		{
			"from": [6.8, 3.1, 12.2],
			"to": [9.2, 3.5, 12.3],
			"faces": {
				"north": {"uv": [0, 0, 16, 5], "texture": "#0"},
				"east": {"uv": [0, 0, 16, 5], "texture": "#0"},
				"south": {"uv": [0, 0, 16, 5], "texture": "#0"},
				"west": {"uv": [0, 0, 16, 5], "texture": "#0"},
				"up": {"uv": [0, 0, 16, 5], "texture": "#0"},
				"down": {"uv": [0, 0, 16, 5], "texture": "#0"}
			}
		},
		{
			"from": [6.8, 3.1, 12.4],
			"to": [9.2, 3.5, 12.5],
			"faces": {
				"north": {"uv": [0, 0, 16, 5], "texture": "#0"},
				"east": {"uv": [0, 0, 16, 5], "texture": "#0"},
				"south": {"uv": [0, 0, 16, 5], "texture": "#0"},
				"west": {"uv": [0, 0, 16, 5], "texture": "#0"},
				"up": {"uv": [0, 0, 16, 5], "texture": "#0"},
				"down": {"uv": [0, 0, 16, 5], "texture": "#0"}
			}
		},
		{
			"from": [6.78, 2.2, 13.1],
			"to": [6.98, 2.9, 13.5],
			"faces": {
				"north": {"uv": [0, 0, 16, 5], "texture": "#2"},
				"east": {"uv": [0, 0, 16, 5], "texture": "#2"},
				"south": {"uv": [0, 0, 16, 5], "texture": "#2"},
				"west": {"uv": [0, 0, 16, 5], "texture": "#0"},
				"up": {"uv": [0, 0, 16, 5], "texture": "#2"},
				"down": {"uv": [0, 0, 16, 5], "texture": "#2"}
			}
		},
		{
			"from": [6.7, 2.6, 13.2],
			"to": [6.9, 2.8, 13.4],
			"faces": {
				"north": {"uv": [0, 0, 1, 1], "texture": "#2"},
				"east": {"uv": [0, 0, 1, 1], "texture": "#2"},
				"south": {"uv": [0, 0, 1, 1], "texture": "#2"},
				"west": {"uv": [0, 0, 1, 1], "texture": "#2"},
				"up": {"uv": [0, 0, 1, 1], "texture": "#2"},
				"down": {"uv": [0, 0, 1, 1], "texture": "#2"}
			}
		},
		{
			"from": [6.7, 2.3, 13.2],
			"to": [6.9, 2.5, 13.4],
			"faces": {
				"north": {"uv": [0, 0, 16, 5], "texture": "#1"},
				"east": {"uv": [0, 0, 16, 5], "texture": "#1"},
				"south": {"uv": [0, 0, 16, 5], "texture": "#1"},
				"west": {"uv": [0, 0, 16, 5], "texture": "#1"},
				"up": {"uv": [0, 0, 16, 5], "texture": "#1"},
				"down": {"uv": [0, 0, 16, 5], "texture": "#1"}
			}
		},
		{
			"from": [6.78, 2.2, 13.9],
			"to": [9.22, 2.9, 14.3],
			"faces": {
				"north": {"uv": [0, 0, 16, 5], "texture": "#2"},
				"east": {"uv": [0, 0, 4, 7], "texture": "#0"},
				"south": {"uv": [0, 0, 16, 5], "texture": "#2"},
				"west": {"uv": [0, 0, 4, 7], "texture": "#0"},
				"up": {"uv": [0, 0, 16, 5], "texture": "#2"},
				"down": {"uv": [0, 0, 16, 5], "texture": "#2"}
			}
		},
		{
			"from": [6.78, 2.2, 12.2],
			"to": [9.22, 2.9, 12.6],
			"faces": {
				"north": {"uv": [0, 0, 16, 5], "texture": "#2"},
				"east": {"uv": [0, 0, 4, 7], "texture": "#0"},
				"south": {"uv": [0, 0, 16, 5], "texture": "#2"},
				"west": {"uv": [0, 0, 4, 7], "texture": "#0"},
				"up": {"uv": [0, 0, 16, 5], "texture": "#2"},
				"down": {"uv": [0, 0, 16, 5], "texture": "#2"}
			}
		},
		{
			"from": [6.6, 2.3, 11],
			"to": [9.4, 2.9, 11.1],
			"faces": {
				"north": {"uv": [0, 0, 1, 1], "texture": "#0"},
				"east": {"uv": [0, 0, 1, 1], "texture": "#0"},
				"south": {"uv": [0, 0, 1, 1], "texture": "#0"},
				"west": {"uv": [0, 0, 1, 1], "texture": "#0"},
				"up": {"uv": [0, 0, 1, 1], "texture": "#0"},
				"down": {"uv": [0, 0, 1, 1], "texture": "#0"}
			}
		},
		{
			"from": [6.6, 2.3, 9.5],
			"to": [9.4, 2.9, 9.6],
			"faces": {
				"north": {"uv": [0, 0, 1, 1], "texture": "#0"},
				"east": {"uv": [0, 0, 1, 1], "texture": "#0"},
				"south": {"uv": [0, 0, 1, 1], "texture": "#0"},
				"west": {"uv": [0, 0, 1, 1], "texture": "#0"},
				"up": {"uv": [0, 0, 1, 1], "texture": "#0"},
				"down": {"uv": [0, 0, 1, 1], "texture": "#0"}
			}
		},
		{
			"from": [6.6, 2.3, 8.1],
			"to": [9.4, 2.9, 8.2],
			"faces": {
				"north": {"uv": [0, 0, 1, 1], "texture": "#0"},
				"east": {"uv": [0, 0, 1, 1], "texture": "#0"},
				"south": {"uv": [0, 0, 1, 1], "texture": "#0"},
				"west": {"uv": [0, 0, 1, 1], "texture": "#0"},
				"up": {"uv": [0, 0, 1, 1], "texture": "#0"},
				"down": {"uv": [0, 0, 1, 1], "texture": "#0"}
			}
		},
		{
			"from": [9, -0.1, 9.3],
			"to": [9.1, 1.3, 14.6],
			"faces": {
				"north": {"uv": [0, 0, 2.2, 1.4], "texture": "#0"},
				"east": {"uv": [0, 0, 16, 5], "texture": "#0"},
				"south": {"uv": [0, 0, 16, 5], "texture": "#0"},
				"west": {"uv": [0, 0, 16, 5], "texture": "#0"},
				"up": {"uv": [0, 0, 16, 5], "texture": "#0"},
				"down": {"uv": [0, 0, 1, 1], "texture": "#0"}
			}
		},
		{
			"from": [6.9, 1.4, 8],
			"to": [7, 2.1, 8.5],
			"faces": {
				"north": {"uv": [0, 0, 1, 1], "texture": "#0"},
				"east": {"uv": [0, 0, 4, 5], "texture": "#0"},
				"south": {"uv": [0, 0, 1, 1], "texture": "#0"},
				"west": {"uv": [0, 0, 16, 5], "texture": "#0"},
				"up": {"uv": [0, 0, 16, 5], "texture": "#0"},
				"down": {"uv": [0, 0, 1, 1], "texture": "#0"}
			}
		},
		{
			"from": [7, 2, 8],
			"to": [9, 2.1, 8.5],
			"faces": {
				"north": {"uv": [0, 0, 1, 1], "texture": "#0"},
				"east": {"uv": [0, 0, 16, 5], "texture": "#0"},
				"south": {"uv": [0, 0, 1, 1], "texture": "#0"},
				"west": {"uv": [0, 0, 16, 5], "texture": "#0"},
				"up": {"uv": [0, 0, 16, 5], "texture": "#0"},
				"down": {"uv": [0, 0, 16, 5], "texture": "#0"}
			}
		},
		{
			"from": [6.9, 1.3, 9.3],
			"to": [7, 1.8, 10.8],
			"faces": {
				"north": {"uv": [0, 0, 16, 5], "texture": "#0"},
				"east": {"uv": [0, 14, 4, 16], "texture": "#0"},
				"south": {"uv": [0, 0, 16, 5], "texture": "#0"},
				"west": {"uv": [0, 14, 4, 16], "texture": "#0"},
				"up": {"uv": [0, 0, 16, 5], "texture": "#0"},
				"down": {"uv": [0, 0, 16, 5], "texture": "#0"}
			}
		},
		{
			"from": [9, 1.3, 12.3],
			"to": [9.1, 2.1, 14.6],
			"faces": {
				"north": {"uv": [0, 0, 16, 5], "texture": "#0"},
				"east": {"uv": [0, 0, 16, 5], "texture": "#0"},
				"south": {"uv": [0, 0, 16, 5], "texture": "#0"},
				"west": {"uv": [0, 0, 16, 5], "texture": "#0"},
				"up": {"uv": [0, 0, 16, 5], "texture": "#0"},
				"down": {"uv": [0, 0, 16, 5], "texture": "#0"}
			}
		},
		{
			"from": [7, 2.2, 12.8],
			"to": [9, 3.6, 14.4],
			"faces": {
				"north": {"uv": [0, 0, 16, 16], "texture": "#2"},
				"east": {"uv": [0, 0, 16, 6], "texture": "#2"},
				"south": {"uv": [0, 0, 5, 6], "texture": "#2"},
				"west": {"uv": [0, 0, 16, 6], "texture": "#2"},
				"up": {"uv": [0, 0, 14, 16], "rotation": 180, "texture": "#2"},
				"down": {"uv": [0, 0, 16, 16], "texture": "#2"}
			}
		},
		{
			"from": [7, 2.2, 11.2],
			"to": [9, 3.6, 12.8],
			"faces": {
				"north": {"uv": [0, 0, 16, 16], "texture": "#2"},
				"east": {"uv": [0, 0, 16, 6], "texture": "#2"},
				"south": {"uv": [0, 0, 5, 6], "texture": "#2"},
				"west": {"uv": [0, 0, 16, 6], "texture": "#2"},
				"up": {"uv": [0, 0, 14, 16], "texture": "#2"},
				"down": {"uv": [0, 0, 16, 16], "texture": "#2"}
			}
		}
	],
	"display": {
		"thirdperson_righthand": {
			"rotation": [0, -15, 0],
			"translation": [1, 5, -3.5],
			"scale": [2, 2, 2]
		},
		"thirdperson_lefthand": {
			"rotation": [67.5, 0, 0],
			"translation": [1, 4, 4],
			"scale": [1.5, 1.5, 1.5]
		},
		"firstperson_righthand": {
			"rotation": [8, -4, 0],
			"translation": [8, 11.5, 3.25]
		},
		"firstperson_lefthand": {
			"scale": [0, 0, 0]
		},
		"ground": {
			"translation": [0, 5, 0]
		},
		"gui": {
			"rotation": [90, 50, -90],
			"translation": [4, 4.5, -7.5],
			"scale": [1.2, 1.2, 1.2]
		},
		"fixed": {
			"rotation": [90, 50, -90],
			"translation": [3.5, 6.5, -1],
			"scale": [1.5, 1.5, 1.5]
		}
	}
}