{
	"credit": "https://www.youtube.com/c/ZeroCaty",
	"textures": {
		"1": "block/gray_concrete",
		"2": "block/black_concrete",
		"3": "block/red_concrete"
	},
	"elements": [
		{
			"from": [7.7, 0.1, 10.1],
			"to": [8.3, 2.1, 11],
			"rotation": {"angle": -22.5, "axis": "x", "origin": [8, 0.5, 10.5]},
			"faces": {
				"north": {"uv": [0, 0, 1.9, 4.1], "texture": "#1"},
				"east": {"uv": [0, 0, 1.9, 4.1], "texture": "#1"},
				"south": {"uv": [0, 0, 1.9, 4.1], "texture": "#1"},
				"west": {"uv": [0, 0, 16, 16], "texture": "#1"},
				"up": {"uv": [0, 0, 1.9, 4.1], "texture": "#1"},
				"down": {"uv": [0, 0, 1.9, 4.1], "texture": "#1"}
			}
		},
		{
			"from": [7.6, 1.5, 9.5],
			"to": [8.4, 2.6, 10.4],
			"faces": {
				"north": {"uv": [0, 0, 0.9, 1.1], "texture": "#1"},
				"east": {"uv": [0, 0, 0.9, 1.1], "texture": "#1"},
				"south": {"uv": [0, 0, 0.9, 1.1], "texture": "#1"},
				"west": {"uv": [0, 0, 16, 16], "texture": "#1"},
				"up": {"uv": [0, 0, 0.9, 1.1], "texture": "#1"},
				"down": {"uv": [0, 0, 0.9, 1.1], "texture": "#1"}
			}
		},
		{
			"from": [7.8, 2.3, 10.1],
			"to": [8.2, 2.7, 10.5],
			"rotation": {"angle": 45, "axis": "x", "origin": [8, 2.5, 10.3]},
			"faces": {
				"north": {"uv": [0, 0, 0.4, 0.4], "rotation": 90, "texture": "#1"},
				"east": {"uv": [0, 0, 0.4, 0.4], "rotation": 90, "texture": "#1"},
				"south": {"uv": [0, 0, 0.4, 0.4], "rotation": 90, "texture": "#1"},
				"west": {"uv": [0, 0, 16, 16], "rotation": 90, "texture": "#1"},
				"up": {"uv": [0, 0, 0.4, 0.4], "rotation": 90, "texture": "#1"},
				"down": {"uv": [0, 0, 0.4, 0.4], "rotation": 90, "texture": "#1"}
			}
		},
		{
			"from": [7.8, 2.3, 10.1],
			"to": [8.2, 2.7, 10.5],
			"rotation": {"angle": 22.5, "axis": "x", "origin": [8, 2.5, 10.3]},
			"faces": {
				"north": {"uv": [0, 0, 0.4, 0.4], "rotation": 90, "texture": "#1"},
				"east": {"uv": [0, 0, 0.4, 0.4], "rotation": 90, "texture": "#1"},
				"south": {"uv": [0, 0, 0.4, 0.4], "rotation": 90, "texture": "#1"},
				"west": {"uv": [0, 0, 16, 16], "rotation": 90, "texture": "#1"},
				"up": {"uv": [0, 0, 0.4, 0.4], "rotation": 90, "texture": "#1"},
				"down": {"uv": [0, 0, 0.4, 0.4], "rotation": 90, "texture": "#1"}
			}
		},
		{
			"from": [7.8, 2.3, 10.1],
			"to": [8.2, 2.7, 10.5],
			"faces": {
				"north": {"uv": [0, 0, 0.4, 0.4], "rotation": 90, "texture": "#1"},
				"east": {"uv": [0, 0, 0.4, 0.4], "rotation": 90, "texture": "#1"},
				"south": {"uv": [0, 0, 0.4, 0.4], "rotation": 90, "texture": "#1"},
				"west": {"uv": [0, 0, 16, 16], "rotation": 90, "texture": "#1"},
				"up": {"uv": [0, 0, 0.4, 0.4], "rotation": 90, "texture": "#1"},
				"down": {"uv": [0, 0, 0.4, 0.4], "rotation": 90, "texture": "#1"}
			}
		},
		{
			"from": [7.8, 2.3, 10.1],
			"to": [8.2, 2.7, 10.5],
			"rotation": {"angle": -22.5, "axis": "x", "origin": [8, 2.5, 10.3]},
			"faces": {
				"north": {"uv": [0, 0, 0.4, 0.4], "rotation": 90, "texture": "#1"},
				"east": {"uv": [0, 0, 0.4, 0.4], "rotation": 90, "texture": "#1"},
				"south": {"uv": [0, 0, 0.4, 0.4], "rotation": 90, "texture": "#1"},
				"west": {"uv": [0, 0, 16, 16], "rotation": 90, "texture": "#1"},
				"up": {"uv": [0, 0, 0.4, 0.4], "rotation": 90, "texture": "#1"},
				"down": {"uv": [0, 0, 0.4, 0.4], "rotation": 90, "texture": "#1"}
			}
		},
		{
			"from": [7.6, 2.5, 9.5],
			"to": [8.4, 3, 10],
			"faces": {
				"north": {"uv": [0, 0, 0.9, 1.1], "texture": "#1"},
				"east": {"uv": [0, 0, 0.9, 1.1], "texture": "#1"},
				"south": {"uv": [0, 0, 0.9, 1.1], "texture": "#1"},
				"west": {"uv": [0, 0, 16, 16], "texture": "#1"},
				"up": {"uv": [0, 0, 0.9, 1.1], "texture": "#1"},
				"down": {"uv": [0, 0, 0.9, 1.1], "texture": "#1"}
			}
		},
		{
			"from": [7.6, 3, 7.5],
			"to": [8.4, 3.09, 9.8],
			"faces": {
				"north": {"uv": [0, 0, 2.3, 0.1], "texture": "#1"},
				"east": {"uv": [0, 0, 2.3, 0.1], "texture": "#1"},
				"south": {"uv": [0, 0, 2.3, 0.1], "texture": "#1"},
				"west": {"uv": [0, 0, 16, 16], "texture": "#1"},
				"up": {"uv": [0, 0, 2.3, 0.1], "texture": "#1"},
				"down": {"uv": [0, 0, 2.3, 0.1], "texture": "#1"}
			}
		},
		{
			"from": [7.6, 3.1, 7.48],
			"to": [7.9, 3.2, 9.8],
			"faces": {
				"north": {"uv": [0, 0, 2.3, 0.1], "texture": "#1"},
				"east": {"uv": [0, 0, 2.3, 0.1], "texture": "#1"},
				"south": {"uv": [0, 0, 2.3, 0.1], "texture": "#1"},
				"west": {"uv": [0, 0, 16, 16], "texture": "#1"},
				"up": {"uv": [0, 0, 2.3, 0.1], "texture": "#1"},
				"down": {"uv": [0, 0, 2.3, 0.1], "texture": "#1"}
			}
		},
		{
			"from": [8.1, 3.1, 7.48],
			"to": [8.4, 3.2, 9.8],
			"faces": {
				"north": {"uv": [0, 0, 2.3, 0.1], "texture": "#1"},
				"east": {"uv": [0, 0, 2.3, 0.1], "texture": "#1"},
				"south": {"uv": [0, 0, 2.3, 0.1], "texture": "#1"},
				"west": {"uv": [0, 0, 16, 16], "texture": "#1"},
				"up": {"uv": [0, 0, 2.3, 0.1], "texture": "#1"},
				"down": {"uv": [0, 0, 2.3, 0.1], "texture": "#1"}
			}
		},
		{
			"from": [7.5, 1.9, 7.91],
			"to": [8.5, 2.9, 9.39],
			"rotation": {"angle": 45, "axis": "z", "origin": [8, 2.4, 8.65]},
			"faces": {
				"north": {"uv": [0, 0, 0.8, 1.5], "texture": "#3"},
				"east": {"uv": [0, 0, 0.8, 1.5], "texture": "#3"},
				"south": {"uv": [0, 0, 0.8, 1.5], "texture": "#3"},
				"west": {"uv": [0, 0, 16, 16], "texture": "#3"},
				"up": {"uv": [0, 0, 0.8, 1.5], "texture": "#3"},
				"down": {"uv": [0, 0, 0.8, 1.5], "texture": "#3"}
			}
		},
		{
			"from": [7.5, 1.9, 7.9],
			"to": [8.5, 2.9, 9.4],
			"rotation": {"angle": 22.5, "axis": "z", "origin": [8, 2.4, 8.65]},
			"faces": {
				"north": {"uv": [0, 0, 1, 1.5], "texture": "#1"},
				"east": {"uv": [0, 0, 1, 1.5], "texture": "#1"},
				"south": {"uv": [0, 0, 1, 1.5], "texture": "#1"},
				"west": {"uv": [0, 0, 16, 16], "texture": "#1"},
				"up": {"uv": [0, 0, 1, 1.5], "texture": "#1"},
				"down": {"uv": [0, 0, 1, 1.5], "texture": "#1"}
			}
		},
		{
			"from": [7.5, 1.9, 7.9],
			"to": [8.5, 2.9, 9.4],
			"rotation": {"angle": -22.5, "axis": "z", "origin": [8, 2.4, 8.65]},
			"faces": {
				"north": {"uv": [0, 0, 1, 1.5], "texture": "#1"},
				"east": {"uv": [0, 0, 1, 1.5], "texture": "#1"},
				"south": {"uv": [0, 0, 1, 1.5], "texture": "#1"},
				"west": {"uv": [0, 0, 16, 16], "texture": "#1"},
				"up": {"uv": [0, 0, 1, 1.5], "texture": "#1"},
				"down": {"uv": [0, 0, 1, 1.5], "texture": "#1"}
			}
		},
		{
			"from": [7.6, 1.7, 7.5],
			"to": [8.4, 3, 7.8],
			"faces": {
				"north": {"uv": [0, 0, 0.3, 1.3], "texture": "#1"},
				"east": {"uv": [0, 0, 0.3, 1.3], "texture": "#1"},
				"south": {"uv": [0, 0, 0.3, 1.3], "texture": "#1"},
				"west": {"uv": [0, 0, 16, 16], "texture": "#1"},
				"up": {"uv": [0, 0, 0.3, 1.3], "texture": "#1"},
				"down": {"uv": [0, 0, 0.3, 1.3], "texture": "#1"}
			}
		},
		{
			"from": [7.6, 1.68, 7.8],
			"to": [8.4, 1.8, 9.5],
			"faces": {
				"north": {"uv": [0, 0, 1.7, 0.1], "texture": "#1"},
				"east": {"uv": [0, 0, 1.7, 0.1], "texture": "#1"},
				"south": {"uv": [0, 0, 1.7, 0.1], "texture": "#1"},
				"west": {"uv": [0, 0, 16, 16], "texture": "#1"},
				"up": {"uv": [0, 0, 1.7, 0.1], "texture": "#1"},
				"down": {"uv": [0, 0, 1.7, 0.1], "texture": "#1"}
			}
		},
		{
			"from": [7.8, 1.7, 9.3],
			"to": [8.2, 2, 9.4],
			"rotation": {"angle": 22.5, "axis": "x", "origin": [8, 1.55, 8.65]},
			"faces": {
				"north": {"uv": [0, 0, 0.3, 0.1], "rotation": 90, "texture": "#1"},
				"east": {"uv": [0, 0, 0.3, 0.1], "rotation": 90, "texture": "#1"},
				"south": {"uv": [0, 0, 0.3, 0.1], "rotation": 90, "texture": "#1"},
				"west": {"uv": [0, 0, 16, 16], "rotation": 90, "texture": "#1"},
				"up": {"uv": [0, 0, 0.3, 0.1], "rotation": 90, "texture": "#1"},
				"down": {"uv": [0, 0, 0.3, 0.1], "rotation": 90, "texture": "#1"}
			}
		},
		{
			"from": [7.8, 1, 8.5],
			"to": [8.2, 1.1, 9],
			"rotation": {"angle": -45, "axis": "x", "origin": [8, 1.75, 8.65]},
			"faces": {
				"north": {"uv": [0, 0, 0.5, 0.1], "texture": "#1"},
				"east": {"uv": [0, 0, 0.5, 0.1], "texture": "#1"},
				"south": {"uv": [0, 0, 0.5, 0.1], "texture": "#1"},
				"west": {"uv": [0, 0, 16, 16], "texture": "#1"},
				"up": {"uv": [0, 0, 0.5, 0.1], "texture": "#1"},
				"down": {"uv": [0, 0, 0.5, 0.1], "texture": "#1"}
			}
		},
		{
			"from": [7.8, 1.1, 8.4],
			"to": [8.2, 1.2, 9.1],
			"faces": {
				"north": {"uv": [0, 0, 0.7, 0.1], "texture": "#1"},
				"east": {"uv": [0, 0, 0.7, 0.1], "texture": "#1"},
				"south": {"uv": [0, 0, 0.7, 0.1], "texture": "#1"},
				"west": {"uv": [0, 0, 16, 16], "texture": "#1"},
				"up": {"uv": [0, 0, 0.7, 0.1], "texture": "#1"},
				"down": {"uv": [0, 0, 0.7, 0.1], "texture": "#1"}
			}
		},
		{
			"from": [7.8, 1, 8.5],
			"to": [8.2, 1.1, 9],
			"rotation": {"angle": 45, "axis": "x", "origin": [8, 1.75, 8.85]},
			"faces": {
				"north": {"uv": [0, 0, 0.5, 0.1], "texture": "#1"},
				"east": {"uv": [0, 0, 0.5, 0.1], "texture": "#1"},
				"south": {"uv": [0, 0, 0.5, 0.1], "texture": "#1"},
				"west": {"uv": [0, 0, 16, 16], "texture": "#1"},
				"up": {"uv": [0, 0, 0.5, 0.1], "texture": "#1"},
				"down": {"uv": [0, 0, 0.5, 0.1], "texture": "#1"}
			}
		},
		{
			"from": [7.8, 1.7, 8.1],
			"to": [8.2, 2, 8.2],
			"rotation": {"angle": -22.5, "axis": "x", "origin": [8, 1.55, 8.85]},
			"faces": {
				"north": {"uv": [0, 0, 0.3, 0.1], "rotation": 270, "texture": "#1"},
				"east": {"uv": [0, 0, 0.3, 0.1], "rotation": 270, "texture": "#1"},
				"south": {"uv": [0, 0, 0.3, 0.1], "rotation": 270, "texture": "#1"},
				"west": {"uv": [0, 0, 16, 16], "rotation": 270, "texture": "#1"},
				"up": {"uv": [0, 0, 0.3, 0.1], "rotation": 270, "texture": "#1"},
				"down": {"uv": [0, 0, 0.3, 0.1], "rotation": 270, "texture": "#1"}
			}
		},
		{
			"from": [7.9, 1.5, 9],
			"to": [8.1, 1.9, 9.1],
			"rotation": {"angle": 22.5, "axis": "x", "origin": [8, 1.75, 8.65]},
			"faces": {
				"north": {"uv": [0, 0, 0.4, 0.1], "rotation": 90, "texture": "#1"},
				"east": {"uv": [0, 0, 0.4, 0.1], "rotation": 90, "texture": "#1"},
				"south": {"uv": [0, 0, 0.4, 0.1], "rotation": 90, "texture": "#1"},
				"west": {"uv": [0, 0, 16, 16], "rotation": 90, "texture": "#1"},
				"up": {"uv": [0, 0, 0.4, 0.1], "rotation": 90, "texture": "#1"},
				"down": {"uv": [0, 0, 0.4, 0.1], "rotation": 90, "texture": "#1"}
			}
		},
		{
			"from": [7.7, 2.45, 4.2],
			"to": [8.3, 3.05, 6.5],
			"faces": {
				"north": {"uv": [6, 0, 16, 3.1], "texture": "#1"},
				"east": {"uv": [6, 0, 16, 3.1], "texture": "#1"},
				"south": {"uv": [6, 0, 16, 3.1], "texture": "#1"},
				"west": {"uv": [0, 0, 16, 16], "texture": "#1"},
				"up": {"uv": [6, 0, 16, 3.1], "texture": "#1"},
				"down": {"uv": [6, 0, 16, 3.1], "texture": "#1"}
			}
		},
		{
			"from": [7.7, 1.75, 4.3],
			"to": [8.3, 2.35, 7.5],
			"faces": {
				"north": {"uv": [0, 0, 16, 3.1], "texture": "#1"},
				"east": {"uv": [0, 0, 16, 3.1], "texture": "#1"},
				"south": {"uv": [0, 0, 16, 3.1], "texture": "#1"},
				"west": {"uv": [0, 0, 16, 16], "texture": "#1"},
				"up": {"uv": [0, 0, 16, 3.1], "texture": "#1"},
				"down": {"uv": [0, 0, 3, 15.1], "texture": "#1"}
			}
		},
		{
			"from": [7.8, 2.35, 4.3],
			"to": [8.2, 2.45, 7.5],
			"faces": {
				"north": {"uv": [0, 0, 3.2, 0.1], "texture": "#1"},
				"east": {"uv": [0, 0, 3.2, 0.1], "texture": "#1"},
				"south": {"uv": [0, 0, 3.2, 0.1], "texture": "#1"},
				"west": {"uv": [0, 0, 16, 16], "texture": "#1"},
				"up": {"uv": [0, 0, 3.2, 0.1], "texture": "#1"},
				"down": {"uv": [0, 0, 3.2, 0.1], "texture": "#1"}
			}
		},
		{
			"from": [7.8, 2.25, 6.7],
			"to": [8.2, 2.35, 6.8],
			"rotation": {"angle": 45, "axis": "x", "origin": [8, 3.1, 7.45]},
			"faces": {
				"north": {"uv": [0, 0, 0.4, 0.1], "texture": "#1"},
				"east": {"uv": [0, 0, 0.4, 0.1], "texture": "#1"},
				"south": {"uv": [0, 0, 0.4, 0.1], "texture": "#1"},
				"west": {"uv": [0, 0, 16, 16], "texture": "#1"},
				"up": {"uv": [0, 0, 0.4, 0.1], "texture": "#1"},
				"down": {"uv": [0, 0, 0.4, 0.1], "texture": "#1"}
			}
		},
		{
			"from": [7.8, 2.15, 6.6],
			"to": [8.2, 2.25, 6.7],
			"rotation": {"angle": 45, "axis": "x", "origin": [8, 3.1, 7.45]},
			"faces": {
				"north": {"uv": [0, 0, 0.4, 0.1], "texture": "#1"},
				"east": {"uv": [0, 0, 0.4, 0.1], "texture": "#1"},
				"south": {"uv": [0, 0, 0.4, 0.1], "texture": "#1"},
				"west": {"uv": [0, 0, 16, 16], "texture": "#1"},
				"up": {"uv": [0, 0, 0.4, 0.1], "texture": "#1"},
				"down": {"uv": [0, 0, 0.4, 0.1], "texture": "#1"}
			}
		},
		{
			"from": [7.8, 2.05, 6.5],
			"to": [8.2, 2.15, 6.6],
			"rotation": {"angle": 45, "axis": "x", "origin": [8, 3.1, 7.45]},
			"faces": {
				"north": {"uv": [0, 0, 0.4, 0.1], "texture": "#1"},
				"east": {"uv": [0, 0, 0.4, 0.1], "texture": "#1"},
				"south": {"uv": [0, 0, 0.4, 0.1], "texture": "#1"},
				"west": {"uv": [0, 0, 16, 16], "texture": "#1"},
				"up": {"uv": [0, 0, 0.4, 0.1], "texture": "#1"},
				"down": {"uv": [0, 0, 0.4, 0.1], "texture": "#1"}
			}
		},
		{
			"from": [7.8, 1.95, 6.4],
			"to": [8.2, 2.05, 6.5],
			"rotation": {"angle": 45, "axis": "x", "origin": [8, 3.1, 7.45]},
			"faces": {
				"north": {"uv": [0, 0, 0.4, 0.1], "texture": "#1"},
				"east": {"uv": [0, 0, 0.4, 0.1], "texture": "#1"},
				"south": {"uv": [0, 0, 0.4, 0.1], "texture": "#1"},
				"west": {"uv": [0, 0, 16, 16], "texture": "#1"},
				"up": {"uv": [0, 0, 0.4, 0.1], "texture": "#1"},
				"down": {"uv": [0, 0, 0.4, 0.1], "texture": "#1"}
			}
		},
		{
			"from": [7.8, 1.85, 6.3],
			"to": [8.2, 1.95, 6.4],
			"rotation": {"angle": 45, "axis": "x", "origin": [8, 3.1, 7.45]},
			"faces": {
				"north": {"uv": [0, 0, 0.4, 0.1], "texture": "#1"},
				"east": {"uv": [0, 0, 0.4, 0.1], "texture": "#1"},
				"south": {"uv": [0, 0, 0.4, 0.1], "texture": "#1"},
				"west": {"uv": [0, 0, 16, 16], "texture": "#1"},
				"up": {"uv": [0, 0, 0.4, 0.1], "texture": "#1"},
				"down": {"uv": [0, 0, 0.4, 0.1], "texture": "#1"}
			}
		},
		{
			"from": [7.8, 1.75, 6.2],
			"to": [8.2, 1.85, 6.3],
			"rotation": {"angle": 45, "axis": "x", "origin": [8, 3.1, 7.45]},
			"faces": {
				"north": {"uv": [0, 0, 0.4, 0.1], "texture": "#1"},
				"east": {"uv": [0, 0, 0.4, 0.1], "texture": "#1"},
				"south": {"uv": [0, 0, 0.4, 0.1], "texture": "#1"},
				"west": {"uv": [0, 0, 16, 16], "texture": "#1"},
				"up": {"uv": [0, 0, 0.4, 0.1], "texture": "#1"},
				"down": {"uv": [0, 0, 0.4, 0.1], "texture": "#1"}
			}
		},
		{
			"from": [7.8, 1.65, 6.1],
			"to": [8.2, 1.75, 6.2],
			"rotation": {"angle": 45, "axis": "x", "origin": [8, 3.1, 7.45]},
			"faces": {
				"north": {"uv": [0, 0, 0.4, 0.1], "texture": "#1"},
				"east": {"uv": [0, 0, 0.4, 0.1], "texture": "#1"},
				"south": {"uv": [0, 0, 0.4, 0.1], "texture": "#1"},
				"west": {"uv": [0, 0, 16, 16], "texture": "#1"},
				"up": {"uv": [0, 0, 0.4, 0.1], "texture": "#1"},
				"down": {"uv": [0, 0, 0.4, 0.1], "texture": "#1"}
			}
		},
		{
			"from": [7.8, 1.55, 6],
			"to": [8.2, 1.65, 6.1],
			"rotation": {"angle": 45, "axis": "x", "origin": [8, 3.1, 7.45]},
			"faces": {
				"north": {"uv": [0, 0, 0.4, 0.1], "texture": "#1"},
				"east": {"uv": [0, 0, 0.4, 0.1], "texture": "#1"},
				"south": {"uv": [0, 0, 0.4, 0.1], "texture": "#1"},
				"west": {"uv": [0, 0, 16, 16], "texture": "#1"},
				"up": {"uv": [0, 0, 0.4, 0.1], "texture": "#1"},
				"down": {"uv": [0, 0, 0.4, 0.1], "texture": "#1"}
			}
		},
		{
			"from": [7.8, 1.45, 5.9],
			"to": [8.2, 1.55, 6],
			"rotation": {"angle": 45, "axis": "x", "origin": [8, 3.1, 7.45]},
			"faces": {
				"north": {"uv": [0, 0, 0.4, 0.1], "texture": "#1"},
				"east": {"uv": [0, 0, 0.4, 0.1], "texture": "#1"},
				"south": {"uv": [0, 0, 0.4, 0.1], "texture": "#1"},
				"west": {"uv": [0, 0, 16, 16], "texture": "#1"},
				"up": {"uv": [0, 0, 0.4, 0.1], "texture": "#1"},
				"down": {"uv": [0, 0, 0.4, 0.1], "texture": "#1"}
			}
		},
		{
			"from": [7.8, 1.35, 5.8],
			"to": [8.2, 1.45, 5.9],
			"rotation": {"angle": 45, "axis": "x", "origin": [8, 3.1, 7.45]},
			"faces": {
				"north": {"uv": [0, 0, 0.4, 0.1], "texture": "#1"},
				"east": {"uv": [0, 0, 0.4, 0.1], "texture": "#1"},
				"south": {"uv": [0, 0, 0.4, 0.1], "texture": "#1"},
				"west": {"uv": [0, 0, 16, 16], "texture": "#1"},
				"up": {"uv": [0, 0, 0.4, 0.1], "texture": "#1"},
				"down": {"uv": [0, 0, 0.4, 0.1], "texture": "#1"}
			}
		},
		{
			"from": [7.8, 1.25, 5.7],
			"to": [8.2, 1.35, 5.8],
			"rotation": {"angle": 45, "axis": "x", "origin": [8, 3.1, 7.45]},
			"faces": {
				"north": {"uv": [0, 0, 0.4, 0.1], "texture": "#1"},
				"east": {"uv": [0, 0, 0.4, 0.1], "texture": "#1"},
				"south": {"uv": [0, 0, 0.4, 0.1], "texture": "#1"},
				"west": {"uv": [0, 0, 16, 16], "texture": "#1"},
				"up": {"uv": [0, 0, 0.4, 0.1], "texture": "#1"},
				"down": {"uv": [0, 0, 0.4, 0.1], "texture": "#1"}
			}
		},
		{
			"from": [7.8, 1.15, 5.6],
			"to": [8.2, 1.25, 5.7],
			"rotation": {"angle": 45, "axis": "x", "origin": [8, 3.1, 7.45]},
			"faces": {
				"north": {"uv": [0, 0, 0.4, 0.1], "texture": "#1"},
				"east": {"uv": [0, 0, 0.4, 0.1], "texture": "#1"},
				"south": {"uv": [0, 0, 0.4, 0.1], "texture": "#1"},
				"west": {"uv": [0, 0, 16, 16], "texture": "#1"},
				"up": {"uv": [0, 0, 0.4, 0.1], "texture": "#1"},
				"down": {"uv": [0, 0, 0.4, 0.1], "texture": "#1"}
			}
		},
		{
			"from": [7.8, 1.05, 5.5],
			"to": [8.2, 1.15, 5.6],
			"rotation": {"angle": 45, "axis": "x", "origin": [8, 3.1, 7.45]},
			"faces": {
				"north": {"uv": [0, 0, 0.4, 0.1], "texture": "#1"},
				"east": {"uv": [0, 0, 0.4, 0.1], "texture": "#1"},
				"south": {"uv": [0, 0, 0.4, 0.1], "texture": "#1"},
				"west": {"uv": [0, 0, 16, 16], "texture": "#1"},
				"up": {"uv": [0, 0, 0.4, 0.1], "texture": "#1"},
				"down": {"uv": [0, 0, 0.4, 0.1], "texture": "#1"}
			}
		},
		{
			"from": [7.9, 2.87929, 4.25944],
			"to": [8.1, 3.17929, 4.55944],
			"rotation": {"angle": -22.5, "axis": "x", "origin": [8, 3.02929, 4.40944]},
			"faces": {
				"north": {"uv": [0, 0, 0.3, 0.3], "rotation": 90, "texture": "#1"},
				"east": {"uv": [0, 0, 0.3, 0.3], "rotation": 90, "texture": "#1"},
				"south": {"uv": [0, 0, 0.3, 0.3], "rotation": 90, "texture": "#1"},
				"west": {"uv": [0, 0, 16, 16], "rotation": 90, "texture": "#1"},
				"up": {"uv": [0, 0, 0.3, 0.3], "rotation": 90, "texture": "#1"},
				"down": {"uv": [0, 0, 0.3, 0.3], "rotation": 90, "texture": "#1"}
			}
		},
		{
			"from": [7.6, 2.45, 6.5],
			"to": [8.4, 3.05, 7.5],
			"faces": {
				"north": {"uv": [0, 0, 7, 3.1], "texture": "#1"},
				"east": {"uv": [0, 0, 7, 3.1], "texture": "#1"},
				"south": {"uv": [0, 0, 7, 3.1], "texture": "#1"},
				"west": {"uv": [0, 0, 16, 16], "texture": "#1"},
				"up": {"uv": [0, 0, 7, 3.1], "texture": "#1"},
				"down": {"uv": [0, 0, 7, 3.1], "texture": "#1"}
			}
		},
		{
			"from": [7.7, 3.05, 6.6],
			"to": [8.3, 3.15, 7.4],
			"faces": {
				"north": {"uv": [0, 0, 0.8, 0.1], "texture": "#1"},
				"east": {"uv": [0, 0, 0.8, 0.1], "texture": "#1"},
				"south": {"uv": [0, 0, 0.8, 0.1], "texture": "#1"},
				"west": {"uv": [0, 0, 16, 16], "texture": "#1"},
				"up": {"uv": [0, 0, 0.8, 0.1], "texture": "#1"},
				"down": {"uv": [0, 0, 0.8, 0.1], "texture": "#1"}
			}
		},
		{
			"from": [7.5, 3, 4.1],
			"to": [7.9, 3.1, 4.2],
			"rotation": {"angle": 45, "axis": "z", "origin": [8, 3.1, 4.15]},
			"faces": {
				"north": {"uv": [0, 0, 0.4, 0.1], "texture": "#1"},
				"east": {"uv": [0, 0, 0.4, 0.1], "texture": "#1"},
				"south": {"uv": [0, 0, 0.4, 0.1], "texture": "#1"},
				"west": {"uv": [0, 0, 16, 16], "texture": "#1"},
				"up": {"uv": [0, 0, 0.4, 0.1], "texture": "#1"},
				"down": {"uv": [0, 0, 0.4, 0.1], "texture": "#1"}
			}
		},
		{
			"from": [8, 3, 4.1],
			"to": [8.4, 3.1, 4.2],
			"rotation": {"angle": -45, "axis": "z", "origin": [8, 3.1, 4.15]},
			"faces": {
				"north": {"uv": [0, 0, 0.4, 0.1], "texture": "#1"},
				"east": {"uv": [0, 0, 0.4, 0.1], "texture": "#1"},
				"south": {"uv": [0, 0, 0.4, 0.1], "texture": "#1"},
				"west": {"uv": [0, 0, 16, 16], "texture": "#1"},
				"up": {"uv": [0, 0, 0.4, 0.1], "texture": "#1"},
				"down": {"uv": [0, 0, 0.4, 0.1], "texture": "#1"}
			}
		},
		{
			"from": [7.6, 2.6, 4.1],
			"to": [8, 2.7, 4.2],
			"rotation": {"angle": 45, "axis": "z", "origin": [8, 3.1, 4.15]},
			"faces": {
				"north": {"uv": [0, 0, 0.4, 0.1], "texture": "#1"},
				"east": {"uv": [0, 0, 0.4, 0.1], "texture": "#1"},
				"south": {"uv": [0, 0, 0.4, 0.1], "texture": "#1"},
				"west": {"uv": [0, 0, 16, 16], "texture": "#1"},
				"up": {"uv": [0, 0, 0.4, 0.1], "texture": "#1"},
				"down": {"uv": [0, 0, 0.4, 0.1], "texture": "#1"}
			}
		},
		{
			"from": [8.1, 2.6, 4.1],
			"to": [8.5, 2.7, 4.2],
			"rotation": {"angle": -45, "axis": "z", "origin": [8, 3.1, 4.15]},
			"faces": {
				"north": {"uv": [0, 0, 0.4, 0.1], "texture": "#1"},
				"east": {"uv": [0, 0, 0.4, 0.1], "texture": "#1"},
				"south": {"uv": [0, 0, 0.4, 0.1], "texture": "#1"},
				"west": {"uv": [0, 0, 16, 16], "texture": "#1"},
				"up": {"uv": [0, 0, 0.4, 0.1], "texture": "#1"},
				"down": {"uv": [0, 0, 0.4, 0.1], "texture": "#1"}
			}
		},
		{
			"from": [8.1, 1.9, 4.2],
			"to": [8.5, 2, 4.3],
			"rotation": {"angle": -45, "axis": "z", "origin": [8, 2.4, 4.25]},
			"faces": {
				"north": {"uv": [0, 0, 0.4, 0.1], "texture": "#1"},
				"east": {"uv": [0, 0, 0.4, 0.1], "texture": "#1"},
				"south": {"uv": [0, 0, 0.4, 0.1], "texture": "#1"},
				"west": {"uv": [0, 0, 16, 16], "texture": "#1"},
				"up": {"uv": [0, 0, 0.4, 0.1], "texture": "#1"},
				"down": {"uv": [0, 0, 0.4, 0.1], "texture": "#1"}
			}
		},
		{
			"from": [7.6, 1.9, 4.2],
			"to": [8, 2, 4.3],
			"rotation": {"angle": 45, "axis": "z", "origin": [8, 2.4, 4.25]},
			"faces": {
				"north": {"uv": [0, 0, 0.4, 0.1], "texture": "#1"},
				"east": {"uv": [0, 0, 0.4, 0.1], "texture": "#1"},
				"south": {"uv": [0, 0, 0.4, 0.1], "texture": "#1"},
				"west": {"uv": [0, 0, 16, 16], "texture": "#1"},
				"up": {"uv": [0, 0, 0.4, 0.1], "texture": "#1"},
				"down": {"uv": [0, 0, 0.4, 0.1], "texture": "#1"}
			}
		},
		{
			"from": [8, 2.3, 4.2],
			"to": [8.4, 2.4, 4.3],
			"rotation": {"angle": -45, "axis": "z", "origin": [8, 2.4, 4.25]},
			"faces": {
				"north": {"uv": [0, 0, 0.4, 0.1], "texture": "#1"},
				"east": {"uv": [0, 0, 0.4, 0.1], "texture": "#1"},
				"south": {"uv": [0, 0, 0.4, 0.1], "texture": "#1"},
				"west": {"uv": [0, 0, 16, 16], "texture": "#1"},
				"up": {"uv": [0, 0, 0.4, 0.1], "texture": "#1"},
				"down": {"uv": [0, 0, 0.4, 0.1], "texture": "#1"}
			}
		},
		{
			"from": [7.5, 2.3, 4.2],
			"to": [7.9, 2.4, 4.3],
			"rotation": {"angle": 45, "axis": "z", "origin": [8, 2.4, 4.25]},
			"faces": {
				"north": {"uv": [0, 0, 0.4, 0.1], "texture": "#1"},
				"east": {"uv": [0, 0, 0.4, 0.1], "texture": "#1"},
				"south": {"uv": [0, 0, 0.4, 0.1], "texture": "#1"},
				"west": {"uv": [0, 0, 16, 16], "texture": "#1"},
				"up": {"uv": [0, 0, 0.4, 0.1], "texture": "#1"},
				"down": {"uv": [0, 0, 0.4, 0.1], "texture": "#1"}
			}
		},
		{
			"from": [7.95, 2.35, 7.8],
			"to": [8.05, 2.45, 9.5],
			"faces": {
				"north": {"uv": [0, 0, 1.7, 0.1], "texture": "#1"},
				"east": {"uv": [0, 0, 1.7, 0.1], "texture": "#1"},
				"south": {"uv": [0, 0, 1.7, 0.1], "texture": "#1"},
				"west": {"uv": [0, 0, 16, 16], "texture": "#1"},
				"up": {"uv": [0, 0, 1.7, 0.1], "texture": "#1"},
				"down": {"uv": [0, 0, 1.7, 0.1], "texture": "#1"}
			}
		},
		{
			"from": [7.6, 1.9, 7.91],
			"to": [8.4, 2.9, 9.39],
			"faces": {
				"north": {"uv": [0, 0, 0.8, 1.5], "texture": "#3"},
				"east": {"uv": [0, 0, 0.8, 1.5], "texture": "#3"},
				"south": {"uv": [0, 0, 0.8, 1.5], "texture": "#3"},
				"west": {"uv": [0, 0, 16, 16], "texture": "#3"},
				"up": {"uv": [0, 0, 0.8, 1.5], "texture": "#3"},
				"down": {"uv": [0, 0, 0.8, 1.5], "texture": "#3"}
			}
		},
		{
			"from": [7.8, 2.55, 4.19],
			"to": [8.2, 2.95, 4.2],
			"rotation": {"angle": 45, "axis": "z", "origin": [8, 2.75, 4.195]},
			"faces": {
				"north": {"uv": [0, 0, 0.6, 0.6], "texture": "#2"},
				"east": {"uv": [0, 0, 0.6, 0.6], "texture": "#2"},
				"south": {"uv": [0, 0, 0.6, 0.6], "texture": "#2"},
				"west": {"uv": [0, 0, 16, 16], "texture": "#2"},
				"up": {"uv": [0, 0, 0.6, 0.6], "texture": "#2"},
				"down": {"uv": [0, 0, 0.6, 0.6], "texture": "#2"}
			}
		},
		{
			"from": [7.3, 2.05, 4.29],
			"to": [7.7, 2.45, 4.3],
			"rotation": {"angle": 45, "axis": "z", "origin": [8, 2.75, 4.295]},
			"faces": {
				"north": {"uv": [0, 0, 0.6, 0.6], "texture": "#3"},
				"east": {"uv": [0, 0, 0.6, 0.6], "texture": "#3"},
				"south": {"uv": [0, 0, 0.6, 0.6], "texture": "#3"},
				"west": {"uv": [0, 0, 16, 16], "texture": "#3"},
				"up": {"uv": [0, 0, 0.6, 0.6], "texture": "#3"},
				"down": {"uv": [0, 0, 0.6, 0.6], "texture": "#3"}
			}
		},
		{
			"from": [8.1, 3, 7.3],
			"to": [8.4, 3.2, 7.5],
			"rotation": {"angle": -22.5, "axis": "x", "origin": [8, 3.15, 7.4]},
			"faces": {
				"north": {"uv": [0, 0, 2.3, 0.1], "texture": "#1"},
				"east": {"uv": [0, 0, 2.3, 0.1], "texture": "#1"},
				"south": {"uv": [0, 0, 2.3, 0.1], "texture": "#1"},
				"west": {"uv": [0, 0, 16, 16], "texture": "#1"},
				"up": {"uv": [0, 0, 2.3, 0.1], "texture": "#1"},
				"down": {"uv": [0, 0, 2.3, 0.1], "texture": "#1"}
			}
		},
		{
			"from": [7.6, 3, 7.3],
			"to": [7.9, 3.2, 7.5],
			"rotation": {"angle": -22.5, "axis": "x", "origin": [8, 3.15, 7.4]},
			"faces": {
				"north": {"uv": [0, 0, 2.3, 0.1], "texture": "#1"},
				"east": {"uv": [0, 0, 2.3, 0.1], "texture": "#1"},
				"south": {"uv": [0, 0, 2.3, 0.1], "texture": "#1"},
				"west": {"uv": [0, 0, 16, 16], "texture": "#1"},
				"up": {"uv": [0, 0, 2.3, 0.1], "texture": "#1"},
				"down": {"uv": [0, 0, 2.3, 0.1], "texture": "#1"}
			}
		},
		{
			"from": [8.1, 3.9, 9.6],
			"to": [8.4, 4.1, 9.9],
			"rotation": {"angle": 22.5, "axis": "x", "origin": [8, 3.15, 7.4]},
			"faces": {
				"north": {"uv": [0, 0, 2.3, 0.1], "texture": "#1"},
				"east": {"uv": [0, 0, 2.3, 0.1], "texture": "#1"},
				"south": {"uv": [0, 0, 2.3, 0.1], "texture": "#1"},
				"west": {"uv": [0, 0, 16, 16], "texture": "#1"},
				"up": {"uv": [0, 0, 2.3, 0.1], "texture": "#1"},
				"down": {"uv": [0, 0, 2.3, 0.1], "texture": "#1"}
			}
		},
		{
			"from": [7.6, 3.9, 9.6],
			"to": [7.9, 4.1, 9.9],
			"rotation": {"angle": 22.5, "axis": "x", "origin": [8, 3.15, 7.4]},
			"faces": {
				"north": {"uv": [0, 0, 2.3, 0.1], "texture": "#1"},
				"east": {"uv": [0, 0, 2.3, 0.1], "texture": "#1"},
				"south": {"uv": [0, 0, 2.3, 0.1], "texture": "#1"},
				"west": {"uv": [0, 0, 16, 16], "texture": "#1"},
				"up": {"uv": [0, 0, 2.3, 0.1], "texture": "#1"},
				"down": {"uv": [0, 0, 2.3, 0.1], "texture": "#1"}
			}
		},
		{
			"from": [7.69, 2.05, 4.3],
			"to": [8.31, 2.09, 7.5],
			"faces": {
				"north": {"uv": [0, 0, 16, 3.1], "texture": "#3"},
				"east": {"uv": [0, 0, 16, 3.1], "texture": "#3"},
				"south": {"uv": [0, 0, 16, 3.1], "texture": "#3"},
				"west": {"uv": [0, 0, 16, 16], "texture": "#3"},
				"up": {"uv": [0, 0, 16, 3.1], "texture": "#3"},
				"down": {"uv": [0, 0, 16, 3.1], "texture": "#3"}
			}
		},
		{
			"from": [7.69, 2.75, 4.3],
			"to": [8.31, 2.79, 7.5],
			"faces": {
				"north": {"uv": [0, 0, 16, 3.1], "texture": "#3"},
				"east": {"uv": [0, 0, 16, 3.1], "texture": "#3"},
				"south": {"uv": [0, 0, 16, 3.1], "texture": "#3"},
				"west": {"uv": [0, 0, 16, 16], "texture": "#3"},
				"up": {"uv": [0, 0, 16, 3.1], "texture": "#3"},
				"down": {"uv": [0, 0, 16, 3.1], "texture": "#3"}
			}
		},
		{
			"from": [8.2, 1.9, 9.45],
			"to": [8.5, 2.9, 9.8],
			"rotation": {"angle": -22.5, "axis": "y", "origin": [8, 2.4, 9.6]},
			"faces": {
				"north": {"uv": [0, 0, 0.9, 1.1], "texture": "#1"},
				"east": {"uv": [0, 0, 0.9, 1.1], "texture": "#1"},
				"south": {"uv": [0, 0, 0.9, 1.1], "texture": "#1"},
				"west": {"uv": [0, 0, 16, 16], "texture": "#1"},
				"up": {"uv": [0, 0, 0.9, 1.1], "texture": "#1"},
				"down": {"uv": [0, 0, 0.9, 1.1], "texture": "#1"}
			}
		},
		{
			"from": [7.5, 1.9, 9.45],
			"to": [7.8, 2.9, 9.8],
			"rotation": {"angle": 22.5, "axis": "y", "origin": [8, 2.4, 9.6]},
			"faces": {
				"north": {"uv": [0.9, 0, 0, 1.1], "texture": "#1"},
				"east": {"uv": [0.9, 0, 0, 1.1], "texture": "#1"},
				"south": {"uv": [0.9, 0, 0, 1.1], "texture": "#1"},
				"west": {"uv": [0, 0, 16, 16], "texture": "#1"},
				"up": {"uv": [0.9, 0, 0, 1.1], "texture": "#1"},
				"down": {"uv": [0.9, 0, 0, 1.1], "texture": "#1"}
			}
		},
		{
			"from": [7.49, 2.7, 9.44],
			"to": [7.8, 2.8, 9.81],
			"rotation": {"angle": 22.5, "axis": "y", "origin": [8, 2.4, 9.6]},
			"faces": {
				"north": {"uv": [0.9, 0, 0, 1.1], "texture": "#3"},
				"east": {"uv": [0.9, 0, 0, 1.1], "texture": "#3"},
				"south": {"uv": [0.9, 0, 0, 1.1], "texture": "#3"},
				"west": {"uv": [0, 0, 16, 16], "texture": "#3"},
				"up": {"uv": [0.9, 0, 0, 1.1], "texture": "#3"},
				"down": {"uv": [0.9, 0, 0, 1.1], "texture": "#3"}
			}
		},
		{
			"from": [8.2, 2.7, 9.44],
			"to": [8.51, 2.8, 9.81],
			"rotation": {"angle": -22.5, "axis": "y", "origin": [8, 2.4, 9.6]},
			"faces": {
				"north": {"uv": [0, 0, 0.9, 1.1], "texture": "#3"},
				"east": {"uv": [0, 0, 0.9, 1.1], "texture": "#3"},
				"south": {"uv": [0, 0, 0.9, 1.1], "texture": "#3"},
				"west": {"uv": [0, 0, 16, 16], "texture": "#3"},
				"up": {"uv": [0, 0, 0.9, 1.1], "texture": "#3"},
				"down": {"uv": [0, 0, 0.9, 1.1], "texture": "#3"}
			}
		},
		{
			"from": [8.2, 2, 9.44],
			"to": [8.51, 2.1, 9.81],
			"rotation": {"angle": -22.5, "axis": "y", "origin": [8, 1.7, 9.6]},
			"faces": {
				"north": {"uv": [0, 0, 0.9, 1.1], "texture": "#3"},
				"east": {"uv": [0, 0, 0.9, 1.1], "texture": "#3"},
				"south": {"uv": [0, 0, 0.9, 1.1], "texture": "#3"},
				"west": {"uv": [0, 0, 16, 16], "texture": "#3"},
				"up": {"uv": [0, 0, 0.9, 1.1], "texture": "#3"},
				"down": {"uv": [0, 0, 0.9, 1.1], "texture": "#3"}
			}
		},
		{
			"from": [7.49, 2, 9.44],
			"to": [7.8, 2.1, 9.81],
			"rotation": {"angle": 22.5, "axis": "y", "origin": [8, 1.7, 9.6]},
			"faces": {
				"north": {"uv": [0.9, 0, 0, 1.1], "texture": "#3"},
				"east": {"uv": [0.9, 0, 0, 1.1], "texture": "#3"},
				"south": {"uv": [0.9, 0, 0, 1.1], "texture": "#3"},
				"west": {"uv": [0, 0, 16, 16], "texture": "#3"},
				"up": {"uv": [0.9, 0, 0, 1.1], "texture": "#3"},
				"down": {"uv": [0.9, 0, 0, 1.1], "texture": "#3"}
			}
		},
		{
			"from": [7.58, 2.53, 10.31],
			"to": [8.42, 2.57, 10.35],
			"rotation": {"angle": 22.5, "axis": "x", "origin": [8, 2.55, 10.33]},
			"faces": {
				"north": {"uv": [0, 0, 0.4, 0.4], "rotation": 90, "texture": "#3"},
				"east": {"uv": [0, 0, 0.4, 0.4], "rotation": 90, "texture": "#3"},
				"south": {"uv": [0, 0, 0.4, 0.4], "rotation": 90, "texture": "#3"},
				"west": {"uv": [0, 0, 16, 16], "rotation": 90, "texture": "#3"},
				"up": {"uv": [0, 0, 0.4, 0.4], "rotation": 90, "texture": "#3"},
				"down": {"uv": [0, 0, 0.4, 0.4], "rotation": 90, "texture": "#3"}
			}
		},
		{
			"from": [7.58, 2.53, 10.31],
			"to": [8.42, 2.57, 10.35],
			"faces": {
				"north": {"uv": [0, 0, 0.4, 0.4], "rotation": 90, "texture": "#3"},
				"east": {"uv": [0, 0, 0.4, 0.4], "rotation": 90, "texture": "#3"},
				"south": {"uv": [0, 0, 0.4, 0.4], "rotation": 90, "texture": "#3"},
				"west": {"uv": [0, 0, 16, 16], "rotation": 90, "texture": "#3"},
				"up": {"uv": [0, 0, 0.4, 0.4], "rotation": 90, "texture": "#3"},
				"down": {"uv": [0, 0, 0.4, 0.4], "rotation": 90, "texture": "#3"}
			}
		},
		{
			"from": [7.58, 2.53, 10.31],
			"to": [8.42, 2.57, 10.35],
			"rotation": {"angle": -22.5, "axis": "x", "origin": [8, 2.55, 10.33]},
			"faces": {
				"north": {"uv": [0, 0, 0.4, 0.4], "rotation": 90, "texture": "#3"},
				"east": {"uv": [0, 0, 0.4, 0.4], "rotation": 90, "texture": "#3"},
				"south": {"uv": [0, 0, 0.4, 0.4], "rotation": 90, "texture": "#3"},
				"west": {"uv": [0, 0, 16, 16], "rotation": 90, "texture": "#3"},
				"up": {"uv": [0, 0, 0.4, 0.4], "rotation": 90, "texture": "#3"},
				"down": {"uv": [0, 0, 0.4, 0.4], "rotation": 90, "texture": "#3"}
			}
		},
		{
			"from": [7.58, 2.53, 10.31],
			"to": [8.42, 2.57, 10.35],
			"rotation": {"angle": 45, "axis": "x", "origin": [8, 2.55, 10.33]},
			"faces": {
				"north": {"uv": [0, 0, 0.4, 0.4], "rotation": 90, "texture": "#3"},
				"east": {"uv": [0, 0, 0.4, 0.4], "rotation": 90, "texture": "#3"},
				"south": {"uv": [0, 0, 0.4, 0.4], "rotation": 90, "texture": "#3"},
				"west": {"uv": [0, 0, 16, 16], "rotation": 90, "texture": "#3"},
				"up": {"uv": [0, 0, 0.4, 0.4], "rotation": 90, "texture": "#3"},
				"down": {"uv": [0, 0, 0.4, 0.4], "rotation": 90, "texture": "#3"}
			}
		},
		{
			"from": [7.68, 0, 10],
			"to": [8.32, 1.9, 10.1],
			"rotation": {"angle": -22.5, "axis": "x", "origin": [8, 0.5, 10.5]},
			"faces": {
				"north": {"uv": [0, 0, 1.9, 4.1], "texture": "#1"},
				"east": {"uv": [0, 0, 1.9, 4.1], "texture": "#1"},
				"south": {"uv": [0, 0, 1.9, 4.1], "texture": "#1"},
				"west": {"uv": [0, 0, 16, 16], "texture": "#1"},
				"up": {"uv": [0, 0, 1.9, 4.1], "texture": "#1"},
				"down": {"uv": [0, 0, 1.9, 4.1], "texture": "#1"}
			}
		},
		{
			"from": [7.68, 0, 10.94],
			"to": [8.32, 2.1, 11.04],
			"rotation": {"angle": -22.5, "axis": "x", "origin": [8, 0.5, 10.5]},
			"faces": {
				"north": {"uv": [0, 0, 1.9, 4.1], "texture": "#1"},
				"east": {"uv": [0, 0, 1.9, 4.1], "texture": "#1"},
				"south": {"uv": [0, 0, 1.9, 4.1], "texture": "#1"},
				"west": {"uv": [0, 0, 16, 16], "texture": "#1"},
				"up": {"uv": [0, 0, 1.9, 4.1], "texture": "#1"},
				"down": {"uv": [0, 0, 1.9, 4.1], "texture": "#1"}
			}
		},
		{
			"from": [7.69, 1.8, 7.5],
			"to": [8.31, 1.95, 7.51],
			"faces": {
				"north": {"uv": [0, 0, 16, 3.1], "texture": "#1"},
				"east": {"uv": [0, 0, 16, 3.1], "texture": "#1"},
				"south": {"uv": [0, 0, 16, 3.1], "texture": "#1"},
				"west": {"uv": [0, 0, 16, 16], "texture": "#1"},
				"up": {"uv": [0, 0, 16, 3.1], "texture": "#1"},
				"down": {"uv": [0, 0, 16, 3.1], "texture": "#1"}
			}
		},
		{
			"from": [7.69, 1.8, 7.4],
			"to": [8.31, 2.05, 7.41],
			"faces": {
				"north": {"uv": [0, 0, 16, 3.1], "texture": "#1"},
				"east": {"uv": [0, 0, 16, 3.1], "texture": "#1"},
				"south": {"uv": [0, 0, 16, 3.1], "texture": "#1"},
				"west": {"uv": [0, 0, 16, 16], "texture": "#1"},
				"up": {"uv": [0, 0, 16, 3.1], "texture": "#1"},
				"down": {"uv": [0, 0, 16, 3.1], "texture": "#1"}
			}
		},
		{
			"from": [7.69, 1.8, 7.3],
			"to": [8.31, 2.05, 7.31],
			"faces": {
				"north": {"uv": [0, 0, 16, 3.1], "texture": "#1"},
				"east": {"uv": [0, 0, 16, 3.1], "texture": "#1"},
				"south": {"uv": [0, 0, 16, 3.1], "texture": "#1"},
				"west": {"uv": [0, 0, 16, 16], "texture": "#1"},
				"up": {"uv": [0, 0, 16, 3.1], "texture": "#1"},
				"down": {"uv": [0, 0, 16, 3.1], "texture": "#1"}
			}
		},
		{
			"from": [7.69, 1.8, 7.2],
			"to": [8.31, 2.05, 7.21],
			"faces": {
				"north": {"uv": [0, 0, 16, 3.1], "texture": "#1"},
				"east": {"uv": [0, 0, 16, 3.1], "texture": "#1"},
				"south": {"uv": [0, 0, 16, 3.1], "texture": "#1"},
				"west": {"uv": [0, 0, 16, 16], "texture": "#1"},
				"up": {"uv": [0, 0, 16, 3.1], "texture": "#1"},
				"down": {"uv": [0, 0, 16, 3.1], "texture": "#1"}
			}
		},
		{
			"from": [7.69, 1.8, 7.1],
			"to": [8.31, 2.05, 7.11],
			"faces": {
				"north": {"uv": [0, 0, 16, 3.1], "texture": "#1"},
				"east": {"uv": [0, 0, 16, 3.1], "texture": "#1"},
				"south": {"uv": [0, 0, 16, 3.1], "texture": "#1"},
				"west": {"uv": [0, 0, 16, 16], "texture": "#1"},
				"up": {"uv": [0, 0, 16, 3.1], "texture": "#1"},
				"down": {"uv": [0, 0, 16, 3.1], "texture": "#1"}
			}
		},
		{
			"from": [7.69, 1.8, 7],
			"to": [8.31, 2.05, 7.01],
			"faces": {
				"north": {"uv": [0, 0, 16, 3.1], "texture": "#1"},
				"east": {"uv": [0, 0, 16, 3.1], "texture": "#1"},
				"south": {"uv": [0, 0, 16, 3.1], "texture": "#1"},
				"west": {"uv": [0, 0, 16, 16], "texture": "#1"},
				"up": {"uv": [0, 0, 16, 3.1], "texture": "#1"},
				"down": {"uv": [0, 0, 16, 3.1], "texture": "#1"}
			}
		},
		{
			"from": [7.69, 1.8, 6.9],
			"to": [8.31, 2.05, 6.91],
			"faces": {
				"north": {"uv": [0, 0, 16, 3.1], "texture": "#1"},
				"east": {"uv": [0, 0, 16, 3.1], "texture": "#1"},
				"south": {"uv": [0, 0, 16, 3.1], "texture": "#1"},
				"west": {"uv": [0, 0, 16, 16], "texture": "#1"},
				"up": {"uv": [0, 0, 16, 3.1], "texture": "#1"},
				"down": {"uv": [0, 0, 16, 3.1], "texture": "#1"}
			}
		},
		{
			"from": [7.69, 1.8, 6.8],
			"to": [8.31, 2.05, 6.81],
			"faces": {
				"north": {"uv": [0, 0, 16, 3.1], "texture": "#1"},
				"east": {"uv": [0, 0, 16, 3.1], "texture": "#1"},
				"south": {"uv": [0, 0, 16, 3.1], "texture": "#1"},
				"west": {"uv": [0, 0, 16, 16], "texture": "#1"},
				"up": {"uv": [0, 0, 16, 3.1], "texture": "#1"},
				"down": {"uv": [0, 0, 16, 3.1], "texture": "#1"}
			}
		},
		{
			"from": [7.69, 1.8, 6.7],
			"to": [8.31, 2.05, 6.71],
			"faces": {
				"north": {"uv": [0, 0, 16, 3.1], "texture": "#1"},
				"east": {"uv": [0, 0, 16, 3.1], "texture": "#1"},
				"south": {"uv": [0, 0, 16, 3.1], "texture": "#1"},
				"west": {"uv": [0, 0, 16, 16], "texture": "#1"},
				"up": {"uv": [0, 0, 16, 3.1], "texture": "#1"},
				"down": {"uv": [0, 0, 16, 3.1], "texture": "#1"}
			}
		},
		{
			"from": [7.69, 1.8, 6.6],
			"to": [8.31, 2.05, 6.61],
			"faces": {
				"north": {"uv": [0, 0, 16, 3.1], "texture": "#1"},
				"east": {"uv": [0, 0, 16, 3.1], "texture": "#1"},
				"south": {"uv": [0, 0, 16, 3.1], "texture": "#1"},
				"west": {"uv": [0, 0, 16, 16], "texture": "#1"},
				"up": {"uv": [0, 0, 16, 3.1], "texture": "#1"},
				"down": {"uv": [0, 0, 16, 3.1], "texture": "#1"}
			}
		},
		{
			"from": [7.69, 1.8, 6.5],
			"to": [8.31, 2.05, 6.51],
			"faces": {
				"north": {"uv": [0, 0, 16, 3.1], "texture": "#1"},
				"east": {"uv": [0, 0, 16, 3.1], "texture": "#1"},
				"south": {"uv": [0, 0, 16, 3.1], "texture": "#1"},
				"west": {"uv": [0, 0, 16, 16], "texture": "#1"},
				"up": {"uv": [0, 0, 16, 3.1], "texture": "#1"},
				"down": {"uv": [0, 0, 16, 3.1], "texture": "#1"}
			}
		},
		{
			"from": [7.69, 1.8, 6.4],
			"to": [8.31, 2.05, 6.41],
			"faces": {
				"north": {"uv": [0, 0, 16, 3.1], "texture": "#1"},
				"east": {"uv": [0, 0, 16, 3.1], "texture": "#1"},
				"south": {"uv": [0, 0, 16, 3.1], "texture": "#1"},
				"west": {"uv": [0, 0, 16, 16], "texture": "#1"},
				"up": {"uv": [0, 0, 16, 3.1], "texture": "#1"},
				"down": {"uv": [0, 0, 16, 3.1], "texture": "#1"}
			}
		},
		{
			"from": [7.69, 1.8, 6.3],
			"to": [8.31, 2.05, 6.31],
			"faces": {
				"north": {"uv": [0, 0, 16, 3.1], "texture": "#1"},
				"east": {"uv": [0, 0, 16, 3.1], "texture": "#1"},
				"south": {"uv": [0, 0, 16, 3.1], "texture": "#1"},
				"west": {"uv": [0, 0, 16, 16], "texture": "#1"},
				"up": {"uv": [0, 0, 16, 3.1], "texture": "#1"},
				"down": {"uv": [0, 0, 16, 3.1], "texture": "#1"}
			}
		},
		{
			"from": [7.69, 1.8, 6.2],
			"to": [8.31, 2.05, 6.21],
			"faces": {
				"north": {"uv": [0, 0, 16, 3.1], "texture": "#1"},
				"east": {"uv": [0, 0, 16, 3.1], "texture": "#1"},
				"south": {"uv": [0, 0, 16, 3.1], "texture": "#1"},
				"west": {"uv": [0, 0, 16, 16], "texture": "#1"},
				"up": {"uv": [0, 0, 16, 3.1], "texture": "#1"},
				"down": {"uv": [0, 0, 16, 3.1], "texture": "#1"}
			}
		},
		{
			"from": [7.69, 1.8, 6.1],
			"to": [8.31, 2.05, 6.11],
			"faces": {
				"north": {"uv": [0, 0, 16, 3.1], "texture": "#1"},
				"east": {"uv": [0, 0, 16, 3.1], "texture": "#1"},
				"south": {"uv": [0, 0, 16, 3.1], "texture": "#1"},
				"west": {"uv": [0, 0, 16, 16], "texture": "#1"},
				"up": {"uv": [0, 0, 16, 3.1], "texture": "#1"},
				"down": {"uv": [0, 0, 16, 3.1], "texture": "#1"}
			}
		},
		{
			"from": [7.69, 1.8, 6],
			"to": [8.31, 2.05, 6.01],
			"faces": {
				"north": {"uv": [0, 0, 16, 3.1], "texture": "#1"},
				"east": {"uv": [0, 0, 16, 3.1], "texture": "#1"},
				"south": {"uv": [0, 0, 16, 3.1], "texture": "#1"},
				"west": {"uv": [0, 0, 16, 16], "texture": "#1"},
				"up": {"uv": [0, 0, 16, 3.1], "texture": "#1"},
				"down": {"uv": [0, 0, 16, 3.1], "texture": "#1"}
			}
		},
		{
			"from": [7.69, 1.8, 5.9],
			"to": [8.31, 2.05, 5.91],
			"faces": {
				"north": {"uv": [0, 0, 16, 3.1], "texture": "#1"},
				"east": {"uv": [0, 0, 16, 3.1], "texture": "#1"},
				"south": {"uv": [0, 0, 16, 3.1], "texture": "#1"},
				"west": {"uv": [0, 0, 16, 16], "texture": "#1"},
				"up": {"uv": [0, 0, 16, 3.1], "texture": "#1"},
				"down": {"uv": [0, 0, 16, 3.1], "texture": "#1"}
			}
		},
		{
			"from": [7.69, 1.8, 5.8],
			"to": [8.31, 2.05, 5.81],
			"faces": {
				"north": {"uv": [0, 0, 16, 3.1], "texture": "#1"},
				"east": {"uv": [0, 0, 16, 3.1], "texture": "#1"},
				"south": {"uv": [0, 0, 16, 3.1], "texture": "#1"},
				"west": {"uv": [0, 0, 16, 16], "texture": "#1"},
				"up": {"uv": [0, 0, 16, 3.1], "texture": "#1"},
				"down": {"uv": [0, 0, 16, 3.1], "texture": "#1"}
			}
		},
		{
			"from": [7.69, 1.8, 5.7],
			"to": [8.31, 2.05, 5.71],
			"faces": {
				"north": {"uv": [0, 0, 16, 3.1], "texture": "#1"},
				"east": {"uv": [0, 0, 16, 3.1], "texture": "#1"},
				"south": {"uv": [0, 0, 16, 3.1], "texture": "#1"},
				"west": {"uv": [0, 0, 16, 16], "texture": "#1"},
				"up": {"uv": [0, 0, 16, 3.1], "texture": "#1"},
				"down": {"uv": [0, 0, 16, 3.1], "texture": "#1"}
			}
		},
		{
			"from": [7.69, 1.8, 5.6],
			"to": [8.31, 2.05, 5.61],
			"faces": {
				"north": {"uv": [0, 0, 16, 3.1], "texture": "#1"},
				"east": {"uv": [0, 0, 16, 3.1], "texture": "#1"},
				"south": {"uv": [0, 0, 16, 3.1], "texture": "#1"},
				"west": {"uv": [0, 0, 16, 16], "texture": "#1"},
				"up": {"uv": [0, 0, 16, 3.1], "texture": "#1"},
				"down": {"uv": [0, 0, 16, 3.1], "texture": "#1"}
			}
		},
		{
			"from": [7.69, 1.8, 5.5],
			"to": [8.31, 2.05, 5.51],
			"faces": {
				"north": {"uv": [0, 0, 16, 3.1], "texture": "#1"},
				"east": {"uv": [0, 0, 16, 3.1], "texture": "#1"},
				"south": {"uv": [0, 0, 16, 3.1], "texture": "#1"},
				"west": {"uv": [0, 0, 16, 16], "texture": "#1"},
				"up": {"uv": [0, 0, 16, 3.1], "texture": "#1"},
				"down": {"uv": [0, 0, 16, 3.1], "texture": "#1"}
			}
		},
		{
			"from": [7.69, 1.8, 5.4],
			"to": [8.31, 2.05, 5.41],
			"faces": {
				"north": {"uv": [0, 0, 16, 3.1], "texture": "#1"},
				"east": {"uv": [0, 0, 16, 3.1], "texture": "#1"},
				"south": {"uv": [0, 0, 16, 3.1], "texture": "#1"},
				"west": {"uv": [0, 0, 16, 16], "texture": "#1"},
				"up": {"uv": [0, 0, 16, 3.1], "texture": "#1"},
				"down": {"uv": [0, 0, 16, 3.1], "texture": "#1"}
			}
		},
		{
			"from": [7.69, 1.8, 5.3],
			"to": [8.31, 2.05, 5.31],
			"faces": {
				"north": {"uv": [0, 0, 16, 3.1], "texture": "#1"},
				"east": {"uv": [0, 0, 16, 3.1], "texture": "#1"},
				"south": {"uv": [0, 0, 16, 3.1], "texture": "#1"},
				"west": {"uv": [0, 0, 16, 16], "texture": "#1"},
				"up": {"uv": [0, 0, 16, 3.1], "texture": "#1"},
				"down": {"uv": [0, 0, 16, 3.1], "texture": "#1"}
			}
		},
		{
			"from": [7.69, 1.8, 5.2],
			"to": [8.31, 2.05, 5.21],
			"faces": {
				"north": {"uv": [0, 0, 16, 3.1], "texture": "#1"},
				"east": {"uv": [0, 0, 16, 3.1], "texture": "#1"},
				"south": {"uv": [0, 0, 16, 3.1], "texture": "#1"},
				"west": {"uv": [0, 0, 16, 16], "texture": "#1"},
				"up": {"uv": [0, 0, 16, 3.1], "texture": "#1"},
				"down": {"uv": [0, 0, 16, 3.1], "texture": "#1"}
			}
		},
		{
			"from": [7.69, 1.8, 5.1],
			"to": [8.31, 2.05, 5.11],
			"faces": {
				"north": {"uv": [0, 0, 16, 3.1], "texture": "#1"},
				"east": {"uv": [0, 0, 16, 3.1], "texture": "#1"},
				"south": {"uv": [0, 0, 16, 3.1], "texture": "#1"},
				"west": {"uv": [0, 0, 16, 16], "texture": "#1"},
				"up": {"uv": [0, 0, 16, 3.1], "texture": "#1"},
				"down": {"uv": [0, 0, 16, 3.1], "texture": "#1"}
			}
		},
		{
			"from": [7.69, 1.8, 5],
			"to": [8.31, 2.05, 5.01],
			"faces": {
				"north": {"uv": [0, 0, 16, 3.1], "texture": "#1"},
				"east": {"uv": [0, 0, 16, 3.1], "texture": "#1"},
				"south": {"uv": [0, 0, 16, 3.1], "texture": "#1"},
				"west": {"uv": [0, 0, 16, 16], "texture": "#1"},
				"up": {"uv": [0, 0, 16, 3.1], "texture": "#1"},
				"down": {"uv": [0, 0, 16, 3.1], "texture": "#1"}
			}
		},
		{
			"from": [7.69, 1.8, 4.9],
			"to": [8.31, 2.05, 4.91],
			"faces": {
				"north": {"uv": [0, 0, 16, 3.1], "texture": "#1"},
				"east": {"uv": [0, 0, 16, 3.1], "texture": "#1"},
				"south": {"uv": [0, 0, 16, 3.1], "texture": "#1"},
				"west": {"uv": [0, 0, 16, 16], "texture": "#1"},
				"up": {"uv": [0, 0, 16, 3.1], "texture": "#1"},
				"down": {"uv": [0, 0, 16, 3.1], "texture": "#1"}
			}
		},
		{
			"from": [7.69, 1.8, 4.8],
			"to": [8.31, 2.05, 4.81],
			"faces": {
				"north": {"uv": [0, 0, 16, 3.1], "texture": "#1"},
				"east": {"uv": [0, 0, 16, 3.1], "texture": "#1"},
				"south": {"uv": [0, 0, 16, 3.1], "texture": "#1"},
				"west": {"uv": [0, 0, 16, 16], "texture": "#1"},
				"up": {"uv": [0, 0, 16, 3.1], "texture": "#1"},
				"down": {"uv": [0, 0, 16, 3.1], "texture": "#1"}
			}
		},
		{
			"from": [7.69, 1.8, 4.7],
			"to": [8.31, 2.05, 4.71],
			"faces": {
				"north": {"uv": [0, 0, 16, 3.1], "texture": "#1"},
				"east": {"uv": [0, 0, 16, 3.1], "texture": "#1"},
				"south": {"uv": [0, 0, 16, 3.1], "texture": "#1"},
				"west": {"uv": [0, 0, 16, 16], "texture": "#1"},
				"up": {"uv": [0, 0, 16, 3.1], "texture": "#1"},
				"down": {"uv": [0, 0, 16, 3.1], "texture": "#1"}
			}
		},
		{
			"from": [7.69, 1.8, 4.6],
			"to": [8.31, 2.05, 4.61],
			"faces": {
				"north": {"uv": [0, 0, 16, 3.1], "texture": "#1"},
				"east": {"uv": [0, 0, 16, 3.1], "texture": "#1"},
				"south": {"uv": [0, 0, 16, 3.1], "texture": "#1"},
				"west": {"uv": [0, 0, 16, 16], "texture": "#1"},
				"up": {"uv": [0, 0, 16, 3.1], "texture": "#1"},
				"down": {"uv": [0, 0, 16, 3.1], "texture": "#1"}
			}
		},
		{
			"from": [7.69, 1.8, 4.5],
			"to": [8.31, 2.05, 4.51],
			"faces": {
				"north": {"uv": [0, 0, 16, 3.1], "texture": "#1"},
				"east": {"uv": [0, 0, 16, 3.1], "texture": "#1"},
				"south": {"uv": [0, 0, 16, 3.1], "texture": "#1"},
				"west": {"uv": [0, 0, 16, 16], "texture": "#1"},
				"up": {"uv": [0, 0, 16, 3.1], "texture": "#1"},
				"down": {"uv": [0, 0, 16, 3.1], "texture": "#1"}
			}
		},
		{
			"from": [7.69, 1.8, 4.4],
			"to": [8.31, 2.05, 4.41],
			"faces": {
				"north": {"uv": [0, 0, 16, 3.1], "texture": "#1"},
				"east": {"uv": [0, 0, 16, 3.1], "texture": "#1"},
				"south": {"uv": [0, 0, 16, 3.1], "texture": "#1"},
				"west": {"uv": [0, 0, 16, 16], "texture": "#1"},
				"up": {"uv": [0, 0, 16, 3.1], "texture": "#1"},
				"down": {"uv": [0, 0, 16, 3.1], "texture": "#1"}
			}
		},
		{
			"from": [7.69, 1.8, 7.15],
			"to": [8.31, 2.05, 7.16],
			"faces": {
				"north": {"uv": [0, 0, 16, 3.1], "texture": "#1"},
				"east": {"uv": [0, 0, 16, 3.1], "texture": "#1"},
				"south": {"uv": [0, 0, 16, 3.1], "texture": "#1"},
				"west": {"uv": [0, 0, 16, 16], "texture": "#1"},
				"up": {"uv": [0, 0, 16, 3.1], "texture": "#1"},
				"down": {"uv": [0, 0, 16, 3.1], "texture": "#1"}
			}
		},
		{
			"from": [7.69, 1.8, 7.25],
			"to": [8.31, 2.05, 7.26],
			"faces": {
				"north": {"uv": [0, 0, 16, 3.1], "texture": "#1"},
				"east": {"uv": [0, 0, 16, 3.1], "texture": "#1"},
				"south": {"uv": [0, 0, 16, 3.1], "texture": "#1"},
				"west": {"uv": [0, 0, 16, 16], "texture": "#1"},
				"up": {"uv": [0, 0, 16, 3.1], "texture": "#1"},
				"down": {"uv": [0, 0, 16, 3.1], "texture": "#1"}
			}
		},
		{
			"from": [7.69, 1.8, 7.35],
			"to": [8.31, 2.05, 7.36],
			"faces": {
				"north": {"uv": [0, 0, 16, 3.1], "texture": "#1"},
				"east": {"uv": [0, 0, 16, 3.1], "texture": "#1"},
				"south": {"uv": [0, 0, 16, 3.1], "texture": "#1"},
				"west": {"uv": [0, 0, 16, 16], "texture": "#1"},
				"up": {"uv": [0, 0, 16, 3.1], "texture": "#1"},
				"down": {"uv": [0, 0, 16, 3.1], "texture": "#1"}
			}
		},
		{
			"from": [7.69, 1.8, 7.05],
			"to": [8.31, 2.05, 7.06],
			"faces": {
				"north": {"uv": [0, 0, 16, 3.1], "texture": "#1"},
				"east": {"uv": [0, 0, 16, 3.1], "texture": "#1"},
				"south": {"uv": [0, 0, 16, 3.1], "texture": "#1"},
				"west": {"uv": [0, 0, 16, 16], "texture": "#1"},
				"up": {"uv": [0, 0, 16, 3.1], "texture": "#1"},
				"down": {"uv": [0, 0, 16, 3.1], "texture": "#1"}
			}
		},
		{
			"from": [7.69, 1.8, 6.95],
			"to": [8.31, 2.05, 6.96],
			"faces": {
				"north": {"uv": [0, 0, 16, 3.1], "texture": "#1"},
				"east": {"uv": [0, 0, 16, 3.1], "texture": "#1"},
				"south": {"uv": [0, 0, 16, 3.1], "texture": "#1"},
				"west": {"uv": [0, 0, 16, 16], "texture": "#1"},
				"up": {"uv": [0, 0, 16, 3.1], "texture": "#1"},
				"down": {"uv": [0, 0, 16, 3.1], "texture": "#1"}
			}
		},
		{
			"from": [7.69, 1.8, 6.85],
			"to": [8.31, 2.05, 6.86],
			"faces": {
				"north": {"uv": [0, 0, 16, 3.1], "texture": "#1"},
				"east": {"uv": [0, 0, 16, 3.1], "texture": "#1"},
				"south": {"uv": [0, 0, 16, 3.1], "texture": "#1"},
				"west": {"uv": [0, 0, 16, 16], "texture": "#1"},
				"up": {"uv": [0, 0, 16, 3.1], "texture": "#1"},
				"down": {"uv": [0, 0, 16, 3.1], "texture": "#1"}
			}
		},
		{
			"from": [7.69, 1.8, 6.75],
			"to": [8.31, 2.05, 6.76],
			"faces": {
				"north": {"uv": [0, 0, 16, 3.1], "texture": "#1"},
				"east": {"uv": [0, 0, 16, 3.1], "texture": "#1"},
				"south": {"uv": [0, 0, 16, 3.1], "texture": "#1"},
				"west": {"uv": [0, 0, 16, 16], "texture": "#1"},
				"up": {"uv": [0, 0, 16, 3.1], "texture": "#1"},
				"down": {"uv": [0, 0, 16, 3.1], "texture": "#1"}
			}
		},
		{
			"from": [7.69, 1.8, 6.65],
			"to": [8.31, 2.05, 6.66],
			"faces": {
				"north": {"uv": [0, 0, 16, 3.1], "texture": "#1"},
				"east": {"uv": [0, 0, 16, 3.1], "texture": "#1"},
				"south": {"uv": [0, 0, 16, 3.1], "texture": "#1"},
				"west": {"uv": [0, 0, 16, 16], "texture": "#1"},
				"up": {"uv": [0, 0, 16, 3.1], "texture": "#1"},
				"down": {"uv": [0, 0, 16, 3.1], "texture": "#1"}
			}
		},
		{
			"from": [7.69, 1.8, 6.55],
			"to": [8.31, 2.05, 6.56],
			"faces": {
				"north": {"uv": [0, 0, 16, 3.1], "texture": "#1"},
				"east": {"uv": [0, 0, 16, 3.1], "texture": "#1"},
				"south": {"uv": [0, 0, 16, 3.1], "texture": "#1"},
				"west": {"uv": [0, 0, 16, 16], "texture": "#1"},
				"up": {"uv": [0, 0, 16, 3.1], "texture": "#1"},
				"down": {"uv": [0, 0, 16, 3.1], "texture": "#1"}
			}
		},
		{
			"from": [7.69, 1.8, 6.45],
			"to": [8.31, 2.05, 6.46],
			"faces": {
				"north": {"uv": [0, 0, 16, 3.1], "texture": "#1"},
				"east": {"uv": [0, 0, 16, 3.1], "texture": "#1"},
				"south": {"uv": [0, 0, 16, 3.1], "texture": "#1"},
				"west": {"uv": [0, 0, 16, 16], "texture": "#1"},
				"up": {"uv": [0, 0, 16, 3.1], "texture": "#1"},
				"down": {"uv": [0, 0, 16, 3.1], "texture": "#1"}
			}
		},
		{
			"from": [7.69, 1.8, 6.35],
			"to": [8.31, 2.05, 6.36],
			"faces": {
				"north": {"uv": [0, 0, 16, 3.1], "texture": "#1"},
				"east": {"uv": [0, 0, 16, 3.1], "texture": "#1"},
				"south": {"uv": [0, 0, 16, 3.1], "texture": "#1"},
				"west": {"uv": [0, 0, 16, 16], "texture": "#1"},
				"up": {"uv": [0, 0, 16, 3.1], "texture": "#1"},
				"down": {"uv": [0, 0, 16, 3.1], "texture": "#1"}
			}
		},
		{
			"from": [7.69, 1.8, 6.25],
			"to": [8.31, 2.05, 6.26],
			"faces": {
				"north": {"uv": [0, 0, 16, 3.1], "texture": "#1"},
				"east": {"uv": [0, 0, 16, 3.1], "texture": "#1"},
				"south": {"uv": [0, 0, 16, 3.1], "texture": "#1"},
				"west": {"uv": [0, 0, 16, 16], "texture": "#1"},
				"up": {"uv": [0, 0, 16, 3.1], "texture": "#1"},
				"down": {"uv": [0, 0, 16, 3.1], "texture": "#1"}
			}
		},
		{
			"from": [7.69, 1.8, 6.15],
			"to": [8.31, 2.05, 6.16],
			"faces": {
				"north": {"uv": [0, 0, 16, 3.1], "texture": "#1"},
				"east": {"uv": [0, 0, 16, 3.1], "texture": "#1"},
				"south": {"uv": [0, 0, 16, 3.1], "texture": "#1"},
				"west": {"uv": [0, 0, 16, 16], "texture": "#1"},
				"up": {"uv": [0, 0, 16, 3.1], "texture": "#1"},
				"down": {"uv": [0, 0, 16, 3.1], "texture": "#1"}
			}
		},
		{
			"from": [7.69, 1.8, 6.05],
			"to": [8.31, 2.05, 6.06],
			"faces": {
				"north": {"uv": [0, 0, 16, 3.1], "texture": "#1"},
				"east": {"uv": [0, 0, 16, 3.1], "texture": "#1"},
				"south": {"uv": [0, 0, 16, 3.1], "texture": "#1"},
				"west": {"uv": [0, 0, 16, 16], "texture": "#1"},
				"up": {"uv": [0, 0, 16, 3.1], "texture": "#1"},
				"down": {"uv": [0, 0, 16, 3.1], "texture": "#1"}
			}
		},
		{
			"from": [7.69, 1.8, 5.95],
			"to": [8.31, 2.05, 5.96],
			"faces": {
				"north": {"uv": [0, 0, 16, 3.1], "texture": "#1"},
				"east": {"uv": [0, 0, 16, 3.1], "texture": "#1"},
				"south": {"uv": [0, 0, 16, 3.1], "texture": "#1"},
				"west": {"uv": [0, 0, 16, 16], "texture": "#1"},
				"up": {"uv": [0, 0, 16, 3.1], "texture": "#1"},
				"down": {"uv": [0, 0, 16, 3.1], "texture": "#1"}
			}
		},
		{
			"from": [7.69, 1.8, 5.85],
			"to": [8.31, 2.05, 5.86],
			"faces": {
				"north": {"uv": [0, 0, 16, 3.1], "texture": "#1"},
				"east": {"uv": [0, 0, 16, 3.1], "texture": "#1"},
				"south": {"uv": [0, 0, 16, 3.1], "texture": "#1"},
				"west": {"uv": [0, 0, 16, 16], "texture": "#1"},
				"up": {"uv": [0, 0, 16, 3.1], "texture": "#1"},
				"down": {"uv": [0, 0, 16, 3.1], "texture": "#1"}
			}
		},
		{
			"from": [7.69, 1.8, 5.75],
			"to": [8.31, 2.05, 5.76],
			"faces": {
				"north": {"uv": [0, 0, 16, 3.1], "texture": "#1"},
				"east": {"uv": [0, 0, 16, 3.1], "texture": "#1"},
				"south": {"uv": [0, 0, 16, 3.1], "texture": "#1"},
				"west": {"uv": [0, 0, 16, 16], "texture": "#1"},
				"up": {"uv": [0, 0, 16, 3.1], "texture": "#1"},
				"down": {"uv": [0, 0, 16, 3.1], "texture": "#1"}
			}
		},
		{
			"from": [7.69, 1.8, 5.65],
			"to": [8.31, 2.05, 5.66],
			"faces": {
				"north": {"uv": [0, 0, 16, 3.1], "texture": "#1"},
				"east": {"uv": [0, 0, 16, 3.1], "texture": "#1"},
				"south": {"uv": [0, 0, 16, 3.1], "texture": "#1"},
				"west": {"uv": [0, 0, 16, 16], "texture": "#1"},
				"up": {"uv": [0, 0, 16, 3.1], "texture": "#1"},
				"down": {"uv": [0, 0, 16, 3.1], "texture": "#1"}
			}
		},
		{
			"from": [7.69, 1.8, 5.55],
			"to": [8.31, 2.05, 5.56],
			"faces": {
				"north": {"uv": [0, 0, 16, 3.1], "texture": "#1"},
				"east": {"uv": [0, 0, 16, 3.1], "texture": "#1"},
				"south": {"uv": [0, 0, 16, 3.1], "texture": "#1"},
				"west": {"uv": [0, 0, 16, 16], "texture": "#1"},
				"up": {"uv": [0, 0, 16, 3.1], "texture": "#1"},
				"down": {"uv": [0, 0, 16, 3.1], "texture": "#1"}
			}
		},
		{
			"from": [7.69, 1.8, 5.45],
			"to": [8.31, 2.05, 5.46],
			"faces": {
				"north": {"uv": [0, 0, 16, 3.1], "texture": "#1"},
				"east": {"uv": [0, 0, 16, 3.1], "texture": "#1"},
				"south": {"uv": [0, 0, 16, 3.1], "texture": "#1"},
				"west": {"uv": [0, 0, 16, 16], "texture": "#1"},
				"up": {"uv": [0, 0, 16, 3.1], "texture": "#1"},
				"down": {"uv": [0, 0, 16, 3.1], "texture": "#1"}
			}
		},
		{
			"from": [7.69, 1.8, 5.35],
			"to": [8.31, 2.05, 5.36],
			"faces": {
				"north": {"uv": [0, 0, 16, 3.1], "texture": "#1"},
				"east": {"uv": [0, 0, 16, 3.1], "texture": "#1"},
				"south": {"uv": [0, 0, 16, 3.1], "texture": "#1"},
				"west": {"uv": [0, 0, 16, 16], "texture": "#1"},
				"up": {"uv": [0, 0, 16, 3.1], "texture": "#1"},
				"down": {"uv": [0, 0, 16, 3.1], "texture": "#1"}
			}
		},
		{
			"from": [7.69, 1.8, 5.25],
			"to": [8.31, 2.05, 5.26],
			"faces": {
				"north": {"uv": [0, 0, 16, 3.1], "texture": "#1"},
				"east": {"uv": [0, 0, 16, 3.1], "texture": "#1"},
				"south": {"uv": [0, 0, 16, 3.1], "texture": "#1"},
				"west": {"uv": [0, 0, 16, 16], "texture": "#1"},
				"up": {"uv": [0, 0, 16, 3.1], "texture": "#1"},
				"down": {"uv": [0, 0, 16, 3.1], "texture": "#1"}
			}
		},
		{
			"from": [7.69, 1.8, 5.15],
			"to": [8.31, 2.05, 5.16],
			"faces": {
				"north": {"uv": [0, 0, 16, 3.1], "texture": "#1"},
				"east": {"uv": [0, 0, 16, 3.1], "texture": "#1"},
				"south": {"uv": [0, 0, 16, 3.1], "texture": "#1"},
				"west": {"uv": [0, 0, 16, 16], "texture": "#1"},
				"up": {"uv": [0, 0, 16, 3.1], "texture": "#1"},
				"down": {"uv": [0, 0, 16, 3.1], "texture": "#1"}
			}
		},
		{
			"from": [7.69, 1.8, 5.05],
			"to": [8.31, 2.05, 5.06],
			"faces": {
				"north": {"uv": [0, 0, 16, 3.1], "texture": "#1"},
				"east": {"uv": [0, 0, 16, 3.1], "texture": "#1"},
				"south": {"uv": [0, 0, 16, 3.1], "texture": "#1"},
				"west": {"uv": [0, 0, 16, 16], "texture": "#1"},
				"up": {"uv": [0, 0, 16, 3.1], "texture": "#1"},
				"down": {"uv": [0, 0, 16, 3.1], "texture": "#1"}
			}
		},
		{
			"from": [7.69, 1.8, 4.95],
			"to": [8.31, 2.05, 4.96],
			"faces": {
				"north": {"uv": [0, 0, 16, 3.1], "texture": "#1"},
				"east": {"uv": [0, 0, 16, 3.1], "texture": "#1"},
				"south": {"uv": [0, 0, 16, 3.1], "texture": "#1"},
				"west": {"uv": [0, 0, 16, 16], "texture": "#1"},
				"up": {"uv": [0, 0, 16, 3.1], "texture": "#1"},
				"down": {"uv": [0, 0, 16, 3.1], "texture": "#1"}
			}
		},
		{
			"from": [7.69, 1.8, 4.85],
			"to": [8.31, 2.05, 4.86],
			"faces": {
				"north": {"uv": [0, 0, 16, 3.1], "texture": "#1"},
				"east": {"uv": [0, 0, 16, 3.1], "texture": "#1"},
				"south": {"uv": [0, 0, 16, 3.1], "texture": "#1"},
				"west": {"uv": [0, 0, 16, 16], "texture": "#1"},
				"up": {"uv": [0, 0, 16, 3.1], "texture": "#1"},
				"down": {"uv": [0, 0, 16, 3.1], "texture": "#1"}
			}
		},
		{
			"from": [7.69, 1.8, 4.75],
			"to": [8.31, 2.05, 4.76],
			"faces": {
				"north": {"uv": [0, 0, 16, 3.1], "texture": "#1"},
				"east": {"uv": [0, 0, 16, 3.1], "texture": "#1"},
				"south": {"uv": [0, 0, 16, 3.1], "texture": "#1"},
				"west": {"uv": [0, 0, 16, 16], "texture": "#1"},
				"up": {"uv": [0, 0, 16, 3.1], "texture": "#1"},
				"down": {"uv": [0, 0, 16, 3.1], "texture": "#1"}
			}
		},
		{
			"from": [7.69, 1.8, 4.65],
			"to": [8.31, 2.05, 4.66],
			"faces": {
				"north": {"uv": [0, 0, 16, 3.1], "texture": "#1"},
				"east": {"uv": [0, 0, 16, 3.1], "texture": "#1"},
				"south": {"uv": [0, 0, 16, 3.1], "texture": "#1"},
				"west": {"uv": [0, 0, 16, 16], "texture": "#1"},
				"up": {"uv": [0, 0, 16, 3.1], "texture": "#1"},
				"down": {"uv": [0, 0, 16, 3.1], "texture": "#1"}
			}
		},
		{
			"from": [7.69, 1.8, 4.55],
			"to": [8.31, 2.05, 4.56],
			"faces": {
				"north": {"uv": [0, 0, 16, 3.1], "texture": "#1"},
				"east": {"uv": [0, 0, 16, 3.1], "texture": "#1"},
				"south": {"uv": [0, 0, 16, 3.1], "texture": "#1"},
				"west": {"uv": [0, 0, 16, 16], "texture": "#1"},
				"up": {"uv": [0, 0, 16, 3.1], "texture": "#1"},
				"down": {"uv": [0, 0, 16, 3.1], "texture": "#1"}
			}
		},
		{
			"from": [7.69, 1.8, 4.45],
			"to": [8.31, 2.05, 4.46],
			"faces": {
				"north": {"uv": [0, 0, 16, 3.1], "texture": "#1"},
				"east": {"uv": [0, 0, 16, 3.1], "texture": "#1"},
				"south": {"uv": [0, 0, 16, 3.1], "texture": "#1"},
				"west": {"uv": [0, 0, 16, 16], "texture": "#1"},
				"up": {"uv": [0, 0, 16, 3.1], "texture": "#1"},
				"down": {"uv": [0, 0, 16, 3.1], "texture": "#1"}
			}
		},
		{
			"from": [7.69, 1.8, 4.35],
			"to": [8.31, 2.05, 4.36],
			"faces": {
				"north": {"uv": [0, 0, 16, 3.1], "texture": "#1"},
				"east": {"uv": [0, 0, 16, 3.1], "texture": "#1"},
				"south": {"uv": [0, 0, 16, 3.1], "texture": "#1"},
				"west": {"uv": [0, 0, 16, 16], "texture": "#1"},
				"up": {"uv": [0, 0, 16, 3.1], "texture": "#1"},
				"down": {"uv": [0, 0, 16, 3.1], "texture": "#1"}
			}
		},
		{
			"from": [7.59, 2.45, 6.7],
			"to": [8.41, 2.55, 7.1],
			"rotation": {"angle": 45, "axis": "x", "origin": [8, 2.75, 7]},
			"faces": {
				"north": {"uv": [0, 0, 7, 3.1], "texture": "#1"},
				"east": {"uv": [0, 0, 7, 3.1], "texture": "#1"},
				"south": {"uv": [0, 0, 7, 3.1], "texture": "#1"},
				"west": {"uv": [0, 0, 16, 16], "texture": "#1"},
				"up": {"uv": [0, 0, 7, 3.1], "texture": "#1"},
				"down": {"uv": [0, 0, 7, 3.1], "texture": "#1"}
			}
		},
		{
			"from": [7.59, 2.75, 6.7],
			"to": [8.41, 2.85, 7.1],
			"rotation": {"angle": 45, "axis": "x", "origin": [8, 2.75, 7]},
			"faces": {
				"north": {"uv": [0, 0, 7, 3.1], "texture": "#1"},
				"east": {"uv": [0, 0, 7, 3.1], "texture": "#1"},
				"south": {"uv": [0, 0, 7, 3.1], "texture": "#1"},
				"west": {"uv": [0, 0, 16, 16], "texture": "#1"},
				"up": {"uv": [0, 0, 7, 3.1], "texture": "#1"},
				"down": {"uv": [0, 0, 7, 3.1], "texture": "#1"}
			}
		},
		{
			"from": [7.59, 2.65, 7.2],
			"to": [8.41, 3.05, 7.3],
			"rotation": {"angle": 22.5, "axis": "x", "origin": [8, 2.75, 7]},
			"faces": {
				"north": {"uv": [0, 0, 7, 3.1], "rotation": 180, "texture": "#1"},
				"east": {"uv": [0, 0, 7, 3.1], "rotation": 270, "texture": "#1"},
				"south": {"uv": [0, 0, 7, 3.1], "texture": "#1"},
				"west": {"uv": [0, 0, 16, 16], "rotation": 90, "texture": "#1"},
				"up": {"uv": [0, 0, 7, 3.1], "rotation": 180, "texture": "#1"},
				"down": {"uv": [0, 0, 7, 3.1], "texture": "#1"}
			}
		},
		{
			"from": [8.26569, 2.3, 7.89],
			"to": [8.46569, 2.5, 7.9],
			"faces": {
				"north": {"uv": [0, 0, 0.8, 1.5], "rotation": 180, "texture": "#2"},
				"east": {"uv": [0, 0, 0.8, 1.5], "rotation": 180, "texture": "#2"},
				"south": {"uv": [0, 0, 0.8, 1.5], "rotation": 180, "texture": "#2"},
				"west": {"uv": [0, 0, 0.8, 1.5], "texture": "#2"},
				"up": {"uv": [0, 0, 0.8, 1.5], "rotation": 180, "texture": "#2"},
				"down": {"uv": [0, 0, 0.8, 1.5], "texture": "#2"}
			}
		},
		{
			"from": [8.36569, 2.6, 7.89],
			"to": [8.56569, 2.8, 7.9],
			"rotation": {"angle": 45, "axis": "z", "origin": [8.36569, 2.4, 7.895]},
			"faces": {
				"north": {"uv": [0, 0, 0.8, 1.5], "rotation": 90, "texture": "#2"},
				"east": {"uv": [0, 0, 0.8, 1.5], "rotation": 270, "texture": "#2"},
				"south": {"uv": [0, 0, 0.8, 1.5], "rotation": 270, "texture": "#2"},
				"west": {"uv": [0, 0, 0.8, 1.5], "rotation": 90, "texture": "#2"},
				"up": {"uv": [0, 0, 0.8, 1.5], "rotation": 270, "texture": "#2"},
				"down": {"uv": [0, 0, 0.8, 1.5], "rotation": 270, "texture": "#2"}
			}
		},
		{
			"from": [7.96569, 2.2, 7.89],
			"to": [8.16569, 2.4, 7.9],
			"rotation": {"angle": 45, "axis": "z", "origin": [8.36569, 2.4, 7.895]},
			"faces": {
				"north": {"uv": [0, 0, 0.8, 1.5], "rotation": 90, "texture": "#2"},
				"east": {"uv": [0, 0, 0.8, 1.5], "rotation": 270, "texture": "#2"},
				"south": {"uv": [0, 0, 0.8, 1.5], "rotation": 270, "texture": "#2"},
				"west": {"uv": [0, 0, 0.8, 1.5], "rotation": 90, "texture": "#2"},
				"up": {"uv": [0, 0, 0.8, 1.5], "rotation": 270, "texture": "#2"},
				"down": {"uv": [0, 0, 0.8, 1.5], "rotation": 270, "texture": "#2"}
			}
		},
		{
			"from": [7.9, 1.87, 7.89],
			"to": [8.1, 2.07, 7.9],
			"faces": {
				"north": {"uv": [0, 1.5, 0.8, 0], "rotation": 90, "texture": "#2"},
				"east": {"uv": [0, 1.5, 0.8, 0], "rotation": 90, "texture": "#2"},
				"south": {"uv": [0, 1.5, 0.8, 0], "rotation": 270, "texture": "#2"},
				"west": {"uv": [0, 1.5, 0.8, 0], "rotation": 270, "texture": "#2"},
				"up": {"uv": [0, 1.5, 0.8, 0], "rotation": 270, "texture": "#2"},
				"down": {"uv": [0, 1.5, 0.8, 0], "rotation": 270, "texture": "#2"}
			}
		},
		{
			"from": [7.83431, 2.2, 7.89],
			"to": [8.03431, 2.4, 7.9],
			"rotation": {"angle": -45, "axis": "z", "origin": [7.63431, 2.4, 7.895]},
			"faces": {
				"north": {"uv": [0, 1.5, 0.8, 0], "rotation": 90, "texture": "#2"},
				"east": {"uv": [0, 1.5, 0.8, 0], "rotation": 90, "texture": "#2"},
				"south": {"uv": [0, 1.5, 0.8, 0], "rotation": 270, "texture": "#2"},
				"west": {"uv": [0, 1.5, 0.8, 0], "rotation": 270, "texture": "#2"},
				"up": {"uv": [0, 1.5, 0.8, 0], "rotation": 270, "texture": "#2"},
				"down": {"uv": [0, 1.5, 0.8, 0], "rotation": 270, "texture": "#2"}
			}
		},
		{
			"from": [7.53431, 2.3, 7.89],
			"to": [7.73431, 2.5, 7.9],
			"faces": {
				"north": {"uv": [0, 1.5, 0.8, 0], "texture": "#2"},
				"east": {"uv": [0, 1.5, 0.8, 0], "rotation": 180, "texture": "#2"},
				"south": {"uv": [0, 1.5, 0.8, 0], "texture": "#2"},
				"west": {"uv": [0, 1.5, 0.8, 0], "rotation": 180, "texture": "#2"},
				"up": {"uv": [0, 1.5, 0.8, 0], "texture": "#2"},
				"down": {"uv": [0, 1.5, 0.8, 0], "texture": "#2"}
			}
		},
		{
			"from": [7.43431, 2.6, 7.89],
			"to": [7.63431, 2.8, 7.9],
			"rotation": {"angle": -45, "axis": "z", "origin": [7.63431, 2.4, 7.895]},
			"faces": {
				"north": {"uv": [0, 1.5, 0.8, 0], "rotation": 90, "texture": "#2"},
				"east": {"uv": [0, 1.5, 0.8, 0], "rotation": 90, "texture": "#2"},
				"south": {"uv": [0, 1.5, 0.8, 0], "rotation": 270, "texture": "#2"},
				"west": {"uv": [0, 1.5, 0.8, 0], "rotation": 270, "texture": "#2"},
				"up": {"uv": [0, 1.5, 0.8, 0], "rotation": 270, "texture": "#2"},
				"down": {"uv": [0, 1.5, 0.8, 0], "rotation": 270, "texture": "#2"}
			}
		},
		{
			"from": [7.9, 2.73, 7.89],
			"to": [8.1, 2.93, 7.9],
			"faces": {
				"north": {"uv": [0, 1.5, 0.8, 0], "rotation": 90, "texture": "#2"},
				"east": {"uv": [0, 1.5, 0.8, 0], "rotation": 90, "texture": "#2"},
				"south": {"uv": [0, 1.5, 0.8, 0], "rotation": 270, "texture": "#2"},
				"west": {"uv": [0, 1.5, 0.8, 0], "rotation": 270, "texture": "#2"},
				"up": {"uv": [0, 1.5, 0.8, 0], "rotation": 270, "texture": "#2"},
				"down": {"uv": [0, 1.5, 0.8, 0], "rotation": 270, "texture": "#2"}
			}
		},
		{
			"from": [7.9, 2.73, 7.8],
			"to": [8.1, 2.93, 7.81],
			"faces": {
				"north": {"uv": [0, 1.5, 0.8, 0], "rotation": 90, "texture": "#2"},
				"east": {"uv": [0, 1.5, 0.8, 0], "rotation": 90, "texture": "#2"},
				"south": {"uv": [0, 1.5, 0.8, 0], "rotation": 270, "texture": "#2"},
				"west": {"uv": [0, 1.5, 0.8, 0], "rotation": 270, "texture": "#2"},
				"up": {"uv": [0, 1.5, 0.8, 0], "rotation": 270, "texture": "#2"},
				"down": {"uv": [0, 1.5, 0.8, 0], "rotation": 270, "texture": "#2"}
			}
		},
		{
			"from": [7.99, 2.7, 4.18],
			"to": [8.01, 2.78, 4.19],
			"faces": {
				"north": {"uv": [0, 0, 0.6, 0.6], "rotation": 90, "texture": "#3"},
				"east": {"uv": [0, 0, 0.6, 0.6], "rotation": 270, "texture": "#3"},
				"south": {"uv": [0, 0, 0.6, 0.6], "rotation": 270, "texture": "#3"},
				"west": {"uv": [0, 0, 0.6, 0.6], "rotation": 90, "texture": "#3"},
				"up": {"uv": [0, 0, 0.6, 0.6], "rotation": 270, "texture": "#3"},
				"down": {"uv": [0, 0, 16, 16], "rotation": 270, "texture": "#3"}
			}
		},
		{
			"from": [7.96, 2.73, 4.18],
			"to": [8.04, 2.75, 4.19],
			"faces": {
				"north": {"uv": [0, 0, 0.6, 0.6], "rotation": 180, "texture": "#3"},
				"east": {"uv": [0, 0, 16, 16], "rotation": 180, "texture": "#3"},
				"south": {"uv": [0, 0, 0.6, 0.6], "rotation": 180, "texture": "#3"},
				"west": {"uv": [0, 0, 0.6, 0.6], "texture": "#3"},
				"up": {"uv": [0, 0, 0.6, 0.6], "rotation": 180, "texture": "#3"},
				"down": {"uv": [0, 0, 0.6, 0.6], "texture": "#3"}
			}
		},
		{
			"from": [7.96, 2.73, 4.18],
			"to": [8.04, 2.75, 4.19],
			"rotation": {"angle": 45, "axis": "z", "origin": [8, 2.74, 4.185]},
			"faces": {
				"north": {"uv": [0, 0, 0.6, 0.6], "rotation": 180, "texture": "#3"},
				"east": {"uv": [0, 0, 16, 16], "rotation": 180, "texture": "#3"},
				"south": {"uv": [0, 0, 0.6, 0.6], "rotation": 180, "texture": "#3"},
				"west": {"uv": [0, 0, 0.6, 0.6], "texture": "#3"},
				"up": {"uv": [0, 0, 0.6, 0.6], "rotation": 180, "texture": "#3"},
				"down": {"uv": [0, 0, 0.6, 0.6], "texture": "#3"}
			}
		},
		{
			"from": [7.96, 2.73, 4.18],
			"to": [8.04, 2.75, 4.19],
			"rotation": {"angle": -45, "axis": "z", "origin": [8, 2.74, 4.185]},
			"faces": {
				"north": {"uv": [0, 0, 0.6, 0.6], "rotation": 180, "texture": "#3"},
				"east": {"uv": [0, 0, 16, 16], "rotation": 180, "texture": "#3"},
				"south": {"uv": [0, 0, 0.6, 0.6], "rotation": 180, "texture": "#3"},
				"west": {"uv": [0, 0, 0.6, 0.6], "texture": "#3"},
				"up": {"uv": [0, 0, 0.6, 0.6], "rotation": 180, "texture": "#3"},
				"down": {"uv": [0, 0, 0.6, 0.6], "texture": "#3"}
			}
		},
		{
			"from": [7.96, 2.73, 4.18],
			"to": [8.04, 2.75, 4.19],
			"rotation": {"angle": -22.5, "axis": "z", "origin": [8, 2.74, 4.185]},
			"faces": {
				"north": {"uv": [0, 0, 0.6, 0.6], "rotation": 180, "texture": "#3"},
				"east": {"uv": [0, 0, 16, 16], "rotation": 180, "texture": "#3"},
				"south": {"uv": [0, 0, 0.6, 0.6], "rotation": 180, "texture": "#3"},
				"west": {"uv": [0, 0, 0.6, 0.6], "texture": "#3"},
				"up": {"uv": [0, 0, 0.6, 0.6], "rotation": 180, "texture": "#3"},
				"down": {"uv": [0, 0, 0.6, 0.6], "texture": "#3"}
			}
		},
		{
			"from": [7.96, 2.73, 4.18],
			"to": [8.04, 2.75, 4.19],
			"rotation": {"angle": 22.5, "axis": "z", "origin": [8, 2.74, 4.185]},
			"faces": {
				"north": {"uv": [0, 0, 0.6, 0.6], "rotation": 180, "texture": "#3"},
				"east": {"uv": [0, 0, 16, 16], "rotation": 180, "texture": "#3"},
				"south": {"uv": [0, 0, 0.6, 0.6], "rotation": 180, "texture": "#3"},
				"west": {"uv": [0, 0, 0.6, 0.6], "texture": "#3"},
				"up": {"uv": [0, 0, 0.6, 0.6], "rotation": 180, "texture": "#3"},
				"down": {"uv": [0, 0, 0.6, 0.6], "texture": "#3"}
			}
		},
		{
			"from": [7.99, 2.7, 4.18],
			"to": [8.01, 2.78, 4.19],
			"rotation": {"angle": -22.5, "axis": "z", "origin": [8, 2.74, 4.185]},
			"faces": {
				"north": {"uv": [0, 0, 0.6, 0.6], "rotation": 270, "texture": "#3"},
				"east": {"uv": [0, 0, 0.6, 0.6], "rotation": 270, "texture": "#3"},
				"south": {"uv": [0, 0, 0.6, 0.6], "rotation": 90, "texture": "#3"},
				"west": {"uv": [0, 0, 0.6, 0.6], "rotation": 270, "texture": "#3"},
				"up": {"uv": [0, 0, 16, 16], "rotation": 90, "texture": "#3"},
				"down": {"uv": [0, 0, 0.6, 0.6], "rotation": 270, "texture": "#3"}
			}
		},
		{
			"from": [7.99, 2.7, 4.18],
			"to": [8.01, 2.78, 4.19],
			"rotation": {"angle": 22.5, "axis": "z", "origin": [8, 2.74, 4.185]},
			"faces": {
				"north": {"uv": [0, 0, 0.6, 0.6], "rotation": 270, "texture": "#3"},
				"east": {"uv": [0, 0, 0.6, 0.6], "rotation": 270, "texture": "#3"},
				"south": {"uv": [0, 0, 0.6, 0.6], "rotation": 90, "texture": "#3"},
				"west": {"uv": [0, 0, 0.6, 0.6], "rotation": 270, "texture": "#3"},
				"up": {"uv": [0, 0, 16, 16], "rotation": 90, "texture": "#3"},
				"down": {"uv": [0, 0, 0.6, 0.6], "rotation": 270, "texture": "#3"}
			}
		}
	],
	"display": {
		"thirdperson_righthand": {
			"rotation": [0, -15, 0],
			"translation": [0.5, 9.5, -1.5],
			"scale": [1.5, 1.5, 1.5]
		},
		"thirdperson_lefthand": {
			"translation": [-0.5, 9.5, -1.5],
			"scale": [1.5, 1.5, 1.5]
		},
		"firstperson_righthand": {
			"rotation": [6, 3, 0],
			"translation": [7.5, 11.5, 5]
		},
		"firstperson_lefthand": {
			"scale": [0, 0, 0]
		},
		"ground": {
			"translation": [0, 4, 0]
		},
		"gui": {
			"rotation": [90, 50, -90],
			"translation": [7.75, 9.25, 0],
			"scale": [2, 2, 2]
		},
		"fixed": {
			"rotation": [90, 50, -90],
			"translation": [7, 10.5, 0],
			"scale": [2, 2, 2]
		}
	}
}