{
	"credit": "Made with Blockbench",
	"textures": {
		"m4a1": "dayz/weapon/gun/rifle/m4a1",
		"attachments": "dayz/weapon/gun/attachment/attachments"
	},
	"elements": [
		{
			"name": "suppressor1",
			"from": [7.5, 7, -16],
			"to": [8.5, 7.5, -8],
			"faces": {
				"north": {"uv": [2, 15.5, 2.5, 16], "texture": "#attachments"},
				"east": {"uv": [10, 15.5, 2, 16], "texture": "#attachments"},
				"south": {"uv": [10, 15.5, 9.5, 16], "texture": "#attachments"},
				"west": {"uv": [2, 15.5, 10, 16], "texture": "#attachments"},
				"up": {"uv": [2, 15.5, 10, 14.5], "rotation": 90, "texture": "#attachments"},
				"down": {"uv": [2, 14.5, 10, 15.5], "rotation": 270, "texture": "#attachments"}
			}
		},
		{
			"name": "suppressor",
			"from": [7.5, 8.5, -16],
			"to": [8.5, 9, -8],
			"faces": {
				"north": {"uv": [2, 14, 2.5, 14.5], "texture": "#attachments"},
				"east": {"uv": [10, 14, 2, 14.5], "texture": "#attachments"},
				"south": {"uv": [10, 14, 9.5, 14.5], "texture": "#attachments"},
				"west": {"uv": [2, 14, 10, 14.5], "texture": "#attachments"},
				"up": {"uv": [2, 15.5, 10, 14.5], "rotation": 90, "texture": "#attachments"},
				"down": {"uv": [2, 14.5, 10, 15.5], "rotation": 270, "texture": "#attachments"}
			}
		},
		{
			"name": "suppressor2",
			"from": [7, 7.5, -16],
			"to": [7.5, 8.5, -8],
			"faces": {
				"north": {"uv": [2, 14.5, 2.5, 15.5], "texture": "#attachments"},
				"east": {"uv": [10, 14.5, 2, 15.5], "texture": "#attachments"},
				"south": {"uv": [10, 14.5, 9.5, 15.5], "texture": "#attachments"},
				"west": {"uv": [2, 14.5, 10, 15.5], "texture": "#attachments"},
				"up": {"uv": [2, 15, 10, 14.5], "rotation": 90, "texture": "#attachments"},
				"down": {"uv": [2, 15, 10, 15.5], "rotation": 270, "texture": "#attachments"}
			}
		},
		{
			"name": "suppressor3",
			"from": [8.5, 7.5, -16],
			"to": [9, 8.5, -8],
			"faces": {
				"north": {"uv": [2, 14.5, 2.5, 15.5], "texture": "#attachments"},
				"east": {"uv": [10, 14.5, 2, 15.5], "texture": "#attachments"},
				"south": {"uv": [10, 14.5, 9.5, 15.5], "texture": "#attachments"},
				"west": {"uv": [2, 14.5, 10, 15.5], "texture": "#attachments"},
				"up": {"uv": [2, 15, 10, 14.5], "rotation": 90, "texture": "#attachments"},
				"down": {"uv": [2, 15, 10, 15.5], "rotation": 270, "texture": "#attachments"}
			}
		},
		{
			"name": "suppressor4",
			"from": [7.5, 7.5, -15.5],
			"to": [8.5, 8.5, -15],
			"faces": {
				"north": {"uv": [0.5, 14.5, 1.5, 15.5], "texture": "#attachments"},
				"east": {"uv": [0.5, 14.5, 0, 15.5], "texture": "#attachments"},
				"south": {"uv": [1.5, 14.5, 0.5, 15.5], "texture": "#attachments"},
				"west": {"uv": [1.5, 14.5, 2, 15.5], "texture": "#attachments"},
				"up": {"uv": [1.5, 15, 0.5, 14.5], "texture": "#attachments"},
				"down": {"uv": [1.5, 15, 0.5, 15.5], "texture": "#attachments"}
			}
		},
		{
			"name": "suppressor5",
			"from": [7.5, 7.5, -9],
			"to": [8.5, 8.5, -8.5],
			"faces": {
				"north": {"uv": [0.5, 14.5, 1.5, 15.5], "texture": "#attachments"},
				"east": {"uv": [0.5, 14.5, 0, 15.5], "texture": "#attachments"},
				"south": {"uv": [1.5, 14.5, 0.5, 15.5], "texture": "#attachments"},
				"west": {"uv": [1.5, 14.5, 2, 15.5], "texture": "#attachments"},
				"up": {"uv": [1.5, 15, 0.5, 14.5], "texture": "#attachments"},
				"down": {"uv": [1.5, 15, 0.5, 15.5], "texture": "#attachments"}
			}
		},
		{
			"name": "m4a1",
			"from": [7.5, 7.5, -8],
			"to": [8.5, 8.5, -0.5],
			"faces": {
				"north": {"uv": [0, 7.75, 0.25, 8.25], "texture": "#m4a1"},
				"east": {"uv": [3.75, 7.75, 0, 8.25], "texture": "#m4a1"},
				"west": {"uv": [0, 7.75, 3.75, 8.25], "texture": "#m4a1"},
				"up": {"uv": [0, 8, 3.75, 7.75], "rotation": 90, "texture": "#m4a1"},
				"down": {"uv": [0, 8, 3.75, 8.25], "rotation": 270, "texture": "#m4a1"}
			}
		},
		{
			"name": "m4a11",
			"from": [7.5, 7, -2.5],
			"to": [8.5, 7.5, -2],
			"faces": {
				"north": {"uv": [2.75, 8.25, 3, 8.5], "texture": "#m4a1"},
				"east": {"uv": [3, 8.25, 2.75, 8.5], "texture": "#m4a1"},
				"south": {"uv": [3, 8.25, 2.75, 8.5], "texture": "#m4a1"},
				"west": {"uv": [2.75, 8.25, 3, 8.5], "texture": "#m4a1"}
			}
		},
		{
			"name": "m4a12",
			"from": [7.5, 6.5, -3],
			"to": [8.5, 7, -2],
			"faces": {
				"north": {"uv": [2.5, 8.5, 2.75, 8.75], "texture": "#m4a1"},
				"east": {"uv": [3, 8.5, 2.5, 8.75], "texture": "#m4a1"},
				"south": {"uv": [3, 8.5, 2.75, 8.75], "texture": "#m4a1"},
				"west": {"uv": [2.5, 8.5, 3, 8.75], "texture": "#m4a1"},
				"up": {"uv": [2.5, 8.75, 3, 8.5], "rotation": 90, "texture": "#m4a1"},
				"down": {"uv": [2.5, 8.5, 3, 8.75], "rotation": 270, "texture": "#m4a1"}
			}
		},
		{
			"name": "m4a13",
			"from": [7, 7, -1],
			"to": [9, 7.5, -0.5],
			"faces": {
				"north": {"uv": [3.5, 8.25, 3.75, 8.5], "texture": "#m4a1"},
				"east": {"uv": [3.75, 8.25, 3.5, 8.5], "texture": "#m4a1"},
				"south": {"uv": [3.75, 8.25, 3.5, 8.5], "texture": "#m4a1"},
				"west": {"uv": [3.5, 8.25, 3.75, 8.5], "texture": "#m4a1"},
				"up": {"uv": [3.5, 8.5, 3.75, 8.25], "rotation": 90, "texture": "#m4a1"},
				"down": {"uv": [3.5, 8.25, 3.75, 8.5], "rotation": 270, "texture": "#m4a1"}
			}
		},
		{
			"name": "m4a14",
			"from": [7.5, 6, -1],
			"to": [8.5, 7, -0.5],
			"faces": {
				"north": {"uv": [3.5, 8.5, 3.75, 9], "texture": "#m4a1"},
				"east": {"uv": [3.75, 8.5, 3.5, 9], "texture": "#m4a1"},
				"south": {"uv": [3.75, 8.5, 3.5, 9], "texture": "#m4a1"},
				"west": {"uv": [3.5, 8.5, 3.75, 9], "texture": "#m4a1"},
				"down": {"uv": [3.5, 8.75, 3.75, 9], "rotation": 270, "texture": "#m4a1"}
			}
		},
		{
			"name": "m4a15",
			"from": [7.5, 8.5, -2.5],
			"to": [8.5, 11.5, -2],
			"faces": {
				"north": {"uv": [2.75, 6.25, 3, 7.75], "texture": "#m4a1"},
				"east": {"uv": [3, 6.25, 2.75, 7.75], "texture": "#m4a1"},
				"south": {"uv": [3, 6.25, 2.75, 7.75], "texture": "#m4a1"},
				"west": {"uv": [2.75, 6.25, 3, 7.75], "texture": "#m4a1"},
				"up": {"uv": [2.75, 6.5, 3, 6.25], "rotation": 90, "texture": "#m4a1"}
			}
		},
		{
			"name": "m4a16",
			"from": [7.5, 8.5, -1],
			"to": [8.5, 10, -0.5],
			"faces": {
				"north": {"uv": [3.5, 7, 3.75, 7.75], "texture": "#m4a1"},
				"east": {"uv": [3.75, 7, 3.5, 7.75], "texture": "#m4a1"},
				"south": {"uv": [3.75, 7, 3.5, 7.75], "texture": "#m4a1"},
				"west": {"uv": [3.5, 7, 3.75, 7.75], "texture": "#m4a1"},
				"up": {"uv": [3.5, 7.25, 3.75, 7], "rotation": 90, "texture": "#m4a1"}
			}
		},
		{
			"name": "m4a17",
			"from": [7.5, 10, -1.5],
			"to": [8.5, 11, -1],
			"faces": {
				"north": {"uv": [3.25, 6.5, 3.5, 7], "texture": "#m4a1"},
				"east": {"uv": [3.5, 6.5, 3.25, 7], "texture": "#m4a1"},
				"south": {"uv": [3.5, 6.5, 3.25, 7], "texture": "#m4a1"},
				"west": {"uv": [3.25, 6.5, 3.5, 7], "texture": "#m4a1"},
				"up": {"uv": [3.25, 6.75, 3.5, 6.5], "rotation": 90, "texture": "#m4a1"},
				"down": {"uv": [3.25, 6.75, 3.5, 7], "rotation": 270, "texture": "#m4a1"}
			}
		},
		{
			"name": "m4a18",
			"from": [7.5, 10.5, -2],
			"to": [8.5, 11.5, -1.5],
			"faces": {
				"east": {"uv": [3.25, 6.25, 3, 6.75], "texture": "#m4a1"},
				"south": {"uv": [3.25, 6.25, 3, 6.75], "texture": "#m4a1"},
				"west": {"uv": [3, 6.25, 3.25, 6.75], "texture": "#m4a1"},
				"up": {"uv": [3, 6.5, 3.25, 6.25], "rotation": 90, "texture": "#m4a1"},
				"down": {"uv": [3, 6.5, 3.25, 6.75], "rotation": 270, "texture": "#m4a1"}
			}
		},
		{
			"name": "m4a19",
			"from": [7.5, 9, -2],
			"to": [8.5, 9.5, -1],
			"faces": {
				"east": {"uv": [3.5, 7.25, 3, 7.5], "texture": "#m4a1"},
				"west": {"uv": [3, 7.25, 3.5, 7.5], "texture": "#m4a1"},
				"up": {"uv": [3, 7.5, 3.5, 7.25], "rotation": 90, "texture": "#m4a1"},
				"down": {"uv": [3, 7.25, 3.5, 7.5], "rotation": 270, "texture": "#m4a1"}
			}
		},
		{
			"name": "m4a110",
			"from": [6.5, 7, 0],
			"to": [9.5, 9, 6.5],
			"faces": {
				"north": {"uv": [4, 7.5, 4.25, 8.5], "texture": "#m4a1"},
				"east": {"uv": [7.25, 7.5, 4, 8.5], "texture": "#m4a1"},
				"south": {"uv": [7.25, 7.5, 7, 8.5], "texture": "#m4a1"},
				"west": {"uv": [4, 7.5, 7.25, 8.5], "texture": "#m4a1"},
				"up": {"uv": [4, 7.75, 7.25, 7.5], "rotation": 90, "texture": "#m4a1"},
				"down": {"uv": [4, 8.25, 7.25, 8.5], "rotation": 270, "texture": "#m4a1"}
			}
		},
		{
			"name": "m4a111",
			"from": [7, 6.5, 0],
			"to": [9, 9.5, 6.5],
			"faces": {
				"north": {"uv": [4, 7.25, 4.25, 8.75], "texture": "#m4a1"},
				"east": {"uv": [7.25, 7.25, 4, 8.75], "texture": "#m4a1"},
				"south": {"uv": [7.25, 7.25, 7, 8.75], "texture": "#m4a1"},
				"west": {"uv": [4, 7.25, 7.25, 8.75], "texture": "#m4a1"},
				"up": {"uv": [4, 7.5, 7.25, 7.25], "rotation": 90, "texture": "#m4a1"},
				"down": {"uv": [4, 8.5, 7.25, 8.75], "rotation": 270, "texture": "#m4a1"}
			}
		},
		{
			"name": "m4a112",
			"from": [7, 7.5, 6.5],
			"to": [9, 8.5, 7],
			"faces": {
				"east": {"uv": [7.5, 7.75, 7.25, 8.25], "texture": "#m4a1"},
				"west": {"uv": [7.25, 7.75, 7.5, 8.25], "texture": "#m4a1"},
				"up": {"uv": [7.25, 8, 7.5, 7.75], "rotation": 90, "texture": "#m4a1"},
				"down": {"uv": [7.25, 8, 7.5, 8.25], "rotation": 270, "texture": "#m4a1"}
			}
		},
		{
			"name": "m4a113",
			"from": [7.5, 8.5, 6.5],
			"to": [8.5, 9, 7],
			"faces": {
				"east": {"uv": [7.5, 7.5, 7.25, 7.75], "texture": "#m4a1"},
				"west": {"uv": [7.25, 7.5, 7.5, 7.75], "texture": "#m4a1"},
				"up": {"uv": [7.25, 7.75, 7.5, 7.5], "rotation": 90, "texture": "#m4a1"}
			}
		},
		{
			"name": "m4a114",
			"from": [7.5, 7, 6.5],
			"to": [8.5, 7.5, 7],
			"faces": {
				"east": {"uv": [7.5, 8.25, 7.25, 8.5], "texture": "#m4a1"},
				"west": {"uv": [7.25, 8.25, 7.5, 8.5], "texture": "#m4a1"},
				"down": {"uv": [7.25, 8.25, 7.5, 8.5], "rotation": 270, "texture": "#m4a1"}
			}
		},
		{
			"name": "m4a115",
			"from": [7, 6.5, 7],
			"to": [9, 9, 8],
			"faces": {
				"north": {"uv": [7.5, 7.5, 7.75, 8.75], "texture": "#m4a1"},
				"east": {"uv": [8, 7.5, 7.5, 8.75], "texture": "#m4a1"},
				"west": {"uv": [7.5, 7.5, 8, 8.75], "texture": "#m4a1"},
				"up": {"uv": [7.5, 7.75, 8, 7.5], "rotation": 90, "texture": "#m4a1"},
				"down": {"uv": [7.5, 8.5, 8, 8.75], "rotation": 270, "texture": "#m4a1"}
			}
		},
		{
			"name": "m4a116",
			"from": [7, 5, 7.5],
			"to": [9, 6.5, 8],
			"faces": {
				"north": {"uv": [7.75, 8.75, 8, 9.5], "texture": "#m4a1"},
				"east": {"uv": [8, 8.75, 7.75, 9.5], "texture": "#m4a1"},
				"west": {"uv": [7.75, 8.75, 8, 9.5], "texture": "#m4a1"},
				"down": {"uv": [7.75, 9.25, 8, 9.5], "rotation": 270, "texture": "#m4a1"}
			}
		},
		{
			"name": "m4a117",
			"from": [7.5, 9, 7],
			"to": [8.5, 9.5, 8],
			"faces": {
				"north": {"uv": [7.5, 7.25, 7.75, 7.5], "texture": "#m4a1"},
				"east": {"uv": [8, 7.25, 7.5, 7.5], "texture": "#m4a1"},
				"west": {"uv": [7.5, 7.25, 8, 7.5], "texture": "#m4a1"},
				"up": {"uv": [7.5, 7.5, 8, 7.25], "rotation": 90, "texture": "#m4a1"}
			}
		},
		{
			"name": "m4a118",
			"from": [7.5, 9.5, 7],
			"to": [8.5, 10.5, 7.5],
			"faces": {
				"north": {"uv": [7.5, 6.75, 7.75, 7.25], "texture": "#m4a1"},
				"east": {"uv": [7.75, 6.75, 7.5, 7.25], "texture": "#m4a1"},
				"south": {"uv": [7.75, 6.75, 7.5, 7.25], "texture": "#m4a1"},
				"west": {"uv": [7.5, 6.75, 7.75, 7.25], "texture": "#m4a1"},
				"up": {"uv": [7.5, 7, 7.75, 6.75], "rotation": 90, "texture": "#m4a1"}
			}
		},
		{
			"name": "m4a119",
			"from": [7.5, 10, 7.5],
			"to": [8.5, 11, 8],
			"faces": {
				"north": {"uv": [7.75, 6.5, 8, 7], "texture": "#m4a1"},
				"east": {"uv": [8, 6.5, 7.75, 7], "texture": "#m4a1"},
				"south": {"uv": [8, 6.5, 7.75, 7], "texture": "#m4a1"},
				"west": {"uv": [7.75, 6.5, 8, 7], "texture": "#m4a1"},
				"up": {"uv": [7.75, 6.75, 8, 6.5], "rotation": 90, "texture": "#m4a1"},
				"down": {"uv": [7.75, 6.75, 8, 7], "rotation": 270, "texture": "#m4a1"}
			}
		},
		{
			"name": "m4a120",
			"from": [7, 6.5, 8],
			"to": [9, 9, 15],
			"faces": {
				"east": {"uv": [11.5, 7.5, 8, 8.75], "texture": "#m4a1"},
				"south": {"uv": [11.5, 7.5, 11.25, 8.75], "texture": "#m4a1"},
				"west": {"uv": [8, 7.5, 11.5, 8.75], "texture": "#m4a1"},
				"up": {"uv": [8, 7.75, 11.5, 7.5], "rotation": 90, "texture": "#m4a1"},
				"down": {"uv": [8, 8.5, 11.5, 8.75], "rotation": 270, "texture": "#m4a1"}
			}
		},
		{
			"name": "m4a121",
			"from": [7, 5, 8],
			"to": [9, 6.5, 9],
			"faces": {
				"east": {"uv": [8.5, 8.75, 8, 9.5], "texture": "#m4a1"},
				"west": {"uv": [8, 8.75, 8.5, 9.5], "texture": "#m4a1"},
				"down": {"uv": [8, 9.25, 8.5, 9.5], "rotation": 270, "texture": "#m4a1"}
			}
		},
		{
			"name": "m4a122",
			"from": [7, 4.5, 9],
			"to": [9, 6.5, 10.5],
			"faces": {
				"north": {"uv": [8.5, 8.75, 8.75, 9.75], "texture": "#m4a1"},
				"east": {"uv": [9.25, 8.75, 8.5, 9.75], "texture": "#m4a1"},
				"south": {"uv": [9.25, 8.75, 9, 9.75], "texture": "#m4a1"},
				"west": {"uv": [8.5, 8.75, 9.25, 9.75], "texture": "#m4a1"},
				"down": {"uv": [8.5, 9.5, 9.25, 9.75], "rotation": 270, "texture": "#m4a1"}
			}
		},
		{
			"name": "m4a123",
			"from": [7, 6, 10.5],
			"to": [9, 6.5, 15],
			"faces": {
				"east": {"uv": [11.5, 8.75, 9.25, 9], "texture": "#m4a1"},
				"west": {"uv": [9.25, 8.75, 11.5, 9], "texture": "#m4a1"},
				"down": {"uv": [9.25, 8.75, 11.5, 9], "rotation": 270, "texture": "#m4a1"}
			}
		},
		{
			"name": "m4a124",
			"from": [7.5, 10.5, 8],
			"to": [8.5, 11, 14],
			"faces": {
				"east": {"uv": [11, 6.5, 8, 6.75], "texture": "#m4a1"},
				"south": {"uv": [11, 6.5, 10.75, 6.75], "texture": "#m4a1"},
				"west": {"uv": [8, 6.5, 11, 6.75], "texture": "#m4a1"},
				"up": {"uv": [8, 6.75, 11, 6.5], "rotation": 90, "texture": "#m4a1"},
				"down": {"uv": [8, 6.5, 11, 6.75], "rotation": 270, "texture": "#m4a1"}
			}
		},
		{
			"name": "m4a125",
			"from": [7, 6, 15],
			"to": [9, 8.5, 15.5],
			"faces": {
				"north": {"uv": [11.5, 7.75, 11.75, 9], "texture": "#m4a1"},
				"east": {"uv": [11.75, 7.75, 11.5, 9], "texture": "#m4a1"},
				"south": {"uv": [11.75, 7.75, 11.5, 9], "texture": "#m4a1"},
				"west": {"uv": [11.5, 7.75, 11.75, 9], "texture": "#m4a1"},
				"up": {"uv": [11.5, 8, 11.75, 7.75], "rotation": 90, "texture": "#m4a1"},
				"down": {"uv": [11.5, 8.75, 11.75, 9], "rotation": 270, "texture": "#m4a1"}
			}
		},
		{
			"name": "m4a126",
			"from": [7.5, 9, 8],
			"to": [8.5, 9.5, 15],
			"faces": {
				"east": {"uv": [11.5, 7.25, 8, 7.5], "texture": "#m4a1"},
				"south": {"uv": [11.5, 7.25, 11.25, 7.5], "texture": "#m4a1"},
				"west": {"uv": [8, 7.25, 11.5, 7.5], "texture": "#m4a1"},
				"up": {"uv": [8, 7.5, 11.5, 7.25], "rotation": 90, "texture": "#m4a1"}
			}
		},
		{
			"name": "m4a127",
			"from": [7.5, 11, 10.5],
			"to": [8.5, 11.5, 14],
			"faces": {
				"north": {"uv": [9.25, 6.25, 9.5, 6.5], "texture": "#m4a1"},
				"east": {"uv": [11, 6.25, 9.25, 6.5], "texture": "#m4a1"},
				"south": {"uv": [11, 6.25, 10.75, 6.5], "texture": "#m4a1"},
				"west": {"uv": [9.25, 6.25, 11, 6.5], "texture": "#m4a1"},
				"up": {"uv": [9.25, 6.5, 11, 6.25], "rotation": 90, "texture": "#m4a1"}
			}
		},
		{
			"name": "m4a128",
			"from": [7.5, 9.5, 12.5],
			"to": [8.5, 10.5, 14.5],
			"faces": {
				"north": {"uv": [10.25, 6.75, 10.5, 7.25], "texture": "#m4a1"},
				"east": {"uv": [11.25, 6.75, 10.25, 7.25], "texture": "#m4a1"},
				"south": {"uv": [11.25, 6.75, 11, 7.25], "texture": "#m4a1"},
				"west": {"uv": [10.25, 6.75, 11.25, 7.25], "texture": "#m4a1"},
				"up": {"uv": [10.25, 7, 11.25, 6.75], "rotation": 90, "texture": "#m4a1"}
			}
		},
		{
			"name": "m4a129",
			"from": [7.5, 5.5, 11],
			"to": [8.5, 6, 12],
			"faces": {
				"north": {"uv": [9.5, 9, 9.75, 9.25], "texture": "#m4a1"},
				"east": {"uv": [10, 9, 9.5, 9.25], "texture": "#m4a1"},
				"south": {"uv": [10, 9, 9.75, 9.25], "texture": "#m4a1"},
				"west": {"uv": [9.5, 9, 10, 9.25], "texture": "#m4a1"},
				"down": {"uv": [9.5, 9, 10, 9.25], "rotation": 270, "texture": "#m4a1"}
			}
		},
		{
			"name": "m4a130",
			"from": [7.5, 5, 11.5],
			"to": [8.5, 5.5, 12],
			"faces": {
				"north": {"uv": [9.75, 9.25, 10, 9.5], "texture": "#m4a1"},
				"east": {"uv": [10, 9.25, 9.75, 9.5], "texture": "#m4a1"},
				"south": {"uv": [10, 9.25, 9.75, 9.5], "texture": "#m4a1"},
				"west": {"uv": [9.75, 9.25, 10, 9.5], "texture": "#m4a1"},
				"down": {"uv": [9.75, 9.25, 10, 9.5], "rotation": 270, "texture": "#m4a1"}
			}
		},
		{
			"name": "m4a131",
			"from": [7.5, 4, 10.5],
			"to": [8.5, 4.5, 12.5],
			"faces": {
				"east": {"uv": [10.25, 9.75, 9.25, 10], "texture": "#m4a1"},
				"west": {"uv": [9.25, 9.75, 10.25, 10], "texture": "#m4a1"},
				"up": {"uv": [9.25, 10, 10.25, 9.75], "rotation": 90, "texture": "#m4a1"},
				"down": {"uv": [9.25, 9.75, 10.25, 10], "rotation": 270, "texture": "#m4a1"}
			}
		},
		{
			"name": "m4a132",
			"from": [7.5, 4, 12.5],
			"to": [8.5, 6, 13],
			"faces": {
				"north": {"uv": [10.25, 9, 10.5, 10], "texture": "#m4a1"},
				"east": {"uv": [10.5, 9, 10.25, 10], "texture": "#m4a1"},
				"south": {"uv": [10.5, 9, 10.25, 10], "texture": "#m4a1"},
				"west": {"uv": [10.25, 9, 10.5, 10], "texture": "#m4a1"},
				"down": {"uv": [10.25, 9.75, 10.5, 10], "rotation": 270, "texture": "#m4a1"}
			}
		},
		{
			"name": "m4a133",
			"from": [7, 5, 13],
			"to": [9, 6, 14.5],
			"faces": {
				"north": {"uv": [10.5, 9, 10.75, 9.5], "texture": "#m4a1"},
				"east": {"uv": [11.25, 9, 10.5, 9.5], "texture": "#m4a1"},
				"south": {"uv": [11.25, 9, 11, 9.5], "texture": "#m4a1"},
				"west": {"uv": [10.5, 9, 11.25, 9.5], "texture": "#m4a1"}
			}
		},
		{
			"name": "m4a134",
			"from": [7, 4, 13],
			"to": [9, 5, 15],
			"faces": {
				"north": {"uv": [10.5, 9.5, 10.75, 10], "texture": "#m4a1"},
				"east": {"uv": [11.5, 9.5, 10.5, 10], "texture": "#m4a1"},
				"south": {"uv": [11.5, 9.5, 11.25, 10], "texture": "#m4a1"},
				"west": {"uv": [10.5, 9.5, 11.5, 10], "texture": "#m4a1"},
				"up": {"uv": [10.5, 9.75, 11.5, 9.5], "rotation": 90, "texture": "#m4a1"},
				"down": {"uv": [10.5, 9.75, 11.5, 10], "rotation": 270, "texture": "#m4a1"}
			}
		},
		{
			"name": "m4a135",
			"from": [7, 3, 13.5],
			"to": [9, 4, 15.5],
			"faces": {
				"north": {"uv": [10.75, 10, 11, 10.5], "texture": "#m4a1"},
				"east": {"uv": [11.75, 10, 10.75, 10.5], "texture": "#m4a1"},
				"south": {"uv": [11.75, 10, 11.5, 10.5], "texture": "#m4a1"},
				"west": {"uv": [10.75, 10, 11.75, 10.5], "texture": "#m4a1"},
				"up": {"uv": [10.75, 10.25, 11.75, 10], "rotation": 90, "texture": "#m4a1"},
				"down": {"uv": [10.75, 10.25, 11.75, 10.5], "rotation": 270, "texture": "#m4a1"}
			}
		},
		{
			"name": "m4a136",
			"from": [7, 2, 14],
			"to": [9, 3, 16],
			"faces": {
				"north": {"uv": [11, 10.5, 11.25, 11], "texture": "#m4a1"},
				"east": {"uv": [12, 10.5, 11, 11], "texture": "#m4a1"},
				"south": {"uv": [12, 10.5, 11.75, 11], "texture": "#m4a1"},
				"west": {"uv": [11, 10.5, 12, 11], "texture": "#m4a1"},
				"up": {"uv": [11, 10.75, 12, 10.5], "rotation": 90, "texture": "#m4a1"},
				"down": {"uv": [11, 10.75, 12, 11], "rotation": 270, "texture": "#m4a1"}
			}
		},
		{
			"name": "m4a137",
			"from": [7, 1.5, 13.5],
			"to": [9, 2, 15.5],
			"faces": {
				"north": {"uv": [10.75, 11, 11, 11.25], "texture": "#m4a1"},
				"east": {"uv": [11.75, 11, 10.75, 11.25], "texture": "#m4a1"},
				"south": {"uv": [11.75, 11, 11.5, 11.25], "texture": "#m4a1"},
				"west": {"uv": [10.75, 11, 11.75, 11.25], "texture": "#m4a1"},
				"up": {"uv": [10.75, 11.25, 11.75, 11], "rotation": 90, "texture": "#m4a1"},
				"down": {"uv": [10.75, 11, 11.75, 11.25], "rotation": 270, "texture": "#m4a1"}
			}
		},
		{
			"name": "m4a138",
			"from": [6.5, 7.5, 11],
			"to": [9.5, 8.5, 15],
			"faces": {
				"north": {"uv": [9.5, 7.75, 9.75, 8.25], "texture": "#m4a1"},
				"east": {"uv": [11.5, 7.75, 9.5, 8.25], "texture": "#m4a1"},
				"south": {"uv": [11.5, 7.75, 11.25, 8.25], "texture": "#m4a1"},
				"west": {"uv": [9.5, 7.75, 11.5, 8.25], "texture": "#m4a1"},
				"up": {"uv": [9.5, 8, 11.5, 7.75], "rotation": 90, "texture": "#m4a1"},
				"down": {"uv": [9.5, 8, 11.5, 8.25], "rotation": 270, "texture": "#m4a1"}
			}
		},
		{
			"name": "m4a139",
			"from": [6.5, 7, 8],
			"to": [9.5, 8, 10],
			"faces": {
				"north": {"uv": [8, 8, 8.25, 8.5], "texture": "#m4a1"},
				"east": {"uv": [9, 8, 8, 8.5], "texture": "#m4a1"},
				"south": {"uv": [9, 8, 8.75, 8.5], "texture": "#m4a1"},
				"west": {"uv": [8, 8, 9, 8.5], "texture": "#m4a1"},
				"up": {"uv": [8, 8.25, 9, 8], "rotation": 90, "texture": "#m4a1"},
				"down": {"uv": [8, 8.25, 9, 8.5], "rotation": 270, "texture": "#m4a1"}
			}
		},
		{
			"name": "m4a140",
			"from": [6.5, 7.5, 10],
			"to": [9.5, 8, 10.5],
			"faces": {
				"east": {"uv": [9.25, 8, 9, 8.25], "texture": "#m4a1"},
				"south": {"uv": [9.25, 8, 9, 8.25], "texture": "#m4a1"},
				"west": {"uv": [9, 8, 9.25, 8.25], "texture": "#m4a1"},
				"up": {"uv": [9, 8.25, 9.25, 8], "rotation": 90, "texture": "#m4a1"},
				"down": {"uv": [9, 8, 9.25, 8.25], "rotation": 270, "texture": "#m4a1"}
			}
		},
		{
			"name": "m4a141",
			"from": [7.5, 7, 15.5],
			"to": [8.5, 8.5, 16],
			"faces": {
				"east": {"uv": [12, 7.75, 11.75, 8.5], "texture": "#m4a1"},
				"west": {"uv": [11.75, 7.75, 12, 8.5], "texture": "#m4a1"},
				"up": {"uv": [11.75, 8, 12, 7.75], "rotation": 90, "texture": "#m4a1"},
				"down": {"uv": [11.75, 8.25, 12, 8.5], "rotation": 270, "texture": "#m4a1"}
			}
		},
		{
			"name": "m4a142",
			"from": [7.5, 6.5, 17.5],
			"to": [8.5, 8.5, 18.5],
			"faces": {
				"north": {"uv": [12.75, 7.75, 13, 8.75], "texture": "#m4a1"},
				"east": {"uv": [13.25, 7.75, 12.75, 8.75], "texture": "#m4a1"},
				"west": {"uv": [12.75, 7.75, 13.25, 8.75], "texture": "#m4a1"},
				"up": {"uv": [12.75, 8, 13.25, 7.75], "rotation": 90, "texture": "#m4a1"},
				"down": {"uv": [12.75, 8.5, 13.25, 8.75], "rotation": 270, "texture": "#m4a1"}
			}
		},
		{
			"name": "m4a143",
			"from": [7.5, 5.5, 18.5],
			"to": [8.5, 8.5, 19.5],
			"faces": {
				"north": {"uv": [13.25, 7.75, 13.5, 9.25], "texture": "#m4a1"},
				"east": {"uv": [13.75, 7.75, 13.25, 9.25], "texture": "#m4a1"},
				"west": {"uv": [13.25, 7.75, 13.75, 9.25], "texture": "#m4a1"},
				"up": {"uv": [13.25, 8, 13.75, 7.75], "rotation": 90, "texture": "#m4a1"},
				"down": {"uv": [13.25, 9, 13.75, 9.25], "rotation": 270, "texture": "#m4a1"}
			}
		},
		{
			"name": "m4a144",
			"from": [7.5, 5, 19.5],
			"to": [8.5, 8.5, 20],
			"faces": {
				"north": {"uv": [13.75, 7.75, 14, 9.5], "texture": "#m4a1"},
				"east": {"uv": [14, 7.75, 13.75, 9.5], "texture": "#m4a1"},
				"south": {"uv": [14, 7.75, 13.75, 9.5], "texture": "#m4a1"},
				"west": {"uv": [13.75, 7.75, 14, 9.5], "texture": "#m4a1"},
				"up": {"uv": [13.75, 8, 14, 7.75], "rotation": 90, "texture": "#m4a1"},
				"down": {"uv": [13.75, 9.25, 14, 9.5], "rotation": 270, "texture": "#m4a1"}
			}
		},
		{
			"name": "m4a145",
			"from": [7.5, 5.5, 20],
			"to": [8.5, 8.5, 20.5],
			"faces": {
				"east": {"uv": [14.25, 7.75, 14, 9.25], "texture": "#m4a1"},
				"west": {"uv": [14, 7.75, 14.25, 9.25], "texture": "#m4a1"},
				"up": {"uv": [14, 8, 14.25, 7.75], "rotation": 90, "texture": "#m4a1"},
				"down": {"uv": [14, 9, 14.25, 9.25], "rotation": 270, "texture": "#m4a1"}
			}
		},
		{
			"name": "m4a146",
			"from": [7.5, 5, 20.5],
			"to": [8.5, 8.5, 21],
			"faces": {
				"north": {"uv": [14.25, 7.75, 14.5, 9.5], "texture": "#m4a1"},
				"east": {"uv": [14.5, 7.75, 14.25, 9.5], "texture": "#m4a1"},
				"west": {"uv": [14.25, 7.75, 14.5, 9.5], "texture": "#m4a1"},
				"up": {"uv": [14.25, 8, 14.5, 7.75], "rotation": 90, "texture": "#m4a1"},
				"down": {"uv": [14.25, 9.25, 14.5, 9.5], "rotation": 270, "texture": "#m4a1"}
			}
		},
		{
			"name": "m4a147",
			"from": [7.5, 4.5, 21],
			"to": [8.5, 8.5, 21.5],
			"faces": {
				"north": {"uv": [14.5, 7.75, 14.75, 9.75], "texture": "#m4a1"},
				"east": {"uv": [14.75, 7.75, 14.5, 9.75], "texture": "#m4a1"},
				"south": {"uv": [14.75, 7.75, 14.5, 9.75], "texture": "#m4a1"},
				"west": {"uv": [14.5, 7.75, 14.75, 9.75], "texture": "#m4a1"},
				"up": {"uv": [14.5, 8, 14.75, 7.75], "rotation": 90, "texture": "#m4a1"},
				"down": {"uv": [14.5, 9.5, 14.75, 9.75], "rotation": 270, "texture": "#m4a1"}
			}
		},
		{
			"name": "m4a148",
			"from": [7.5, 5.5, 21.5],
			"to": [8.5, 8.5, 22],
			"faces": {
				"east": {"uv": [15, 7.75, 14.75, 9.25], "texture": "#m4a1"},
				"west": {"uv": [14.75, 7.75, 15, 9.25], "texture": "#m4a1"},
				"up": {"uv": [14.75, 8, 15, 7.75], "rotation": 90, "texture": "#m4a1"},
				"down": {"uv": [14.75, 9, 15, 9.25], "rotation": 270, "texture": "#m4a1"}
			}
		},
		{
			"name": "m4a149",
			"from": [7.5, 5, 22],
			"to": [8.5, 8.5, 22.5],
			"faces": {
				"north": {"uv": [15, 7.75, 15.25, 9.5], "texture": "#m4a1"},
				"east": {"uv": [15.25, 7.75, 15, 9.5], "texture": "#m4a1"},
				"west": {"uv": [15, 7.75, 15.25, 9.5], "texture": "#m4a1"},
				"up": {"uv": [15, 8, 15.25, 7.75], "rotation": 90, "texture": "#m4a1"},
				"down": {"uv": [15, 9.25, 15.25, 9.5], "rotation": 270, "texture": "#m4a1"}
			}
		},
		{
			"name": "m4a150",
			"from": [7.5, 4.5, 22.5],
			"to": [8.5, 8.5, 23],
			"faces": {
				"north": {"uv": [15.25, 7.75, 15.5, 9.75], "texture": "#m4a1"},
				"east": {"uv": [15.5, 7.75, 15.25, 9.75], "texture": "#m4a1"},
				"west": {"uv": [15.25, 7.75, 15.5, 9.75], "texture": "#m4a1"},
				"up": {"uv": [15.25, 8, 15.5, 7.75], "rotation": 90, "texture": "#m4a1"},
				"down": {"uv": [15.25, 9.5, 15.5, 9.75], "rotation": 270, "texture": "#m4a1"}
			}
		},
		{
			"name": "m4a151",
			"from": [7.5, 4, 23],
			"to": [8.5, 8.5, 23.5],
			"faces": {
				"north": {"uv": [15.5, 7.75, 15.75, 10], "texture": "#m4a1"},
				"east": {"uv": [15.75, 7.75, 15.5, 10], "texture": "#m4a1"},
				"west": {"uv": [15.5, 7.75, 15.75, 10], "texture": "#m4a1"},
				"up": {"uv": [15.5, 8, 15.75, 7.75], "rotation": 90, "texture": "#m4a1"},
				"down": {"uv": [15.5, 9.75, 15.75, 10], "rotation": 270, "texture": "#m4a1"}
			}
		},
		{
			"name": "m4a152",
			"from": [7.5, 3.5, 23.5],
			"to": [8.5, 9, 24],
			"faces": {
				"north": {"uv": [15.75, 7.5, 16, 10.25], "texture": "#m4a1"},
				"east": {"uv": [16, 7.5, 15.75, 10.25], "texture": "#m4a1"},
				"south": {"uv": [16, 7.5, 15.75, 10.25], "texture": "#m4a1"},
				"west": {"uv": [15.75, 7.5, 16, 10.25], "texture": "#m4a1"},
				"up": {"uv": [15.75, 7.75, 16, 7.5], "rotation": 90, "texture": "#m4a1"},
				"down": {"uv": [15.75, 10, 16, 10.25], "rotation": 270, "texture": "#m4a1"}
			}
		},
		{
			"name": "m4a153",
			"from": [7.5, 7, 16.5],
			"to": [8.5, 8.5, 17.5],
			"faces": {
				"east": {"uv": [12.75, 7.75, 12.25, 8.5], "texture": "#m4a1"},
				"west": {"uv": [12.25, 7.75, 12.75, 8.5], "texture": "#m4a1"},
				"up": {"uv": [12.25, 8, 12.75, 7.75], "rotation": 90, "texture": "#m4a1"},
				"down": {"uv": [12.25, 8.25, 12.75, 8.5], "rotation": 270, "texture": "#m4a1"}
			}
		},
		{
			"name": "m4a154",
			"from": [7.5, 7, 16],
			"to": [8.5, 8.5, 16.5],
			"faces": {
				"east": {"uv": [12.25, 7.75, 12, 8.5], "texture": "#m4a1"},
				"west": {"uv": [12, 7.75, 12.25, 8.5], "texture": "#m4a1"},
				"up": {"uv": [12, 8, 12.25, 7.75], "rotation": 90, "texture": "#m4a1"},
				"down": {"uv": [12, 8.25, 12.25, 8.5], "rotation": 270, "texture": "#m4a1"}
			}
		},
		{
			"name": "m4a155",
			"from": [7, 7.5, -0.5],
			"to": [9, 8.5, 0],
			"faces": {
				"north": {"uv": [3.75, 7.75, 4, 8.25], "texture": "#m4a1"},
				"east": {"uv": [4, 7.75, 3.75, 8.25], "texture": "#m4a1"},
				"west": {"uv": [3.75, 7.75, 4, 8.25], "texture": "#m4a1"},
				"up": {"uv": [3.75, 8, 4, 7.75], "rotation": 90, "texture": "#m4a1"},
				"down": {"uv": [3.75, 8, 4, 8.25], "rotation": 270, "texture": "#m4a1"}
			}
		},
		{
			"name": "m4a156",
			"from": [7.5, 8.5, -0.5],
			"to": [8.5, 9, 0],
			"faces": {
				"east": {"uv": [4, 7.5, 3.75, 7.75], "texture": "#m4a1"},
				"west": {"uv": [3.75, 7.5, 4, 7.75], "texture": "#m4a1"},
				"up": {"uv": [3.75, 7.75, 4, 7.5], "rotation": 90, "texture": "#m4a1"}
			}
		},
		{
			"name": "m4a157",
			"from": [7.5, 7, -0.5],
			"to": [8.5, 7.5, 0],
			"faces": {
				"east": {"uv": [4, 8.25, 3.75, 8.5], "texture": "#m4a1"},
				"west": {"uv": [3.75, 8.25, 4, 8.5], "texture": "#m4a1"},
				"down": {"uv": [3.75, 8.25, 4, 8.5], "rotation": 270, "texture": "#m4a1"}
			}
		}
	],
	"display": {
		"thirdperson_righthand": {
			"translation": [0, 1.5, -1.875],
			"scale": [0.75, 0.75, 0.75]
		},
		"thirdperson_lefthand": {
			"translation": [-1.25, -5.125, 8],
			"scale": [0.75, 0.75, 0.75]
		},
		"firstperson_righthand": {
			"rotation": [30, 0, -30],
			"translation": [6, 3, -3]
		},
		"firstperson_lefthand": {
			"scale": [0.0001, 0.0001, 0.0001]
		},
		"ground": {
			"rotation": [0, 0, 90],
			"scale": [0.75, 0.75, 0.75]
		},
		"gui": {
			"rotation": [30, 135, 0],
			"scale": [0.5, 0.5, 0.5]
		},
		"head": {
			"scale": [0.0001, 0.0001, 0.0001]
		},
		"fixed": {
			"rotation": [0, -90, 0],
			"scale": [1.5, 1.5, 1.5]
		}
	}
}