{
	"credit": "Made with Blockbench",
	"textures": {
		"0": "zcbm/weapons/m249",
		"particle": "zcbm/weapons/m249"
	},
	"elements": [
		{
			"from": [7.625, 2.375, 3.98438],
			"to": [8.375, 3.25, 14.54688],
			"faces": {
				"north": {"uv": [0, 0, 0.875, 1.5], "texture": "#0"},
				"east": {"uv": [0, 0, 8, 0.75], "texture": "#0"},
				"south": {"uv": [0, 0, 0.875, 1.5], "texture": "#0"},
				"west": {"uv": [0, 4, 8, 5.5], "texture": "#0"},
				"up": {"uv": [4.5, 4, 5.375, 12], "texture": "#0"},
				"down": {"uv": [4, 6.5, 4.875, 14.5], "texture": "#0"}
			}
		},
		{
			"from": [7.71875, 2, 11],
			"to": [8.28125, 2.375, 14.5],
			"faces": {
				"north": {"uv": [0, 0, 0.5, 0.25], "texture": "#0"},
				"east": {"uv": [0, 3.5, 3.5, 3.75], "texture": "#0"},
				"south": {"uv": [0, 0, 0.5, 0.25], "texture": "#0"},
				"west": {"uv": [0, 3.5, 3.5, 3.75], "texture": "#0"},
				"up": {"uv": [0, 0, 0.5, 3.5], "texture": "#0"},
				"down": {"uv": [3, 3, 3.5, 6.5], "texture": "#0"}
			}
		},
		{
			"from": [7.73438, -1.25, 10],
			"to": [8.26563, 0.75, 10.875],
			"rotation": {"angle": -22.5, "axis": "x", "origin": [7.5, 8, 7.75]},
			"faces": {
				"north": {"uv": [14.5, 8, 15.125, 10], "texture": "#0"},
				"east": {"uv": [13.375, 0, 12.5, 2], "texture": "#0"},
				"south": {"uv": [1.5, 4, 2.125, 6], "texture": "#0"},
				"west": {"uv": [12.5, 0, 13.375, 2], "texture": "#0"},
				"up": {"uv": [0, 0, 0.625, 0.875], "texture": "#0"},
				"down": {"uv": [0, 0, 0.625, 0.875], "texture": "#0"}
			}
		},
		{
			"from": [7.6875, -1.4375, 9.875],
			"to": [8.3125, -1.25, 10.875],
			"rotation": {"angle": -22.5, "axis": "x", "origin": [7.5, 8, 7.75]},
			"faces": {
				"north": {"uv": [2, 5.5, 2.625, 5.688], "texture": "#0"},
				"east": {"uv": [0, 0, 1, 0.1875], "texture": "#0"},
				"south": {"uv": [1, 5.5, 1.625, 5.688], "texture": "#0"},
				"west": {"uv": [0, 0, 1, 0.1875], "texture": "#0"},
				"up": {"uv": [5, 7, 5.625, 8], "texture": "#0"},
				"down": {"uv": [0, 0, 0.625, 1], "texture": "#0"}
			}
		},
		{
			"from": [7.9375, 1.5, 12.6875],
			"to": [8.0625, 2.0625, 12.75],
			"faces": {
				"north": {"uv": [8.5, 0.5, 8.6, 0.6], "texture": "#0"},
				"east": {"uv": [8.5, 0.5, 8.6, 0.6], "texture": "#0"},
				"south": {"uv": [8.5, 0.5, 8.6, 0.6], "texture": "#0"},
				"west": {"uv": [8.5, 0.5, 8.6, 0.6], "texture": "#0"},
				"up": {"uv": [8.5, 0.5, 8.6, 0.6], "texture": "#0"},
				"down": {"uv": [8.5, 0.5, 8.6, 0.6], "texture": "#0"}
			}
		},
		{
			"from": [7.9375, 1.4375, 11.6875],
			"to": [8.0625, 1.5, 12.75],
			"faces": {
				"north": {"uv": [8.5, 0.5, 8.6, 0.6], "rotation": 180, "texture": "#0"},
				"east": {"uv": [8.5, 0.5, 8.6, 0.6], "rotation": 270, "texture": "#0"},
				"south": {"uv": [8.5, 0.5, 8.6, 0.6], "texture": "#0"},
				"west": {"uv": [8.5, 0.5, 8.6, 0.6], "rotation": 90, "texture": "#0"},
				"up": {"uv": [8.5, 0.5, 8.6, 0.6], "rotation": 180, "texture": "#0"},
				"down": {"uv": [8.5, 0.5, 8.6, 0.6], "texture": "#0"}
			}
		},
		{
			"from": [7.9375, 1.5, 11.6875],
			"to": [8.0625, 2.0625, 11.75],
			"faces": {
				"north": {"uv": [8.5, 0.5, 8.6, 0.6], "texture": "#0"},
				"east": {"uv": [8.5, 0.5, 8.6, 0.6], "texture": "#0"},
				"south": {"uv": [8.5, 0.5, 8.6, 0.6], "texture": "#0"},
				"west": {"uv": [8.5, 0.5, 8.6, 0.6], "texture": "#0"},
				"up": {"uv": [8.5, 0.5, 8.6, 0.6], "texture": "#0"},
				"down": {"uv": [8.5, 0.5, 8.6, 0.6], "texture": "#0"}
			}
		},
		{
			"from": [7.9375, 1.75, 12.40625],
			"to": [8.0625, 2.15625, 12.45313],
			"faces": {
				"north": {"uv": [8.5, 0.5, 8.6, 0.6], "texture": "#0"},
				"east": {"uv": [8.5, 0.5, 8.6, 0.6], "texture": "#0"},
				"south": {"uv": [8.5, 0.5, 8.6, 0.6], "texture": "#0"},
				"west": {"uv": [8.5, 0.5, 8.6, 0.6], "texture": "#0"},
				"up": {"uv": [8.5, 0.5, 8.6, 0.6], "texture": "#0"},
				"down": {"uv": [8.5, 0.5, 8.6, 0.6], "texture": "#0"}
			}
		},
		{
			"from": [7.9375, 3.89063, 14.42188],
			"to": [8.0625, 4.04688, 14.46875],
			"rotation": {"angle": 22.5, "axis": "x", "origin": [7.5, 7.96875, 7.6875]},
			"faces": {
				"north": {"uv": [8.5, 0.5, 8.6, 0.6], "texture": "#0"},
				"east": {"uv": [8.5, 0.5, 8.6, 0.6], "texture": "#0"},
				"south": {"uv": [8.5, 0.5, 8.6, 0.6], "texture": "#0"},
				"west": {"uv": [8.5, 0.5, 8.6, 0.6], "texture": "#0"},
				"up": {"uv": [8.5, 0.5, 8.6, 0.6], "texture": "#0"},
				"down": {"uv": [8.5, 0.5, 8.6, 0.6], "texture": "#0"}
			}
		},
		{
			"from": [7.9375, 1.75, 13.09375],
			"to": [8.0625, 2.15625, 13.14063],
			"faces": {
				"north": {"uv": [8.5, 0.5, 8.6, 0.6], "texture": "#0"},
				"east": {"uv": [8.5, 0.5, 8.6, 0.6], "texture": "#0"},
				"south": {"uv": [8.5, 0.5, 8.6, 0.6], "texture": "#0"},
				"west": {"uv": [8.5, 0.5, 8.6, 0.6], "texture": "#0"},
				"up": {"uv": [8.5, 0.5, 8.6, 0.6], "texture": "#0"},
				"down": {"uv": [8.5, 0.5, 8.6, 0.6], "texture": "#0"}
			}
		},
		{
			"from": [7.6875, 2.125, 13.03125],
			"to": [8.3125, 2.25, 13.15625],
			"faces": {
				"north": {"uv": [8.5, 0.5, 8.6, 0.6], "texture": "#0"},
				"east": {"uv": [8.5, 0.5, 8.6, 0.6], "texture": "#0"},
				"south": {"uv": [8.5, 0.5, 8.6, 0.6], "texture": "#0"},
				"west": {"uv": [8.5, 0.5, 8.6, 0.6], "texture": "#0"},
				"up": {"uv": [8.5, 0.5, 8.6, 0.6], "texture": "#0"},
				"down": {"uv": [8.5, 0.5, 8.6, 0.6], "texture": "#0"}
			}
		},
		{
			"from": [7.54688, 4.96875, 15.67188],
			"to": [8.45313, 6.57813, 16.3125],
			"rotation": {"angle": 22.5, "axis": "x", "origin": [7.5, 8, 8]},
			"faces": {
				"north": {"uv": [0, 0, 0.875, 1.5], "texture": "#0"},
				"east": {"uv": [1.5, 8, 2.141, 9.61], "texture": "#0"},
				"south": {"uv": [5.5, 8.5, 6.375, 10], "texture": "#0"},
				"west": {"uv": [1.5, 5, 2.141, 6.61], "texture": "#0"},
				"up": {"uv": [3.5, 7.5, 4.407, 8.141], "texture": "#0"},
				"down": {"uv": [3, 6.5, 3.907, 7.141], "texture": "#0"}
			}
		},
		{
			"from": [7.71875, 2.375, 14.75],
			"to": [8.28125, 3.125, 17.5],
			"faces": {
				"north": {"uv": [0, 0, 0.5, 0.25], "texture": "#0"},
				"east": {"uv": [2.5, 5.5, 6, 6.125], "texture": "#0"},
				"south": {"uv": [0, 0, 0.5, 0.25], "texture": "#0"},
				"west": {"uv": [2.5, 5.5, 6, 6.125], "texture": "#0"},
				"up": {"uv": [3, 3, 3.5, 6.5], "texture": "#0"},
				"down": {"uv": [3, 3, 3.5, 6.5], "texture": "#0"}
			}
		},
		{
			"from": [7.70313, 2.25, 14.25],
			"to": [8.29688, 3.25, 15.25],
			"faces": {
				"north": {"uv": [0, 0, 0.5, 0.25], "texture": "#0"},
				"east": {"uv": [0, 0, 1, 1], "texture": "#0"},
				"south": {"uv": [5.5, 7, 6.094, 8], "texture": "#0"},
				"west": {"uv": [0, 0, 1, 1], "texture": "#0"},
				"up": {"uv": [3, 3, 3.5, 6.5], "texture": "#0"},
				"down": {"uv": [3, 3, 3.5, 6.5], "texture": "#0"}
			}
		},
		{
			"from": [7.71875, 1.75, 17.5],
			"to": [8.28125, 3.625, 18],
			"faces": {
				"north": {"uv": [4.5, 7, 5.063, 9], "texture": "#0"},
				"east": {"uv": [4, 7, 4.5, 9], "texture": "#0"},
				"south": {"uv": [5.5, 7, 6.063, 9], "texture": "#0"},
				"west": {"uv": [4, 7, 4.5, 9], "texture": "#0"},
				"up": {"uv": [1.5, 4.5, 2.063, 5], "texture": "#0"},
				"down": {"uv": [0, 11.5, 0.563, 12], "texture": "#0"}
			}
		},
		{
			"from": [7.71875, 3.125, 16.625],
			"to": [8.28125, 3.625, 17.5],
			"faces": {
				"north": {"uv": [4, 4.5, 4.563, 5], "texture": "#0"},
				"east": {"uv": [3, 4.5, 4.125, 5], "texture": "#0"},
				"south": {"uv": [0, 0, 0.5, 0.25], "texture": "#0"},
				"west": {"uv": [3, 4.5, 4.125, 5], "texture": "#0"},
				"up": {"uv": [3, 3, 3.5, 6.5], "texture": "#0"},
				"down": {"uv": [3, 3, 3.5, 6.5], "texture": "#0"}
			}
		},
		{
			"from": [7.71875, 1.75, 16.0625],
			"to": [8.28125, 2.375, 17.5],
			"faces": {
				"north": {"uv": [3, 8.5, 3.563, 9.125], "texture": "#0"},
				"east": {"uv": [0, 6.5, 1.438, 7.125], "texture": "#0"},
				"south": {"uv": [0, 0, 0.5, 0.25], "texture": "#0"},
				"west": {"uv": [0, 5, 1.438, 5.625], "texture": "#0"},
				"up": {"uv": [3, 3, 3.5, 6.5], "texture": "#0"},
				"down": {"uv": [5, 10, 5.563, 11.438], "texture": "#0"}
			}
		},
		{
			"from": [7.71875, 7.54688, 19],
			"to": [8.28125, 7.9375, 19.28125],
			"rotation": {"angle": 22.5, "axis": "x", "origin": [7.5, 8, 8]},
			"faces": {
				"north": {"uv": [15.5, 14, 16, 14.5], "texture": "#0"},
				"east": {"uv": [15.5, 14, 16, 14.5], "texture": "#0"},
				"south": {"uv": [15.5, 14, 16, 14.5], "texture": "#0"},
				"west": {"uv": [15.5, 14, 16, 14.5], "texture": "#0"},
				"up": {"uv": [15.5, 14, 16, 14.5], "texture": "#0"},
				"down": {"uv": [15.5, 14, 16, 14.5], "texture": "#0"}
			}
		},
		{
			"from": [7.71875, 1.75, 18],
			"to": [8.28125, 3.625, 18.25],
			"faces": {
				"north": {"uv": [4.5, 7, 5.063, 9], "texture": "#0"},
				"east": {"uv": [11.5, 12.5, 12, 14.5], "texture": "#0"},
				"south": {"uv": [12.5, 12, 13.063, 14], "texture": "#0"},
				"west": {"uv": [11, 11, 11.5, 13], "texture": "#0"},
				"up": {"uv": [15, 13.5, 15.563, 14], "texture": "#0"},
				"down": {"uv": [15, 14, 15.563, 14.5], "texture": "#0"}
			}
		},
		{
			"from": [7.5625, 2.9375, 5.25],
			"to": [8.4375, 3.4375, 14.54688],
			"faces": {
				"north": {"uv": [0, 0, 0.875, 1.5], "texture": "#0"},
				"east": {"uv": [0, 9.25, 7.796, 9.75], "texture": "#0"},
				"south": {"uv": [0, 0, 0.875, 1.5], "texture": "#0"},
				"west": {"uv": [0, 9.25, 7.796, 9.75], "texture": "#0"},
				"up": {"uv": [4.5, 4, 5.375, 12], "texture": "#0"},
				"down": {"uv": [4, 6.5, 4.875, 14.5], "texture": "#0"}
			}
		},
		{
			"from": [8.4375, 2.92188, 9.25],
			"to": [8.46875, 3.29688, 14.04688],
			"faces": {
				"north": {"uv": [12.75, 13, 13.625, 13.75], "texture": "#0"},
				"east": {"uv": [10.75, 12.5, 15.297, 12.875], "texture": "#0"},
				"south": {"uv": [12.75, 13, 13.625, 13.75], "texture": "#0"},
				"west": {"uv": [12.75, 13, 13.625, 13.75], "texture": "#0"},
				"up": {"uv": [12.75, 13, 13.625, 13.75], "texture": "#0"},
				"down": {"uv": [12.75, 13, 13.625, 13.75], "texture": "#0"}
			}
		},
		{
			"from": [8.46875, 3.26563, 9.25],
			"to": [8.57813, 3.29688, 14.04688],
			"faces": {
				"north": {"uv": [12.75, 13, 13.625, 13.75], "texture": "#0"},
				"east": {"uv": [10.75, 12.5, 15.297, 12.875], "texture": "#0"},
				"south": {"uv": [12.75, 13, 13.625, 13.75], "texture": "#0"},
				"west": {"uv": [12.75, 13, 13.625, 13.75], "texture": "#0"},
				"up": {"uv": [12.75, 13, 13.625, 13.75], "texture": "#0"},
				"down": {"uv": [12.75, 13, 13.625, 13.75], "texture": "#0"}
			}
		},
		{
			"from": [8.46875, 2.92188, 9.25],
			"to": [8.57813, 2.95313, 14.04688],
			"faces": {
				"north": {"uv": [12.75, 13, 13.625, 13.75], "texture": "#0"},
				"east": {"uv": [10.75, 12.5, 15.297, 12.875], "texture": "#0"},
				"south": {"uv": [12.75, 13, 13.625, 13.75], "texture": "#0"},
				"west": {"uv": [12.75, 13, 13.625, 13.75], "texture": "#0"},
				"up": {"uv": [12.75, 13, 13.625, 13.75], "texture": "#0"},
				"down": {"uv": [12.75, 13, 13.625, 13.75], "texture": "#0"}
			}
		},
		{
			"from": [8.5625, 2.92188, 9.25],
			"to": [8.59375, 3, 14.04688],
			"faces": {
				"north": {"uv": [12.75, 13, 13.625, 13.75], "texture": "#0"},
				"east": {"uv": [10.75, 12.5, 15.297, 12.875], "texture": "#0"},
				"south": {"uv": [12.75, 13, 13.625, 13.75], "texture": "#0"},
				"west": {"uv": [12.75, 13, 13.625, 13.75], "texture": "#0"},
				"up": {"uv": [12.75, 13, 13.625, 13.75], "texture": "#0"},
				"down": {"uv": [12.75, 13, 13.625, 13.75], "texture": "#0"}
			}
		},
		{
			"from": [8.5625, 3.21875, 9.25],
			"to": [8.59375, 3.29688, 14.04688],
			"faces": {
				"north": {"uv": [12.75, 13, 13.625, 13.75], "texture": "#0"},
				"east": {"uv": [10.75, 12.5, 15.297, 12.875], "texture": "#0"},
				"south": {"uv": [12.75, 13, 13.625, 13.75], "texture": "#0"},
				"west": {"uv": [12.75, 13, 13.625, 13.75], "texture": "#0"},
				"up": {"uv": [12.75, 13, 13.625, 13.75], "texture": "#0"},
				"down": {"uv": [12.75, 13, 13.625, 13.75], "texture": "#0"}
			}
		},
		{
			"from": [8.5625, 3, 9.21875],
			"to": [9.1875, 3.1875, 9.46875],
			"faces": {
				"north": {"uv": [8.5, 0.5, 8.6, 0.6], "texture": "#0"},
				"east": {"uv": [8.5, 0.5, 8.6, 0.6], "texture": "#0"},
				"south": {"uv": [8.5, 0.5, 8.6, 0.6], "texture": "#0"},
				"west": {"uv": [8.5, 0.5, 8.6, 0.6], "texture": "#0"},
				"up": {"uv": [8.5, 0.5, 8.6, 0.6], "texture": "#0"},
				"down": {"uv": [8.5, 0.5, 8.6, 0.6], "texture": "#0"}
			}
		},
		{
			"from": [8.4375, 2.9375, 9.21875],
			"to": [8.5625, 3.25, 9.59375],
			"faces": {
				"north": {"uv": [8.5, 0.5, 8.6, 0.6], "texture": "#0"},
				"east": {"uv": [8.5, 0.5, 8.6, 0.6], "texture": "#0"},
				"south": {"uv": [8.5, 0.5, 8.6, 0.6], "texture": "#0"},
				"west": {"uv": [8.5, 0.5, 8.6, 0.6], "texture": "#0"},
				"up": {"uv": [8.5, 0.5, 8.6, 0.6], "texture": "#0"},
				"down": {"uv": [8.5, 0.5, 8.6, 0.6], "texture": "#0"}
			}
		},
		{
			"from": [8.4375, 3.01563, 9.59375],
			"to": [8.5625, 3.1875, 10.21875],
			"faces": {
				"north": {"uv": [8.5, 0.5, 8.6, 0.6], "texture": "#0"},
				"east": {"uv": [8.5, 0.5, 8.6, 0.6], "texture": "#0"},
				"south": {"uv": [8.5, 0.5, 8.6, 0.6], "texture": "#0"},
				"west": {"uv": [8.5, 0.5, 8.6, 0.6], "texture": "#0"},
				"up": {"uv": [8.5, 0.5, 8.6, 0.6], "texture": "#0"},
				"down": {"uv": [8.5, 0.5, 8.6, 0.6], "texture": "#0"}
			}
		},
		{
			"from": [8.60938, 3.01563, 10.84375],
			"to": [8.67188, 3.45313, 10.96875],
			"faces": {
				"north": {"uv": [8.5, 0.5, 8.6, 0.6], "texture": "#0"},
				"east": {"uv": [8.5, 0.5, 8.6, 0.6], "texture": "#0"},
				"south": {"uv": [8.5, 0.5, 8.6, 0.6], "texture": "#0"},
				"west": {"uv": [8.5, 0.5, 8.6, 0.6], "texture": "#0"},
				"up": {"uv": [8.5, 0.5, 8.6, 0.6], "texture": "#0"},
				"down": {"uv": [8.5, 0.5, 8.6, 0.6], "texture": "#0"}
			}
		},
		{
			"from": [8.5625, 3.01563, 9.96875],
			"to": [8.60938, 3.1875, 10.96875],
			"faces": {
				"north": {"uv": [8.5, 0.5, 8.6, 0.6], "texture": "#0"},
				"east": {"uv": [8.5, 0.5, 8.6, 0.6], "texture": "#0"},
				"south": {"uv": [8.5, 0.5, 8.6, 0.6], "texture": "#0"},
				"west": {"uv": [8.5, 0.5, 8.6, 0.6], "texture": "#0"},
				"up": {"uv": [8.5, 0.5, 8.6, 0.6], "texture": "#0"},
				"down": {"uv": [8.5, 0.5, 8.6, 0.6], "texture": "#0"}
			}
		},
		{
			"from": [8.23438, 3.45313, 10.84375],
			"to": [8.67188, 3.51563, 10.96875],
			"faces": {
				"north": {"uv": [8.5, 0.5, 8.6, 0.6], "rotation": 270, "texture": "#0"},
				"east": {"uv": [8.5, 0.5, 8.6, 0.6], "rotation": 270, "texture": "#0"},
				"south": {"uv": [8.5, 0.5, 8.6, 0.6], "rotation": 90, "texture": "#0"},
				"west": {"uv": [8.5, 0.5, 8.6, 0.6], "rotation": 270, "texture": "#0"},
				"up": {"uv": [8.5, 0.5, 8.6, 0.6], "rotation": 90, "texture": "#0"},
				"down": {"uv": [8.5, 0.5, 8.6, 0.6], "rotation": 270, "texture": "#0"}
			}
		},
		{
			"from": [7.625, 3.5, 10.75],
			"to": [8.375, 4, 13.95313],
			"faces": {
				"north": {"uv": [0, 0, 0.875, 1.5], "texture": "#0"},
				"east": {"uv": [1, 7.75, 4.203, 8.313], "texture": "#0"},
				"south": {"uv": [0, 0, 0.875, 1.5], "texture": "#0"},
				"west": {"uv": [1, 7.75, 4.203, 8.313], "texture": "#0"},
				"up": {"uv": [3.25, 7.25, 4, 10.453], "texture": "#0"},
				"down": {"uv": [4, 6.5, 4.875, 14.5], "texture": "#0"}
			}
		},
		{
			"from": [7.59375, 6.03125, 15.03125],
			"to": [8.40625, 6.57813, 15.67188],
			"rotation": {"angle": 22.5, "axis": "x", "origin": [7.5, 8, 8]},
			"faces": {
				"north": {"uv": [0, 0, 0.875, 1.5], "texture": "#0"},
				"east": {"uv": [1.5, 8, 2.141, 9.61], "texture": "#0"},
				"south": {"uv": [5.5, 8.5, 6.375, 10], "texture": "#0"},
				"west": {"uv": [1.5, 5, 2.141, 6.61], "texture": "#0"},
				"up": {"uv": [3.5, 7.5, 4.407, 8.141], "texture": "#0"},
				"down": {"uv": [3, 6.5, 3.907, 7.141], "texture": "#0"}
			}
		},
		{
			"from": [8.375, 2.25, 5.25],
			"to": [8.5, 2.9375, 8.95313],
			"faces": {
				"north": {"uv": [2.25, 6, 2.375, 6.875], "texture": "#0"},
				"east": {"uv": [3.75, 15.25, 7.453, 15.938], "texture": "#0"},
				"south": {"uv": [0, 14.25, 0.125, 15.125], "texture": "#0"},
				"west": {"uv": [3.75, 15, 7.452, 15.875], "texture": "#0"},
				"up": {"uv": [3, 5, 3.125, 8.703], "texture": "#0"},
				"down": {"uv": [3.75, 15, 7.452, 15.875], "texture": "#0"}
			}
		},
		{
			"from": [8.375, 1.875, 5.25],
			"to": [8.625, 2.25, 8.95313],
			"faces": {
				"north": {"uv": [2.25, 6, 2.375, 6.875], "texture": "#0"},
				"east": {"uv": [3.75, 15.25, 7.453, 15.563], "texture": "#0"},
				"south": {"uv": [5.25, 7.25, 5.375, 8.125], "texture": "#0"},
				"west": {"uv": [3.75, 15.25, 7.453, 15.563], "texture": "#0"},
				"up": {"uv": [3, 5, 3.125, 8.703], "texture": "#0"},
				"down": {"uv": [3.75, 15.25, 7.453, 15.563], "rotation": 90, "texture": "#0"}
			}
		},
		{
			"from": [7.5, 2.25, 5.25],
			"to": [7.625, 2.9375, 8.95313],
			"faces": {
				"north": {"uv": [2.375, 6, 2.25, 6.875], "texture": "#0"},
				"east": {"uv": [7.453, 15.25, 3.75, 15.938], "texture": "#0"},
				"south": {"uv": [0.125, 14.25, 0, 15.125], "texture": "#0"},
				"west": {"uv": [7.453, 15.25, 3.75, 15.938], "texture": "#0"},
				"up": {"uv": [3.125, 5, 3, 8.703], "texture": "#0"},
				"down": {"uv": [7.452, 15, 3.75, 15.875], "texture": "#0"}
			}
		},
		{
			"from": [7.375, 1.875, 5.25],
			"to": [7.625, 2.25, 8.95313],
			"faces": {
				"north": {"uv": [2.375, 6, 2.25, 6.875], "texture": "#0"},
				"east": {"uv": [7.453, 15.25, 3.75, 15.563], "texture": "#0"},
				"south": {"uv": [5.375, 7.25, 5.25, 8.125], "texture": "#0"},
				"west": {"uv": [7.453, 15.25, 3.75, 15.563], "texture": "#0"},
				"up": {"uv": [3.125, 5, 3, 8.703], "texture": "#0"},
				"down": {"uv": [3.75, 15.563, 7.453, 15.25], "rotation": 90, "texture": "#0"}
			}
		},
		{
			"from": [8.375, 2.9375, 4.375],
			"to": [8.5, 3.4375, 8.51563],
			"faces": {
				"north": {"uv": [2.25, 6, 2.375, 6.875], "texture": "#0"},
				"east": {"uv": [3.75, 15.25, 7.453, 15.938], "texture": "#0"},
				"south": {"uv": [0, 14.25, 0.125, 15.125], "texture": "#0"},
				"west": {"uv": [3.75, 15, 7.452, 15.875], "texture": "#0"},
				"up": {"uv": [3, 5, 3.125, 8.703], "texture": "#0"},
				"down": {"uv": [3.75, 15, 7.452, 15.875], "texture": "#0"}
			}
		},
		{
			"from": [7.5, 2.9375, 4.375],
			"to": [7.625, 3.4375, 8.51563],
			"faces": {
				"north": {"uv": [2.375, 6, 2.25, 6.875], "texture": "#0"},
				"east": {"uv": [7.453, 15.25, 3.75, 15.938], "texture": "#0"},
				"south": {"uv": [0.125, 14.25, 0, 15.125], "texture": "#0"},
				"west": {"uv": [7.453, 15.25, 3.75, 15.938], "texture": "#0"},
				"up": {"uv": [3.125, 5, 3, 8.703], "texture": "#0"},
				"down": {"uv": [7.452, 15, 3.75, 15.875], "texture": "#0"}
			}
		},
		{
			"from": [7.375, 3.75, 9.29688],
			"to": [8.375, 4, 10.75],
			"faces": {
				"north": {"uv": [0, 0, 0.875, 1.5], "texture": "#0"},
				"east": {"uv": [1.25, 4.75, 2.578, 5], "texture": "#0"},
				"south": {"uv": [0, 0, 0.875, 1.5], "texture": "#0"},
				"west": {"uv": [1.25, 4.75, 2.578, 5], "texture": "#0"},
				"up": {"uv": [3.25, 7.25, 4, 10.453], "texture": "#0"},
				"down": {"uv": [4, 6.5, 4.875, 14.5], "texture": "#0"}
			}
		},
		{
			"from": [7.375, 3.25, 9.17188],
			"to": [7.625, 3.5, 10.75],
			"faces": {
				"north": {"uv": [0, 0, 0.875, 1.5], "texture": "#0"},
				"east": {"uv": [1, 7.75, 4.203, 8.313], "texture": "#0"},
				"south": {"uv": [0, 0, 0.875, 1.5], "texture": "#0"},
				"west": {"uv": [1, 7.75, 4.203, 8.313], "texture": "#0"},
				"up": {"uv": [3.25, 7.25, 4, 10.453], "texture": "#0"},
				"down": {"uv": [4, 6.5, 4.875, 14.5], "texture": "#0"}
			}
		},
		{
			"from": [7.59375, 3.4375, 8.60938],
			"to": [8.40625, 3.6875, 9.125],
			"faces": {
				"north": {"uv": [5, 10.5, 5.563, 10.813], "texture": "#0"},
				"east": {"uv": [3, 5, 3.516, 5.313], "texture": "#0"},
				"south": {"uv": [0, 0, 0.875, 1.5], "texture": "#0"},
				"west": {"uv": [5.25, 6.75, 5.766, 7.063], "texture": "#0"},
				"up": {"uv": [1.75, 4.5, 2.313, 5.016], "texture": "#0"},
				"down": {"uv": [4, 6.5, 4.875, 14.5], "texture": "#0"}
			}
		},
		{
			"from": [7.65625, 3.75, 8.92188],
			"to": [8.34375, 3.9375, 9.4375],
			"faces": {
				"north": {"uv": [5, 10.5, 5.563, 10.813], "texture": "#0"},
				"east": {"uv": [3, 5, 3.516, 5.313], "texture": "#0"},
				"south": {"uv": [0, 0, 0.875, 1.5], "texture": "#0"},
				"west": {"uv": [5.25, 6.75, 5.766, 7.063], "texture": "#0"},
				"up": {"uv": [1.75, 4.5, 2.313, 5.016], "texture": "#0"},
				"down": {"uv": [4, 6.5, 4.875, 14.5], "texture": "#0"}
			}
		},
		{
			"from": [7.84375, 3.625, 8.79688],
			"to": [8.15625, 3.875, 9.125],
			"faces": {
				"north": {"uv": [5, 10.5, 5.563, 10.813], "texture": "#0"},
				"east": {"uv": [3, 5, 3.516, 5.313], "texture": "#0"},
				"south": {"uv": [0, 0, 0.875, 1.5], "texture": "#0"},
				"west": {"uv": [5.25, 6.75, 5.766, 7.063], "texture": "#0"},
				"up": {"uv": [1.75, 4.5, 2.313, 5.016], "texture": "#0"},
				"down": {"uv": [4, 6.5, 4.875, 14.5], "texture": "#0"}
			}
		},
		{
			"from": [7.625, 3.78125, 8.96875],
			"to": [8.375, 3.90625, 9.09375],
			"faces": {
				"north": {"uv": [8.5, 0.5, 8.6, 0.6], "texture": "#0"},
				"east": {"uv": [8.5, 0.5, 8.6, 0.6], "texture": "#0"},
				"south": {"uv": [8.5, 0.5, 8.6, 0.6], "texture": "#0"},
				"west": {"uv": [8.5, 0.5, 8.6, 0.6], "texture": "#0"},
				"up": {"uv": [8.5, 0.5, 8.6, 0.6], "texture": "#0"},
				"down": {"uv": [8.5, 0.5, 8.6, 0.6], "texture": "#0"}
			}
		},
		{
			"from": [6.14063, 3.5625, 8.34375],
			"to": [7.1875, 3.6875, 8.46875],
			"rotation": {"angle": 22.5, "axis": "z", "origin": [7.5, 7.96875, 7.8125]},
			"faces": {
				"north": {"uv": [8.5, 0.5, 8.6, 0.6], "texture": "#0"},
				"east": {"uv": [8.5, 0.5, 8.6, 0.6], "texture": "#0"},
				"south": {"uv": [8.5, 0.5, 8.6, 0.6], "texture": "#0"},
				"west": {"uv": [8.5, 0.5, 8.6, 0.6], "texture": "#0"},
				"up": {"uv": [8.5, 0.5, 8.6, 0.6], "texture": "#0"},
				"down": {"uv": [8.5, 0.5, 8.6, 0.6], "texture": "#0"}
			}
		},
		{
			"from": [8.75, 3.71875, 7.82813],
			"to": [8.9375, 3.90625, 8.45313],
			"faces": {
				"north": {"uv": [8.5, 0.5, 8.6, 0.6], "texture": "#0"},
				"east": {"uv": [8.5, 0.5, 8.6, 0.6], "texture": "#0"},
				"south": {"uv": [8.5, 0.5, 8.6, 0.6], "texture": "#0"},
				"west": {"uv": [8.5, 0.5, 8.6, 0.6], "texture": "#0"},
				"up": {"uv": [8.5, 0.5, 8.6, 0.6], "texture": "#0"},
				"down": {"uv": [8.5, 0.5, 8.6, 0.6], "texture": "#0"}
			}
		},
		{
			"from": [8.75, 3.71875, 8.45313],
			"to": [8.9375, 3.90625, 8.57813],
			"faces": {
				"north": {"uv": [3.25, 1.5, 3.35, 1.6], "texture": "#0"},
				"east": {"uv": [3.25, 1.5, 3.35, 1.6], "texture": "#0"},
				"south": {"uv": [3.25, 1.5, 3.35, 1.6], "texture": "#0"},
				"west": {"uv": [3.25, 1.5, 3.35, 1.6], "texture": "#0"},
				"up": {"uv": [3.25, 1.5, 3.35, 1.6], "texture": "#0"},
				"down": {"uv": [3.25, 1.5, 3.35, 1.6], "texture": "#0"}
			}
		},
		{
			"from": [8.78125, 3.75, 6.70313],
			"to": [8.90625, 3.875, 7.82813],
			"faces": {
				"north": {"uv": [3.25, 1.5, 3.35, 1.6], "texture": "#0"},
				"east": {"uv": [3.25, 1.5, 3.35, 1.6], "texture": "#0"},
				"south": {"uv": [3.25, 1.5, 3.35, 1.6], "texture": "#0"},
				"west": {"uv": [3.25, 1.5, 3.35, 1.6], "texture": "#0"},
				"up": {"uv": [3.25, 1.5, 3.35, 1.6], "texture": "#0"},
				"down": {"uv": [3.25, 1.5, 3.35, 1.6], "texture": "#0"}
			}
		},
		{
			"from": [8.78125, 3.1875, 6.57813],
			"to": [8.90625, 3.875, 6.70313],
			"faces": {
				"north": {"uv": [3.25, 1.5, 3.35, 1.6], "rotation": 180, "texture": "#0"},
				"east": {"uv": [3.25, 1.5, 3.35, 1.6], "rotation": 270, "texture": "#0"},
				"south": {"uv": [3.25, 1.5, 3.35, 1.6], "texture": "#0"},
				"west": {"uv": [3.25, 1.5, 3.35, 1.6], "rotation": 90, "texture": "#0"},
				"up": {"uv": [3.25, 1.5, 3.35, 1.6], "rotation": 180, "texture": "#0"},
				"down": {"uv": [3.25, 1.5, 3.35, 1.6], "texture": "#0"}
			}
		},
		{
			"from": [8.78695, 3.19191, 6.77115],
			"to": [8.97445, 3.37941, 8.08365],
			"rotation": {"angle": 22.5, "axis": "x", "origin": [8.84945, 3.53566, 6.63053]},
			"faces": {
				"north": {"uv": [3.25, 1.5, 3.35, 1.6], "texture": "#0"},
				"east": {"uv": [3.25, 1.5, 3.35, 1.6], "texture": "#0"},
				"south": {"uv": [3.25, 1.5, 3.35, 1.6], "texture": "#0"},
				"west": {"uv": [3.25, 1.5, 3.35, 1.6], "texture": "#0"},
				"up": {"uv": [3.25, 1.5, 3.35, 1.6], "texture": "#0"},
				"down": {"uv": [3.25, 1.5, 3.35, 1.6], "texture": "#0"}
			}
		},
		{
			"from": [8.375, 3.46875, 4.28125],
			"to": [8.5, 3.60938, 8.25],
			"faces": {
				"north": {"uv": [2.25, 6, 2.375, 6.875], "texture": "#0"},
				"east": {"uv": [3, 7.25, 6.969, 7.516], "texture": "#0"},
				"south": {"uv": [0, 14.25, 0.125, 15.125], "texture": "#0"},
				"west": {"uv": [3, 7.25, 6.969, 7.516], "texture": "#0"},
				"up": {"uv": [3, 5, 3.125, 8.703], "texture": "#0"},
				"down": {"uv": [3.75, 15, 7.452, 15.875], "texture": "#0"}
			}
		},
		{
			"from": [7.5, 3.46875, 4.28125],
			"to": [7.625, 3.60938, 8.25],
			"faces": {
				"north": {"uv": [2.25, 6, 2.375, 6.875], "texture": "#0"},
				"east": {"uv": [3, 7.25, 6.969, 7.516], "texture": "#0"},
				"south": {"uv": [0, 14.25, 0.125, 15.125], "texture": "#0"},
				"west": {"uv": [3, 7.25, 6.969, 7.516], "texture": "#0"},
				"up": {"uv": [3, 5, 3.125, 8.703], "texture": "#0"},
				"down": {"uv": [3.75, 15, 7.452, 15.875], "texture": "#0"}
			}
		},
		{
			"from": [7.42652, 3.51888, 4.27335],
			"to": [7.55152, 3.78451, 8.2421],
			"rotation": {"angle": -45, "axis": "z", "origin": [7.56715, 3.47982, 6.25772]},
			"faces": {
				"north": {"uv": [2.25, 6, 2.375, 6.875], "texture": "#0"},
				"east": {"uv": [3, 7.25, 6.969, 7.516], "texture": "#0"},
				"south": {"uv": [0, 14.25, 0.125, 15.125], "texture": "#0"},
				"west": {"uv": [15.25, 0, 15.625, 6.201], "rotation": 90, "texture": "#0"},
				"up": {"uv": [3, 5, 3.125, 8.703], "texture": "#0"},
				"down": {"uv": [3.75, 15, 7.452, 15.875], "texture": "#0"}
			}
		},
		{
			"from": [8.44848, 3.51888, 4.27335],
			"to": [8.57348, 3.78451, 8.2421],
			"rotation": {"angle": 45, "axis": "z", "origin": [8.43285, 3.47982, 6.25772]},
			"faces": {
				"north": {"uv": [2.375, 6, 2.25, 6.875], "texture": "#0"},
				"east": {"uv": [15.25, 0, 15.625, 6.201], "rotation": 90, "texture": "#0"},
				"south": {"uv": [0.125, 14.25, 0, 15.125], "texture": "#0"},
				"west": {"uv": [6.969, 7.25, 3, 7.516], "texture": "#0"},
				"up": {"uv": [3.125, 5, 3, 8.703], "texture": "#0"},
				"down": {"uv": [7.452, 15, 3.75, 15.875], "texture": "#0"}
			}
		},
		{
			"from": [7.6875, 3.70313, 4.28125],
			"to": [8.3125, 3.79688, 8.23438],
			"faces": {
				"north": {"uv": [0, 0, 0.875, 1.5], "texture": "#0"},
				"east": {"uv": [0, 9.25, 7.796, 9.75], "texture": "#0"},
				"south": {"uv": [0, 0, 0.875, 1.5], "texture": "#0"},
				"west": {"uv": [0, 9.25, 7.796, 9.75], "texture": "#0"},
				"up": {"uv": [15, 0, 15.875, 6.203], "texture": "#0"},
				"down": {"uv": [4, 6.5, 4.875, 14.5], "texture": "#0"}
			}
		},
		{
			"from": [7.75, 3.125, 3.60938],
			"to": [8.25, 3.625, 8.92188],
			"faces": {
				"north": {"uv": [14.75, 12.5, 15.125, 12.875], "texture": "#0"},
				"east": {"uv": [10.5, 12, 15.813, 12.375], "texture": "#0"},
				"south": {"uv": [0, 0, 0.875, 1.5], "texture": "#0"},
				"west": {"uv": [10.5, 13.5, 15.813, 13.875], "texture": "#0"},
				"up": {"uv": [15.5, 10.5, 15.875, 15.813], "texture": "#0"},
				"down": {"uv": [11, 10.5, 11.375, 15.813], "texture": "#0"}
			}
		},
		{
			"from": [7.8125, 3.1875, -0.70312],
			"to": [8.1875, 3.5625, 3.60938],
			"faces": {
				"north": {"uv": [14.75, 12.5, 15.125, 12.875], "texture": "#0"},
				"east": {"uv": [10.5, 12, 15.813, 12.375], "texture": "#0"},
				"south": {"uv": [0, 0, 0.875, 1.5], "texture": "#0"},
				"west": {"uv": [10.5, 13.5, 15.813, 13.875], "texture": "#0"},
				"up": {"uv": [15.5, 10.5, 15.875, 15.813], "texture": "#0"},
				"down": {"uv": [11, 10.5, 11.375, 15.813], "texture": "#0"}
			}
		},
		{
			"from": [7.8125, 2.4375, 3.04688],
			"to": [8.1875, 2.8125, 7.35938],
			"faces": {
				"north": {"uv": [14.75, 12.5, 15.125, 12.875], "texture": "#0"},
				"east": {"uv": [10.5, 12, 15.813, 12.375], "texture": "#0"},
				"south": {"uv": [0, 0, 0.875, 1.5], "texture": "#0"},
				"west": {"uv": [10.5, 13.5, 15.813, 13.875], "texture": "#0"},
				"up": {"uv": [15.5, 10.5, 15.875, 15.813], "texture": "#0"},
				"down": {"uv": [11, 10.5, 11.375, 15.813], "texture": "#0"}
			}
		},
		{
			"from": [7.6875, 3.0625, 2.35938],
			"to": [8.3125, 3.6875, 3.23438],
			"faces": {
				"north": {"uv": [14.75, 12.5, 15.125, 12.875], "texture": "#0"},
				"east": {"uv": [11, 11.25, 12.063, 11.75], "texture": "#0"},
				"south": {"uv": [0, 0, 0.875, 1.5], "texture": "#0"},
				"west": {"uv": [14.5, 12.25, 15.563, 12.75], "texture": "#0"},
				"up": {"uv": [15, 11.75, 15.5, 12.813], "texture": "#0"},
				"down": {"uv": [12.5, 13.25, 13, 14.313], "texture": "#0"}
			}
		},
		{
			"from": [7.875, 2.6875, 2.35938],
			"to": [8.125, 3.0625, 3.23438],
			"faces": {
				"north": {"uv": [14.75, 12.5, 15.125, 12.875], "texture": "#0"},
				"east": {"uv": [11, 11.25, 12.063, 11.75], "texture": "#0"},
				"south": {"uv": [0, 0, 0.875, 1.5], "texture": "#0"},
				"west": {"uv": [14.5, 12.25, 15.563, 12.75], "texture": "#0"},
				"up": {"uv": [15, 11.75, 15.5, 12.813], "texture": "#0"},
				"down": {"uv": [12.5, 13.25, 13, 14.313], "texture": "#0"}
			}
		},
		{
			"from": [7.75, 2.375, 2.35938],
			"to": [8.25, 2.875, 3.23438],
			"faces": {
				"north": {"uv": [14.75, 12.5, 15.125, 12.875], "texture": "#0"},
				"east": {"uv": [11, 11.25, 12.063, 11.75], "texture": "#0"},
				"south": {"uv": [0, 0, 0.875, 1.5], "texture": "#0"},
				"west": {"uv": [14.5, 12.25, 15.563, 12.75], "texture": "#0"},
				"up": {"uv": [15, 11.75, 15.5, 12.813], "texture": "#0"},
				"down": {"uv": [12.5, 13.25, 13, 14.313], "texture": "#0"}
			}
		},
		{
			"from": [7.875, 2.5, 2.04688],
			"to": [8.125, 2.75, 5.60938],
			"faces": {
				"north": {"uv": [14.75, 12.5, 15.125, 12.875], "texture": "#0"},
				"east": {"uv": [10.5, 12, 15.813, 12.375], "texture": "#0"},
				"south": {"uv": [0, 0, 0.875, 1.5], "texture": "#0"},
				"west": {"uv": [10.5, 13.5, 15.813, 13.875], "texture": "#0"},
				"up": {"uv": [15.5, 10.5, 15.875, 15.813], "texture": "#0"},
				"down": {"uv": [11, 10.5, 11.375, 15.813], "texture": "#0"}
			}
		},
		{
			"from": [7.75, 2.375, 1.92188],
			"to": [8.25, 2.875, 2.10938],
			"faces": {
				"north": {"uv": [14.75, 12.5, 15.125, 12.875], "texture": "#0"},
				"east": {"uv": [11, 11.25, 12.063, 11.75], "texture": "#0"},
				"south": {"uv": [0, 0, 0.875, 1.5], "texture": "#0"},
				"west": {"uv": [14.5, 12.25, 15.563, 12.75], "texture": "#0"},
				"up": {"uv": [15, 11.75, 15.5, 12.813], "texture": "#0"},
				"down": {"uv": [12.5, 13.25, 13, 14.313], "texture": "#0"}
			}
		},
		{
			"from": [7.875, 3.6875, 2.35938],
			"to": [8.125, 3.8125, 3.17188],
			"faces": {
				"north": {"uv": [14.75, 12.5, 15.125, 12.875], "texture": "#0"},
				"east": {"uv": [11, 11.25, 12.063, 11.75], "texture": "#0"},
				"south": {"uv": [0, 0, 0.875, 1.5], "texture": "#0"},
				"west": {"uv": [14.5, 12.25, 15.563, 12.75], "texture": "#0"},
				"up": {"uv": [15, 11.75, 15.5, 12.813], "texture": "#0"},
				"down": {"uv": [12.5, 13.25, 13, 14.313], "texture": "#0"}
			}
		},
		{
			"from": [7.875, 3.8125, 2.42188],
			"to": [8.125, 4.125, 2.73438],
			"faces": {
				"north": {"uv": [14.75, 12.5, 15.125, 12.875], "texture": "#0"},
				"east": {"uv": [11, 11.25, 12.063, 11.75], "texture": "#0"},
				"south": {"uv": [0, 0, 0.875, 1.5], "texture": "#0"},
				"west": {"uv": [14.5, 12.25, 15.563, 12.75], "texture": "#0"},
				"up": {"uv": [15, 11.75, 15.5, 12.813], "texture": "#0"},
				"down": {"uv": [12.5, 13.25, 13, 14.313], "texture": "#0"}
			}
		},
		{
			"from": [7.875, 4.125, 2.42188],
			"to": [8.125, 4.3125, 2.67188],
			"faces": {
				"north": {"uv": [14.75, 12.5, 15.125, 12.875], "texture": "#0"},
				"east": {"uv": [11, 11.25, 12.063, 11.75], "texture": "#0"},
				"south": {"uv": [0, 0, 0.875, 1.5], "texture": "#0"},
				"west": {"uv": [14.5, 12.25, 15.563, 12.75], "texture": "#0"},
				"up": {"uv": [15, 11.75, 15.5, 12.813], "texture": "#0"},
				"down": {"uv": [12.5, 13.25, 13, 14.313], "texture": "#0"}
			}
		},
		{
			"from": [7.8125, 4.3125, 2.42188],
			"to": [8.1875, 4.375, 2.67188],
			"faces": {
				"north": {"uv": [14.75, 12.5, 15.125, 12.875], "texture": "#0"},
				"east": {"uv": [11, 11.25, 12.063, 11.75], "texture": "#0"},
				"south": {"uv": [0, 0, 0.875, 1.5], "texture": "#0"},
				"west": {"uv": [14.5, 12.25, 15.563, 12.75], "texture": "#0"},
				"up": {"uv": [15, 11.75, 15.5, 12.813], "texture": "#0"},
				"down": {"uv": [12.5, 13.25, 13, 14.313], "texture": "#0"}
			}
		},
		{
			"from": [7.8125, 4.625, 2.42188],
			"to": [8.1875, 4.6875, 2.67188],
			"faces": {
				"north": {"uv": [14.75, 12.5, 15.125, 12.875], "texture": "#0"},
				"east": {"uv": [11, 11.25, 12.063, 11.75], "texture": "#0"},
				"south": {"uv": [0, 0, 0.875, 1.5], "texture": "#0"},
				"west": {"uv": [14.5, 12.25, 15.563, 12.75], "texture": "#0"},
				"up": {"uv": [15, 11.75, 15.5, 12.813], "texture": "#0"},
				"down": {"uv": [12.5, 13.25, 13, 14.313], "texture": "#0"}
			}
		},
		{
			"from": [8.125, 4.375, 2.42188],
			"to": [8.1875, 4.625, 2.67188],
			"faces": {
				"north": {"uv": [14.75, 12.5, 15.125, 12.875], "rotation": 90, "texture": "#0"},
				"east": {"uv": [12.5, 13.25, 13, 14.313], "rotation": 270, "texture": "#0"},
				"south": {"uv": [0, 0, 0.875, 1.5], "rotation": 270, "texture": "#0"},
				"west": {"uv": [15, 11.75, 15.5, 12.813], "rotation": 90, "texture": "#0"},
				"up": {"uv": [11, 11.25, 12.063, 11.75], "rotation": 270, "texture": "#0"},
				"down": {"uv": [14.5, 12.25, 15.563, 12.75], "rotation": 270, "texture": "#0"}
			}
		},
		{
			"from": [7.8125, 4.375, 2.42188],
			"to": [7.875, 4.625, 2.67188],
			"faces": {
				"north": {"uv": [14.75, 12.5, 15.125, 12.875], "rotation": 90, "texture": "#0"},
				"east": {"uv": [12.5, 13.25, 13, 14.313], "rotation": 270, "texture": "#0"},
				"south": {"uv": [0, 0, 0.875, 1.5], "rotation": 270, "texture": "#0"},
				"west": {"uv": [15, 11.75, 15.5, 12.813], "rotation": 90, "texture": "#0"},
				"up": {"uv": [11, 11.25, 12.063, 11.75], "rotation": 270, "texture": "#0"},
				"down": {"uv": [14.5, 12.25, 15.563, 12.75], "rotation": 270, "texture": "#0"}
			}
		},
		{
			"from": [7.98438, 4.25, 2.5],
			"to": [8.01563, 4.48438, 2.54688],
			"faces": {
				"north": {"uv": [14.75, 12.5, 15.125, 12.875], "rotation": 90, "texture": "#0"},
				"east": {"uv": [12.5, 13.25, 13, 14.313], "rotation": 270, "texture": "#0"},
				"south": {"uv": [0, 0, 0.875, 1.5], "rotation": 270, "texture": "#0"},
				"west": {"uv": [15, 11.75, 15.5, 12.813], "rotation": 90, "texture": "#0"},
				"up": {"uv": [11, 11.25, 12.063, 11.75], "rotation": 270, "texture": "#0"},
				"down": {"uv": [14.5, 12.25, 15.563, 12.75], "rotation": 270, "texture": "#0"}
			}
		},
		{
			"from": [7.6875, 2.3125, 3.60938],
			"to": [8.3125, 2.9375, 4.04688],
			"faces": {
				"north": {"uv": [14.75, 12.5, 15.125, 12.875], "texture": "#0"},
				"east": {"uv": [11, 11.25, 12.063, 11.75], "texture": "#0"},
				"south": {"uv": [0, 0, 0.875, 1.5], "texture": "#0"},
				"west": {"uv": [14.5, 12.25, 15.563, 12.75], "texture": "#0"},
				"up": {"uv": [15, 11.75, 15.5, 12.813], "texture": "#0"},
				"down": {"uv": [12.5, 13.25, 13, 14.313], "texture": "#0"}
			}
		},
		{
			"from": [8.1875, 1.6875, 3.60938],
			"to": [8.3125, 2.3125, 4.04688],
			"faces": {
				"north": {"uv": [14.75, 12.5, 15.125, 12.875], "texture": "#0"},
				"east": {"uv": [11, 11.25, 12.063, 11.75], "texture": "#0"},
				"south": {"uv": [0, 0, 0.875, 1.5], "texture": "#0"},
				"west": {"uv": [14.5, 12.25, 15.563, 12.75], "texture": "#0"},
				"up": {"uv": [15, 11.75, 15.5, 12.813], "texture": "#0"},
				"down": {"uv": [12.5, 13.25, 13, 14.313], "texture": "#0"}
			}
		},
		{
			"from": [7.6875, 1.6875, 3.60938],
			"to": [7.8125, 2.3125, 4.04688],
			"faces": {
				"north": {"uv": [14.75, 12.5, 15.125, 12.875], "texture": "#0"},
				"east": {"uv": [11, 11.25, 12.063, 11.75], "texture": "#0"},
				"south": {"uv": [0, 0, 0.875, 1.5], "texture": "#0"},
				"west": {"uv": [14.5, 12.25, 15.563, 12.75], "texture": "#0"},
				"up": {"uv": [15, 11.75, 15.5, 12.813], "texture": "#0"},
				"down": {"uv": [12.5, 13.25, 13, 14.313], "texture": "#0"}
			}
		},
		{
			"from": [7.75, 1.6875, 4.32813],
			"to": [7.96875, 2, 9.01563],
			"faces": {
				"north": {"uv": [14.75, 12.5, 15.125, 12.875], "texture": "#0"},
				"east": {"uv": [1.5, 5.5, 5.813, 5.875], "texture": "#0"},
				"south": {"uv": [0, 0, 0.875, 1.5], "texture": "#0"},
				"west": {"uv": [1.5, 5.5, 5.813, 5.875], "texture": "#0"},
				"up": {"uv": [4.5, 3.5, 4.875, 7.813], "texture": "#0"},
				"down": {"uv": [3.5, 7, 3.875, 11.313], "texture": "#0"}
			}
		},
		{
			"from": [8.03125, 1.6875, 4.32813],
			"to": [8.25, 2, 9.01563],
			"faces": {
				"north": {"uv": [14.75, 12.5, 15.125, 12.875], "texture": "#0"},
				"east": {"uv": [1.5, 5.5, 5.813, 5.875], "texture": "#0"},
				"south": {"uv": [0, 0, 0.875, 1.5], "texture": "#0"},
				"west": {"uv": [1.5, 5.5, 5.813, 5.875], "texture": "#0"},
				"up": {"uv": [4.5, 3.5, 4.875, 7.813], "texture": "#0"},
				"down": {"uv": [3.5, 7, 3.875, 11.313], "texture": "#0"}
			}
		},
		{
			"from": [7.67188, 1.75, 3.76563],
			"to": [8.32813, 1.875, 3.89063],
			"faces": {
				"north": {"uv": [8.5, 0.5, 8.6, 0.6], "texture": "#0"},
				"east": {"uv": [8.5, 0.5, 8.6, 0.6], "texture": "#0"},
				"south": {"uv": [8.5, 0.5, 8.6, 0.6], "texture": "#0"},
				"west": {"uv": [8.5, 0.5, 8.6, 0.6], "texture": "#0"},
				"up": {"uv": [8.5, 0.5, 8.6, 0.6], "texture": "#0"},
				"down": {"uv": [8.5, 0.5, 8.6, 0.6], "texture": "#0"}
			}
		},
		{
			"from": [7.82813, 1.65625, 3.6875],
			"to": [8.17188, 2.03125, 4.5],
			"faces": {
				"north": {"uv": [2, 8, 2.813, 8.313], "texture": "#0"},
				"east": {"uv": [2, 8, 2.813, 8.313], "texture": "#0"},
				"south": {"uv": [2, 8, 2.813, 8.313], "texture": "#0"},
				"west": {"uv": [2, 8, 2.813, 8.313], "texture": "#0"},
				"up": {"uv": [2, 8, 2.813, 8.313], "texture": "#0"},
				"down": {"uv": [2, 8, 2.813, 8.313], "texture": "#0"}
			}
		},
		{
			"from": [7.75, 3.125, -1.39062],
			"to": [8.25, 3.625, -0.51562],
			"faces": {
				"north": {"uv": [14.75, 12.5, 15.125, 12.875], "texture": "#0"},
				"east": {"uv": [11, 11.25, 12.063, 11.75], "texture": "#0"},
				"south": {"uv": [0, 0, 0.875, 1.5], "texture": "#0"},
				"west": {"uv": [14.5, 12.25, 15.563, 12.75], "texture": "#0"},
				"up": {"uv": [15, 11.75, 15.5, 12.813], "texture": "#0"},
				"down": {"uv": [12.5, 13.25, 13, 14.313], "texture": "#0"}
			}
		},
		{
			"from": [7.625, 1.625, 9.01563],
			"to": [8, 2.0625, 9.07813],
			"faces": {
				"north": {"uv": [8.5, 0.5, 8.6, 0.6], "texture": "#0"},
				"east": {"uv": [8.5, 0.5, 8.6, 0.6], "texture": "#0"},
				"south": {"uv": [8.5, 0.5, 8.6, 0.6], "texture": "#0"},
				"west": {"uv": [8.5, 0.5, 8.6, 0.6], "texture": "#0"},
				"up": {"uv": [8.5, 0.5, 8.6, 0.6], "texture": "#0"},
				"down": {"uv": [8.5, 0.5, 8.6, 0.6], "texture": "#0"}
			}
		},
		{
			"from": [8.03125, 1.625, 9.01563],
			"to": [8.40625, 2.0625, 9.07813],
			"faces": {
				"north": {"uv": [8.5, 0.5, 8.6, 0.6], "texture": "#0"},
				"east": {"uv": [8.5, 0.5, 8.6, 0.6], "texture": "#0"},
				"south": {"uv": [8.5, 0.5, 8.6, 0.6], "texture": "#0"},
				"west": {"uv": [8.5, 0.5, 8.6, 0.6], "texture": "#0"},
				"up": {"uv": [8.5, 0.5, 8.6, 0.6], "texture": "#0"},
				"down": {"uv": [8.5, 0.5, 8.6, 0.6], "texture": "#0"}
			}
		},
		{
			"from": [11, 4.125, 9.17188],
			"to": [11.375, 4.75, 10.75],
			"rotation": {"angle": -45, "axis": "z", "origin": [7.5, 8, 8]},
			"faces": {
				"north": {"uv": [0, 0, 0.875, 1.5], "texture": "#0"},
				"east": {"uv": [1, 7.75, 4.203, 8.313], "texture": "#0"},
				"south": {"uv": [0, 0, 0.875, 1.5], "texture": "#0"},
				"west": {"uv": [1, 7.75, 4.203, 8.313], "texture": "#0"},
				"up": {"uv": [3.25, 7.25, 4, 10.453], "texture": "#0"},
				"down": {"uv": [1.5, 4.75, 1.813, 6.328], "texture": "#0"}
			}
		},
		{
			"from": [7.875, 4, 9.4375],
			"to": [8.125, 4.0625, 13.29688],
			"faces": {
				"north": {"uv": [12.75, 13, 13.625, 13.75], "texture": "#0"},
				"east": {"uv": [10.75, 12.5, 15.297, 12.875], "texture": "#0"},
				"south": {"uv": [12.75, 13, 13.625, 13.75], "texture": "#0"},
				"west": {"uv": [12.75, 13, 13.625, 13.75], "texture": "#0"},
				"up": {"uv": [12.75, 13, 13.625, 13.75], "texture": "#0"},
				"down": {"uv": [12.75, 13, 13.625, 13.75], "texture": "#0"}
			}
		},
		{
			"from": [7.8125, 4.0625, 9.4375],
			"to": [8.1875, 4.125, 13.29688],
			"faces": {
				"north": {"uv": [12.75, 13, 13.625, 13.75], "texture": "#0"},
				"east": {"uv": [10.75, 12.5, 15.297, 12.875], "texture": "#0"},
				"south": {"uv": [12.75, 13, 13.625, 13.75], "texture": "#0"},
				"west": {"uv": [12.75, 13, 13.625, 13.75], "texture": "#0"},
				"up": {"uv": [12.75, 13, 13.625, 13.75], "texture": "#0"},
				"down": {"uv": [12.75, 13, 13.625, 13.75], "texture": "#0"}
			}
		},
		{
			"from": [10.97396, 5.04688, 9.4375],
			"to": [11.03646, 5.10938, 9.5],
			"rotation": {"angle": -45, "axis": "z", "origin": [8.47396, 8, 8]},
			"faces": {
				"north": {"uv": [13.625, 13, 12.75, 13.75], "texture": "#0"},
				"east": {"uv": [15.297, 12.5, 10.75, 12.875], "texture": "#0"},
				"south": {"uv": [13.625, 13, 12.75, 13.75], "texture": "#0"},
				"west": {"uv": [15.297, 12.5, 10.75, 12.875], "texture": "#0"},
				"up": {"uv": [13.625, 13, 12.75, 13.75], "texture": "#0"},
				"down": {"uv": [13.625, 13, 12.75, 13.75], "texture": "#0"}
			}
		},
		{
			"from": [7.81771, 4.125, 9.4375],
			"to": [8.19271, 4.1875, 9.5],
			"faces": {
				"north": {"uv": [12.75, 13, 13.625, 13.75], "texture": "#0"},
				"east": {"uv": [10.75, 12.5, 15.297, 12.875], "texture": "#0"},
				"south": {"uv": [12.75, 13, 13.625, 13.75], "texture": "#0"},
				"west": {"uv": [12.75, 13, 13.625, 13.75], "texture": "#0"},
				"up": {"uv": [12.75, 13, 13.625, 13.75], "texture": "#0"},
				"down": {"uv": [12.75, 13, 13.625, 13.75], "texture": "#0"}
			}
		},
		{
			"from": [4.95833, 5, 9.4375],
			"to": [5.02083, 5.0625, 9.5],
			"rotation": {"angle": 45, "axis": "z", "origin": [7.47396, 8, 8]},
			"faces": {
				"north": {"uv": [12.75, 13, 13.625, 13.75], "texture": "#0"},
				"east": {"uv": [10.75, 12.5, 15.297, 12.875], "texture": "#0"},
				"south": {"uv": [12.75, 13, 13.625, 13.75], "texture": "#0"},
				"west": {"uv": [12.75, 13, 13.625, 13.75], "texture": "#0"},
				"up": {"uv": [12.75, 13, 13.625, 13.75], "texture": "#0"},
				"down": {"uv": [12.75, 13, 13.625, 13.75], "texture": "#0"}
			}
		},
		{
			"from": [10.97396, 5.04688, 9.5625],
			"to": [11.03646, 5.10938, 9.625],
			"rotation": {"angle": -45, "axis": "z", "origin": [8.47396, 8, 8.125]},
			"faces": {
				"north": {"uv": [13.625, 13, 12.75, 13.75], "texture": "#0"},
				"east": {"uv": [15.297, 12.5, 10.75, 12.875], "texture": "#0"},
				"south": {"uv": [13.625, 13, 12.75, 13.75], "texture": "#0"},
				"west": {"uv": [15.297, 12.5, 10.75, 12.875], "texture": "#0"},
				"up": {"uv": [13.625, 13, 12.75, 13.75], "texture": "#0"},
				"down": {"uv": [13.625, 13, 12.75, 13.75], "texture": "#0"}
			}
		},
		{
			"from": [7.81771, 4.125, 9.5625],
			"to": [8.19271, 4.1875, 9.625],
			"faces": {
				"north": {"uv": [12.75, 13, 13.625, 13.75], "texture": "#0"},
				"east": {"uv": [10.75, 12.5, 15.297, 12.875], "texture": "#0"},
				"south": {"uv": [12.75, 13, 13.625, 13.75], "texture": "#0"},
				"west": {"uv": [12.75, 13, 13.625, 13.75], "texture": "#0"},
				"up": {"uv": [12.75, 13, 13.625, 13.75], "texture": "#0"},
				"down": {"uv": [12.75, 13, 13.625, 13.75], "texture": "#0"}
			}
		},
		{
			"from": [4.95833, 5, 9.5625],
			"to": [5.02083, 5.0625, 9.625],
			"rotation": {"angle": 45, "axis": "z", "origin": [7.47396, 8, 8.125]},
			"faces": {
				"north": {"uv": [12.75, 13, 13.625, 13.75], "texture": "#0"},
				"east": {"uv": [10.75, 12.5, 15.297, 12.875], "texture": "#0"},
				"south": {"uv": [12.75, 13, 13.625, 13.75], "texture": "#0"},
				"west": {"uv": [12.75, 13, 13.625, 13.75], "texture": "#0"},
				"up": {"uv": [12.75, 13, 13.625, 13.75], "texture": "#0"},
				"down": {"uv": [12.75, 13, 13.625, 13.75], "texture": "#0"}
			}
		},
		{
			"from": [10.97396, 5.04688, 9.6875],
			"to": [11.03646, 5.10938, 9.75],
			"rotation": {"angle": -45, "axis": "z", "origin": [8.47396, 8, 8.25]},
			"faces": {
				"north": {"uv": [13.625, 13, 12.75, 13.75], "texture": "#0"},
				"east": {"uv": [15.297, 12.5, 10.75, 12.875], "texture": "#0"},
				"south": {"uv": [13.625, 13, 12.75, 13.75], "texture": "#0"},
				"west": {"uv": [15.297, 12.5, 10.75, 12.875], "texture": "#0"},
				"up": {"uv": [13.625, 13, 12.75, 13.75], "texture": "#0"},
				"down": {"uv": [13.625, 13, 12.75, 13.75], "texture": "#0"}
			}
		},
		{
			"from": [7.81771, 4.125, 9.6875],
			"to": [8.19271, 4.1875, 9.75],
			"faces": {
				"north": {"uv": [12.75, 13, 13.625, 13.75], "texture": "#0"},
				"east": {"uv": [10.75, 12.5, 15.297, 12.875], "texture": "#0"},
				"south": {"uv": [12.75, 13, 13.625, 13.75], "texture": "#0"},
				"west": {"uv": [12.75, 13, 13.625, 13.75], "texture": "#0"},
				"up": {"uv": [12.75, 13, 13.625, 13.75], "texture": "#0"},
				"down": {"uv": [12.75, 13, 13.625, 13.75], "texture": "#0"}
			}
		},
		{
			"from": [4.95833, 5, 9.6875],
			"to": [5.02083, 5.0625, 9.75],
			"rotation": {"angle": 45, "axis": "z", "origin": [7.47396, 8, 8.25]},
			"faces": {
				"north": {"uv": [12.75, 13, 13.625, 13.75], "texture": "#0"},
				"east": {"uv": [10.75, 12.5, 15.297, 12.875], "texture": "#0"},
				"south": {"uv": [12.75, 13, 13.625, 13.75], "texture": "#0"},
				"west": {"uv": [12.75, 13, 13.625, 13.75], "texture": "#0"},
				"up": {"uv": [12.75, 13, 13.625, 13.75], "texture": "#0"},
				"down": {"uv": [12.75, 13, 13.625, 13.75], "texture": "#0"}
			}
		},
		{
			"from": [10.97396, 5.04688, 9.8125],
			"to": [11.03646, 5.10938, 9.875],
			"rotation": {"angle": -45, "axis": "z", "origin": [8.47396, 8, 8.375]},
			"faces": {
				"north": {"uv": [13.625, 13, 12.75, 13.75], "texture": "#0"},
				"east": {"uv": [15.297, 12.5, 10.75, 12.875], "texture": "#0"},
				"south": {"uv": [13.625, 13, 12.75, 13.75], "texture": "#0"},
				"west": {"uv": [15.297, 12.5, 10.75, 12.875], "texture": "#0"},
				"up": {"uv": [13.625, 13, 12.75, 13.75], "texture": "#0"},
				"down": {"uv": [13.625, 13, 12.75, 13.75], "texture": "#0"}
			}
		},
		{
			"from": [7.81771, 4.125, 9.8125],
			"to": [8.19271, 4.1875, 9.875],
			"faces": {
				"north": {"uv": [12.75, 13, 13.625, 13.75], "texture": "#0"},
				"east": {"uv": [10.75, 12.5, 15.297, 12.875], "texture": "#0"},
				"south": {"uv": [12.75, 13, 13.625, 13.75], "texture": "#0"},
				"west": {"uv": [12.75, 13, 13.625, 13.75], "texture": "#0"},
				"up": {"uv": [12.75, 13, 13.625, 13.75], "texture": "#0"},
				"down": {"uv": [12.75, 13, 13.625, 13.75], "texture": "#0"}
			}
		},
		{
			"from": [4.95833, 5, 9.8125],
			"to": [5.02083, 5.0625, 9.875],
			"rotation": {"angle": 45, "axis": "z", "origin": [7.47396, 8, 8.375]},
			"faces": {
				"north": {"uv": [12.75, 13, 13.625, 13.75], "texture": "#0"},
				"east": {"uv": [10.75, 12.5, 15.297, 12.875], "texture": "#0"},
				"south": {"uv": [12.75, 13, 13.625, 13.75], "texture": "#0"},
				"west": {"uv": [12.75, 13, 13.625, 13.75], "texture": "#0"},
				"up": {"uv": [12.75, 13, 13.625, 13.75], "texture": "#0"},
				"down": {"uv": [12.75, 13, 13.625, 13.75], "texture": "#0"}
			}
		},
		{
			"from": [10.97396, 5.04688, 9.9375],
			"to": [11.03646, 5.10938, 10],
			"rotation": {"angle": -45, "axis": "z", "origin": [8.47396, 8, 8.5]},
			"faces": {
				"north": {"uv": [13.625, 13, 12.75, 13.75], "texture": "#0"},
				"east": {"uv": [15.297, 12.5, 10.75, 12.875], "texture": "#0"},
				"south": {"uv": [13.625, 13, 12.75, 13.75], "texture": "#0"},
				"west": {"uv": [15.297, 12.5, 10.75, 12.875], "texture": "#0"},
				"up": {"uv": [13.625, 13, 12.75, 13.75], "texture": "#0"},
				"down": {"uv": [13.625, 13, 12.75, 13.75], "texture": "#0"}
			}
		},
		{
			"from": [7.81771, 4.125, 9.9375],
			"to": [8.19271, 4.1875, 10],
			"faces": {
				"north": {"uv": [12.75, 13, 13.625, 13.75], "texture": "#0"},
				"east": {"uv": [10.75, 12.5, 15.297, 12.875], "texture": "#0"},
				"south": {"uv": [12.75, 13, 13.625, 13.75], "texture": "#0"},
				"west": {"uv": [12.75, 13, 13.625, 13.75], "texture": "#0"},
				"up": {"uv": [12.75, 13, 13.625, 13.75], "texture": "#0"},
				"down": {"uv": [12.75, 13, 13.625, 13.75], "texture": "#0"}
			}
		},
		{
			"from": [4.95833, 5, 9.9375],
			"to": [5.02083, 5.0625, 10],
			"rotation": {"angle": 45, "axis": "z", "origin": [7.47396, 8, 8.5]},
			"faces": {
				"north": {"uv": [12.75, 13, 13.625, 13.75], "texture": "#0"},
				"east": {"uv": [10.75, 12.5, 15.297, 12.875], "texture": "#0"},
				"south": {"uv": [12.75, 13, 13.625, 13.75], "texture": "#0"},
				"west": {"uv": [12.75, 13, 13.625, 13.75], "texture": "#0"},
				"up": {"uv": [12.75, 13, 13.625, 13.75], "texture": "#0"},
				"down": {"uv": [12.75, 13, 13.625, 13.75], "texture": "#0"}
			}
		},
		{
			"from": [10.97396, 5.04688, 10.0625],
			"to": [11.03646, 5.10938, 10.125],
			"rotation": {"angle": -45, "axis": "z", "origin": [8.47396, 8, 8.625]},
			"faces": {
				"north": {"uv": [13.625, 13, 12.75, 13.75], "texture": "#0"},
				"east": {"uv": [15.297, 12.5, 10.75, 12.875], "texture": "#0"},
				"south": {"uv": [13.625, 13, 12.75, 13.75], "texture": "#0"},
				"west": {"uv": [15.297, 12.5, 10.75, 12.875], "texture": "#0"},
				"up": {"uv": [13.625, 13, 12.75, 13.75], "texture": "#0"},
				"down": {"uv": [13.625, 13, 12.75, 13.75], "texture": "#0"}
			}
		},
		{
			"from": [7.81771, 4.125, 10.0625],
			"to": [8.19271, 4.1875, 10.125],
			"faces": {
				"north": {"uv": [12.75, 13, 13.625, 13.75], "texture": "#0"},
				"east": {"uv": [10.75, 12.5, 15.297, 12.875], "texture": "#0"},
				"south": {"uv": [12.75, 13, 13.625, 13.75], "texture": "#0"},
				"west": {"uv": [12.75, 13, 13.625, 13.75], "texture": "#0"},
				"up": {"uv": [12.75, 13, 13.625, 13.75], "texture": "#0"},
				"down": {"uv": [12.75, 13, 13.625, 13.75], "texture": "#0"}
			}
		},
		{
			"from": [4.95833, 5, 10.0625],
			"to": [5.02083, 5.0625, 10.125],
			"rotation": {"angle": 45, "axis": "z", "origin": [7.47396, 8, 8.625]},
			"faces": {
				"north": {"uv": [12.75, 13, 13.625, 13.75], "texture": "#0"},
				"east": {"uv": [10.75, 12.5, 15.297, 12.875], "texture": "#0"},
				"south": {"uv": [12.75, 13, 13.625, 13.75], "texture": "#0"},
				"west": {"uv": [12.75, 13, 13.625, 13.75], "texture": "#0"},
				"up": {"uv": [12.75, 13, 13.625, 13.75], "texture": "#0"},
				"down": {"uv": [12.75, 13, 13.625, 13.75], "texture": "#0"}
			}
		},
		{
			"from": [10.97396, 5.04688, 10.1875],
			"to": [11.03646, 5.10938, 10.25],
			"rotation": {"angle": -45, "axis": "z", "origin": [8.47396, 8, 8.75]},
			"faces": {
				"north": {"uv": [13.625, 13, 12.75, 13.75], "texture": "#0"},
				"east": {"uv": [15.297, 12.5, 10.75, 12.875], "texture": "#0"},
				"south": {"uv": [13.625, 13, 12.75, 13.75], "texture": "#0"},
				"west": {"uv": [15.297, 12.5, 10.75, 12.875], "texture": "#0"},
				"up": {"uv": [13.625, 13, 12.75, 13.75], "texture": "#0"},
				"down": {"uv": [13.625, 13, 12.75, 13.75], "texture": "#0"}
			}
		},
		{
			"from": [7.81771, 4.125, 10.1875],
			"to": [8.19271, 4.1875, 10.25],
			"faces": {
				"north": {"uv": [12.75, 13, 13.625, 13.75], "texture": "#0"},
				"east": {"uv": [10.75, 12.5, 15.297, 12.875], "texture": "#0"},
				"south": {"uv": [12.75, 13, 13.625, 13.75], "texture": "#0"},
				"west": {"uv": [12.75, 13, 13.625, 13.75], "texture": "#0"},
				"up": {"uv": [12.75, 13, 13.625, 13.75], "texture": "#0"},
				"down": {"uv": [12.75, 13, 13.625, 13.75], "texture": "#0"}
			}
		},
		{
			"from": [4.95833, 5, 10.1875],
			"to": [5.02083, 5.0625, 10.25],
			"rotation": {"angle": 45, "axis": "z", "origin": [7.47396, 8, 8.75]},
			"faces": {
				"north": {"uv": [12.75, 13, 13.625, 13.75], "texture": "#0"},
				"east": {"uv": [10.75, 12.5, 15.297, 12.875], "texture": "#0"},
				"south": {"uv": [12.75, 13, 13.625, 13.75], "texture": "#0"},
				"west": {"uv": [12.75, 13, 13.625, 13.75], "texture": "#0"},
				"up": {"uv": [12.75, 13, 13.625, 13.75], "texture": "#0"},
				"down": {"uv": [12.75, 13, 13.625, 13.75], "texture": "#0"}
			}
		},
		{
			"from": [10.97396, 5.04688, 10.3125],
			"to": [11.03646, 5.10938, 10.375],
			"rotation": {"angle": -45, "axis": "z", "origin": [8.47396, 8, 8.875]},
			"faces": {
				"north": {"uv": [13.625, 13, 12.75, 13.75], "texture": "#0"},
				"east": {"uv": [15.297, 12.5, 10.75, 12.875], "texture": "#0"},
				"south": {"uv": [13.625, 13, 12.75, 13.75], "texture": "#0"},
				"west": {"uv": [15.297, 12.5, 10.75, 12.875], "texture": "#0"},
				"up": {"uv": [13.625, 13, 12.75, 13.75], "texture": "#0"},
				"down": {"uv": [13.625, 13, 12.75, 13.75], "texture": "#0"}
			}
		},
		{
			"from": [7.81771, 4.125, 10.3125],
			"to": [8.19271, 4.1875, 10.375],
			"faces": {
				"north": {"uv": [12.75, 13, 13.625, 13.75], "texture": "#0"},
				"east": {"uv": [10.75, 12.5, 15.297, 12.875], "texture": "#0"},
				"south": {"uv": [12.75, 13, 13.625, 13.75], "texture": "#0"},
				"west": {"uv": [12.75, 13, 13.625, 13.75], "texture": "#0"},
				"up": {"uv": [12.75, 13, 13.625, 13.75], "texture": "#0"},
				"down": {"uv": [12.75, 13, 13.625, 13.75], "texture": "#0"}
			}
		},
		{
			"from": [4.95833, 5, 10.3125],
			"to": [5.02083, 5.0625, 10.375],
			"rotation": {"angle": 45, "axis": "z", "origin": [7.47396, 8, 8.875]},
			"faces": {
				"north": {"uv": [12.75, 13, 13.625, 13.75], "texture": "#0"},
				"east": {"uv": [10.75, 12.5, 15.297, 12.875], "texture": "#0"},
				"south": {"uv": [12.75, 13, 13.625, 13.75], "texture": "#0"},
				"west": {"uv": [12.75, 13, 13.625, 13.75], "texture": "#0"},
				"up": {"uv": [12.75, 13, 13.625, 13.75], "texture": "#0"},
				"down": {"uv": [12.75, 13, 13.625, 13.75], "texture": "#0"}
			}
		},
		{
			"from": [10.97396, 5.04688, 10.4375],
			"to": [11.03646, 5.10938, 10.5],
			"rotation": {"angle": -45, "axis": "z", "origin": [8.47396, 8, 9]},
			"faces": {
				"north": {"uv": [13.625, 13, 12.75, 13.75], "texture": "#0"},
				"east": {"uv": [15.297, 12.5, 10.75, 12.875], "texture": "#0"},
				"south": {"uv": [13.625, 13, 12.75, 13.75], "texture": "#0"},
				"west": {"uv": [15.297, 12.5, 10.75, 12.875], "texture": "#0"},
				"up": {"uv": [13.625, 13, 12.75, 13.75], "texture": "#0"},
				"down": {"uv": [13.625, 13, 12.75, 13.75], "texture": "#0"}
			}
		},
		{
			"from": [7.81771, 4.125, 10.4375],
			"to": [8.19271, 4.1875, 10.5],
			"faces": {
				"north": {"uv": [12.75, 13, 13.625, 13.75], "texture": "#0"},
				"east": {"uv": [10.75, 12.5, 15.297, 12.875], "texture": "#0"},
				"south": {"uv": [12.75, 13, 13.625, 13.75], "texture": "#0"},
				"west": {"uv": [12.75, 13, 13.625, 13.75], "texture": "#0"},
				"up": {"uv": [12.75, 13, 13.625, 13.75], "texture": "#0"},
				"down": {"uv": [12.75, 13, 13.625, 13.75], "texture": "#0"}
			}
		},
		{
			"from": [4.95833, 5, 10.4375],
			"to": [5.02083, 5.0625, 10.5],
			"rotation": {"angle": 45, "axis": "z", "origin": [7.47396, 8, 9]},
			"faces": {
				"north": {"uv": [12.75, 13, 13.625, 13.75], "texture": "#0"},
				"east": {"uv": [10.75, 12.5, 15.297, 12.875], "texture": "#0"},
				"south": {"uv": [12.75, 13, 13.625, 13.75], "texture": "#0"},
				"west": {"uv": [12.75, 13, 13.625, 13.75], "texture": "#0"},
				"up": {"uv": [12.75, 13, 13.625, 13.75], "texture": "#0"},
				"down": {"uv": [12.75, 13, 13.625, 13.75], "texture": "#0"}
			}
		},
		{
			"from": [10.97396, 5.04688, 10.5625],
			"to": [11.03646, 5.10938, 10.625],
			"rotation": {"angle": -45, "axis": "z", "origin": [8.47396, 8, 9.125]},
			"faces": {
				"north": {"uv": [13.625, 13, 12.75, 13.75], "texture": "#0"},
				"east": {"uv": [15.297, 12.5, 10.75, 12.875], "texture": "#0"},
				"south": {"uv": [13.625, 13, 12.75, 13.75], "texture": "#0"},
				"west": {"uv": [15.297, 12.5, 10.75, 12.875], "texture": "#0"},
				"up": {"uv": [13.625, 13, 12.75, 13.75], "texture": "#0"},
				"down": {"uv": [13.625, 13, 12.75, 13.75], "texture": "#0"}
			}
		},
		{
			"from": [7.81771, 4.125, 10.5625],
			"to": [8.19271, 4.1875, 10.625],
			"faces": {
				"north": {"uv": [12.75, 13, 13.625, 13.75], "texture": "#0"},
				"east": {"uv": [10.75, 12.5, 15.297, 12.875], "texture": "#0"},
				"south": {"uv": [12.75, 13, 13.625, 13.75], "texture": "#0"},
				"west": {"uv": [12.75, 13, 13.625, 13.75], "texture": "#0"},
				"up": {"uv": [12.75, 13, 13.625, 13.75], "texture": "#0"},
				"down": {"uv": [12.75, 13, 13.625, 13.75], "texture": "#0"}
			}
		},
		{
			"from": [4.95833, 5, 10.5625],
			"to": [5.02083, 5.0625, 10.625],
			"rotation": {"angle": 45, "axis": "z", "origin": [7.47396, 8, 9.125]},
			"faces": {
				"north": {"uv": [12.75, 13, 13.625, 13.75], "texture": "#0"},
				"east": {"uv": [10.75, 12.5, 15.297, 12.875], "texture": "#0"},
				"south": {"uv": [12.75, 13, 13.625, 13.75], "texture": "#0"},
				"west": {"uv": [12.75, 13, 13.625, 13.75], "texture": "#0"},
				"up": {"uv": [12.75, 13, 13.625, 13.75], "texture": "#0"},
				"down": {"uv": [12.75, 13, 13.625, 13.75], "texture": "#0"}
			}
		},
		{
			"from": [10.97396, 5.04688, 10.6875],
			"to": [11.03646, 5.10938, 10.75],
			"rotation": {"angle": -45, "axis": "z", "origin": [8.47396, 8, 9.25]},
			"faces": {
				"north": {"uv": [13.625, 13, 12.75, 13.75], "texture": "#0"},
				"east": {"uv": [15.297, 12.5, 10.75, 12.875], "texture": "#0"},
				"south": {"uv": [13.625, 13, 12.75, 13.75], "texture": "#0"},
				"west": {"uv": [15.297, 12.5, 10.75, 12.875], "texture": "#0"},
				"up": {"uv": [13.625, 13, 12.75, 13.75], "texture": "#0"},
				"down": {"uv": [13.625, 13, 12.75, 13.75], "texture": "#0"}
			}
		},
		{
			"from": [7.81771, 4.125, 10.6875],
			"to": [8.19271, 4.1875, 10.75],
			"faces": {
				"north": {"uv": [12.75, 13, 13.625, 13.75], "texture": "#0"},
				"east": {"uv": [10.75, 12.5, 15.297, 12.875], "texture": "#0"},
				"south": {"uv": [12.75, 13, 13.625, 13.75], "texture": "#0"},
				"west": {"uv": [12.75, 13, 13.625, 13.75], "texture": "#0"},
				"up": {"uv": [12.75, 13, 13.625, 13.75], "texture": "#0"},
				"down": {"uv": [12.75, 13, 13.625, 13.75], "texture": "#0"}
			}
		},
		{
			"from": [4.95833, 5, 10.6875],
			"to": [5.02083, 5.0625, 10.75],
			"rotation": {"angle": 45, "axis": "z", "origin": [7.47396, 8, 9.25]},
			"faces": {
				"north": {"uv": [12.75, 13, 13.625, 13.75], "texture": "#0"},
				"east": {"uv": [10.75, 12.5, 15.297, 12.875], "texture": "#0"},
				"south": {"uv": [12.75, 13, 13.625, 13.75], "texture": "#0"},
				"west": {"uv": [12.75, 13, 13.625, 13.75], "texture": "#0"},
				"up": {"uv": [12.75, 13, 13.625, 13.75], "texture": "#0"},
				"down": {"uv": [12.75, 13, 13.625, 13.75], "texture": "#0"}
			}
		},
		{
			"from": [10.97396, 5.04688, 10.8125],
			"to": [11.03646, 5.10938, 10.875],
			"rotation": {"angle": -45, "axis": "z", "origin": [8.47396, 8, 9.375]},
			"faces": {
				"north": {"uv": [13.625, 13, 12.75, 13.75], "texture": "#0"},
				"east": {"uv": [15.297, 12.5, 10.75, 12.875], "texture": "#0"},
				"south": {"uv": [13.625, 13, 12.75, 13.75], "texture": "#0"},
				"west": {"uv": [15.297, 12.5, 10.75, 12.875], "texture": "#0"},
				"up": {"uv": [13.625, 13, 12.75, 13.75], "texture": "#0"},
				"down": {"uv": [13.625, 13, 12.75, 13.75], "texture": "#0"}
			}
		},
		{
			"from": [7.81771, 4.125, 10.8125],
			"to": [8.19271, 4.1875, 10.875],
			"faces": {
				"north": {"uv": [12.75, 13, 13.625, 13.75], "texture": "#0"},
				"east": {"uv": [10.75, 12.5, 15.297, 12.875], "texture": "#0"},
				"south": {"uv": [12.75, 13, 13.625, 13.75], "texture": "#0"},
				"west": {"uv": [12.75, 13, 13.625, 13.75], "texture": "#0"},
				"up": {"uv": [12.75, 13, 13.625, 13.75], "texture": "#0"},
				"down": {"uv": [12.75, 13, 13.625, 13.75], "texture": "#0"}
			}
		},
		{
			"from": [4.95833, 5, 10.8125],
			"to": [5.02083, 5.0625, 10.875],
			"rotation": {"angle": 45, "axis": "z", "origin": [7.47396, 8, 9.375]},
			"faces": {
				"north": {"uv": [12.75, 13, 13.625, 13.75], "texture": "#0"},
				"east": {"uv": [10.75, 12.5, 15.297, 12.875], "texture": "#0"},
				"south": {"uv": [12.75, 13, 13.625, 13.75], "texture": "#0"},
				"west": {"uv": [12.75, 13, 13.625, 13.75], "texture": "#0"},
				"up": {"uv": [12.75, 13, 13.625, 13.75], "texture": "#0"},
				"down": {"uv": [12.75, 13, 13.625, 13.75], "texture": "#0"}
			}
		},
		{
			"from": [10.97396, 5.04688, 10.9375],
			"to": [11.03646, 5.10938, 11],
			"rotation": {"angle": -45, "axis": "z", "origin": [8.47396, 8, 9.5]},
			"faces": {
				"north": {"uv": [13.625, 13, 12.75, 13.75], "texture": "#0"},
				"east": {"uv": [15.297, 12.5, 10.75, 12.875], "texture": "#0"},
				"south": {"uv": [13.625, 13, 12.75, 13.75], "texture": "#0"},
				"west": {"uv": [15.297, 12.5, 10.75, 12.875], "texture": "#0"},
				"up": {"uv": [13.625, 13, 12.75, 13.75], "texture": "#0"},
				"down": {"uv": [13.625, 13, 12.75, 13.75], "texture": "#0"}
			}
		},
		{
			"from": [7.81771, 4.125, 10.9375],
			"to": [8.19271, 4.1875, 11],
			"faces": {
				"north": {"uv": [12.75, 13, 13.625, 13.75], "texture": "#0"},
				"east": {"uv": [10.75, 12.5, 15.297, 12.875], "texture": "#0"},
				"south": {"uv": [12.75, 13, 13.625, 13.75], "texture": "#0"},
				"west": {"uv": [12.75, 13, 13.625, 13.75], "texture": "#0"},
				"up": {"uv": [12.75, 13, 13.625, 13.75], "texture": "#0"},
				"down": {"uv": [12.75, 13, 13.625, 13.75], "texture": "#0"}
			}
		},
		{
			"from": [4.95833, 5, 10.9375],
			"to": [5.02083, 5.0625, 11],
			"rotation": {"angle": 45, "axis": "z", "origin": [7.47396, 8, 9.5]},
			"faces": {
				"north": {"uv": [12.75, 13, 13.625, 13.75], "texture": "#0"},
				"east": {"uv": [10.75, 12.5, 15.297, 12.875], "texture": "#0"},
				"south": {"uv": [12.75, 13, 13.625, 13.75], "texture": "#0"},
				"west": {"uv": [12.75, 13, 13.625, 13.75], "texture": "#0"},
				"up": {"uv": [12.75, 13, 13.625, 13.75], "texture": "#0"},
				"down": {"uv": [12.75, 13, 13.625, 13.75], "texture": "#0"}
			}
		},
		{
			"from": [10.97396, 5.04688, 11.0625],
			"to": [11.03646, 5.10938, 11.125],
			"rotation": {"angle": -45, "axis": "z", "origin": [8.47396, 8, 9.625]},
			"faces": {
				"north": {"uv": [13.625, 13, 12.75, 13.75], "texture": "#0"},
				"east": {"uv": [15.297, 12.5, 10.75, 12.875], "texture": "#0"},
				"south": {"uv": [13.625, 13, 12.75, 13.75], "texture": "#0"},
				"west": {"uv": [15.297, 12.5, 10.75, 12.875], "texture": "#0"},
				"up": {"uv": [13.625, 13, 12.75, 13.75], "texture": "#0"},
				"down": {"uv": [13.625, 13, 12.75, 13.75], "texture": "#0"}
			}
		},
		{
			"from": [7.81771, 4.125, 11.0625],
			"to": [8.19271, 4.1875, 11.125],
			"faces": {
				"north": {"uv": [12.75, 13, 13.625, 13.75], "texture": "#0"},
				"east": {"uv": [10.75, 12.5, 15.297, 12.875], "texture": "#0"},
				"south": {"uv": [12.75, 13, 13.625, 13.75], "texture": "#0"},
				"west": {"uv": [12.75, 13, 13.625, 13.75], "texture": "#0"},
				"up": {"uv": [12.75, 13, 13.625, 13.75], "texture": "#0"},
				"down": {"uv": [12.75, 13, 13.625, 13.75], "texture": "#0"}
			}
		},
		{
			"from": [4.95833, 5, 11.0625],
			"to": [5.02083, 5.0625, 11.125],
			"rotation": {"angle": 45, "axis": "z", "origin": [7.47396, 8, 9.625]},
			"faces": {
				"north": {"uv": [12.75, 13, 13.625, 13.75], "texture": "#0"},
				"east": {"uv": [10.75, 12.5, 15.297, 12.875], "texture": "#0"},
				"south": {"uv": [12.75, 13, 13.625, 13.75], "texture": "#0"},
				"west": {"uv": [12.75, 13, 13.625, 13.75], "texture": "#0"},
				"up": {"uv": [12.75, 13, 13.625, 13.75], "texture": "#0"},
				"down": {"uv": [12.75, 13, 13.625, 13.75], "texture": "#0"}
			}
		},
		{
			"from": [10.97396, 5.04688, 11.1875],
			"to": [11.03646, 5.10938, 11.25],
			"rotation": {"angle": -45, "axis": "z", "origin": [8.47396, 8, 9.75]},
			"faces": {
				"north": {"uv": [13.625, 13, 12.75, 13.75], "texture": "#0"},
				"east": {"uv": [15.297, 12.5, 10.75, 12.875], "texture": "#0"},
				"south": {"uv": [13.625, 13, 12.75, 13.75], "texture": "#0"},
				"west": {"uv": [15.297, 12.5, 10.75, 12.875], "texture": "#0"},
				"up": {"uv": [13.625, 13, 12.75, 13.75], "texture": "#0"},
				"down": {"uv": [13.625, 13, 12.75, 13.75], "texture": "#0"}
			}
		},
		{
			"from": [7.81771, 4.125, 11.1875],
			"to": [8.19271, 4.1875, 11.25],
			"faces": {
				"north": {"uv": [12.75, 13, 13.625, 13.75], "texture": "#0"},
				"east": {"uv": [10.75, 12.5, 15.297, 12.875], "texture": "#0"},
				"south": {"uv": [12.75, 13, 13.625, 13.75], "texture": "#0"},
				"west": {"uv": [12.75, 13, 13.625, 13.75], "texture": "#0"},
				"up": {"uv": [12.75, 13, 13.625, 13.75], "texture": "#0"},
				"down": {"uv": [12.75, 13, 13.625, 13.75], "texture": "#0"}
			}
		},
		{
			"from": [4.95833, 5, 11.1875],
			"to": [5.02083, 5.0625, 11.25],
			"rotation": {"angle": 45, "axis": "z", "origin": [7.47396, 8, 9.75]},
			"faces": {
				"north": {"uv": [12.75, 13, 13.625, 13.75], "texture": "#0"},
				"east": {"uv": [10.75, 12.5, 15.297, 12.875], "texture": "#0"},
				"south": {"uv": [12.75, 13, 13.625, 13.75], "texture": "#0"},
				"west": {"uv": [12.75, 13, 13.625, 13.75], "texture": "#0"},
				"up": {"uv": [12.75, 13, 13.625, 13.75], "texture": "#0"},
				"down": {"uv": [12.75, 13, 13.625, 13.75], "texture": "#0"}
			}
		},
		{
			"from": [10.97396, 5.04688, 11.3125],
			"to": [11.03646, 5.10938, 11.375],
			"rotation": {"angle": -45, "axis": "z", "origin": [8.47396, 8, 9.875]},
			"faces": {
				"north": {"uv": [13.625, 13, 12.75, 13.75], "texture": "#0"},
				"east": {"uv": [15.297, 12.5, 10.75, 12.875], "texture": "#0"},
				"south": {"uv": [13.625, 13, 12.75, 13.75], "texture": "#0"},
				"west": {"uv": [15.297, 12.5, 10.75, 12.875], "texture": "#0"},
				"up": {"uv": [13.625, 13, 12.75, 13.75], "texture": "#0"},
				"down": {"uv": [13.625, 13, 12.75, 13.75], "texture": "#0"}
			}
		},
		{
			"from": [7.81771, 4.125, 11.3125],
			"to": [8.19271, 4.1875, 11.375],
			"faces": {
				"north": {"uv": [12.75, 13, 13.625, 13.75], "texture": "#0"},
				"east": {"uv": [10.75, 12.5, 15.297, 12.875], "texture": "#0"},
				"south": {"uv": [12.75, 13, 13.625, 13.75], "texture": "#0"},
				"west": {"uv": [12.75, 13, 13.625, 13.75], "texture": "#0"},
				"up": {"uv": [12.75, 13, 13.625, 13.75], "texture": "#0"},
				"down": {"uv": [12.75, 13, 13.625, 13.75], "texture": "#0"}
			}
		},
		{
			"from": [4.95833, 5, 11.3125],
			"to": [5.02083, 5.0625, 11.375],
			"rotation": {"angle": 45, "axis": "z", "origin": [7.47396, 8, 9.875]},
			"faces": {
				"north": {"uv": [12.75, 13, 13.625, 13.75], "texture": "#0"},
				"east": {"uv": [10.75, 12.5, 15.297, 12.875], "texture": "#0"},
				"south": {"uv": [12.75, 13, 13.625, 13.75], "texture": "#0"},
				"west": {"uv": [12.75, 13, 13.625, 13.75], "texture": "#0"},
				"up": {"uv": [12.75, 13, 13.625, 13.75], "texture": "#0"},
				"down": {"uv": [12.75, 13, 13.625, 13.75], "texture": "#0"}
			}
		},
		{
			"from": [10.97396, 5.04688, 11.4375],
			"to": [11.03646, 5.10938, 11.5],
			"rotation": {"angle": -45, "axis": "z", "origin": [8.47396, 8, 10]},
			"faces": {
				"north": {"uv": [13.625, 13, 12.75, 13.75], "texture": "#0"},
				"east": {"uv": [15.297, 12.5, 10.75, 12.875], "texture": "#0"},
				"south": {"uv": [13.625, 13, 12.75, 13.75], "texture": "#0"},
				"west": {"uv": [15.297, 12.5, 10.75, 12.875], "texture": "#0"},
				"up": {"uv": [13.625, 13, 12.75, 13.75], "texture": "#0"},
				"down": {"uv": [13.625, 13, 12.75, 13.75], "texture": "#0"}
			}
		},
		{
			"from": [7.81771, 4.125, 11.4375],
			"to": [8.19271, 4.1875, 11.5],
			"faces": {
				"north": {"uv": [12.75, 13, 13.625, 13.75], "texture": "#0"},
				"east": {"uv": [10.75, 12.5, 15.297, 12.875], "texture": "#0"},
				"south": {"uv": [12.75, 13, 13.625, 13.75], "texture": "#0"},
				"west": {"uv": [12.75, 13, 13.625, 13.75], "texture": "#0"},
				"up": {"uv": [12.75, 13, 13.625, 13.75], "texture": "#0"},
				"down": {"uv": [12.75, 13, 13.625, 13.75], "texture": "#0"}
			}
		},
		{
			"from": [4.95833, 5, 11.4375],
			"to": [5.02083, 5.0625, 11.5],
			"rotation": {"angle": 45, "axis": "z", "origin": [7.47396, 8, 10]},
			"faces": {
				"north": {"uv": [12.75, 13, 13.625, 13.75], "texture": "#0"},
				"east": {"uv": [10.75, 12.5, 15.297, 12.875], "texture": "#0"},
				"south": {"uv": [12.75, 13, 13.625, 13.75], "texture": "#0"},
				"west": {"uv": [12.75, 13, 13.625, 13.75], "texture": "#0"},
				"up": {"uv": [12.75, 13, 13.625, 13.75], "texture": "#0"},
				"down": {"uv": [12.75, 13, 13.625, 13.75], "texture": "#0"}
			}
		},
		{
			"from": [10.97396, 5.04688, 11.5625],
			"to": [11.03646, 5.10938, 11.625],
			"rotation": {"angle": -45, "axis": "z", "origin": [8.47396, 8, 10.125]},
			"faces": {
				"north": {"uv": [13.625, 13, 12.75, 13.75], "texture": "#0"},
				"east": {"uv": [15.297, 12.5, 10.75, 12.875], "texture": "#0"},
				"south": {"uv": [13.625, 13, 12.75, 13.75], "texture": "#0"},
				"west": {"uv": [15.297, 12.5, 10.75, 12.875], "texture": "#0"},
				"up": {"uv": [13.625, 13, 12.75, 13.75], "texture": "#0"},
				"down": {"uv": [13.625, 13, 12.75, 13.75], "texture": "#0"}
			}
		},
		{
			"from": [7.81771, 4.125, 11.5625],
			"to": [8.19271, 4.1875, 11.625],
			"faces": {
				"north": {"uv": [12.75, 13, 13.625, 13.75], "texture": "#0"},
				"east": {"uv": [10.75, 12.5, 15.297, 12.875], "texture": "#0"},
				"south": {"uv": [12.75, 13, 13.625, 13.75], "texture": "#0"},
				"west": {"uv": [12.75, 13, 13.625, 13.75], "texture": "#0"},
				"up": {"uv": [12.75, 13, 13.625, 13.75], "texture": "#0"},
				"down": {"uv": [12.75, 13, 13.625, 13.75], "texture": "#0"}
			}
		},
		{
			"from": [4.95833, 5, 11.5625],
			"to": [5.02083, 5.0625, 11.625],
			"rotation": {"angle": 45, "axis": "z", "origin": [7.47396, 8, 10.125]},
			"faces": {
				"north": {"uv": [12.75, 13, 13.625, 13.75], "texture": "#0"},
				"east": {"uv": [10.75, 12.5, 15.297, 12.875], "texture": "#0"},
				"south": {"uv": [12.75, 13, 13.625, 13.75], "texture": "#0"},
				"west": {"uv": [12.75, 13, 13.625, 13.75], "texture": "#0"},
				"up": {"uv": [12.75, 13, 13.625, 13.75], "texture": "#0"},
				"down": {"uv": [12.75, 13, 13.625, 13.75], "texture": "#0"}
			}
		},
		{
			"from": [10.97396, 5.04688, 11.6875],
			"to": [11.03646, 5.10938, 11.75],
			"rotation": {"angle": -45, "axis": "z", "origin": [8.47396, 8, 10.25]},
			"faces": {
				"north": {"uv": [13.625, 13, 12.75, 13.75], "texture": "#0"},
				"east": {"uv": [15.297, 12.5, 10.75, 12.875], "texture": "#0"},
				"south": {"uv": [13.625, 13, 12.75, 13.75], "texture": "#0"},
				"west": {"uv": [15.297, 12.5, 10.75, 12.875], "texture": "#0"},
				"up": {"uv": [13.625, 13, 12.75, 13.75], "texture": "#0"},
				"down": {"uv": [13.625, 13, 12.75, 13.75], "texture": "#0"}
			}
		},
		{
			"from": [7.81771, 4.125, 11.6875],
			"to": [8.19271, 4.1875, 11.75],
			"faces": {
				"north": {"uv": [12.75, 13, 13.625, 13.75], "texture": "#0"},
				"east": {"uv": [10.75, 12.5, 15.297, 12.875], "texture": "#0"},
				"south": {"uv": [12.75, 13, 13.625, 13.75], "texture": "#0"},
				"west": {"uv": [12.75, 13, 13.625, 13.75], "texture": "#0"},
				"up": {"uv": [12.75, 13, 13.625, 13.75], "texture": "#0"},
				"down": {"uv": [12.75, 13, 13.625, 13.75], "texture": "#0"}
			}
		},
		{
			"from": [4.95833, 5, 11.6875],
			"to": [5.02083, 5.0625, 11.75],
			"rotation": {"angle": 45, "axis": "z", "origin": [7.47396, 8, 10.25]},
			"faces": {
				"north": {"uv": [12.75, 13, 13.625, 13.75], "texture": "#0"},
				"east": {"uv": [10.75, 12.5, 15.297, 12.875], "texture": "#0"},
				"south": {"uv": [12.75, 13, 13.625, 13.75], "texture": "#0"},
				"west": {"uv": [12.75, 13, 13.625, 13.75], "texture": "#0"},
				"up": {"uv": [12.75, 13, 13.625, 13.75], "texture": "#0"},
				"down": {"uv": [12.75, 13, 13.625, 13.75], "texture": "#0"}
			}
		},
		{
			"from": [10.97396, 5.04688, 11.8125],
			"to": [11.03646, 5.10938, 11.875],
			"rotation": {"angle": -45, "axis": "z", "origin": [8.47396, 8, 10.375]},
			"faces": {
				"north": {"uv": [13.625, 13, 12.75, 13.75], "texture": "#0"},
				"east": {"uv": [15.297, 12.5, 10.75, 12.875], "texture": "#0"},
				"south": {"uv": [13.625, 13, 12.75, 13.75], "texture": "#0"},
				"west": {"uv": [15.297, 12.5, 10.75, 12.875], "texture": "#0"},
				"up": {"uv": [13.625, 13, 12.75, 13.75], "texture": "#0"},
				"down": {"uv": [13.625, 13, 12.75, 13.75], "texture": "#0"}
			}
		},
		{
			"from": [7.81771, 4.125, 11.8125],
			"to": [8.19271, 4.1875, 11.875],
			"faces": {
				"north": {"uv": [12.75, 13, 13.625, 13.75], "texture": "#0"},
				"east": {"uv": [10.75, 12.5, 15.297, 12.875], "texture": "#0"},
				"south": {"uv": [12.75, 13, 13.625, 13.75], "texture": "#0"},
				"west": {"uv": [12.75, 13, 13.625, 13.75], "texture": "#0"},
				"up": {"uv": [12.75, 13, 13.625, 13.75], "texture": "#0"},
				"down": {"uv": [12.75, 13, 13.625, 13.75], "texture": "#0"}
			}
		},
		{
			"from": [4.95833, 5, 11.8125],
			"to": [5.02083, 5.0625, 11.875],
			"rotation": {"angle": 45, "axis": "z", "origin": [7.47396, 8, 10.375]},
			"faces": {
				"north": {"uv": [12.75, 13, 13.625, 13.75], "texture": "#0"},
				"east": {"uv": [10.75, 12.5, 15.297, 12.875], "texture": "#0"},
				"south": {"uv": [12.75, 13, 13.625, 13.75], "texture": "#0"},
				"west": {"uv": [12.75, 13, 13.625, 13.75], "texture": "#0"},
				"up": {"uv": [12.75, 13, 13.625, 13.75], "texture": "#0"},
				"down": {"uv": [12.75, 13, 13.625, 13.75], "texture": "#0"}
			}
		},
		{
			"from": [10.97396, 5.04688, 11.9375],
			"to": [11.03646, 5.10938, 12],
			"rotation": {"angle": -45, "axis": "z", "origin": [8.47396, 8, 10.5]},
			"faces": {
				"north": {"uv": [13.625, 13, 12.75, 13.75], "texture": "#0"},
				"east": {"uv": [15.297, 12.5, 10.75, 12.875], "texture": "#0"},
				"south": {"uv": [13.625, 13, 12.75, 13.75], "texture": "#0"},
				"west": {"uv": [15.297, 12.5, 10.75, 12.875], "texture": "#0"},
				"up": {"uv": [13.625, 13, 12.75, 13.75], "texture": "#0"},
				"down": {"uv": [13.625, 13, 12.75, 13.75], "texture": "#0"}
			}
		},
		{
			"from": [7.81771, 4.125, 11.9375],
			"to": [8.19271, 4.1875, 12],
			"faces": {
				"north": {"uv": [12.75, 13, 13.625, 13.75], "texture": "#0"},
				"east": {"uv": [10.75, 12.5, 15.297, 12.875], "texture": "#0"},
				"south": {"uv": [12.75, 13, 13.625, 13.75], "texture": "#0"},
				"west": {"uv": [12.75, 13, 13.625, 13.75], "texture": "#0"},
				"up": {"uv": [12.75, 13, 13.625, 13.75], "texture": "#0"},
				"down": {"uv": [12.75, 13, 13.625, 13.75], "texture": "#0"}
			}
		},
		{
			"from": [4.95833, 5, 11.9375],
			"to": [5.02083, 5.0625, 12],
			"rotation": {"angle": 45, "axis": "z", "origin": [7.47396, 8, 10.5]},
			"faces": {
				"north": {"uv": [12.75, 13, 13.625, 13.75], "texture": "#0"},
				"east": {"uv": [10.75, 12.5, 15.297, 12.875], "texture": "#0"},
				"south": {"uv": [12.75, 13, 13.625, 13.75], "texture": "#0"},
				"west": {"uv": [12.75, 13, 13.625, 13.75], "texture": "#0"},
				"up": {"uv": [12.75, 13, 13.625, 13.75], "texture": "#0"},
				"down": {"uv": [12.75, 13, 13.625, 13.75], "texture": "#0"}
			}
		},
		{
			"from": [10.97396, 5.04688, 12.0625],
			"to": [11.03646, 5.10938, 12.125],
			"rotation": {"angle": -45, "axis": "z", "origin": [8.47396, 8, 10.625]},
			"faces": {
				"north": {"uv": [13.625, 13, 12.75, 13.75], "texture": "#0"},
				"east": {"uv": [15.297, 12.5, 10.75, 12.875], "texture": "#0"},
				"south": {"uv": [13.625, 13, 12.75, 13.75], "texture": "#0"},
				"west": {"uv": [15.297, 12.5, 10.75, 12.875], "texture": "#0"},
				"up": {"uv": [13.625, 13, 12.75, 13.75], "texture": "#0"},
				"down": {"uv": [13.625, 13, 12.75, 13.75], "texture": "#0"}
			}
		},
		{
			"from": [7.81771, 4.125, 12.0625],
			"to": [8.19271, 4.1875, 12.125],
			"faces": {
				"north": {"uv": [12.75, 13, 13.625, 13.75], "texture": "#0"},
				"east": {"uv": [10.75, 12.5, 15.297, 12.875], "texture": "#0"},
				"south": {"uv": [12.75, 13, 13.625, 13.75], "texture": "#0"},
				"west": {"uv": [12.75, 13, 13.625, 13.75], "texture": "#0"},
				"up": {"uv": [12.75, 13, 13.625, 13.75], "texture": "#0"},
				"down": {"uv": [12.75, 13, 13.625, 13.75], "texture": "#0"}
			}
		},
		{
			"from": [4.95833, 5, 12.0625],
			"to": [5.02083, 5.0625, 12.125],
			"rotation": {"angle": 45, "axis": "z", "origin": [7.47396, 8, 10.625]},
			"faces": {
				"north": {"uv": [12.75, 13, 13.625, 13.75], "texture": "#0"},
				"east": {"uv": [10.75, 12.5, 15.297, 12.875], "texture": "#0"},
				"south": {"uv": [12.75, 13, 13.625, 13.75], "texture": "#0"},
				"west": {"uv": [12.75, 13, 13.625, 13.75], "texture": "#0"},
				"up": {"uv": [12.75, 13, 13.625, 13.75], "texture": "#0"},
				"down": {"uv": [12.75, 13, 13.625, 13.75], "texture": "#0"}
			}
		},
		{
			"from": [10.97396, 5.04688, 12.1875],
			"to": [11.03646, 5.10938, 12.25],
			"rotation": {"angle": -45, "axis": "z", "origin": [8.47396, 8, 10.75]},
			"faces": {
				"north": {"uv": [13.625, 13, 12.75, 13.75], "texture": "#0"},
				"east": {"uv": [15.297, 12.5, 10.75, 12.875], "texture": "#0"},
				"south": {"uv": [13.625, 13, 12.75, 13.75], "texture": "#0"},
				"west": {"uv": [15.297, 12.5, 10.75, 12.875], "texture": "#0"},
				"up": {"uv": [13.625, 13, 12.75, 13.75], "texture": "#0"},
				"down": {"uv": [13.625, 13, 12.75, 13.75], "texture": "#0"}
			}
		},
		{
			"from": [7.81771, 4.125, 12.1875],
			"to": [8.19271, 4.1875, 12.25],
			"faces": {
				"north": {"uv": [12.75, 13, 13.625, 13.75], "texture": "#0"},
				"east": {"uv": [10.75, 12.5, 15.297, 12.875], "texture": "#0"},
				"south": {"uv": [12.75, 13, 13.625, 13.75], "texture": "#0"},
				"west": {"uv": [12.75, 13, 13.625, 13.75], "texture": "#0"},
				"up": {"uv": [12.75, 13, 13.625, 13.75], "texture": "#0"},
				"down": {"uv": [12.75, 13, 13.625, 13.75], "texture": "#0"}
			}
		},
		{
			"from": [4.95833, 5, 12.1875],
			"to": [5.02083, 5.0625, 12.25],
			"rotation": {"angle": 45, "axis": "z", "origin": [7.47396, 8, 10.75]},
			"faces": {
				"north": {"uv": [12.75, 13, 13.625, 13.75], "texture": "#0"},
				"east": {"uv": [10.75, 12.5, 15.297, 12.875], "texture": "#0"},
				"south": {"uv": [12.75, 13, 13.625, 13.75], "texture": "#0"},
				"west": {"uv": [12.75, 13, 13.625, 13.75], "texture": "#0"},
				"up": {"uv": [12.75, 13, 13.625, 13.75], "texture": "#0"},
				"down": {"uv": [12.75, 13, 13.625, 13.75], "texture": "#0"}
			}
		},
		{
			"from": [10.97396, 5.04688, 12.3125],
			"to": [11.03646, 5.10938, 12.375],
			"rotation": {"angle": -45, "axis": "z", "origin": [8.47396, 8, 10.875]},
			"faces": {
				"north": {"uv": [13.625, 13, 12.75, 13.75], "texture": "#0"},
				"east": {"uv": [15.297, 12.5, 10.75, 12.875], "texture": "#0"},
				"south": {"uv": [13.625, 13, 12.75, 13.75], "texture": "#0"},
				"west": {"uv": [15.297, 12.5, 10.75, 12.875], "texture": "#0"},
				"up": {"uv": [13.625, 13, 12.75, 13.75], "texture": "#0"},
				"down": {"uv": [13.625, 13, 12.75, 13.75], "texture": "#0"}
			}
		},
		{
			"from": [7.81771, 4.125, 12.3125],
			"to": [8.19271, 4.1875, 12.375],
			"faces": {
				"north": {"uv": [12.75, 13, 13.625, 13.75], "texture": "#0"},
				"east": {"uv": [10.75, 12.5, 15.297, 12.875], "texture": "#0"},
				"south": {"uv": [12.75, 13, 13.625, 13.75], "texture": "#0"},
				"west": {"uv": [12.75, 13, 13.625, 13.75], "texture": "#0"},
				"up": {"uv": [12.75, 13, 13.625, 13.75], "texture": "#0"},
				"down": {"uv": [12.75, 13, 13.625, 13.75], "texture": "#0"}
			}
		},
		{
			"from": [4.95833, 5, 12.3125],
			"to": [5.02083, 5.0625, 12.375],
			"rotation": {"angle": 45, "axis": "z", "origin": [7.47396, 8, 10.875]},
			"faces": {
				"north": {"uv": [12.75, 13, 13.625, 13.75], "texture": "#0"},
				"east": {"uv": [10.75, 12.5, 15.297, 12.875], "texture": "#0"},
				"south": {"uv": [12.75, 13, 13.625, 13.75], "texture": "#0"},
				"west": {"uv": [12.75, 13, 13.625, 13.75], "texture": "#0"},
				"up": {"uv": [12.75, 13, 13.625, 13.75], "texture": "#0"},
				"down": {"uv": [12.75, 13, 13.625, 13.75], "texture": "#0"}
			}
		},
		{
			"from": [10.97396, 5.04688, 12.4375],
			"to": [11.03646, 5.10938, 12.5],
			"rotation": {"angle": -45, "axis": "z", "origin": [8.47396, 8, 11]},
			"faces": {
				"north": {"uv": [13.625, 13, 12.75, 13.75], "texture": "#0"},
				"east": {"uv": [15.297, 12.5, 10.75, 12.875], "texture": "#0"},
				"south": {"uv": [13.625, 13, 12.75, 13.75], "texture": "#0"},
				"west": {"uv": [15.297, 12.5, 10.75, 12.875], "texture": "#0"},
				"up": {"uv": [13.625, 13, 12.75, 13.75], "texture": "#0"},
				"down": {"uv": [13.625, 13, 12.75, 13.75], "texture": "#0"}
			}
		},
		{
			"from": [7.81771, 4.125, 12.4375],
			"to": [8.19271, 4.1875, 12.5],
			"faces": {
				"north": {"uv": [12.75, 13, 13.625, 13.75], "texture": "#0"},
				"east": {"uv": [10.75, 12.5, 15.297, 12.875], "texture": "#0"},
				"south": {"uv": [12.75, 13, 13.625, 13.75], "texture": "#0"},
				"west": {"uv": [12.75, 13, 13.625, 13.75], "texture": "#0"},
				"up": {"uv": [12.75, 13, 13.625, 13.75], "texture": "#0"},
				"down": {"uv": [12.75, 13, 13.625, 13.75], "texture": "#0"}
			}
		},
		{
			"from": [4.95833, 5, 12.4375],
			"to": [5.02083, 5.0625, 12.5],
			"rotation": {"angle": 45, "axis": "z", "origin": [7.47396, 8, 11]},
			"faces": {
				"north": {"uv": [12.75, 13, 13.625, 13.75], "texture": "#0"},
				"east": {"uv": [10.75, 12.5, 15.297, 12.875], "texture": "#0"},
				"south": {"uv": [12.75, 13, 13.625, 13.75], "texture": "#0"},
				"west": {"uv": [12.75, 13, 13.625, 13.75], "texture": "#0"},
				"up": {"uv": [12.75, 13, 13.625, 13.75], "texture": "#0"},
				"down": {"uv": [12.75, 13, 13.625, 13.75], "texture": "#0"}
			}
		},
		{
			"from": [10.97396, 5.04688, 12.5625],
			"to": [11.03646, 5.10938, 12.625],
			"rotation": {"angle": -45, "axis": "z", "origin": [8.47396, 8, 11.125]},
			"faces": {
				"north": {"uv": [13.625, 13, 12.75, 13.75], "texture": "#0"},
				"east": {"uv": [15.297, 12.5, 10.75, 12.875], "texture": "#0"},
				"south": {"uv": [13.625, 13, 12.75, 13.75], "texture": "#0"},
				"west": {"uv": [15.297, 12.5, 10.75, 12.875], "texture": "#0"},
				"up": {"uv": [13.625, 13, 12.75, 13.75], "texture": "#0"},
				"down": {"uv": [13.625, 13, 12.75, 13.75], "texture": "#0"}
			}
		},
		{
			"from": [7.81771, 4.125, 12.5625],
			"to": [8.19271, 4.1875, 12.625],
			"faces": {
				"north": {"uv": [12.75, 13, 13.625, 13.75], "texture": "#0"},
				"east": {"uv": [10.75, 12.5, 15.297, 12.875], "texture": "#0"},
				"south": {"uv": [12.75, 13, 13.625, 13.75], "texture": "#0"},
				"west": {"uv": [12.75, 13, 13.625, 13.75], "texture": "#0"},
				"up": {"uv": [12.75, 13, 13.625, 13.75], "texture": "#0"},
				"down": {"uv": [12.75, 13, 13.625, 13.75], "texture": "#0"}
			}
		},
		{
			"from": [4.95833, 5, 12.5625],
			"to": [5.02083, 5.0625, 12.625],
			"rotation": {"angle": 45, "axis": "z", "origin": [7.47396, 8, 11.125]},
			"faces": {
				"north": {"uv": [12.75, 13, 13.625, 13.75], "texture": "#0"},
				"east": {"uv": [10.75, 12.5, 15.297, 12.875], "texture": "#0"},
				"south": {"uv": [12.75, 13, 13.625, 13.75], "texture": "#0"},
				"west": {"uv": [12.75, 13, 13.625, 13.75], "texture": "#0"},
				"up": {"uv": [12.75, 13, 13.625, 13.75], "texture": "#0"},
				"down": {"uv": [12.75, 13, 13.625, 13.75], "texture": "#0"}
			}
		},
		{
			"from": [10.97396, 5.04688, 12.6875],
			"to": [11.03646, 5.10938, 12.75],
			"rotation": {"angle": -45, "axis": "z", "origin": [8.47396, 8, 11.25]},
			"faces": {
				"north": {"uv": [13.625, 13, 12.75, 13.75], "texture": "#0"},
				"east": {"uv": [15.297, 12.5, 10.75, 12.875], "texture": "#0"},
				"south": {"uv": [13.625, 13, 12.75, 13.75], "texture": "#0"},
				"west": {"uv": [15.297, 12.5, 10.75, 12.875], "texture": "#0"},
				"up": {"uv": [13.625, 13, 12.75, 13.75], "texture": "#0"},
				"down": {"uv": [13.625, 13, 12.75, 13.75], "texture": "#0"}
			}
		},
		{
			"from": [7.81771, 4.125, 12.6875],
			"to": [8.19271, 4.1875, 12.75],
			"faces": {
				"north": {"uv": [12.75, 13, 13.625, 13.75], "texture": "#0"},
				"east": {"uv": [10.75, 12.5, 15.297, 12.875], "texture": "#0"},
				"south": {"uv": [12.75, 13, 13.625, 13.75], "texture": "#0"},
				"west": {"uv": [12.75, 13, 13.625, 13.75], "texture": "#0"},
				"up": {"uv": [12.75, 13, 13.625, 13.75], "texture": "#0"},
				"down": {"uv": [12.75, 13, 13.625, 13.75], "texture": "#0"}
			}
		},
		{
			"from": [4.95833, 5, 12.6875],
			"to": [5.02083, 5.0625, 12.75],
			"rotation": {"angle": 45, "axis": "z", "origin": [7.47396, 8, 11.25]},
			"faces": {
				"north": {"uv": [12.75, 13, 13.625, 13.75], "texture": "#0"},
				"east": {"uv": [10.75, 12.5, 15.297, 12.875], "texture": "#0"},
				"south": {"uv": [12.75, 13, 13.625, 13.75], "texture": "#0"},
				"west": {"uv": [12.75, 13, 13.625, 13.75], "texture": "#0"},
				"up": {"uv": [12.75, 13, 13.625, 13.75], "texture": "#0"},
				"down": {"uv": [12.75, 13, 13.625, 13.75], "texture": "#0"}
			}
		},
		{
			"from": [10.97396, 5.04688, 12.8125],
			"to": [11.03646, 5.10938, 12.875],
			"rotation": {"angle": -45, "axis": "z", "origin": [8.47396, 8, 11.375]},
			"faces": {
				"north": {"uv": [13.625, 13, 12.75, 13.75], "texture": "#0"},
				"east": {"uv": [15.297, 12.5, 10.75, 12.875], "texture": "#0"},
				"south": {"uv": [13.625, 13, 12.75, 13.75], "texture": "#0"},
				"west": {"uv": [15.297, 12.5, 10.75, 12.875], "texture": "#0"},
				"up": {"uv": [13.625, 13, 12.75, 13.75], "texture": "#0"},
				"down": {"uv": [13.625, 13, 12.75, 13.75], "texture": "#0"}
			}
		},
		{
			"from": [7.81771, 4.125, 12.8125],
			"to": [8.19271, 4.1875, 12.875],
			"faces": {
				"north": {"uv": [12.75, 13, 13.625, 13.75], "texture": "#0"},
				"east": {"uv": [10.75, 12.5, 15.297, 12.875], "texture": "#0"},
				"south": {"uv": [12.75, 13, 13.625, 13.75], "texture": "#0"},
				"west": {"uv": [12.75, 13, 13.625, 13.75], "texture": "#0"},
				"up": {"uv": [12.75, 13, 13.625, 13.75], "texture": "#0"},
				"down": {"uv": [12.75, 13, 13.625, 13.75], "texture": "#0"}
			}
		},
		{
			"from": [4.95833, 5, 12.8125],
			"to": [5.02083, 5.0625, 12.875],
			"rotation": {"angle": 45, "axis": "z", "origin": [7.47396, 8, 11.375]},
			"faces": {
				"north": {"uv": [12.75, 13, 13.625, 13.75], "texture": "#0"},
				"east": {"uv": [10.75, 12.5, 15.297, 12.875], "texture": "#0"},
				"south": {"uv": [12.75, 13, 13.625, 13.75], "texture": "#0"},
				"west": {"uv": [12.75, 13, 13.625, 13.75], "texture": "#0"},
				"up": {"uv": [12.75, 13, 13.625, 13.75], "texture": "#0"},
				"down": {"uv": [12.75, 13, 13.625, 13.75], "texture": "#0"}
			}
		},
		{
			"from": [10.97396, 5.04688, 12.9375],
			"to": [11.03646, 5.10938, 13],
			"rotation": {"angle": -45, "axis": "z", "origin": [8.47396, 8, 11.5]},
			"faces": {
				"north": {"uv": [13.625, 13, 12.75, 13.75], "texture": "#0"},
				"east": {"uv": [15.297, 12.5, 10.75, 12.875], "texture": "#0"},
				"south": {"uv": [13.625, 13, 12.75, 13.75], "texture": "#0"},
				"west": {"uv": [15.297, 12.5, 10.75, 12.875], "texture": "#0"},
				"up": {"uv": [13.625, 13, 12.75, 13.75], "texture": "#0"},
				"down": {"uv": [13.625, 13, 12.75, 13.75], "texture": "#0"}
			}
		},
		{
			"from": [7.81771, 4.125, 12.9375],
			"to": [8.19271, 4.1875, 13],
			"faces": {
				"north": {"uv": [12.75, 13, 13.625, 13.75], "texture": "#0"},
				"east": {"uv": [10.75, 12.5, 15.297, 12.875], "texture": "#0"},
				"south": {"uv": [12.75, 13, 13.625, 13.75], "texture": "#0"},
				"west": {"uv": [12.75, 13, 13.625, 13.75], "texture": "#0"},
				"up": {"uv": [12.75, 13, 13.625, 13.75], "texture": "#0"},
				"down": {"uv": [12.75, 13, 13.625, 13.75], "texture": "#0"}
			}
		},
		{
			"from": [4.95833, 5, 12.9375],
			"to": [5.02083, 5.0625, 13],
			"rotation": {"angle": 45, "axis": "z", "origin": [7.47396, 8, 11.5]},
			"faces": {
				"north": {"uv": [12.75, 13, 13.625, 13.75], "texture": "#0"},
				"east": {"uv": [10.75, 12.5, 15.297, 12.875], "texture": "#0"},
				"south": {"uv": [12.75, 13, 13.625, 13.75], "texture": "#0"},
				"west": {"uv": [12.75, 13, 13.625, 13.75], "texture": "#0"},
				"up": {"uv": [12.75, 13, 13.625, 13.75], "texture": "#0"},
				"down": {"uv": [12.75, 13, 13.625, 13.75], "texture": "#0"}
			}
		},
		{
			"from": [10.97396, 5.04688, 13.0625],
			"to": [11.03646, 5.10938, 13.125],
			"rotation": {"angle": -45, "axis": "z", "origin": [8.47396, 8, 11.625]},
			"faces": {
				"north": {"uv": [13.625, 13, 12.75, 13.75], "texture": "#0"},
				"east": {"uv": [15.297, 12.5, 10.75, 12.875], "texture": "#0"},
				"south": {"uv": [13.625, 13, 12.75, 13.75], "texture": "#0"},
				"west": {"uv": [15.297, 12.5, 10.75, 12.875], "texture": "#0"},
				"up": {"uv": [13.625, 13, 12.75, 13.75], "texture": "#0"},
				"down": {"uv": [13.625, 13, 12.75, 13.75], "texture": "#0"}
			}
		},
		{
			"from": [7.81771, 4.125, 13.0625],
			"to": [8.19271, 4.1875, 13.125],
			"faces": {
				"north": {"uv": [12.75, 13, 13.625, 13.75], "texture": "#0"},
				"east": {"uv": [10.75, 12.5, 15.297, 12.875], "texture": "#0"},
				"south": {"uv": [12.75, 13, 13.625, 13.75], "texture": "#0"},
				"west": {"uv": [12.75, 13, 13.625, 13.75], "texture": "#0"},
				"up": {"uv": [12.75, 13, 13.625, 13.75], "texture": "#0"},
				"down": {"uv": [12.75, 13, 13.625, 13.75], "texture": "#0"}
			}
		},
		{
			"from": [4.95833, 5, 13.0625],
			"to": [5.02083, 5.0625, 13.125],
			"rotation": {"angle": 45, "axis": "z", "origin": [7.47396, 8, 11.625]},
			"faces": {
				"north": {"uv": [12.75, 13, 13.625, 13.75], "texture": "#0"},
				"east": {"uv": [10.75, 12.5, 15.297, 12.875], "texture": "#0"},
				"south": {"uv": [12.75, 13, 13.625, 13.75], "texture": "#0"},
				"west": {"uv": [12.75, 13, 13.625, 13.75], "texture": "#0"},
				"up": {"uv": [12.75, 13, 13.625, 13.75], "texture": "#0"},
				"down": {"uv": [12.75, 13, 13.625, 13.75], "texture": "#0"}
			}
		},
		{
			"from": [7.75, 4, 13.3125],
			"to": [8.25, 4.0625, 14.04688],
			"faces": {
				"north": {"uv": [12.75, 13, 13.625, 13.75], "texture": "#0"},
				"east": {"uv": [10.75, 12.5, 15.297, 12.875], "texture": "#0"},
				"south": {"uv": [12.75, 13, 13.625, 13.75], "texture": "#0"},
				"west": {"uv": [12.75, 13, 13.625, 13.75], "texture": "#0"},
				"up": {"uv": [12.75, 13, 13.625, 13.75], "texture": "#0"},
				"down": {"uv": [12.75, 13, 13.625, 13.75], "texture": "#0"}
			}
		},
		{
			"from": [7.75, 4.0625, 13.625],
			"to": [7.8125, 4.39063, 14.04688],
			"faces": {
				"north": {"uv": [12.75, 13, 13.625, 13.75], "texture": "#0"},
				"east": {"uv": [10.75, 12.5, 15.297, 12.875], "texture": "#0"},
				"south": {"uv": [12.75, 13, 13.625, 13.75], "texture": "#0"},
				"west": {"uv": [12.75, 13, 13.625, 13.75], "texture": "#0"},
				"up": {"uv": [12.75, 13, 13.625, 13.75], "texture": "#0"},
				"down": {"uv": [12.75, 13, 13.625, 13.75], "texture": "#0"}
			}
		},
		{
			"from": [8.1875, 4.0625, 13.625],
			"to": [8.25, 4.39063, 14.04688],
			"faces": {
				"north": {"uv": [12.75, 13, 13.625, 13.75], "texture": "#0"},
				"east": {"uv": [10.75, 12.5, 15.297, 12.875], "texture": "#0"},
				"south": {"uv": [12.75, 13, 13.625, 13.75], "texture": "#0"},
				"west": {"uv": [12.75, 13, 13.625, 13.75], "texture": "#0"},
				"up": {"uv": [12.75, 13, 13.625, 13.75], "texture": "#0"},
				"down": {"uv": [12.75, 13, 13.625, 13.75], "texture": "#0"}
			}
		},
		{
			"from": [8.1875, 4.0625, 13.34375],
			"to": [8.25, 4.26563, 13.64063],
			"faces": {
				"north": {"uv": [12.75, 13, 13.625, 13.75], "texture": "#0"},
				"east": {"uv": [10.75, 12.5, 15.297, 12.875], "texture": "#0"},
				"south": {"uv": [12.75, 13, 13.625, 13.75], "texture": "#0"},
				"west": {"uv": [12.75, 13, 13.625, 13.75], "texture": "#0"},
				"up": {"uv": [12.75, 13, 13.625, 13.75], "texture": "#0"},
				"down": {"uv": [12.75, 13, 13.625, 13.75], "texture": "#0"}
			}
		},
		{
			"from": [7.75, 4.0625, 13.34375],
			"to": [7.8125, 4.26563, 13.64063],
			"faces": {
				"north": {"uv": [12.75, 13, 13.625, 13.75], "texture": "#0"},
				"east": {"uv": [10.75, 12.5, 15.297, 12.875], "texture": "#0"},
				"south": {"uv": [12.75, 13, 13.625, 13.75], "texture": "#0"},
				"west": {"uv": [12.75, 13, 13.625, 13.75], "texture": "#0"},
				"up": {"uv": [12.75, 13, 13.625, 13.75], "texture": "#0"},
				"down": {"uv": [12.75, 13, 13.625, 13.75], "texture": "#0"}
			}
		},
		{
			"from": [7.6875, 4.04688, 13.78125],
			"to": [7.84375, 4.20313, 13.9375],
			"faces": {
				"north": {"uv": [8.5, 0.5, 8.6, 0.6], "texture": "#0"},
				"east": {"uv": [8.5, 0.5, 8.6, 0.6], "texture": "#0"},
				"south": {"uv": [8.5, 0.5, 8.6, 0.6], "texture": "#0"},
				"west": {"uv": [8.5, 0.5, 8.6, 0.6], "texture": "#0"},
				"up": {"uv": [8.5, 0.5, 8.6, 0.6], "texture": "#0"},
				"down": {"uv": [8.5, 0.5, 8.6, 0.6], "texture": "#0"}
			}
		},
		{
			"from": [7.6875, 4.04688, 13.375],
			"to": [7.79688, 4.20313, 13.53125],
			"faces": {
				"north": {"uv": [8.5, 0.5, 8.6, 0.6], "texture": "#0"},
				"east": {"uv": [8.5, 0.5, 8.6, 0.6], "texture": "#0"},
				"south": {"uv": [8.5, 0.5, 8.6, 0.6], "texture": "#0"},
				"west": {"uv": [8.5, 0.5, 8.6, 0.6], "texture": "#0"},
				"up": {"uv": [8.5, 0.5, 8.6, 0.6], "texture": "#0"},
				"down": {"uv": [8.5, 0.5, 8.6, 0.6], "texture": "#0"}
			}
		},
		{
			"from": [8.0475, 4.2125, 13.79406],
			"to": [8.07125, 4.3075, 13.88906],
			"faces": {
				"north": {"uv": [14.75, 12.5, 15.125, 12.875], "rotation": 90, "texture": "#0"},
				"east": {"uv": [12.5, 13.25, 13, 14.313], "rotation": 270, "texture": "#0"},
				"south": {"uv": [0, 0, 0.875, 1.5], "rotation": 270, "texture": "#0"},
				"west": {"uv": [15, 11.75, 15.5, 12.813], "rotation": 90, "texture": "#0"},
				"up": {"uv": [11, 11.25, 12.063, 11.75], "rotation": 270, "texture": "#0"},
				"down": {"uv": [14.5, 12.25, 15.563, 12.75], "rotation": 270, "texture": "#0"}
			}
		},
		{
			"from": [7.92875, 4.18875, 13.79406],
			"to": [8.07125, 4.2125, 13.88906],
			"faces": {
				"north": {"uv": [14.75, 12.5, 15.125, 12.875], "texture": "#0"},
				"east": {"uv": [11, 11.25, 12.063, 11.75], "texture": "#0"},
				"south": {"uv": [0, 0, 0.875, 1.5], "texture": "#0"},
				"west": {"uv": [14.5, 12.25, 15.563, 12.75], "texture": "#0"},
				"up": {"uv": [15, 11.75, 15.5, 12.813], "texture": "#0"},
				"down": {"uv": [12.5, 13.25, 13, 14.313], "texture": "#0"}
			}
		},
		{
			"from": [7.92875, 4.2125, 13.79406],
			"to": [7.9525, 4.3075, 13.88906],
			"faces": {
				"north": {"uv": [14.75, 12.5, 15.125, 12.875], "rotation": 90, "texture": "#0"},
				"east": {"uv": [12.5, 13.25, 13, 14.313], "rotation": 270, "texture": "#0"},
				"south": {"uv": [0, 0, 0.875, 1.5], "rotation": 270, "texture": "#0"},
				"west": {"uv": [15, 11.75, 15.5, 12.813], "rotation": 90, "texture": "#0"},
				"up": {"uv": [11, 11.25, 12.063, 11.75], "rotation": 270, "texture": "#0"},
				"down": {"uv": [14.5, 12.25, 15.563, 12.75], "rotation": 270, "texture": "#0"}
			}
		},
		{
			"from": [7.92875, 4.3075, 13.79406],
			"to": [8.07125, 4.33125, 13.88906],
			"faces": {
				"north": {"uv": [14.75, 12.5, 15.125, 12.875], "texture": "#0"},
				"east": {"uv": [11, 11.25, 12.063, 11.75], "texture": "#0"},
				"south": {"uv": [0, 0, 0.875, 1.5], "texture": "#0"},
				"west": {"uv": [14.5, 12.25, 15.563, 12.75], "texture": "#0"},
				"up": {"uv": [15, 11.75, 15.5, 12.813], "texture": "#0"},
				"down": {"uv": [12.5, 13.25, 13, 14.313], "texture": "#0"}
			}
		},
		{
			"from": [7.95313, 4.04688, 13.80469],
			"to": [8.04688, 4.1875, 13.88281],
			"faces": {
				"north": {"uv": [14.75, 12.5, 15.125, 12.875], "texture": "#0"},
				"east": {"uv": [11, 11.25, 12.063, 11.75], "texture": "#0"},
				"south": {"uv": [0, 0, 0.875, 1.5], "texture": "#0"},
				"west": {"uv": [14.5, 12.25, 15.563, 12.75], "texture": "#0"},
				"up": {"uv": [15, 11.75, 15.5, 12.813], "texture": "#0"},
				"down": {"uv": [12.5, 13.25, 13, 14.313], "texture": "#0"}
			}
		},
		{
			"from": [7.84375, 4.09375, 13.82813],
			"to": [8.23438, 4.15625, 13.89063],
			"faces": {
				"north": {"uv": [12.75, 13, 13.625, 13.75], "texture": "#0"},
				"east": {"uv": [12.75, 13, 13.625, 13.75], "texture": "#0"},
				"south": {"uv": [12.75, 13, 13.625, 13.75], "texture": "#0"},
				"west": {"uv": [12.75, 13, 13.625, 13.75], "texture": "#0"},
				"up": {"uv": [12.75, 13, 13.625, 13.75], "texture": "#0"},
				"down": {"uv": [12.75, 13, 13.625, 13.75], "texture": "#0"}
			}
		},
		{
			"from": [7.75, 2.25, 9.73438],
			"to": [8.25, 2.375, 10.5625],
			"faces": {
				"north": {"uv": [0, 0, 0.875, 1.5], "texture": "#0"},
				"east": {"uv": [1, 7.75, 4.203, 8.313], "texture": "#0"},
				"south": {"uv": [0, 0, 0.875, 1.5], "texture": "#0"},
				"west": {"uv": [1, 7.75, 4.203, 8.313], "texture": "#0"},
				"up": {"uv": [3.25, 7.25, 4, 10.453], "texture": "#0"},
				"down": {"uv": [4, 6.5, 4.875, 14.5], "texture": "#0"}
			}
		},
		{
			"from": [7.375, 3.5, 9.17188],
			"to": [8.375, 4, 9.3125],
			"faces": {
				"north": {"uv": [0, 0, 0.875, 1.5], "texture": "#0"},
				"east": {"uv": [3.25, 2.5, 3.516, 3], "texture": "#0"},
				"south": {"uv": [0, 0, 0.875, 1.5], "texture": "#0"},
				"west": {"uv": [3.25, 2.5, 3.516, 3], "texture": "#0"},
				"up": {"uv": [2.75, 4.75, 3.75, 5.016], "texture": "#0"},
				"down": {"uv": [4, 6.5, 4.875, 14.5], "texture": "#0"}
			}
		}
	],
	"display": {
		"thirdperson_righthand": {
			"rotation": [0, -15, 0],
			"translation": [1.75, 8, -5.25],
			"scale": [1.25, 1.25, 1.25]
		},
		"thirdperson_lefthand": {
			"translation": [-0.5, 7.75, -4.5],
			"scale": [1.25, 1.25, 1.25]
		},
		"firstperson_righthand": {
			"rotation": [8, -4, 0],
			"translation": [8.25, 9.5, 1]
		},
		"firstperson_lefthand": {
			"scale": [0, 0, 0]
		},
		"ground": {
			"translation": [0, 4, 0]
		},
		"gui": {
			"rotation": [90, 50, -90],
			"translation": [2.75, 4.25, -1]
		},
		"fixed": {
			"rotation": [90, 50, -90],
			"translation": [3.25, 3.75, -1]
		}
	},
	"groups": [0, 1, 2, 3, 4, 5, 6, 7, 8, 9, 10, 11, 12, 13, 14, 15, 16, 17, 18, 19, 20, 21, 22, 23, 24, 25, 26, 27, 28, 29, 30, 31, 32, 33, 34, 35, 36, 37, 38, 39, 40, 41, 42, 43, 44, 45, 46, 47, 48, 49, 50, 51, 52, 53, 54, 55, 56, 57, 58, 59, 60, 61, 62, 63, 64, 65, 66, 67, 68, 69, 70, 71, 72, 73, 74, 75, 76, 77, 78, 79, 80, 81, 82, 83, 84,
		{
			"name": "group",
			"children": [85, 86, 87, 88, 89, 90, 91, 92, 93, 94, 95, 96, 97, 98, 99, 100, 101, 102, 103, 104, 105, 106, 107, 108, 109, 110, 111, 112, 113, 114, 115, 116, 117, 118, 119, 120, 121, 122, 123, 124, 125, 126, 127, 128, 129, 130, 131, 132, 133, 134, 135, 136, 137, 138, 139, 140, 141, 142, 143, 144, 145, 146, 147, 148, 149, 150, 151, 152, 153, 154, 155, 156, 157, 158, 159, 160, 161, 162, 163, 164, 165, 166, 167, 168, 169, 170, 171, 172, 173, 174]
		}, 175, 176, 177, 178, 179, 180, 181, 182, 183, 184, 185, 186, 187, 188, 189]
}