{
	"credit": "https://www.youtube.com/c/ZeroCaty",
	"textures": {
		"3": "zcbm/weapons/famas"
	},
	"elements": [
		{
			"from": [7.6, 3.1, -0.2],
			"to": [8.5, 4, 13],
			"rotation": {"angle": 45, "axis": "z", "origin": [8, 3.5, 6.315]},
			"faces": {
				"north": {"uv": [0, 0, 0.25, 0.25], "texture": "#3"},
				"east": {"uv": [0, 8, 6.75, 9.25], "texture": "#3"},
				"south": {"uv": [0, 0, 1, 1], "texture": "#3"},
				"west": {"uv": [0, 8, 6.75, 9.25], "texture": "#3"},
				"up": {"uv": [0, 8, 6.75, 9.25], "rotation": 90, "texture": "#3"},
				"down": {"uv": [0, 0, 1, 1], "texture": "#3"}
			}
		},
		{
			"from": [7.7, 2.3, 5.6],
			"to": [8.3, 3, 6.6],
			"faces": {
				"north": {"uv": [0, 0, 1, 1], "texture": "#3"},
				"east": {"uv": [0, 0, 1, 1], "texture": "#3"},
				"south": {"uv": [0, 0, 1, 1], "texture": "#3"},
				"west": {"uv": [0, 0, 1, 1], "texture": "#3"},
				"up": {"uv": [0, 0, 1, 1], "texture": "#3"},
				"down": {"uv": [0, 0, 1, 1], "texture": "#3"}
			}
		},
		{
			"from": [7.701, 0.74, 5.75],
			"to": [8.299, 2.64, 6.39],
			"rotation": {"angle": -22.5, "axis": "x", "origin": [8, 2.65, 6.1]},
			"faces": {
				"north": {"uv": [0, 0, 1, 1], "rotation": 180, "texture": "#3"},
				"east": {"uv": [0, 0, 1, 1], "rotation": 270, "texture": "#3"},
				"south": {"uv": [0, 0, 1, 1], "texture": "#3"},
				"west": {"uv": [0, 0, 1, 1], "rotation": 90, "texture": "#3"},
				"up": {"uv": [0, 0, 1, 1], "rotation": 180, "texture": "#3"},
				"down": {"uv": [0, 0, 1, 1], "texture": "#3"}
			}
		},
		{
			"from": [7.7, 0.7, 5.1],
			"to": [8.3, 0.8, 7.1],
			"faces": {
				"north": {"uv": [0, 0, 1, 1], "texture": "#3"},
				"east": {"uv": [0, 0, 1, 1], "texture": "#3"},
				"south": {"uv": [0, 0, 1, 1], "texture": "#3"},
				"west": {"uv": [0, 0, 1, 1], "texture": "#3"},
				"up": {"uv": [2, 8.75, 3, 9.75], "texture": "#3"},
				"down": {"uv": [2, 8.75, 3, 9.75], "texture": "#3"}
			}
		},
		{
			"from": [7.7, 2.3, 3.35],
			"to": [8.3, 4.35, 3.45],
			"rotation": {"angle": -22.5, "axis": "x", "origin": [8, 2.65, 6.1]},
			"faces": {
				"north": {"uv": [5.5, 4, 6.5, 5], "texture": "#3"},
				"east": {"uv": [0, 0, 1, 1], "rotation": 270, "texture": "#3"},
				"south": {"uv": [5.5, 4, 6.5, 5], "texture": "#3"},
				"west": {"uv": [0, 0, 1, 1], "rotation": 90, "texture": "#3"},
				"up": {"uv": [0, 0, 1, 1], "rotation": 180, "texture": "#3"},
				"down": {"uv": [0, 0, 1, 1], "texture": "#3"}
			}
		},
		{
			"from": [7.95, 2.55, 5],
			"to": [8.05, 3.15, 5.2],
			"rotation": {"angle": 22.5, "axis": "x", "origin": [8, 2.75, 4.85]},
			"faces": {
				"north": {"uv": [0, 15.5, 0.5, 16], "texture": "#3"},
				"east": {"uv": [0, 15.5, 0.5, 16], "texture": "#3"},
				"south": {"uv": [0, 15.5, 0.5, 16], "texture": "#3"},
				"west": {"uv": [0, 15.5, 0.5, 16], "texture": "#3"},
				"up": {"uv": [0, 15.5, 0.5, 16], "texture": "#3"},
				"down": {"uv": [0, 15.5, 0.5, 16], "texture": "#3"}
			}
		},
		{
			"from": [7.95, 2.65, 5],
			"to": [8.05, 2.95, 5.2],
			"rotation": {"angle": -22.5, "axis": "x", "origin": [8, 2.75, 4.85]},
			"faces": {
				"north": {"uv": [0, 15.5, 0.5, 16], "rotation": 180, "texture": "#3"},
				"east": {"uv": [0, 15.5, 0.5, 16], "texture": "#3"},
				"south": {"uv": [0, 15.5, 0.5, 16], "rotation": 180, "texture": "#3"},
				"west": {"uv": [0, 15.5, 0.5, 16], "rotation": 180, "texture": "#3"},
				"up": {"uv": [0, 15.5, 0.5, 16], "rotation": 180, "texture": "#3"},
				"down": {"uv": [0, 15.5, 0.5, 16], "rotation": 180, "texture": "#3"}
			}
		},
		{
			"from": [7.399, 1.8, 12.5],
			"to": [8.601, 4.41, 13.3],
			"faces": {
				"north": {"uv": [0, 0, 1, 1], "texture": "#3"},
				"east": {"uv": [0, 0, 0.25, 0.25], "rotation": 90, "texture": "#3"},
				"south": {"uv": [0, 0, 1.5, 2.5], "texture": "#3"},
				"west": {"uv": [0, 0, 0.25, 0.25], "rotation": 90, "texture": "#3"},
				"up": {"uv": [0, 0, 1, 1], "texture": "#3"},
				"down": {"uv": [0, 0, 1, 1], "texture": "#3"}
			}
		},
		{
			"from": [7.4, 1.35, 11.6],
			"to": [8.6, 1.8, 13.3],
			"faces": {
				"north": {"uv": [0, 0, 0.25, 0.25], "rotation": 90, "texture": "#3"},
				"east": {"uv": [0, 0, 0.25, 0.25], "rotation": 90, "texture": "#3"},
				"south": {"uv": [0, 0, 0.25, 0.25], "rotation": 90, "texture": "#3"},
				"west": {"uv": [0, 0, 0.25, 0.25], "rotation": 90, "texture": "#3"},
				"up": {"uv": [0, 0, 0.25, 0.25], "rotation": 90, "texture": "#3"},
				"down": {"uv": [0, 0, 0.25, 0.25], "rotation": 90, "texture": "#3"}
			}
		},
		{
			"from": [7.401, 1.35, 9],
			"to": [8.599, 2, 13],
			"rotation": {"angle": 22.5, "axis": "x", "origin": [8, 2.8, 12.8]},
			"faces": {
				"north": {"uv": [0, 0, 0.25, 0.25], "rotation": 90, "texture": "#3"},
				"east": {"uv": [0, 0, 0.25, 0.25], "rotation": 90, "texture": "#3"},
				"south": {"uv": [0, 0, 0.25, 0.25], "rotation": 90, "texture": "#3"},
				"west": {"uv": [0, 0, 0.25, 0.25], "rotation": 90, "texture": "#3"},
				"up": {"uv": [0, 0, 0.25, 0.25], "rotation": 90, "texture": "#3"},
				"down": {"uv": [0, 0, 0.25, 0.25], "rotation": 90, "texture": "#3"}
			}
		},
		{
			"from": [7.6, 2.5, 8.1],
			"to": [8.4, 3.3, 9.7],
			"faces": {
				"north": {"uv": [0, 0, 1, 1], "rotation": 180, "texture": "#3"},
				"east": {"uv": [0, 0, 1, 1], "rotation": 90, "texture": "#3"},
				"south": {"uv": [0, 0, 1, 1], "texture": "#3"},
				"west": {"uv": [0, 0, 1, 1], "rotation": 270, "texture": "#3"},
				"up": {"uv": [0, 0, 1, 1], "texture": "#3"},
				"down": {"uv": [0, 0, 1, 1], "rotation": 180, "texture": "#3"}
			}
		},
		{
			"from": [7.55, 3.5, -1.5],
			"to": [7.85, 3.8, -0.3],
			"rotation": {"angle": 45, "axis": "z", "origin": [8, 3.95, -1.5]},
			"faces": {
				"north": {"uv": [0, 0, 0.25, 0.25], "texture": "#3"},
				"east": {"uv": [0, 0, 0.25, 0.25], "rotation": 90, "texture": "#3"},
				"south": {"uv": [0, 0, 0.25, 0.25], "texture": "#3"},
				"west": {"uv": [0, 0, 0.25, 0.25], "rotation": 270, "texture": "#3"},
				"up": {"uv": [0, 0, 0.25, 0.25], "texture": "#3"},
				"down": {"uv": [0, 0, 0.25, 0.25], "rotation": 180, "texture": "#3"}
			}
		},
		{
			"from": [7.35, 2.9, -0.2],
			"to": [8.65, 3.6, 13.1],
			"faces": {
				"north": {"uv": [0, 0, 0.25, 0.25], "texture": "#3"},
				"east": {"uv": [0, 8, 6.75, 9.25], "texture": "#3"},
				"south": {"uv": [0, 0, 1, 1], "texture": "#3"},
				"west": {"uv": [0, 8, 6.75, 9.25], "texture": "#3"},
				"up": {"uv": [0, 9.25, 0.75, 8.5], "rotation": 90, "texture": "#3"},
				"down": {"uv": [0, 0, 0.75, 5.5], "texture": "#3"}
			}
		},
		{
			"from": [7.55, 3.85, -2.5],
			"to": [7.85, 3.9, -1.4],
			"rotation": {"angle": 45, "axis": "z", "origin": [8, 3.95, -1.5]},
			"faces": {
				"north": {"uv": [0, 0, 0.25, 0.25], "texture": "#3"},
				"east": {"uv": [0, 0, 0.25, 0.25], "rotation": 90, "texture": "#3"},
				"south": {"uv": [0, 0, 0.25, 0.25], "texture": "#3"},
				"west": {"uv": [0, 0, 0.25, 0.25], "rotation": 270, "texture": "#3"},
				"up": {"uv": [0, 0, 0.25, 0.25], "texture": "#3"},
				"down": {"uv": [0, 0, 0.25, 0.25], "rotation": 180, "texture": "#3"}
			}
		},
		{
			"from": [7.55, 3.4, -2.5],
			"to": [7.85, 3.45, -1.4],
			"rotation": {"angle": 45, "axis": "z", "origin": [8, 3.95, -1.5]},
			"faces": {
				"north": {"uv": [0, 0, 0.25, 0.25], "texture": "#3"},
				"east": {"uv": [0, 0, 0.25, 0.25], "rotation": 90, "texture": "#3"},
				"south": {"uv": [0, 0, 0.25, 0.25], "texture": "#3"},
				"west": {"uv": [0, 0, 0.25, 0.25], "rotation": 270, "texture": "#3"},
				"up": {"uv": [0, 0, 0.25, 0.25], "texture": "#3"},
				"down": {"uv": [0, 0, 0.25, 0.25], "rotation": 180, "texture": "#3"}
			}
		},
		{
			"from": [7.9, 3.5, -2.5],
			"to": [7.95, 3.8, -1.4],
			"rotation": {"angle": 45, "axis": "z", "origin": [8, 3.95, -1.5]},
			"faces": {
				"north": {"uv": [0, 0, 0.25, 0.25], "texture": "#3"},
				"east": {"uv": [0, 0, 0.25, 0.25], "rotation": 90, "texture": "#3"},
				"south": {"uv": [0, 0, 0.25, 0.25], "texture": "#3"},
				"west": {"uv": [0, 0, 0.25, 0.25], "rotation": 270, "texture": "#3"},
				"up": {"uv": [0, 0, 0.25, 0.25], "texture": "#3"},
				"down": {"uv": [0, 0, 0.25, 0.25], "rotation": 180, "texture": "#3"}
			}
		},
		{
			"from": [7.45, 3.5, -2.5],
			"to": [7.5, 3.8, -1.4],
			"rotation": {"angle": 45, "axis": "z", "origin": [8, 3.95, -1.5]},
			"faces": {
				"north": {"uv": [0, 0, 0.25, 0.25], "texture": "#3"},
				"east": {"uv": [0, 0, 0.25, 0.25], "rotation": 90, "texture": "#3"},
				"south": {"uv": [0, 0, 0.25, 0.25], "texture": "#3"},
				"west": {"uv": [0, 0, 0.25, 0.25], "rotation": 270, "texture": "#3"},
				"up": {"uv": [0, 0, 0.25, 0.25], "texture": "#3"},
				"down": {"uv": [0, 0, 0.25, 0.25], "rotation": 180, "texture": "#3"}
			}
		},
		{
			"from": [7.85, 3.4, -2.5],
			"to": [7.95, 3.5, -2.45],
			"rotation": {"angle": 45, "axis": "z", "origin": [8, 3.95, -1.5]},
			"faces": {
				"north": {"uv": [0, 0, 0.25, 0.25], "texture": "#3"},
				"east": {"uv": [0, 0, 0.25, 0.25], "rotation": 90, "texture": "#3"},
				"south": {"uv": [0, 0, 0.25, 0.25], "texture": "#3"},
				"west": {"uv": [0, 0, 0.25, 0.25], "rotation": 270, "texture": "#3"},
				"up": {"uv": [0, 0, 0.25, 0.25], "texture": "#3"},
				"down": {"uv": [0, 0, 0.25, 0.25], "rotation": 180, "texture": "#3"}
			}
		},
		{
			"from": [7.85, 3.8, -2.5],
			"to": [7.95, 3.9, -2.45],
			"rotation": {"angle": 45, "axis": "z", "origin": [8, 3.95, -1.5]},
			"faces": {
				"north": {"uv": [0, 0, 0.25, 0.25], "texture": "#3"},
				"east": {"uv": [0, 0, 0.25, 0.25], "rotation": 90, "texture": "#3"},
				"south": {"uv": [0, 0, 0.25, 0.25], "texture": "#3"},
				"west": {"uv": [0, 0, 0.25, 0.25], "rotation": 270, "texture": "#3"},
				"up": {"uv": [0, 0, 0.25, 0.25], "texture": "#3"},
				"down": {"uv": [0, 0, 0.25, 0.25], "rotation": 180, "texture": "#3"}
			}
		},
		{
			"from": [7.45, 3.8, -2.5],
			"to": [7.55, 3.9, -2.45],
			"rotation": {"angle": 45, "axis": "z", "origin": [8, 3.95, -1.5]},
			"faces": {
				"north": {"uv": [0, 0, 0.25, 0.25], "texture": "#3"},
				"east": {"uv": [0, 0, 0.25, 0.25], "rotation": 90, "texture": "#3"},
				"south": {"uv": [0, 0, 0.25, 0.25], "texture": "#3"},
				"west": {"uv": [0, 0, 0.25, 0.25], "rotation": 270, "texture": "#3"},
				"up": {"uv": [0, 0, 0.25, 0.25], "texture": "#3"},
				"down": {"uv": [0, 0, 0.25, 0.25], "rotation": 180, "texture": "#3"}
			}
		},
		{
			"from": [7.45, 3.4, -2.5],
			"to": [7.55, 3.5, -2.45],
			"rotation": {"angle": 45, "axis": "z", "origin": [8, 3.95, -1.5]},
			"faces": {
				"north": {"uv": [0, 0, 0.25, 0.25], "texture": "#3"},
				"east": {"uv": [0, 0, 0.25, 0.25], "rotation": 90, "texture": "#3"},
				"south": {"uv": [0, 0, 0.25, 0.25], "texture": "#3"},
				"west": {"uv": [0, 0, 0.25, 0.25], "rotation": 270, "texture": "#3"},
				"up": {"uv": [0, 0, 0.25, 0.25], "texture": "#3"},
				"down": {"uv": [0, 0, 0.25, 0.25], "rotation": 180, "texture": "#3"}
			}
		},
		{
			"from": [7.45, 3.4, -1.4],
			"to": [7.95, 3.9, -1.3],
			"rotation": {"angle": 45, "axis": "z", "origin": [8, 3.95, -1.5]},
			"faces": {
				"north": {"uv": [0, 0, 0.25, 0.25], "texture": "#3"},
				"east": {"uv": [0, 0, 0.25, 0.25], "rotation": 90, "texture": "#3"},
				"south": {"uv": [0, 0, 0.25, 0.25], "texture": "#3"},
				"west": {"uv": [0, 0, 0.25, 0.25], "rotation": 270, "texture": "#3"},
				"up": {"uv": [0, 0, 0.25, 0.25], "texture": "#3"},
				"down": {"uv": [0, 0, 0.25, 0.25], "rotation": 180, "texture": "#3"}
			}
		},
		{
			"from": [7.45, 3.4, -0.3],
			"to": [7.95, 3.9, -0.2],
			"rotation": {"angle": 45, "axis": "z", "origin": [8, 3.95, -1.5]},
			"faces": {
				"north": {"uv": [0, 0, 0.25, 0.25], "texture": "#3"},
				"east": {"uv": [0, 0, 0.25, 0.25], "rotation": 90, "texture": "#3"},
				"south": {"uv": [0, 0, 0.25, 0.25], "texture": "#3"},
				"west": {"uv": [0, 0, 0.25, 0.25], "rotation": 270, "texture": "#3"},
				"up": {"uv": [0, 0, 0.25, 0.25], "texture": "#3"},
				"down": {"uv": [0, 0, 0.25, 0.25], "rotation": 180, "texture": "#3"}
			}
		},
		{
			"from": [7.701, 0.74, 6.45],
			"to": [8.299, 1, 7.09],
			"faces": {
				"north": {"uv": [0, 8, 0.25, 8.25], "rotation": 270, "texture": "#3"},
				"east": {"uv": [0, 8, 0.25, 8.25], "rotation": 270, "texture": "#3"},
				"south": {"uv": [0, 8, 0.25, 8.25], "rotation": 270, "texture": "#3"},
				"west": {"uv": [0, 8, 0.25, 8.25], "rotation": 270, "texture": "#3"},
				"up": {"uv": [0, 8, 0.25, 8.25], "rotation": 270, "texture": "#3"},
				"down": {"uv": [0, 8, 0.25, 8.25], "rotation": 270, "texture": "#3"}
			}
		},
		{
			"from": [7.75, 3.8, -0.1],
			"to": [8.25, 4.21, 13.13],
			"faces": {
				"north": {"uv": [0, 0, 0.25, 0.25], "texture": "#3"},
				"east": {"uv": [0, 8, 6.75, 9.25], "texture": "#3"},
				"south": {"uv": [0, 0, 1, 1], "texture": "#3"},
				"west": {"uv": [0, 8, 6.75, 9.25], "texture": "#3"},
				"up": {"uv": [0, 8, 6.75, 9.25], "rotation": 90, "texture": "#3"},
				"down": {"uv": [0, 0, 1, 1], "texture": "#3"}
			}
		},
		{
			"from": [7.75, 3.95, -0.5],
			"to": [7.8, 5.3, -0.1],
			"faces": {
				"north": {"uv": [0, 0, 0.25, 0.25], "texture": "#3"},
				"east": {"uv": [0, 8, 6.75, 9.25], "texture": "#3"},
				"south": {"uv": [0, 0, 1, 1], "texture": "#3"},
				"west": {"uv": [0, 8, 0.75, 9], "texture": "#3"},
				"up": {"uv": [0, 8, 6.75, 9.25], "rotation": 90, "texture": "#3"},
				"down": {"uv": [0, 0, 1, 1], "texture": "#3"}
			}
		},
		{
			"from": [8.2, 3.95, -0.5],
			"to": [8.25, 5.2, -0.1],
			"faces": {
				"north": {"uv": [0, 0, 0.25, 0.25], "texture": "#3"},
				"east": {"uv": [0, 8, 0.75, 9], "texture": "#3"},
				"south": {"uv": [0, 0, 1, 1], "texture": "#3"},
				"west": {"uv": [0, 8, 6.75, 9.25], "texture": "#3"},
				"up": {"uv": [0, 8, 6.75, 9.25], "rotation": 90, "texture": "#3"},
				"down": {"uv": [0, 0, 1, 1], "texture": "#3"}
			}
		},
		{
			"from": [7.75, 5, -0.1],
			"to": [7.8, 5.4, 7.2],
			"faces": {
				"north": {"uv": [0, 0, 0.25, 0.25], "texture": "#3"},
				"east": {"uv": [0, 8, 6.75, 9.25], "texture": "#3"},
				"south": {"uv": [0, 0, 1, 1], "texture": "#3"},
				"west": {"uv": [0, 8, 6.75, 9.25], "texture": "#3"},
				"up": {"uv": [0, 8, 6.75, 9.25], "rotation": 90, "texture": "#3"},
				"down": {"uv": [0, 0, 1, 1], "texture": "#3"}
			}
		},
		{
			"from": [8.2, 5, -0.1],
			"to": [8.25, 5.4, 7.2],
			"faces": {
				"north": {"uv": [0, 0, 0.25, 0.25], "texture": "#3"},
				"east": {"uv": [0, 8, 6.75, 9.25], "texture": "#3"},
				"south": {"uv": [0, 0, 1, 1], "texture": "#3"},
				"west": {"uv": [0, 8, 6.75, 9.25], "texture": "#3"},
				"up": {"uv": [0, 8, 6.75, 9.25], "rotation": 90, "texture": "#3"},
				"down": {"uv": [0, 0, 1, 1], "texture": "#3"}
			}
		},
		{
			"from": [8.2, 4.2, 7.2],
			"to": [8.25, 5.5, 7.7],
			"faces": {
				"north": {"uv": [0, 0, 0.25, 0.25], "texture": "#3"},
				"east": {"uv": [0, 8, 6.75, 9.25], "texture": "#3"},
				"south": {"uv": [0, 0, 1, 1], "texture": "#3"},
				"west": {"uv": [0, 8, 6.75, 9.25], "texture": "#3"},
				"up": {"uv": [0, 8, 6.75, 9.25], "rotation": 90, "texture": "#3"},
				"down": {"uv": [0, 0, 1, 1], "texture": "#3"}
			}
		},
		{
			"from": [7.75, 4.2, 7.2],
			"to": [7.8, 5.5, 7.7],
			"faces": {
				"north": {"uv": [0, 0, 0.25, 0.25], "texture": "#3"},
				"east": {"uv": [0, 8, 6.75, 9.25], "texture": "#3"},
				"south": {"uv": [0, 0, 1, 1], "texture": "#3"},
				"west": {"uv": [0, 8, 6.75, 9.25], "texture": "#3"},
				"up": {"uv": [0, 8, 6.75, 9.25], "rotation": 90, "texture": "#3"},
				"down": {"uv": [0, 0, 1, 1], "texture": "#3"}
			}
		},
		{
			"from": [7.95, 4.2, 3.7],
			"to": [8.05, 4.31, 4.43],
			"faces": {
				"north": {"uv": [0, 0, 0.25, 0.25], "texture": "#3"},
				"east": {"uv": [0, 0, 0.25, 0.25], "texture": "#3"},
				"south": {"uv": [0, 0, 0.25, 0.25], "texture": "#3"},
				"west": {"uv": [0, 0, 0.25, 0.25], "texture": "#3"},
				"up": {"uv": [0, 0, 0.25, 0.25], "rotation": 90, "texture": "#3"},
				"down": {"uv": [0, 0, 0.25, 0.25], "texture": "#3"}
			}
		},
		{
			"from": [7.95, 4.2, 4.3],
			"to": [8.05, 4.51, 4.53],
			"rotation": {"angle": 22.5, "axis": "x", "origin": [8, 4.355, 4.315]},
			"faces": {
				"north": {"uv": [0, 0, 0.25, 0.25], "texture": "#3"},
				"east": {"uv": [0, 0, 0.25, 0.25], "texture": "#3"},
				"south": {"uv": [0, 0, 0.25, 0.25], "texture": "#3"},
				"west": {"uv": [0, 0, 0.25, 0.25], "texture": "#3"},
				"up": {"uv": [0, 0, 0.25, 0.25], "rotation": 90, "texture": "#3"},
				"down": {"uv": [0, 0, 0.25, 0.25], "texture": "#3"}
			}
		},
		{
			"from": [7.95, 4.4, 4.35],
			"to": [8.05, 4.71, 4.53],
			"faces": {
				"north": {"uv": [0, 0, 0.25, 0.25], "texture": "#3"},
				"east": {"uv": [0, 0, 0.25, 0.25], "texture": "#3"},
				"south": {"uv": [0, 0, 0.25, 0.25], "texture": "#3"},
				"west": {"uv": [0, 0, 0.25, 0.25], "texture": "#3"},
				"up": {"uv": [0, 0, 0.25, 0.25], "rotation": 90, "texture": "#3"},
				"down": {"uv": [0, 0, 0.25, 0.25], "texture": "#3"}
			}
		},
		{
			"from": [7.95, 4.45, 4.55],
			"to": [8.05, 4.81, 4.68],
			"rotation": {"angle": -45, "axis": "x", "origin": [8, 4.355, 4.315]},
			"faces": {
				"north": {"uv": [0, 0, 0.25, 0.25], "texture": "#3"},
				"east": {"uv": [0, 0, 0.25, 0.25], "texture": "#3"},
				"south": {"uv": [0, 0, 0.25, 0.25], "texture": "#3"},
				"west": {"uv": [0, 0, 0.25, 0.25], "texture": "#3"},
				"up": {"uv": [0, 0, 0.25, 0.25], "rotation": 90, "texture": "#3"},
				"down": {"uv": [0, 0, 0.25, 0.25], "texture": "#3"}
			}
		},
		{
			"from": [7.85, 4.2, 1.7],
			"to": [8.15, 4.26, 2.43],
			"faces": {
				"north": {"uv": [0, 0, 0.25, 0.25], "texture": "#3"},
				"east": {"uv": [0, 0, 0.25, 0.25], "texture": "#3"},
				"south": {"uv": [0, 0, 0.25, 0.25], "texture": "#3"},
				"west": {"uv": [0, 0, 0.25, 0.25], "texture": "#3"},
				"up": {"uv": [0, 0, 0.25, 0.25], "rotation": 90, "texture": "#3"},
				"down": {"uv": [0, 0, 0.25, 0.25], "texture": "#3"}
			}
		},
		{
			"from": [7.95, 4.25, 2.1],
			"to": [8.05, 4.31, 2.23],
			"faces": {
				"north": {"uv": [0, 0, 0.25, 0.25], "texture": "#3"},
				"east": {"uv": [0, 0, 0.25, 0.25], "texture": "#3"},
				"south": {"uv": [0, 0, 0.25, 0.25], "texture": "#3"},
				"west": {"uv": [0, 0, 0.25, 0.25], "texture": "#3"},
				"up": {"uv": [0, 0, 0.25, 0.25], "rotation": 90, "texture": "#3"},
				"down": {"uv": [0, 0, 0.25, 0.25], "texture": "#3"}
			}
		},
		{
			"from": [7.95, 4.3, 0.2],
			"to": [8.05, 4.46, 2.23],
			"faces": {
				"north": {"uv": [0, 0, 0.25, 0.25], "texture": "#3"},
				"east": {"uv": [0, 0, 0.25, 0.25], "texture": "#3"},
				"south": {"uv": [0, 0, 0.25, 0.25], "texture": "#3"},
				"west": {"uv": [0, 0, 0.25, 0.25], "texture": "#3"},
				"up": {"uv": [0, 0, 0.25, 0.25], "rotation": 90, "texture": "#3"},
				"down": {"uv": [0, 0, 0.25, 0.25], "texture": "#3"}
			}
		},
		{
			"from": [7.8, 3.9, -0.2],
			"to": [8.2, 5.2, -0.1],
			"faces": {
				"north": {"uv": [0, 0, 0.25, 0.25], "texture": "#3"},
				"east": {"uv": [0, 8, 6.75, 9.25], "texture": "#3"},
				"south": {"uv": [0, 0, 1, 1], "texture": "#3"},
				"west": {"uv": [0, 8, 6.75, 9.25], "texture": "#3"},
				"up": {"uv": [0, 8, 6.75, 9.25], "rotation": 90, "texture": "#3"},
				"down": {"uv": [0, 0, 1, 1], "texture": "#3"}
			}
		},
		{
			"from": [7.8, 4.2, 7.2],
			"to": [8.2, 5.2, 7.3],
			"faces": {
				"north": {"uv": [0, 0, 0.25, 0.25], "texture": "#3"},
				"east": {"uv": [0, 8, 6.75, 9.25], "texture": "#3"},
				"south": {"uv": [0, 0, 1, 1], "texture": "#3"},
				"west": {"uv": [0, 8, 6.75, 9.25], "texture": "#3"},
				"up": {"uv": [0, 8, 6.75, 9.25], "rotation": 90, "texture": "#3"},
				"down": {"uv": [0, 0, 1, 1], "texture": "#3"}
			}
		},
		{
			"from": [7.8, 5, -0.1],
			"to": [8.2, 5.2, 7.2],
			"faces": {
				"north": {"uv": [0, 0, 0.25, 0.25], "texture": "#3"},
				"east": {"uv": [0, 8, 6.75, 9.25], "texture": "#3"},
				"south": {"uv": [0, 0, 1, 1], "texture": "#3"},
				"west": {"uv": [0, 8, 6.75, 9.25], "texture": "#3"},
				"up": {"uv": [0, 8, 6.75, 9.25], "rotation": 90, "texture": "#3"},
				"down": {"uv": [0, 0, 1, 1], "texture": "#3"}
			}
		},
		{
			"from": [7.401, 2, 10.4],
			"to": [8.599, 2.5, 13],
			"rotation": {"angle": 22.5, "axis": "x", "origin": [8, 2.8, 12.8]},
			"faces": {
				"north": {"uv": [0, 0, 0.25, 0.25], "rotation": 90, "texture": "#3"},
				"east": {"uv": [0, 0, 0.25, 0.25], "rotation": 90, "texture": "#3"},
				"south": {"uv": [0, 0, 0.25, 0.25], "rotation": 90, "texture": "#3"},
				"west": {"uv": [0, 0, 0.25, 0.25], "rotation": 90, "texture": "#3"},
				"up": {"uv": [0, 0, 0.25, 0.25], "rotation": 90, "texture": "#3"},
				"down": {"uv": [0, 0, 0.25, 0.25], "rotation": 90, "texture": "#3"}
			}
		},
		{
			"from": [7.401, 2.5, 11.4],
			"to": [8.599, 3, 13],
			"rotation": {"angle": 22.5, "axis": "x", "origin": [8, 2.8, 12.8]},
			"faces": {
				"north": {"uv": [0, 0, 0.25, 0.25], "rotation": 90, "texture": "#3"},
				"east": {"uv": [0, 0, 0.25, 0.25], "rotation": 90, "texture": "#3"},
				"south": {"uv": [0, 0, 0.25, 0.25], "rotation": 90, "texture": "#3"},
				"west": {"uv": [0, 0, 0.25, 0.25], "rotation": 90, "texture": "#3"},
				"up": {"uv": [0, 0, 0.25, 0.25], "rotation": 90, "texture": "#3"},
				"down": {"uv": [0, 0, 0.25, 0.25], "rotation": 90, "texture": "#3"}
			}
		},
		{
			"from": [7.6, 3.95, -0.5],
			"to": [8.2, 4, -0.2],
			"rotation": {"angle": 45, "axis": "z", "origin": [8, 3.5, 6.315]},
			"faces": {
				"north": {"uv": [0, 0, 0.25, 0.25], "texture": "#3"},
				"east": {"uv": [0, 9.25, 0.75, 8.5], "rotation": 90, "texture": "#3"},
				"south": {"uv": [0, 0, 1, 1], "texture": "#3"},
				"west": {"uv": [0, 8, 6.75, 9.25], "texture": "#3"},
				"up": {"uv": [0, 9.25, 0.75, 8.5], "rotation": 90, "texture": "#3"},
				"down": {"uv": [0, 0, 1, 1], "texture": "#3"}
			}
		},
		{
			"from": [7.35, 2.9, -0.5],
			"to": [7.4, 3.6, -0.2],
			"faces": {
				"north": {"uv": [0, 0, 0.25, 0.25], "rotation": 90, "texture": "#3"},
				"east": {"uv": [0, 0, 1, 1], "rotation": 270, "texture": "#3"},
				"south": {"uv": [0, 0, 1, 1], "rotation": 270, "texture": "#3"},
				"west": {"uv": [0, 9.25, 0.75, 8.5], "rotation": 90, "texture": "#3"},
				"up": {"uv": [0, 9.25, 0.75, 8.5], "rotation": 90, "texture": "#3"},
				"down": {"uv": [0, 8, 6.75, 9.25], "rotation": 270, "texture": "#3"}
			}
		},
		{
			"from": [8.6, 2.9, -0.5],
			"to": [8.65, 3.6, -0.2],
			"faces": {
				"north": {"uv": [0, 0.25, 0.25, 0], "rotation": 90, "texture": "#3"},
				"east": {"uv": [0, 9.25, 0.75, 8.5], "rotation": 90, "texture": "#3"},
				"south": {"uv": [0, 1, 1, 0], "rotation": 270, "texture": "#3"},
				"west": {"uv": [0, 1, 1, 0], "rotation": 270, "texture": "#3"},
				"up": {"uv": [0, 9.25, 0.25, 9.5], "rotation": 270, "texture": "#3"},
				"down": {"uv": [0, 9.25, 6.75, 8], "rotation": 270, "texture": "#3"}
			}
		},
		{
			"from": [7.8, 3.95, -0.5],
			"to": [8.4, 4, -0.2],
			"rotation": {"angle": -45, "axis": "z", "origin": [8, 3.5, 6.315]},
			"faces": {
				"north": {"uv": [0.25, 0, 0, 0.25], "texture": "#3"},
				"east": {"uv": [6.75, 8, 0, 9.25], "texture": "#3"},
				"south": {"uv": [1, 0, 0, 1], "texture": "#3"},
				"west": {"uv": [0, 9.25, 0.75, 8.5], "rotation": 90, "texture": "#3"},
				"up": {"uv": [0, 9.25, 0.75, 8.5], "rotation": 90, "texture": "#3"},
				"down": {"uv": [1, 0, 0, 1], "texture": "#3"}
			}
		},
		{
			"from": [7.4, 2.9, -0.5],
			"to": [8.6, 2.95, -0.2],
			"faces": {
				"north": {"uv": [0, 0, 0.25, 0.25], "rotation": 90, "texture": "#3"},
				"east": {"uv": [0, 0, 1, 1], "rotation": 270, "texture": "#3"},
				"south": {"uv": [0, 0, 1, 1], "rotation": 270, "texture": "#3"},
				"west": {"uv": [0, 8, 6.75, 9.25], "rotation": 180, "texture": "#3"},
				"up": {"uv": [0, 9.25, 0.75, 8.5], "rotation": 90, "texture": "#3"},
				"down": {"uv": [0, 8.5, 0.75, 9.25], "rotation": 270, "texture": "#3"}
			}
		},
		{
			"from": [7.7, 0.9, 3.6],
			"to": [8.3, 1, 5.1],
			"rotation": {"angle": 22.5, "axis": "x", "origin": [8, 0.75, 4.6]},
			"faces": {
				"north": {"uv": [0, 0, 1, 1], "texture": "#3"},
				"east": {"uv": [0, 0, 1, 1], "texture": "#3"},
				"south": {"uv": [0, 0, 1, 1], "texture": "#3"},
				"west": {"uv": [0, 0, 1, 1], "texture": "#3"},
				"up": {"uv": [2.25, 5, 3, 5.75], "texture": "#3"},
				"down": {"uv": [2.25, 5, 3, 5.75], "texture": "#3"}
			}
		},
		{
			"from": [7.6, 2.5, 8.1],
			"to": [8.4, 3.3, 9.7],
			"faces": {
				"north": {"uv": [2, 8.75, 3, 9.75], "rotation": 180, "texture": "#3"},
				"east": {"uv": [2, 8.75, 3, 9.75], "rotation": 90, "texture": "#3"},
				"south": {"uv": [2, 8.75, 3, 9.75], "texture": "#3"},
				"west": {"uv": [2, 8.75, 3, 9.75], "texture": "#3"},
				"up": {"uv": [2, 8.75, 3, 9.75], "texture": "#3"},
				"down": {"uv": [2, 8.75, 3, 9.75], "texture": "#3"}
			}
		},
		{
			"from": [7.6, 2.3, 7.8],
			"to": [8.4, 3.5, 8.75],
			"rotation": {"angle": -22.5, "axis": "x", "origin": [8, 2.9, 8.3]},
			"faces": {
				"north": {"uv": [2, 8.75, 3, 9.75], "rotation": 180, "texture": "#3"},
				"east": {"uv": [2, 8.75, 3, 9.75], "texture": "#3"},
				"south": {"uv": [2, 8.75, 3, 9.75], "texture": "#3"},
				"west": {"uv": [2, 8.75, 3, 9.75], "texture": "#3"},
				"up": {"uv": [2, 8.75, 3, 9.75], "texture": "#3"},
				"down": {"uv": [2, 8.75, 3, 9.75], "texture": "#3"}
			}
		},
		{
			"from": [7.499, 3.6, 10.9],
			"to": [8.501, 4.41, 12.5],
			"faces": {
				"north": {"uv": [0, 0, 1, 1], "texture": "#3"},
				"east": {"uv": [0, 0, 0.25, 0.25], "rotation": 90, "texture": "#3"},
				"south": {"uv": [0, 0, 1.5, 2.5], "texture": "#3"},
				"west": {"uv": [0, 0, 0.25, 0.25], "rotation": 90, "texture": "#3"},
				"up": {"uv": [0, 0, 1, 1], "texture": "#3"},
				"down": {"uv": [0, 0, 1, 1], "texture": "#3"}
			}
		},
		{
			"from": [7.7, 4.45, -0.4],
			"to": [8.3, 4.65, -0.2],
			"rotation": {"angle": 45, "axis": "x", "origin": [8, 4.55, -0.3]},
			"faces": {
				"north": {"uv": [0, 15.5, 0.5, 16], "texture": "#3"},
				"east": {"uv": [0, 15.5, 0.5, 16], "texture": "#3"},
				"south": {"uv": [0, 15.5, 0.5, 16], "texture": "#3"},
				"west": {"uv": [0, 15.5, 0.5, 16], "texture": "#3"},
				"up": {"uv": [0, 15.5, 0.5, 16], "rotation": 90, "texture": "#3"},
				"down": {"uv": [0, 15.5, 0.5, 16], "texture": "#3"}
			}
		},
		{
			"from": [7.3, 5.15, 2.3],
			"to": [8.7, 5.45, 2.6],
			"rotation": {"angle": 45, "axis": "x", "origin": [8, 4.55, -0.3]},
			"faces": {
				"north": {"uv": [0, 15.5, 0.5, 16], "texture": "#3"},
				"east": {"uv": [0, 15.5, 0.5, 16], "texture": "#3"},
				"south": {"uv": [0, 15.5, 0.5, 16], "texture": "#3"},
				"west": {"uv": [0, 15.5, 0.5, 16], "texture": "#3"},
				"up": {"uv": [0, 15.5, 0.5, 16], "rotation": 90, "texture": "#3"},
				"down": {"uv": [0, 15.5, 0.5, 16], "texture": "#3"}
			}
		},
		{
			"from": [7.7, 4.45, 7.35],
			"to": [8.3, 4.65, 7.55],
			"rotation": {"angle": 45, "axis": "x", "origin": [8, 4.55, 7.45]},
			"faces": {
				"north": {"uv": [0, 15.5, 0.5, 16], "rotation": 180, "texture": "#3"},
				"east": {"uv": [0, 15.5, 0.5, 16], "rotation": 270, "texture": "#3"},
				"south": {"uv": [0, 15.5, 0.5, 16], "rotation": 90, "texture": "#3"},
				"west": {"uv": [0, 15.5, 0.5, 16], "rotation": 90, "texture": "#3"},
				"up": {"uv": [0, 15.5, 0.5, 16], "rotation": 180, "texture": "#3"},
				"down": {"uv": [0, 15.5, 0.5, 16], "texture": "#3"}
			}
		}
	],
	"display": {
		"thirdperson_righthand": {
			"rotation": [0, -15, 0],
			"translation": [-0.5, 5.5, 2.25]
		},
		"thirdperson_lefthand": {
			"rotation": [0, -15, 0],
			"translation": [-0.5, 5.5, 2.25]
		},
		"firstperson_righthand": {
			"rotation": [8, -5, 0],
			"translation": [5, 9, 9],
			"scale": [0.75, 0.75, 0.75]
		},
		"firstperson_lefthand": {
			"rotation": [8, -5, 0],
			"translation": [5, 9, 9],
			"scale": [0.75, 0.75, 0.75]
		},
		"ground": {
			"translation": [0, 4, 0]
		},
		"gui": {
			"rotation": [90, 50, -90],
			"translation": [4.5, 2.5, -1]
		},
		"fixed": {
			"rotation": [90, 50, -90],
			"translation": [4.5, 2.5, -1]
		}
	}
}