{
	"credit": "https://www.youtube.com/c/ZeroCaty",
	"textures": {
		"3": "zcbm/weapons/sa80"
	},
	"elements": [
		{
			"from": [7.7, 2.3, 5],
			"to": [8.3, 3, 6],
			"faces": {
				"north": {"uv": [0, 0, 1, 1], "texture": "#3"},
				"east": {"uv": [0, 0, 1, 1], "texture": "#3"},
				"south": {"uv": [0, 0, 1, 1], "texture": "#3"},
				"west": {"uv": [0, 0, 1, 1], "texture": "#3"},
				"up": {"uv": [0, 0, 1, 1], "texture": "#3"},
				"down": {"uv": [0, 0, 1, 1], "texture": "#3"}
			}
		},
		{
			"from": [7.701, 1.14, 5.15],
			"to": [8.299, 2.64, 5.79],
			"rotation": {"angle": -22.5, "axis": "x", "origin": [8, 2.65, 5.5]},
			"faces": {
				"north": {"uv": [0, 0, 1, 1], "rotation": 180, "texture": "#3"},
				"east": {"uv": [0, 0, 1, 1], "rotation": 270, "texture": "#3"},
				"south": {"uv": [0, 0, 1, 1], "texture": "#3"},
				"west": {"uv": [0, 0, 1, 1], "rotation": 90, "texture": "#3"},
				"up": {"uv": [0, 0, 1, 1], "rotation": 180, "texture": "#3"},
				"down": {"uv": [0, 0, 1, 1], "texture": "#3"}
			}
		},
		{
			"from": [7.95, 2.55, 4.7],
			"to": [8.05, 3.15, 4.9],
			"rotation": {"angle": 22.5, "axis": "x", "origin": [8, 2.75, 4.55]},
			"faces": {
				"north": {"uv": [0, 15.5, 0.5, 16], "texture": "#3"},
				"east": {"uv": [0, 15.5, 0.5, 16], "texture": "#3"},
				"south": {"uv": [0, 15.5, 0.5, 16], "texture": "#3"},
				"west": {"uv": [0, 15.5, 0.5, 16], "texture": "#3"},
				"up": {"uv": [0, 15.5, 0.5, 16], "texture": "#3"},
				"down": {"uv": [0, 15.5, 0.5, 16], "texture": "#3"}
			}
		},
		{
			"from": [7.95, 2.65, 4.7],
			"to": [8.05, 2.95, 4.9],
			"rotation": {"angle": -22.5, "axis": "x", "origin": [8, 2.75, 4.55]},
			"faces": {
				"north": {"uv": [0, 15.5, 0.5, 16], "rotation": 180, "texture": "#3"},
				"east": {"uv": [0, 15.5, 0.5, 16], "texture": "#3"},
				"south": {"uv": [0, 15.5, 0.5, 16], "rotation": 180, "texture": "#3"},
				"west": {"uv": [0, 15.5, 0.5, 16], "rotation": 180, "texture": "#3"},
				"up": {"uv": [0, 15.5, 0.5, 16], "rotation": 180, "texture": "#3"},
				"down": {"uv": [0, 15.5, 0.5, 16], "rotation": 180, "texture": "#3"}
			}
		},
		{
			"from": [7.399, 3.8, 13.5],
			"to": [8.601, 4.21, 14.3],
			"faces": {
				"north": {"uv": [0, 0, 1, 1], "texture": "#3"},
				"east": {"uv": [0, 0, 0.25, 0.25], "rotation": 90, "texture": "#3"},
				"south": {"uv": [0, 0, 0.25, 0.25], "rotation": 90, "texture": "#3"},
				"west": {"uv": [0, 0, 0.25, 0.25], "rotation": 90, "texture": "#3"},
				"up": {"uv": [0, 0, 1, 1], "texture": "#3"},
				"down": {"uv": [0, 0, 1, 1], "texture": "#3"}
			}
		},
		{
			"from": [7.6, 2.5, 9.1],
			"to": [8.4, 3.3, 13.1],
			"faces": {
				"north": {"uv": [0, 0, 1, 1], "rotation": 180, "texture": "#3"},
				"east": {"uv": [0, 0, 0.25, 0.25], "rotation": 90, "texture": "#3"},
				"south": {"uv": [0, 0, 1, 1], "texture": "#3"},
				"west": {"uv": [0, 0, 0.25, 0.25], "rotation": 90, "texture": "#3"},
				"up": {"uv": [0, 0, 1, 1], "texture": "#3"},
				"down": {"uv": [0, 0, 1, 1], "rotation": 180, "texture": "#3"}
			}
		},
		{
			"from": [7.8, 0.3, 9],
			"to": [8.2, 2.8, 10.1],
			"rotation": {"angle": 22.5, "axis": "x", "origin": [8, 1.45, 9.95]},
			"faces": {
				"north": {"uv": [0, 15.5, 0.5, 16], "rotation": 270, "texture": "#3"},
				"east": {"uv": [0, 15.5, 0.5, 16], "rotation": 270, "texture": "#3"},
				"south": {"uv": [0, 15.5, 0.5, 16], "rotation": 270, "texture": "#3"},
				"west": {"uv": [0, 15.5, 0.5, 16], "rotation": 270, "texture": "#3"},
				"up": {"uv": [0, 15.5, 0.5, 16], "rotation": 270, "texture": "#3"},
				"down": {"uv": [0, 15.5, 0.5, 16], "rotation": 270, "texture": "#3"}
			}
		},
		{
			"from": [8.55, 2.95, 4.5],
			"to": [8.6, 3.8, 14.1],
			"faces": {
				"north": {"uv": [0, 0, 0.25, 0.25], "texture": "#3"},
				"east": {"uv": [0, 1, 7.6, 1.9], "texture": "#3"},
				"south": {"uv": [0, 0, 0.25, 0.25], "rotation": 90, "texture": "#3"},
				"west": {"uv": [0, 1, 7.6, 1.9], "texture": "#3"},
				"up": {"uv": [0, 0, 1.2, 9.6], "texture": "#3"},
				"down": {"uv": [0, 0, 0.75, 5.5], "texture": "#3"}
			}
		},
		{
			"from": [7.701, 1.14, 5.55],
			"to": [8.299, 1.4, 6.39],
			"faces": {
				"north": {"uv": [0, 8, 0.25, 8.25], "rotation": 270, "texture": "#3"},
				"east": {"uv": [0, 8, 0.25, 8.25], "rotation": 270, "texture": "#3"},
				"south": {"uv": [0, 8, 0.25, 8.25], "rotation": 270, "texture": "#3"},
				"west": {"uv": [0, 8, 0.25, 8.25], "rotation": 270, "texture": "#3"},
				"up": {"uv": [0, 8, 0.25, 8.25], "rotation": 270, "texture": "#3"},
				"down": {"uv": [0, 8, 0.25, 8.25], "rotation": 270, "texture": "#3"}
			}
		},
		{
			"from": [7.75, 3.8, 7.35],
			"to": [8.25, 4.21, 9.73],
			"faces": {
				"north": {"uv": [0, 0, 0.5, 0.41], "texture": "#3"},
				"east": {"uv": [0, 0, 2.38, 0.41], "texture": "#3"},
				"south": {"uv": [0, 0, 0.5, 0.41], "texture": "#3"},
				"west": {"uv": [0, 0, 2.38, 0.41], "texture": "#3"},
				"up": {"uv": [0, 0, 0.5, 2.38], "texture": "#3"},
				"down": {"uv": [0, 0, 0.5, 2.38], "texture": "#3"}
			}
		},
		{
			"from": [7.8, 3.9, 7.4],
			"to": [8.2, 4.8, 7.6],
			"faces": {
				"north": {"uv": [0, 0, 0.4, 1.1], "texture": "#3"},
				"east": {"uv": [0, 0, 0.2, 1.1], "texture": "#3"},
				"south": {"uv": [0, 0, 0.4, 1.1], "texture": "#3"},
				"west": {"uv": [0, 0, 0.2, 1.1], "texture": "#3"},
				"up": {"uv": [0, 6, 0.4, 6.2], "rotation": 90, "texture": "#3"},
				"down": {"uv": [0, 0, 1, 1], "texture": "#3"}
			}
		},
		{
			"from": [7.8, 4.2, 9.5],
			"to": [8.2, 5, 9.7],
			"faces": {
				"north": {"uv": [0, 0, 0.4, 1], "texture": "#3"},
				"east": {"uv": [0, 0, 0.2, 1], "texture": "#3"},
				"south": {"uv": [0, 0, 0.4, 1], "texture": "#3"},
				"west": {"uv": [0, 0, 0.2, 1], "texture": "#3"},
				"up": {"uv": [0, 4, 0.4, 4.2], "rotation": 90, "texture": "#3"},
				"down": {"uv": [0, 0, 1, 1], "texture": "#3"}
			}
		},
		{
			"from": [7.8, 4.6, 7.6],
			"to": [8.2, 4.8, 8.5],
			"faces": {
				"north": {"uv": [0, 0, 0.25, 0.25], "texture": "#3"},
				"east": {"uv": [0, 5, 0.9, 5.2], "texture": "#3"},
				"south": {"uv": [0, 0, 1, 1], "texture": "#3"},
				"west": {"uv": [0, 5, 0.9, 5.2], "texture": "#3"},
				"up": {"uv": [1, 3, 1.4, 3.9], "rotation": 90, "texture": "#3"},
				"down": {"uv": [1, 7, 1.4, 7.9], "texture": "#3"}
			}
		},
		{
			"from": [7.401, 2, 11.4],
			"to": [8.599, 2.5, 14],
			"rotation": {"angle": 22.5, "axis": "x", "origin": [8, 2.8, 13.8]},
			"faces": {
				"north": {"uv": [0, 0, 0.25, 0.25], "rotation": 90, "texture": "#3"},
				"east": {"uv": [0, 0, 0.25, 0.25], "rotation": 90, "texture": "#3"},
				"south": {"uv": [0, 0, 0.25, 0.25], "rotation": 90, "texture": "#3"},
				"west": {"uv": [0, 0, 0.25, 0.25], "rotation": 90, "texture": "#3"},
				"up": {"uv": [0, 0, 0.25, 0.25], "rotation": 90, "texture": "#3"},
				"down": {"uv": [0, 0, 0.25, 0.25], "rotation": 90, "texture": "#3"}
			}
		},
		{
			"from": [7.401, 2.5, 12.4],
			"to": [8.599, 3, 14],
			"rotation": {"angle": 22.5, "axis": "x", "origin": [8, 2.8, 13.8]},
			"faces": {
				"north": {"uv": [0, 0, 0.25, 0.25], "rotation": 90, "texture": "#3"},
				"east": {"uv": [0, 0, 0.25, 0.25], "rotation": 90, "texture": "#3"},
				"south": {"uv": [0, 0, 0.25, 0.25], "rotation": 90, "texture": "#3"},
				"west": {"uv": [0, 0, 0.25, 0.25], "rotation": 90, "texture": "#3"},
				"up": {"uv": [0, 0, 0.25, 0.25], "rotation": 90, "texture": "#3"},
				"down": {"uv": [0, 0, 0.25, 0.25], "rotation": 90, "texture": "#3"}
			}
		},
		{
			"from": [7.6, 2.3, 8.8],
			"to": [8.4, 3.5, 9.75],
			"rotation": {"angle": -22.5, "axis": "x", "origin": [8, 2.9, 9.3]},
			"faces": {
				"north": {"uv": [2, 8.75, 3, 9.75], "rotation": 180, "texture": "#3"},
				"east": {"uv": [0, 0, 0.25, 0.25], "rotation": 90, "texture": "#3"},
				"south": {"uv": [2, 8.75, 3, 9.75], "texture": "#3"},
				"west": {"uv": [0, 0, 0.25, 0.25], "rotation": 90, "texture": "#3"},
				"up": {"uv": [2, 8.75, 3, 9.75], "texture": "#3"},
				"down": {"uv": [2, 8.75, 3, 9.75], "texture": "#3"}
			}
		},
		{
			"from": [7.8, 4.8, 9],
			"to": [8.2, 5, 9.5],
			"faces": {
				"north": {"uv": [0, 0, 0.25, 0.25], "texture": "#3"},
				"east": {"uv": [2, 4, 2.5, 4.2], "texture": "#3"},
				"south": {"uv": [0, 0, 1, 1], "texture": "#3"},
				"west": {"uv": [0, 6, 0.5, 6.2], "texture": "#3"},
				"up": {"uv": [0, 5, 0.4, 5.5], "rotation": 90, "texture": "#3"},
				"down": {"uv": [0, 4, 0.4, 4.5], "texture": "#3"}
			}
		},
		{
			"from": [7.8, 4.7, 8.5],
			"to": [8.2, 5, 9],
			"faces": {
				"north": {"uv": [0, 0, 0.25, 0.25], "texture": "#3"},
				"east": {"uv": [0, 4, 0.5, 4.3], "texture": "#3"},
				"south": {"uv": [0, 0, 1, 1], "texture": "#3"},
				"west": {"uv": [2, 6, 2.5, 6.3], "texture": "#3"},
				"up": {"uv": [3, 5, 3.4, 5.5], "rotation": 90, "texture": "#3"},
				"down": {"uv": [0, 0, 1, 1], "texture": "#3"}
			}
		},
		{
			"from": [7.399, 1.95, 13.5],
			"to": [8.601, 2.51, 14.3],
			"faces": {
				"north": {"uv": [0, 0, 1, 1], "texture": "#3"},
				"east": {"uv": [0, 0, 0.25, 0.25], "rotation": 90, "texture": "#3"},
				"south": {"uv": [0, 0, 0.25, 0.25], "rotation": 90, "texture": "#3"},
				"west": {"uv": [0, 0, 0.25, 0.25], "rotation": 90, "texture": "#3"},
				"up": {"uv": [0, 0, 1, 1], "texture": "#3"},
				"down": {"uv": [0, 0, 1, 1], "texture": "#3"}
			}
		},
		{
			"from": [7.399, 2.4, 13.35],
			"to": [8.601, 3.11, 14.15],
			"rotation": {"angle": -22.5, "axis": "x", "origin": [8, 2.805, 13.9]},
			"faces": {
				"north": {"uv": [0, 0, 1, 1], "texture": "#3"},
				"east": {"uv": [0, 0, 0.25, 0.25], "rotation": 90, "texture": "#3"},
				"south": {"uv": [0, 0, 0.25, 0.25], "rotation": 90, "texture": "#3"},
				"west": {"uv": [0, 0, 0.25, 0.25], "rotation": 90, "texture": "#3"},
				"up": {"uv": [0, 0, 1, 1], "texture": "#3"},
				"down": {"uv": [0, 0, 1, 1], "texture": "#3"}
			}
		},
		{
			"from": [7.399, 3.2, 13.05],
			"to": [8.601, 3.91, 13.85],
			"rotation": {"angle": 22.5, "axis": "x", "origin": [8, 2.805, 13.9]},
			"faces": {
				"north": {"uv": [0, 0, 1, 1], "texture": "#3"},
				"east": {"uv": [0, 0, 0.25, 0.25], "rotation": 90, "texture": "#3"},
				"south": {"uv": [0, 0, 0.25, 0.25], "rotation": 90, "texture": "#3"},
				"west": {"uv": [0, 0, 0.25, 0.25], "rotation": 90, "texture": "#3"},
				"up": {"uv": [0, 0, 1, 1], "texture": "#3"},
				"down": {"uv": [0, 0, 1, 1], "texture": "#3"}
			}
		},
		{
			"from": [7.7, 3, 0.8],
			"to": [8.3, 3.1, 4.5],
			"faces": {
				"north": {"uv": [0, 0, 0.25, 0.25], "texture": "#3"},
				"east": {"uv": [0, 8, 6.75, 9.25], "texture": "#3"},
				"south": {"uv": [0, 0, 0.25, 0.25], "rotation": 90, "texture": "#3"},
				"west": {"uv": [0, 8, 6.75, 9.25], "texture": "#3"},
				"up": {"uv": [0, 9.25, 0.75, 8.5], "rotation": 90, "texture": "#3"},
				"down": {"uv": [0, 0, 0.75, 5.5], "texture": "#3"}
			}
		},
		{
			"from": [7.55, 3.5, -1.6],
			"to": [7.85, 3.8, 5.3],
			"rotation": {"angle": 45, "axis": "z", "origin": [8, 3.95, -0.5]},
			"faces": {
				"north": {"uv": [0, 0, 0.25, 0.25], "texture": "#3"},
				"east": {"uv": [0, 0, 0.25, 0.25], "rotation": 90, "texture": "#3"},
				"south": {"uv": [0, 0, 0.25, 0.25], "texture": "#3"},
				"west": {"uv": [0, 0, 0.25, 0.25], "rotation": 270, "texture": "#3"},
				"up": {"uv": [0, 0, 0.25, 0.25], "texture": "#3"},
				"down": {"uv": [0, 0, 0.25, 0.25], "rotation": 180, "texture": "#3"}
			}
		},
		{
			"from": [7.5, 3.4, -2.6],
			"to": [7.7, 3.45, -1.5],
			"rotation": {"angle": 45, "axis": "z", "origin": [8, 3.95, -0.5]},
			"faces": {
				"north": {"uv": [0, 0, 0.25, 0.25], "texture": "#3"},
				"east": {"uv": [0, 0, 0.25, 0.25], "rotation": 90, "texture": "#3"},
				"south": {"uv": [0, 0, 0.25, 0.25], "texture": "#3"},
				"west": {"uv": [0, 0, 0.25, 0.25], "rotation": 270, "texture": "#3"},
				"up": {"uv": [0, 0, 0.25, 0.25], "texture": "#3"},
				"down": {"uv": [0, 0, 0.25, 0.25], "rotation": 180, "texture": "#3"}
			}
		},
		{
			"from": [7.45, 3.4, -1.5],
			"to": [7.95, 3.9, -1.4],
			"rotation": {"angle": 45, "axis": "z", "origin": [8, 3.95, -0.5]},
			"faces": {
				"north": {"uv": [0, 0, 0.25, 0.25], "texture": "#3"},
				"east": {"uv": [0, 0, 0.25, 0.25], "rotation": 90, "texture": "#3"},
				"south": {"uv": [0, 0, 0.25, 0.25], "texture": "#3"},
				"west": {"uv": [0, 0, 0.25, 0.25], "rotation": 270, "texture": "#3"},
				"up": {"uv": [0, 0, 0.25, 0.25], "texture": "#3"},
				"down": {"uv": [0, 0, 0.25, 0.25], "rotation": 180, "texture": "#3"}
			}
		},
		{
			"from": [7.9, 3.5, -2.6],
			"to": [7.95, 3.75, -1.5],
			"rotation": {"angle": 45, "axis": "z", "origin": [8, 3.95, -0.5]},
			"faces": {
				"north": {"uv": [0, 0, 0.25, 0.25], "texture": "#3"},
				"east": {"uv": [0, 0, 0.25, 0.25], "rotation": 90, "texture": "#3"},
				"south": {"uv": [0, 0, 0.25, 0.25], "texture": "#3"},
				"west": {"uv": [0, 0, 0.25, 0.25], "rotation": 270, "texture": "#3"},
				"up": {"uv": [0, 0, 0.25, 0.25], "texture": "#3"},
				"down": {"uv": [0, 0, 0.25, 0.25], "rotation": 180, "texture": "#3"}
			}
		},
		{
			"from": [7.45, 3.4, -2.6],
			"to": [7.5, 3.65, -1.5],
			"rotation": {"angle": 45, "axis": "z", "origin": [8, 3.95, -0.5]},
			"faces": {
				"north": {"uv": [0, 0, 0.25, 0.25], "texture": "#3"},
				"east": {"uv": [0, 0, 0.25, 0.25], "rotation": 90, "texture": "#3"},
				"south": {"uv": [0, 0, 0.25, 0.25], "texture": "#3"},
				"west": {"uv": [0, 0, 0.25, 0.25], "rotation": 270, "texture": "#3"},
				"up": {"uv": [0, 0, 0.25, 0.25], "texture": "#3"},
				"down": {"uv": [0, 0, 0.25, 0.25], "rotation": 180, "texture": "#3"}
			}
		},
		{
			"from": [7.55, 3.85, -2.6],
			"to": [7.8, 3.9, -1.5],
			"rotation": {"angle": 45, "axis": "z", "origin": [8, 3.95, -0.5]},
			"faces": {
				"north": {"uv": [0, 0, 0.25, 0.25], "texture": "#3"},
				"east": {"uv": [0, 0, 0.25, 0.25], "rotation": 90, "texture": "#3"},
				"south": {"uv": [0, 0, 0.25, 0.25], "texture": "#3"},
				"west": {"uv": [0, 0, 0.25, 0.25], "rotation": 270, "texture": "#3"},
				"up": {"uv": [0, 0, 0.25, 0.25], "texture": "#3"},
				"down": {"uv": [0, 0, 0.25, 0.25], "rotation": 180, "texture": "#3"}
			}
		},
		{
			"from": [7.5, 3.45, -1.1],
			"to": [7.9, 3.85, -0.5],
			"rotation": {"angle": 45, "axis": "z", "origin": [8, 3.95, -0.5]},
			"faces": {
				"north": {"uv": [0, 0, 0.25, 0.25], "texture": "#3"},
				"east": {"uv": [0, 0, 0.25, 0.25], "rotation": 90, "texture": "#3"},
				"south": {"uv": [0, 0, 0.25, 0.25], "texture": "#3"},
				"west": {"uv": [0, 0, 0.25, 0.25], "rotation": 270, "texture": "#3"},
				"up": {"uv": [0, 0, 0.25, 0.25], "texture": "#3"},
				"down": {"uv": [0, 0, 0.25, 0.25], "rotation": 180, "texture": "#3"}
			}
		},
		{
			"from": [7.65, 2.95, 0.9],
			"to": [8.35, 3.05, 1],
			"faces": {
				"north": {"uv": [0, 0, 0.25, 0.25], "texture": "#3"},
				"east": {"uv": [0, 0, 0.25, 0.25], "texture": "#3"},
				"south": {"uv": [0, 0, 0.25, 0.25], "rotation": 90, "texture": "#3"},
				"west": {"uv": [0, 0, 0.25, 0.25], "texture": "#3"},
				"up": {"uv": [0, 0, 0.25, 0.25], "rotation": 90, "texture": "#3"},
				"down": {"uv": [0, 0, 0.25, 0.25], "texture": "#3"}
			}
		},
		{
			"from": [7.65, 2.95, 3.5],
			"to": [8.35, 3.05, 3.6],
			"faces": {
				"north": {"uv": [0, 0, 0.25, 0.25], "texture": "#3"},
				"east": {"uv": [0, 0, 0.25, 0.25], "texture": "#3"},
				"south": {"uv": [0, 0, 0.25, 0.25], "rotation": 90, "texture": "#3"},
				"west": {"uv": [0, 0, 0.25, 0.25], "texture": "#3"},
				"up": {"uv": [0, 0, 0.25, 0.25], "rotation": 90, "texture": "#3"},
				"down": {"uv": [0, 0, 0.25, 0.25], "texture": "#3"}
			}
		},
		{
			"from": [7.65, 2.95, 3.3],
			"to": [8.35, 3.05, 3.4],
			"faces": {
				"north": {"uv": [0, 0, 0.25, 0.25], "texture": "#3"},
				"east": {"uv": [0, 0, 0.25, 0.25], "texture": "#3"},
				"south": {"uv": [0, 0, 0.25, 0.25], "rotation": 90, "texture": "#3"},
				"west": {"uv": [0, 0, 0.25, 0.25], "texture": "#3"},
				"up": {"uv": [0, 0, 0.25, 0.25], "rotation": 90, "texture": "#3"},
				"down": {"uv": [0, 0, 0.25, 0.25], "texture": "#3"}
			}
		},
		{
			"from": [7.65, 2.95, 3.1],
			"to": [8.35, 3.05, 3.2],
			"faces": {
				"north": {"uv": [0, 0, 0.25, 0.25], "texture": "#3"},
				"east": {"uv": [0, 0, 0.25, 0.25], "texture": "#3"},
				"south": {"uv": [0, 0, 0.25, 0.25], "rotation": 90, "texture": "#3"},
				"west": {"uv": [0, 0, 0.25, 0.25], "texture": "#3"},
				"up": {"uv": [0, 0, 0.25, 0.25], "rotation": 90, "texture": "#3"},
				"down": {"uv": [0, 0, 0.25, 0.25], "texture": "#3"}
			}
		},
		{
			"from": [7.65, 2.95, 2.9],
			"to": [8.35, 3.05, 3],
			"faces": {
				"north": {"uv": [0, 0, 0.25, 0.25], "texture": "#3"},
				"east": {"uv": [0, 0, 0.25, 0.25], "texture": "#3"},
				"south": {"uv": [0, 0, 0.25, 0.25], "rotation": 90, "texture": "#3"},
				"west": {"uv": [0, 0, 0.25, 0.25], "texture": "#3"},
				"up": {"uv": [0, 0, 0.25, 0.25], "rotation": 90, "texture": "#3"},
				"down": {"uv": [0, 0, 0.25, 0.25], "texture": "#3"}
			}
		},
		{
			"from": [7.65, 2.95, 2.7],
			"to": [8.35, 3.05, 2.8],
			"faces": {
				"north": {"uv": [0, 0, 0.25, 0.25], "texture": "#3"},
				"east": {"uv": [0, 0, 0.25, 0.25], "texture": "#3"},
				"south": {"uv": [0, 0, 0.25, 0.25], "rotation": 90, "texture": "#3"},
				"west": {"uv": [0, 0, 0.25, 0.25], "texture": "#3"},
				"up": {"uv": [0, 0, 0.25, 0.25], "rotation": 90, "texture": "#3"},
				"down": {"uv": [0, 0, 0.25, 0.25], "texture": "#3"}
			}
		},
		{
			"from": [7.65, 2.95, 2.5],
			"to": [8.35, 3.05, 2.6],
			"faces": {
				"north": {"uv": [0, 0, 0.25, 0.25], "texture": "#3"},
				"east": {"uv": [0, 0, 0.25, 0.25], "texture": "#3"},
				"south": {"uv": [0, 0, 0.25, 0.25], "rotation": 90, "texture": "#3"},
				"west": {"uv": [0, 0, 0.25, 0.25], "texture": "#3"},
				"up": {"uv": [0, 0, 0.25, 0.25], "rotation": 90, "texture": "#3"},
				"down": {"uv": [0, 0, 0.25, 0.25], "texture": "#3"}
			}
		},
		{
			"from": [7.65, 2.95, 2.3],
			"to": [8.35, 3.05, 2.4],
			"faces": {
				"north": {"uv": [0, 0, 0.25, 0.25], "texture": "#3"},
				"east": {"uv": [0, 0, 0.25, 0.25], "texture": "#3"},
				"south": {"uv": [0, 0, 0.25, 0.25], "rotation": 90, "texture": "#3"},
				"west": {"uv": [0, 0, 0.25, 0.25], "texture": "#3"},
				"up": {"uv": [0, 0, 0.25, 0.25], "rotation": 90, "texture": "#3"},
				"down": {"uv": [0, 0, 0.25, 0.25], "texture": "#3"}
			}
		},
		{
			"from": [7.65, 2.95, 2.1],
			"to": [8.35, 3.05, 2.2],
			"faces": {
				"north": {"uv": [0, 0, 0.25, 0.25], "texture": "#3"},
				"east": {"uv": [0, 0, 0.25, 0.25], "texture": "#3"},
				"south": {"uv": [0, 0, 0.25, 0.25], "rotation": 90, "texture": "#3"},
				"west": {"uv": [0, 0, 0.25, 0.25], "texture": "#3"},
				"up": {"uv": [0, 0, 0.25, 0.25], "rotation": 90, "texture": "#3"},
				"down": {"uv": [0, 0, 0.25, 0.25], "texture": "#3"}
			}
		},
		{
			"from": [7.65, 2.95, 1.9],
			"to": [8.35, 3.05, 2],
			"faces": {
				"north": {"uv": [0, 0, 0.25, 0.25], "texture": "#3"},
				"east": {"uv": [0, 0, 0.25, 0.25], "texture": "#3"},
				"south": {"uv": [0, 0, 0.25, 0.25], "rotation": 90, "texture": "#3"},
				"west": {"uv": [0, 0, 0.25, 0.25], "texture": "#3"},
				"up": {"uv": [0, 0, 0.25, 0.25], "rotation": 90, "texture": "#3"},
				"down": {"uv": [0, 0, 0.25, 0.25], "texture": "#3"}
			}
		},
		{
			"from": [7.65, 2.95, 1.7],
			"to": [8.35, 3.05, 1.8],
			"faces": {
				"north": {"uv": [0, 0, 0.25, 0.25], "texture": "#3"},
				"east": {"uv": [0, 0, 0.25, 0.25], "texture": "#3"},
				"south": {"uv": [0, 0, 0.25, 0.25], "rotation": 90, "texture": "#3"},
				"west": {"uv": [0, 0, 0.25, 0.25], "texture": "#3"},
				"up": {"uv": [0, 0, 0.25, 0.25], "rotation": 90, "texture": "#3"},
				"down": {"uv": [0, 0, 0.25, 0.25], "texture": "#3"}
			}
		},
		{
			"from": [7.65, 2.95, 1.5],
			"to": [8.35, 3.05, 1.6],
			"faces": {
				"north": {"uv": [0, 0, 0.25, 0.25], "texture": "#3"},
				"east": {"uv": [0, 0, 0.25, 0.25], "texture": "#3"},
				"south": {"uv": [0, 0, 0.25, 0.25], "rotation": 90, "texture": "#3"},
				"west": {"uv": [0, 0, 0.25, 0.25], "texture": "#3"},
				"up": {"uv": [0, 0, 0.25, 0.25], "rotation": 90, "texture": "#3"},
				"down": {"uv": [0, 0, 0.25, 0.25], "texture": "#3"}
			}
		},
		{
			"from": [7.65, 2.95, 1.3],
			"to": [8.35, 3.05, 1.4],
			"faces": {
				"north": {"uv": [0, 0, 0.25, 0.25], "texture": "#3"},
				"east": {"uv": [0, 0, 0.25, 0.25], "texture": "#3"},
				"south": {"uv": [0, 0, 0.25, 0.25], "rotation": 90, "texture": "#3"},
				"west": {"uv": [0, 0, 0.25, 0.25], "texture": "#3"},
				"up": {"uv": [0, 0, 0.25, 0.25], "rotation": 90, "texture": "#3"},
				"down": {"uv": [0, 0, 0.25, 0.25], "texture": "#3"}
			}
		},
		{
			"from": [7.65, 2.95, 1.1],
			"to": [8.35, 3.05, 1.2],
			"faces": {
				"north": {"uv": [0, 0, 0.25, 0.25], "texture": "#3"},
				"east": {"uv": [0, 0, 0.25, 0.25], "texture": "#3"},
				"south": {"uv": [0, 0, 0.25, 0.25], "rotation": 90, "texture": "#3"},
				"west": {"uv": [0, 0, 0.25, 0.25], "texture": "#3"},
				"up": {"uv": [0, 0, 0.25, 0.25], "rotation": 90, "texture": "#3"},
				"down": {"uv": [0, 0, 0.25, 0.25], "texture": "#3"}
			}
		},
		{
			"from": [8.4, 3.35, 1.9],
			"to": [8.5, 3.85, 2],
			"faces": {
				"north": {"uv": [0, 0, 0.25, 0.25], "texture": "#3"},
				"east": {"uv": [0, 0, 0.25, 0.25], "texture": "#3"},
				"south": {"uv": [0, 0, 0.25, 0.25], "rotation": 90, "texture": "#3"},
				"west": {"uv": [0, 0, 0.25, 0.25], "texture": "#3"},
				"up": {"uv": [0, 0, 0.25, 0.25], "rotation": 90, "texture": "#3"},
				"down": {"uv": [0, 0, 0.25, 0.25], "texture": "#3"}
			}
		},
		{
			"from": [8.4, 3.35, 1.7],
			"to": [8.5, 3.85, 1.8],
			"faces": {
				"north": {"uv": [0, 0, 0.25, 0.25], "texture": "#3"},
				"east": {"uv": [0, 0, 0.25, 0.25], "texture": "#3"},
				"south": {"uv": [0, 0, 0.25, 0.25], "rotation": 90, "texture": "#3"},
				"west": {"uv": [0, 0, 0.25, 0.25], "texture": "#3"},
				"up": {"uv": [0, 0, 0.25, 0.25], "rotation": 90, "texture": "#3"},
				"down": {"uv": [0, 0, 0.25, 0.25], "texture": "#3"}
			}
		},
		{
			"from": [8.4, 3.35, 1.5],
			"to": [8.5, 3.85, 1.6],
			"faces": {
				"north": {"uv": [0, 0, 0.25, 0.25], "texture": "#3"},
				"east": {"uv": [0, 0, 0.25, 0.25], "texture": "#3"},
				"south": {"uv": [0, 0, 0.25, 0.25], "rotation": 90, "texture": "#3"},
				"west": {"uv": [0, 0, 0.25, 0.25], "texture": "#3"},
				"up": {"uv": [0, 0, 0.25, 0.25], "rotation": 90, "texture": "#3"},
				"down": {"uv": [0, 0, 0.25, 0.25], "texture": "#3"}
			}
		},
		{
			"from": [8.4, 3.35, 1.3],
			"to": [8.5, 3.85, 1.4],
			"faces": {
				"north": {"uv": [0, 0, 0.25, 0.25], "texture": "#3"},
				"east": {"uv": [0, 0, 0.25, 0.25], "texture": "#3"},
				"south": {"uv": [0, 0, 0.25, 0.25], "rotation": 90, "texture": "#3"},
				"west": {"uv": [0, 0, 0.25, 0.25], "texture": "#3"},
				"up": {"uv": [0, 0, 0.25, 0.25], "rotation": 90, "texture": "#3"},
				"down": {"uv": [0, 0, 0.25, 0.25], "texture": "#3"}
			}
		},
		{
			"from": [8.4, 3.35, 1.1],
			"to": [8.5, 3.85, 1.2],
			"faces": {
				"north": {"uv": [0, 0, 0.25, 0.25], "texture": "#3"},
				"east": {"uv": [0, 0, 0.25, 0.25], "texture": "#3"},
				"south": {"uv": [0, 0, 0.25, 0.25], "rotation": 90, "texture": "#3"},
				"west": {"uv": [0, 0, 0.25, 0.25], "texture": "#3"},
				"up": {"uv": [0, 0, 0.25, 0.25], "rotation": 90, "texture": "#3"},
				"down": {"uv": [0, 0, 0.25, 0.25], "texture": "#3"}
			}
		},
		{
			"from": [8.4, 3.35, 0.9],
			"to": [8.5, 3.85, 1],
			"faces": {
				"north": {"uv": [0, 0, 0.25, 0.25], "texture": "#3"},
				"east": {"uv": [0, 0, 0.25, 0.25], "texture": "#3"},
				"south": {"uv": [0, 0, 0.25, 0.25], "rotation": 90, "texture": "#3"},
				"west": {"uv": [0, 0, 0.25, 0.25], "texture": "#3"},
				"up": {"uv": [0, 0, 0.25, 0.25], "rotation": 90, "texture": "#3"},
				"down": {"uv": [0, 0, 0.25, 0.25], "texture": "#3"}
			}
		},
		{
			"from": [8.4, 3.35, 4.3],
			"to": [8.5, 3.95, 4.4],
			"faces": {
				"north": {"uv": [0, 0, 0.25, 0.25], "texture": "#3"},
				"east": {"uv": [0, 0, 0.25, 0.25], "texture": "#3"},
				"south": {"uv": [0, 0, 0.25, 0.25], "rotation": 90, "texture": "#3"},
				"west": {"uv": [0, 0, 0.25, 0.25], "texture": "#3"},
				"up": {"uv": [0, 0, 0.25, 0.25], "rotation": 90, "texture": "#3"},
				"down": {"uv": [0, 0, 0.25, 0.25], "texture": "#3"}
			}
		},
		{
			"from": [8.4, 3.35, 4.1],
			"to": [8.5, 3.95, 4.2],
			"faces": {
				"north": {"uv": [0, 0, 0.25, 0.25], "texture": "#3"},
				"east": {"uv": [0, 0, 0.25, 0.25], "texture": "#3"},
				"south": {"uv": [0, 0, 0.25, 0.25], "rotation": 90, "texture": "#3"},
				"west": {"uv": [0, 0, 0.25, 0.25], "texture": "#3"},
				"up": {"uv": [0, 0, 0.25, 0.25], "rotation": 90, "texture": "#3"},
				"down": {"uv": [0, 0, 0.25, 0.25], "texture": "#3"}
			}
		},
		{
			"from": [8.4, 3.35, 3.9],
			"to": [8.5, 3.95, 4],
			"faces": {
				"north": {"uv": [0, 0, 0.25, 0.25], "texture": "#3"},
				"east": {"uv": [0, 0, 0.25, 0.25], "texture": "#3"},
				"south": {"uv": [0, 0, 0.25, 0.25], "rotation": 90, "texture": "#3"},
				"west": {"uv": [0, 0, 0.25, 0.25], "texture": "#3"},
				"up": {"uv": [0, 0, 0.25, 0.25], "rotation": 90, "texture": "#3"},
				"down": {"uv": [0, 0, 0.25, 0.25], "texture": "#3"}
			}
		},
		{
			"from": [8.4, 3.35, 3.7],
			"to": [8.5, 3.95, 3.8],
			"faces": {
				"north": {"uv": [0, 0, 0.25, 0.25], "texture": "#3"},
				"east": {"uv": [0, 0, 0.25, 0.25], "texture": "#3"},
				"south": {"uv": [0, 0, 0.25, 0.25], "rotation": 90, "texture": "#3"},
				"west": {"uv": [0, 0, 0.25, 0.25], "texture": "#3"},
				"up": {"uv": [0, 0, 0.25, 0.25], "rotation": 90, "texture": "#3"},
				"down": {"uv": [0, 0, 0.25, 0.25], "texture": "#3"}
			}
		},
		{
			"from": [8.4, 3.35, 3.5],
			"to": [8.5, 3.95, 3.6],
			"faces": {
				"north": {"uv": [0, 0, 0.25, 0.25], "texture": "#3"},
				"east": {"uv": [0, 0, 0.25, 0.25], "texture": "#3"},
				"south": {"uv": [0, 0, 0.25, 0.25], "rotation": 90, "texture": "#3"},
				"west": {"uv": [0, 0, 0.25, 0.25], "texture": "#3"},
				"up": {"uv": [0, 0, 0.25, 0.25], "rotation": 90, "texture": "#3"},
				"down": {"uv": [0, 0, 0.25, 0.25], "texture": "#3"}
			}
		},
		{
			"from": [8.4, 3.35, 3.3],
			"to": [8.5, 3.95, 3.4],
			"faces": {
				"north": {"uv": [0, 0, 0.25, 0.25], "texture": "#3"},
				"east": {"uv": [0, 0, 0.25, 0.25], "texture": "#3"},
				"south": {"uv": [0, 0, 0.25, 0.25], "rotation": 90, "texture": "#3"},
				"west": {"uv": [0, 0, 0.25, 0.25], "texture": "#3"},
				"up": {"uv": [0, 0, 0.25, 0.25], "rotation": 90, "texture": "#3"},
				"down": {"uv": [0, 0, 0.25, 0.25], "texture": "#3"}
			}
		},
		{
			"from": [8.4, 3.35, 3.1],
			"to": [8.5, 3.95, 3.2],
			"faces": {
				"north": {"uv": [0, 0, 0.25, 0.25], "texture": "#3"},
				"east": {"uv": [0, 0, 0.25, 0.25], "texture": "#3"},
				"south": {"uv": [0, 0, 0.25, 0.25], "rotation": 90, "texture": "#3"},
				"west": {"uv": [0, 0, 0.25, 0.25], "texture": "#3"},
				"up": {"uv": [0, 0, 0.25, 0.25], "rotation": 90, "texture": "#3"},
				"down": {"uv": [0, 0, 0.25, 0.25], "texture": "#3"}
			}
		},
		{
			"from": [8.4, 3.35, 2.9],
			"to": [8.5, 3.95, 3],
			"faces": {
				"north": {"uv": [0, 0, 0.25, 0.25], "texture": "#3"},
				"east": {"uv": [0, 0, 0.25, 0.25], "texture": "#3"},
				"south": {"uv": [0, 0, 0.25, 0.25], "rotation": 90, "texture": "#3"},
				"west": {"uv": [0, 0, 0.25, 0.25], "texture": "#3"},
				"up": {"uv": [0, 0, 0.25, 0.25], "rotation": 90, "texture": "#3"},
				"down": {"uv": [0, 0, 0.25, 0.25], "texture": "#3"}
			}
		},
		{
			"from": [8.4, 3.35, 2.7],
			"to": [8.5, 3.95, 2.8],
			"faces": {
				"north": {"uv": [0, 0, 0.25, 0.25], "texture": "#3"},
				"east": {"uv": [0, 0, 0.25, 0.25], "texture": "#3"},
				"south": {"uv": [0, 0, 0.25, 0.25], "rotation": 90, "texture": "#3"},
				"west": {"uv": [0, 0, 0.25, 0.25], "texture": "#3"},
				"up": {"uv": [0, 0, 0.25, 0.25], "rotation": 90, "texture": "#3"},
				"down": {"uv": [0, 0, 0.25, 0.25], "texture": "#3"}
			}
		},
		{
			"from": [8.4, 3.35, 2.5],
			"to": [8.5, 3.95, 2.6],
			"faces": {
				"north": {"uv": [0, 0, 0.25, 0.25], "texture": "#3"},
				"east": {"uv": [0, 0, 0.25, 0.25], "texture": "#3"},
				"south": {"uv": [0, 0, 0.25, 0.25], "rotation": 90, "texture": "#3"},
				"west": {"uv": [0, 0, 0.25, 0.25], "texture": "#3"},
				"up": {"uv": [0, 0, 0.25, 0.25], "rotation": 90, "texture": "#3"},
				"down": {"uv": [0, 0, 0.25, 0.25], "texture": "#3"}
			}
		},
		{
			"from": [8.4, 3.35, 2.3],
			"to": [8.5, 3.95, 2.4],
			"faces": {
				"north": {"uv": [0, 0, 0.25, 0.25], "texture": "#3"},
				"east": {"uv": [0, 0, 0.25, 0.25], "texture": "#3"},
				"south": {"uv": [0, 0, 0.25, 0.25], "rotation": 90, "texture": "#3"},
				"west": {"uv": [0, 0, 0.25, 0.25], "texture": "#3"},
				"up": {"uv": [0, 0, 0.25, 0.25], "rotation": 90, "texture": "#3"},
				"down": {"uv": [0, 0, 0.25, 0.25], "texture": "#3"}
			}
		},
		{
			"from": [8.4, 3.35, 2.1],
			"to": [8.5, 3.95, 2.2],
			"faces": {
				"north": {"uv": [0, 0, 0.25, 0.25], "texture": "#3"},
				"east": {"uv": [0, 0, 0.25, 0.25], "texture": "#3"},
				"south": {"uv": [0, 0, 0.25, 0.25], "rotation": 90, "texture": "#3"},
				"west": {"uv": [0, 0, 0.25, 0.25], "texture": "#3"},
				"up": {"uv": [0, 0, 0.25, 0.25], "rotation": 90, "texture": "#3"},
				"down": {"uv": [0, 0, 0.25, 0.25], "texture": "#3"}
			}
		},
		{
			"from": [7.5, 3.35, 1.9],
			"to": [7.6, 3.85, 2],
			"faces": {
				"north": {"uv": [0, 0, 0.25, 0.25], "texture": "#3"},
				"east": {"uv": [0, 0, 0.25, 0.25], "texture": "#3"},
				"south": {"uv": [0, 0, 0.25, 0.25], "rotation": 90, "texture": "#3"},
				"west": {"uv": [0, 0, 0.25, 0.25], "texture": "#3"},
				"up": {"uv": [0, 0, 0.25, 0.25], "rotation": 90, "texture": "#3"},
				"down": {"uv": [0, 0, 0.25, 0.25], "texture": "#3"}
			}
		},
		{
			"from": [7.5, 3.35, 1.7],
			"to": [7.6, 3.85, 1.8],
			"faces": {
				"north": {"uv": [0, 0, 0.25, 0.25], "texture": "#3"},
				"east": {"uv": [0, 0, 0.25, 0.25], "texture": "#3"},
				"south": {"uv": [0, 0, 0.25, 0.25], "rotation": 90, "texture": "#3"},
				"west": {"uv": [0, 0, 0.25, 0.25], "texture": "#3"},
				"up": {"uv": [0, 0, 0.25, 0.25], "rotation": 90, "texture": "#3"},
				"down": {"uv": [0, 0, 0.25, 0.25], "texture": "#3"}
			}
		},
		{
			"from": [7.5, 3.35, 1.5],
			"to": [7.6, 3.85, 1.6],
			"faces": {
				"north": {"uv": [0, 0, 0.25, 0.25], "texture": "#3"},
				"east": {"uv": [0, 0, 0.25, 0.25], "texture": "#3"},
				"south": {"uv": [0, 0, 0.25, 0.25], "rotation": 90, "texture": "#3"},
				"west": {"uv": [0, 0, 0.25, 0.25], "texture": "#3"},
				"up": {"uv": [0, 0, 0.25, 0.25], "rotation": 90, "texture": "#3"},
				"down": {"uv": [0, 0, 0.25, 0.25], "texture": "#3"}
			}
		},
		{
			"from": [7.5, 3.35, 1.3],
			"to": [7.6, 3.85, 1.4],
			"faces": {
				"north": {"uv": [0, 0, 0.25, 0.25], "texture": "#3"},
				"east": {"uv": [0, 0, 0.25, 0.25], "texture": "#3"},
				"south": {"uv": [0, 0, 0.25, 0.25], "rotation": 90, "texture": "#3"},
				"west": {"uv": [0, 0, 0.25, 0.25], "texture": "#3"},
				"up": {"uv": [0, 0, 0.25, 0.25], "rotation": 90, "texture": "#3"},
				"down": {"uv": [0, 0, 0.25, 0.25], "texture": "#3"}
			}
		},
		{
			"from": [7.5, 3.35, 1.1],
			"to": [7.6, 3.85, 1.2],
			"faces": {
				"north": {"uv": [0, 0, 0.25, 0.25], "texture": "#3"},
				"east": {"uv": [0, 0, 0.25, 0.25], "texture": "#3"},
				"south": {"uv": [0, 0, 0.25, 0.25], "rotation": 90, "texture": "#3"},
				"west": {"uv": [0, 0, 0.25, 0.25], "texture": "#3"},
				"up": {"uv": [0, 0, 0.25, 0.25], "rotation": 90, "texture": "#3"},
				"down": {"uv": [0, 0, 0.25, 0.25], "texture": "#3"}
			}
		},
		{
			"from": [7.5, 3.35, 0.9],
			"to": [7.6, 3.85, 1],
			"faces": {
				"north": {"uv": [0, 0, 0.25, 0.25], "texture": "#3"},
				"east": {"uv": [0, 0, 0.25, 0.25], "texture": "#3"},
				"south": {"uv": [0, 0, 0.25, 0.25], "rotation": 90, "texture": "#3"},
				"west": {"uv": [0, 0, 0.25, 0.25], "texture": "#3"},
				"up": {"uv": [0, 0, 0.25, 0.25], "rotation": 90, "texture": "#3"},
				"down": {"uv": [0, 0, 0.25, 0.25], "texture": "#3"}
			}
		},
		{
			"from": [7.5, 3.35, 4.3],
			"to": [7.6, 3.95, 4.4],
			"faces": {
				"north": {"uv": [0, 0, 0.25, 0.25], "texture": "#3"},
				"east": {"uv": [0, 0, 0.25, 0.25], "texture": "#3"},
				"south": {"uv": [0, 0, 0.25, 0.25], "rotation": 90, "texture": "#3"},
				"west": {"uv": [0, 0, 0.25, 0.25], "texture": "#3"},
				"up": {"uv": [0, 0, 0.25, 0.25], "rotation": 90, "texture": "#3"},
				"down": {"uv": [0, 0, 0.25, 0.25], "texture": "#3"}
			}
		},
		{
			"from": [7.5, 3.35, 4.1],
			"to": [7.6, 3.95, 4.2],
			"faces": {
				"north": {"uv": [0, 0, 0.25, 0.25], "texture": "#3"},
				"east": {"uv": [0, 0, 0.25, 0.25], "texture": "#3"},
				"south": {"uv": [0, 0, 0.25, 0.25], "rotation": 90, "texture": "#3"},
				"west": {"uv": [0, 0, 0.25, 0.25], "texture": "#3"},
				"up": {"uv": [0, 0, 0.25, 0.25], "rotation": 90, "texture": "#3"},
				"down": {"uv": [0, 0, 0.25, 0.25], "texture": "#3"}
			}
		},
		{
			"from": [7.5, 3.35, 3.9],
			"to": [7.6, 3.95, 4],
			"faces": {
				"north": {"uv": [0, 0, 0.25, 0.25], "texture": "#3"},
				"east": {"uv": [0, 0, 0.25, 0.25], "texture": "#3"},
				"south": {"uv": [0, 0, 0.25, 0.25], "rotation": 90, "texture": "#3"},
				"west": {"uv": [0, 0, 0.25, 0.25], "texture": "#3"},
				"up": {"uv": [0, 0, 0.25, 0.25], "rotation": 90, "texture": "#3"},
				"down": {"uv": [0, 0, 0.25, 0.25], "texture": "#3"}
			}
		},
		{
			"from": [7.5, 3.35, 3.7],
			"to": [7.6, 3.95, 3.8],
			"faces": {
				"north": {"uv": [0, 0, 0.25, 0.25], "texture": "#3"},
				"east": {"uv": [0, 0, 0.25, 0.25], "texture": "#3"},
				"south": {"uv": [0, 0, 0.25, 0.25], "rotation": 90, "texture": "#3"},
				"west": {"uv": [0, 0, 0.25, 0.25], "texture": "#3"},
				"up": {"uv": [0, 0, 0.25, 0.25], "rotation": 90, "texture": "#3"},
				"down": {"uv": [0, 0, 0.25, 0.25], "texture": "#3"}
			}
		},
		{
			"from": [7.5, 3.35, 3.5],
			"to": [7.6, 3.95, 3.6],
			"faces": {
				"north": {"uv": [0, 0, 0.25, 0.25], "texture": "#3"},
				"east": {"uv": [0, 0, 0.25, 0.25], "texture": "#3"},
				"south": {"uv": [0, 0, 0.25, 0.25], "rotation": 90, "texture": "#3"},
				"west": {"uv": [0, 0, 0.25, 0.25], "texture": "#3"},
				"up": {"uv": [0, 0, 0.25, 0.25], "rotation": 90, "texture": "#3"},
				"down": {"uv": [0, 0, 0.25, 0.25], "texture": "#3"}
			}
		},
		{
			"from": [7.5, 3.35, 3.3],
			"to": [7.6, 3.95, 3.4],
			"faces": {
				"north": {"uv": [0, 0, 0.25, 0.25], "texture": "#3"},
				"east": {"uv": [0, 0, 0.25, 0.25], "texture": "#3"},
				"south": {"uv": [0, 0, 0.25, 0.25], "rotation": 90, "texture": "#3"},
				"west": {"uv": [0, 0, 0.25, 0.25], "texture": "#3"},
				"up": {"uv": [0, 0, 0.25, 0.25], "rotation": 90, "texture": "#3"},
				"down": {"uv": [0, 0, 0.25, 0.25], "texture": "#3"}
			}
		},
		{
			"from": [7.5, 3.35, 3.1],
			"to": [7.6, 3.95, 3.2],
			"faces": {
				"north": {"uv": [0, 0, 0.25, 0.25], "texture": "#3"},
				"east": {"uv": [0, 0, 0.25, 0.25], "texture": "#3"},
				"south": {"uv": [0, 0, 0.25, 0.25], "rotation": 90, "texture": "#3"},
				"west": {"uv": [0, 0, 0.25, 0.25], "texture": "#3"},
				"up": {"uv": [0, 0, 0.25, 0.25], "rotation": 90, "texture": "#3"},
				"down": {"uv": [0, 0, 0.25, 0.25], "texture": "#3"}
			}
		},
		{
			"from": [7.5, 3.35, 2.9],
			"to": [7.6, 3.95, 3],
			"faces": {
				"north": {"uv": [0, 0, 0.25, 0.25], "texture": "#3"},
				"east": {"uv": [0, 0, 0.25, 0.25], "texture": "#3"},
				"south": {"uv": [0, 0, 0.25, 0.25], "rotation": 90, "texture": "#3"},
				"west": {"uv": [0, 0, 0.25, 0.25], "texture": "#3"},
				"up": {"uv": [0, 0, 0.25, 0.25], "rotation": 90, "texture": "#3"},
				"down": {"uv": [0, 0, 0.25, 0.25], "texture": "#3"}
			}
		},
		{
			"from": [7.5, 3.35, 2.7],
			"to": [7.6, 3.95, 2.8],
			"faces": {
				"north": {"uv": [0, 0, 0.25, 0.25], "texture": "#3"},
				"east": {"uv": [0, 0, 0.25, 0.25], "texture": "#3"},
				"south": {"uv": [0, 0, 0.25, 0.25], "rotation": 90, "texture": "#3"},
				"west": {"uv": [0, 0, 0.25, 0.25], "texture": "#3"},
				"up": {"uv": [0, 0, 0.25, 0.25], "rotation": 90, "texture": "#3"},
				"down": {"uv": [0, 0, 0.25, 0.25], "texture": "#3"}
			}
		},
		{
			"from": [7.5, 3.35, 2.5],
			"to": [7.6, 3.95, 2.6],
			"faces": {
				"north": {"uv": [0, 0, 0.25, 0.25], "texture": "#3"},
				"east": {"uv": [0, 0, 0.25, 0.25], "texture": "#3"},
				"south": {"uv": [0, 0, 0.25, 0.25], "rotation": 90, "texture": "#3"},
				"west": {"uv": [0, 0, 0.25, 0.25], "texture": "#3"},
				"up": {"uv": [0, 0, 0.25, 0.25], "rotation": 90, "texture": "#3"},
				"down": {"uv": [0, 0, 0.25, 0.25], "texture": "#3"}
			}
		},
		{
			"from": [7.5, 3.35, 2.3],
			"to": [7.6, 3.95, 2.4],
			"faces": {
				"north": {"uv": [0, 0, 0.25, 0.25], "texture": "#3"},
				"east": {"uv": [0, 0, 0.25, 0.25], "texture": "#3"},
				"south": {"uv": [0, 0, 0.25, 0.25], "rotation": 90, "texture": "#3"},
				"west": {"uv": [0, 0, 0.25, 0.25], "texture": "#3"},
				"up": {"uv": [0, 0, 0.25, 0.25], "rotation": 90, "texture": "#3"},
				"down": {"uv": [0, 0, 0.25, 0.25], "texture": "#3"}
			}
		},
		{
			"from": [7.5, 3.35, 2.1],
			"to": [7.6, 3.95, 2.2],
			"faces": {
				"north": {"uv": [0, 0, 0.25, 0.25], "texture": "#3"},
				"east": {"uv": [0, 0, 0.25, 0.25], "texture": "#3"},
				"south": {"uv": [0, 0, 0.25, 0.25], "rotation": 90, "texture": "#3"},
				"west": {"uv": [0, 0, 0.25, 0.25], "texture": "#3"},
				"up": {"uv": [0, 0, 0.25, 0.25], "rotation": 90, "texture": "#3"},
				"down": {"uv": [0, 0, 0.25, 0.25], "texture": "#3"}
			}
		},
		{
			"from": [7.8, 4.05, 4.3],
			"to": [8.2, 4.15, 4.4],
			"faces": {
				"north": {"uv": [0, 0, 0.25, 0.25], "texture": "#3"},
				"east": {"uv": [0, 0, 0.25, 0.25], "texture": "#3"},
				"south": {"uv": [0, 0, 0.25, 0.25], "rotation": 90, "texture": "#3"},
				"west": {"uv": [0, 0, 0.25, 0.25], "texture": "#3"},
				"up": {"uv": [0, 0, 0.25, 0.25], "rotation": 90, "texture": "#3"},
				"down": {"uv": [0, 0, 0.25, 0.25], "texture": "#3"}
			}
		},
		{
			"from": [7.8, 4.05, 4.1],
			"to": [8.2, 4.15, 4.2],
			"faces": {
				"north": {"uv": [0, 0, 0.25, 0.25], "texture": "#3"},
				"east": {"uv": [0, 0, 0.25, 0.25], "texture": "#3"},
				"south": {"uv": [0, 0, 0.25, 0.25], "rotation": 90, "texture": "#3"},
				"west": {"uv": [0, 0, 0.25, 0.25], "texture": "#3"},
				"up": {"uv": [0, 0, 0.25, 0.25], "rotation": 90, "texture": "#3"},
				"down": {"uv": [0, 0, 0.25, 0.25], "texture": "#3"}
			}
		},
		{
			"from": [7.8, 4.05, 3.9],
			"to": [8.2, 4.15, 4],
			"faces": {
				"north": {"uv": [0, 0, 0.25, 0.25], "texture": "#3"},
				"east": {"uv": [0, 0, 0.25, 0.25], "texture": "#3"},
				"south": {"uv": [0, 0, 0.25, 0.25], "rotation": 90, "texture": "#3"},
				"west": {"uv": [0, 0, 0.25, 0.25], "texture": "#3"},
				"up": {"uv": [0, 0, 0.25, 0.25], "rotation": 90, "texture": "#3"},
				"down": {"uv": [0, 0, 0.25, 0.25], "texture": "#3"}
			}
		},
		{
			"from": [7.8, 4.05, 3.7],
			"to": [8.2, 4.15, 3.8],
			"faces": {
				"north": {"uv": [0, 0, 0.25, 0.25], "texture": "#3"},
				"east": {"uv": [0, 0, 0.25, 0.25], "texture": "#3"},
				"south": {"uv": [0, 0, 0.25, 0.25], "rotation": 90, "texture": "#3"},
				"west": {"uv": [0, 0, 0.25, 0.25], "texture": "#3"},
				"up": {"uv": [0, 0, 0.25, 0.25], "rotation": 90, "texture": "#3"},
				"down": {"uv": [0, 0, 0.25, 0.25], "texture": "#3"}
			}
		},
		{
			"from": [7.8, 4.05, 3.5],
			"to": [8.2, 4.15, 3.6],
			"faces": {
				"north": {"uv": [0, 0, 0.25, 0.25], "texture": "#3"},
				"east": {"uv": [0, 0, 0.25, 0.25], "texture": "#3"},
				"south": {"uv": [0, 0, 0.25, 0.25], "rotation": 90, "texture": "#3"},
				"west": {"uv": [0, 0, 0.25, 0.25], "texture": "#3"},
				"up": {"uv": [0, 0, 0.25, 0.25], "rotation": 90, "texture": "#3"},
				"down": {"uv": [0, 0, 0.25, 0.25], "texture": "#3"}
			}
		},
		{
			"from": [7.8, 4.05, 3.3],
			"to": [8.2, 4.15, 3.4],
			"faces": {
				"north": {"uv": [0, 0, 0.25, 0.25], "texture": "#3"},
				"east": {"uv": [0, 0, 0.25, 0.25], "texture": "#3"},
				"south": {"uv": [0, 0, 0.25, 0.25], "rotation": 90, "texture": "#3"},
				"west": {"uv": [0, 0, 0.25, 0.25], "texture": "#3"},
				"up": {"uv": [0, 0, 0.25, 0.25], "rotation": 90, "texture": "#3"},
				"down": {"uv": [0, 0, 0.25, 0.25], "texture": "#3"}
			}
		},
		{
			"from": [7.8, 4.05, 3.1],
			"to": [8.2, 4.15, 3.2],
			"faces": {
				"north": {"uv": [0, 0, 0.25, 0.25], "texture": "#3"},
				"east": {"uv": [0, 0, 0.25, 0.25], "texture": "#3"},
				"south": {"uv": [0, 0, 0.25, 0.25], "rotation": 90, "texture": "#3"},
				"west": {"uv": [0, 0, 0.25, 0.25], "texture": "#3"},
				"up": {"uv": [0, 0, 0.25, 0.25], "rotation": 90, "texture": "#3"},
				"down": {"uv": [0, 0, 0.25, 0.25], "texture": "#3"}
			}
		},
		{
			"from": [7.8, 4.05, 2.9],
			"to": [8.2, 4.15, 3],
			"faces": {
				"north": {"uv": [0, 0, 0.25, 0.25], "texture": "#3"},
				"east": {"uv": [0, 0, 0.25, 0.25], "texture": "#3"},
				"south": {"uv": [0, 0, 0.25, 0.25], "rotation": 90, "texture": "#3"},
				"west": {"uv": [0, 0, 0.25, 0.25], "texture": "#3"},
				"up": {"uv": [0, 0, 0.25, 0.25], "rotation": 90, "texture": "#3"},
				"down": {"uv": [0, 0, 0.25, 0.25], "texture": "#3"}
			}
		},
		{
			"from": [7.8, 4.05, 2.7],
			"to": [8.2, 4.15, 2.8],
			"faces": {
				"north": {"uv": [0, 0, 0.25, 0.25], "texture": "#3"},
				"east": {"uv": [0, 0, 0.25, 0.25], "texture": "#3"},
				"south": {"uv": [0, 0, 0.25, 0.25], "rotation": 90, "texture": "#3"},
				"west": {"uv": [0, 0, 0.25, 0.25], "texture": "#3"},
				"up": {"uv": [0, 0, 0.25, 0.25], "rotation": 90, "texture": "#3"},
				"down": {"uv": [0, 0, 0.25, 0.25], "texture": "#3"}
			}
		},
		{
			"from": [7.8, 4.05, 2.5],
			"to": [8.2, 4.15, 2.6],
			"faces": {
				"north": {"uv": [0, 0, 0.25, 0.25], "texture": "#3"},
				"east": {"uv": [0, 0, 0.25, 0.25], "texture": "#3"},
				"south": {"uv": [0, 0, 0.25, 0.25], "rotation": 90, "texture": "#3"},
				"west": {"uv": [0, 0, 0.25, 0.25], "texture": "#3"},
				"up": {"uv": [0, 0, 0.25, 0.25], "rotation": 90, "texture": "#3"},
				"down": {"uv": [0, 0, 0.25, 0.25], "texture": "#3"}
			}
		},
		{
			"from": [7.8, 4.05, 2.3],
			"to": [8.2, 4.15, 2.4],
			"faces": {
				"north": {"uv": [0, 0, 0.25, 0.25], "texture": "#3"},
				"east": {"uv": [0, 0, 0.25, 0.25], "texture": "#3"},
				"south": {"uv": [0, 0, 0.25, 0.25], "rotation": 90, "texture": "#3"},
				"west": {"uv": [0, 0, 0.25, 0.25], "texture": "#3"},
				"up": {"uv": [0, 0, 0.25, 0.25], "rotation": 90, "texture": "#3"},
				"down": {"uv": [0, 0, 0.25, 0.25], "texture": "#3"}
			}
		},
		{
			"from": [7.7, 3.9, 2.25],
			"to": [8.3, 4, 2.6],
			"faces": {
				"north": {"uv": [0, 0, 0.35, 0.25], "texture": "#3"},
				"east": {"uv": [0, 3, 0.35, 3.1], "texture": "#3"},
				"south": {"uv": [0, 0, 0.35, 0.25], "texture": "#3"},
				"west": {"uv": [0, 3, 0.35, 3.1], "texture": "#3"},
				"up": {"uv": [0, 0, 0.35, 0.25], "texture": "#3"},
				"down": {"uv": [0, 0, 0.35, 0.25], "texture": "#3"}
			}
		},
		{
			"from": [7.8, 3.5, 2.15],
			"to": [8.2, 4.35, 2.35],
			"faces": {
				"north": {"uv": [4, 3, 4.25, 3.25], "texture": "#3"},
				"east": {"uv": [0, 8, 6.75, 9.25], "texture": "#3"},
				"south": {"uv": [4, 3, 4.25, 3.25], "texture": "#3"},
				"west": {"uv": [0, 8, 6.75, 9.25], "texture": "#3"},
				"up": {"uv": [0, 8, 6.75, 9.25], "rotation": 90, "texture": "#3"},
				"down": {"uv": [0, 0, 1, 1], "texture": "#3"}
			}
		},
		{
			"from": [7.75, 4.2, 2.15],
			"to": [8.15, 4.6, 2.35],
			"rotation": {"angle": 45, "axis": "z", "origin": [8, 4.45, 2.25]},
			"faces": {
				"north": {"uv": [4, 3, 4.25, 3.25], "texture": "#3"},
				"east": {"uv": [0, 8, 6.75, 9.25], "texture": "#3"},
				"south": {"uv": [4, 3, 4.25, 3.25], "texture": "#3"},
				"west": {"uv": [0, 8, 6.75, 9.25], "texture": "#3"},
				"up": {"uv": [0, 8, 6.75, 9.25], "rotation": 90, "texture": "#3"},
				"down": {"uv": [0, 0, 1, 1], "texture": "#3"}
			}
		},
		{
			"from": [7.95, 5, 2.15],
			"to": [8.05, 5.1, 2.35],
			"faces": {
				"north": {"uv": [0, 0, 0.25, 0.25], "texture": "#3"},
				"east": {"uv": [0, 8, 6.75, 9.25], "texture": "#3"},
				"south": {"uv": [0, 0, 1, 1], "texture": "#3"},
				"west": {"uv": [0, 8, 6.75, 9.25], "texture": "#3"},
				"up": {"uv": [0, 8, 6.75, 9.25], "rotation": 90, "texture": "#3"},
				"down": {"uv": [0, 0, 1, 1], "texture": "#3"}
			}
		},
		{
			"from": [7.8, 4.9, 2.15],
			"to": [7.9, 5.3, 2.35],
			"faces": {
				"north": {"uv": [0, 0, 0.25, 0.25], "texture": "#3"},
				"east": {"uv": [0, 8, 6.75, 9.25], "texture": "#3"},
				"south": {"uv": [0, 0, 1, 1], "texture": "#3"},
				"west": {"uv": [0, 8, 6.75, 9.25], "texture": "#3"},
				"up": {"uv": [0, 8, 6.75, 9.25], "rotation": 90, "texture": "#3"},
				"down": {"uv": [0, 0, 1, 1], "texture": "#3"}
			}
		},
		{
			"from": [8.1, 4.9, 2.15],
			"to": [8.2, 5.3, 2.35],
			"faces": {
				"north": {"uv": [0, 0, 0.25, 0.25], "texture": "#3"},
				"east": {"uv": [0, 8, 6.75, 9.25], "texture": "#3"},
				"south": {"uv": [0, 0, 1, 1], "texture": "#3"},
				"west": {"uv": [0, 8, 6.75, 9.25], "texture": "#3"},
				"up": {"uv": [0, 8, 6.75, 9.25], "rotation": 90, "texture": "#3"},
				"down": {"uv": [0, 0, 1, 1], "texture": "#3"}
			}
		},
		{
			"from": [7.9, 2.2, 4.95],
			"to": [8.1, 2.45, 5.05],
			"rotation": {"angle": 45, "axis": "x", "origin": [8, 2.40303, 5.01161]},
			"faces": {
				"north": {"uv": [0, 0, 0.25, 0.25], "texture": "#3"},
				"east": {"uv": [0, 0, 0.25, 0.25], "texture": "#3"},
				"south": {"uv": [0, 0, 0.25, 0.25], "texture": "#3"},
				"west": {"uv": [0, 0, 0.25, 0.25], "texture": "#3"},
				"up": {"uv": [0, 0, 0.25, 0.25], "texture": "#3"},
				"down": {"uv": [0, 0, 0.25, 0.25], "texture": "#3"}
			}
		},
		{
			"from": [7.8, 5, 9],
			"to": [7.9, 5.4, 9.7],
			"faces": {
				"north": {"uv": [0, 0, 0.25, 0.25], "texture": "#3"},
				"east": {"uv": [0, 8, 6.75, 9.25], "texture": "#3"},
				"south": {"uv": [0, 0, 1, 1], "texture": "#3"},
				"west": {"uv": [4, 5, 4.7, 5.4], "texture": "#3"},
				"up": {"uv": [5, 9, 5.1, 9.7], "rotation": 90, "texture": "#3"},
				"down": {"uv": [0, 0, 1, 1], "texture": "#3"}
			}
		},
		{
			"from": [8.1, 5, 9],
			"to": [8.2, 5.4, 9.7],
			"faces": {
				"north": {"uv": [0, 0, 0.25, 0.25], "texture": "#3"},
				"east": {"uv": [3, 5, 3.7, 5.4], "texture": "#3"},
				"south": {"uv": [0, 0, 1, 1], "texture": "#3"},
				"west": {"uv": [0, 8, 6.75, 9.25], "texture": "#3"},
				"up": {"uv": [2, 9, 2.1, 9.7], "rotation": 90, "texture": "#3"},
				"down": {"uv": [0, 0, 1, 1], "texture": "#3"}
			}
		},
		{
			"from": [7.95, 5, 9.3],
			"to": [8.05, 5.2, 9.5],
			"faces": {
				"north": {"uv": [0, 0, 0.25, 0.25], "texture": "#3"},
				"east": {"uv": [0, 8, 6.75, 9.25], "texture": "#3"},
				"south": {"uv": [0, 0, 1, 1], "texture": "#3"},
				"west": {"uv": [0, 8, 6.75, 9.25], "texture": "#3"},
				"up": {"uv": [3, 7, 3.1, 7.2], "rotation": 90, "texture": "#3"},
				"down": {"uv": [0, 0, 1, 1], "texture": "#3"}
			}
		},
		{
			"from": [8.3, 3.3, 0.8],
			"to": [8.4, 3.8, 4.5],
			"faces": {
				"north": {"uv": [0, 0, 0.25, 0.25], "texture": "#3"},
				"east": {"uv": [0, 8, 6.75, 9.25], "texture": "#3"},
				"south": {"uv": [0, 0, 0.25, 0.25], "rotation": 90, "texture": "#3"},
				"west": {"uv": [0, 8, 6.75, 9.25], "texture": "#3"},
				"up": {"uv": [0, 9.25, 0.75, 8.5], "rotation": 90, "texture": "#3"},
				"down": {"uv": [0, 0, 0.75, 5.5], "texture": "#3"}
			}
		},
		{
			"from": [7.6, 3.3, 0.8],
			"to": [7.7, 3.8, 4.5],
			"faces": {
				"north": {"uv": [0, 0, 0.25, 0.25], "texture": "#3"},
				"east": {"uv": [0, 8, 6.75, 9.25], "texture": "#3"},
				"south": {"uv": [0, 0, 0.25, 0.25], "rotation": 90, "texture": "#3"},
				"west": {"uv": [0, 8, 6.75, 9.25], "texture": "#3"},
				"up": {"uv": [0, 9.25, 0.75, 8.5], "rotation": 90, "texture": "#3"},
				"down": {"uv": [0, 0, 0.75, 5.5], "texture": "#3"}
			}
		},
		{
			"from": [8.2, 3.15, 4.2],
			"to": [8.3, 3.25, 4.5],
			"rotation": {"angle": -22.5, "axis": "z", "origin": [8.25, 3.2, 2.65]},
			"faces": {
				"north": {"uv": [0, 0, 0.3, 0.2], "texture": "#3"},
				"east": {"uv": [0, 0, 0.3, 0.2], "texture": "#3"},
				"south": {"uv": [0, 0, 0.3, 0.2], "texture": "#3"},
				"west": {"uv": [0, 0, 0.3, 0.2], "texture": "#3"},
				"up": {"uv": [0, 0, 0.3, 0.2], "texture": "#3"},
				"down": {"uv": [0, 0, 0.3, 0.2], "texture": "#3"}
			}
		},
		{
			"from": [7.7, 3.15, 4.2],
			"to": [7.8, 3.25, 4.5],
			"rotation": {"angle": 22.5, "axis": "z", "origin": [7.75, 3.2, 2.65]},
			"faces": {
				"north": {"uv": [0, 0, 0.3, 0.2], "texture": "#3"},
				"east": {"uv": [0, 0, 0.3, 0.2], "texture": "#3"},
				"south": {"uv": [0, 0, 0.3, 0.2], "texture": "#3"},
				"west": {"uv": [0, 0, 0.3, 0.2], "texture": "#3"},
				"up": {"uv": [0, 0, 0.3, 0.2], "texture": "#3"},
				"down": {"uv": [0, 0, 0.3, 0.2], "texture": "#3"}
			}
		},
		{
			"from": [7.9, 4.4, 2.15],
			"to": [8.1, 5, 2.35],
			"faces": {
				"north": {"uv": [4, 3, 4.25, 3.25], "texture": "#3"},
				"east": {"uv": [0, 8, 6.75, 9.25], "texture": "#3"},
				"south": {"uv": [4, 3, 4.25, 3.25], "texture": "#3"},
				"west": {"uv": [0, 8, 6.75, 9.25], "texture": "#3"},
				"up": {"uv": [0, 8, 6.75, 9.25], "rotation": 90, "texture": "#3"},
				"down": {"uv": [0, 0, 1, 1], "texture": "#3"}
			}
		},
		{
			"from": [7.9, 2.30303, 4.6],
			"to": [8.1, 2.40303, 4.85],
			"rotation": {"angle": -22.5, "axis": "x", "origin": [8, 2.40303, 5.01161]},
			"faces": {
				"north": {"uv": [0, 0, 0.25, 0.25], "rotation": 180, "texture": "#3"},
				"east": {"uv": [0, 0, 0.25, 0.25], "rotation": 270, "texture": "#3"},
				"south": {"uv": [0, 0, 0.25, 0.25], "texture": "#3"},
				"west": {"uv": [0, 0, 0.25, 0.25], "rotation": 90, "texture": "#3"},
				"up": {"uv": [0, 0, 0.25, 0.25], "rotation": 180, "texture": "#3"},
				"down": {"uv": [0, 0, 0.25, 0.25], "texture": "#3"}
			}
		},
		{
			"from": [7.9, 2.15303, 4.43661],
			"to": [8.1, 2.25303, 4.68661],
			"faces": {
				"north": {"uv": [0, 0, 0.25, 0.25], "rotation": 180, "texture": "#3"},
				"east": {"uv": [0, 0, 0.25, 0.25], "rotation": 270, "texture": "#3"},
				"south": {"uv": [0, 0, 0.25, 0.25], "texture": "#3"},
				"west": {"uv": [0, 0, 0.25, 0.25], "rotation": 90, "texture": "#3"},
				"up": {"uv": [0, 0, 0.25, 0.25], "rotation": 180, "texture": "#3"},
				"down": {"uv": [0, 0, 0.25, 0.25], "texture": "#3"}
			}
		},
		{
			"from": [7.9, 1.95303, 4.37],
			"to": [8.1, 2.05303, 4.57],
			"rotation": {"angle": 22.5, "axis": "x", "origin": [8, 2.40303, 5.01161]},
			"faces": {
				"north": {"uv": [0, 0, 0.25, 0.25], "rotation": 180, "texture": "#3"},
				"east": {"uv": [0, 0, 0.25, 0.25], "rotation": 270, "texture": "#3"},
				"south": {"uv": [0, 0, 0.25, 0.25], "texture": "#3"},
				"west": {"uv": [0, 0, 0.25, 0.25], "rotation": 90, "texture": "#3"},
				"up": {"uv": [0, 0, 0.25, 0.25], "rotation": 180, "texture": "#3"},
				"down": {"uv": [0, 0, 0.25, 0.25], "texture": "#3"}
			}
		},
		{
			"from": [7.9, 1.75303, 4.33661],
			"to": [8.1, 1.85303, 4.58661],
			"rotation": {"angle": 45, "axis": "x", "origin": [8, 2.40303, 5.01161]},
			"faces": {
				"north": {"uv": [0, 0, 0.25, 0.25], "rotation": 180, "texture": "#3"},
				"east": {"uv": [0, 0, 0.25, 0.25], "rotation": 270, "texture": "#3"},
				"south": {"uv": [0, 0, 0.25, 0.25], "texture": "#3"},
				"west": {"uv": [0, 0, 0.25, 0.25], "rotation": 90, "texture": "#3"},
				"up": {"uv": [0, 0, 0.25, 0.25], "rotation": 180, "texture": "#3"},
				"down": {"uv": [0, 0, 0.25, 0.25], "texture": "#3"}
			}
		},
		{
			"from": [7.9, 2.77803, 4.16161],
			"to": [8.1, 2.99803, 4.26161],
			"rotation": {"angle": -22.5, "axis": "x", "origin": [8, 2.40303, 5.01161]},
			"faces": {
				"north": {"uv": [0, 0, 0.25, 0.25], "rotation": 180, "texture": "#3"},
				"east": {"uv": [0, 0, 0.25, 0.25], "rotation": 180, "texture": "#3"},
				"south": {"uv": [0, 0, 0.25, 0.25], "rotation": 180, "texture": "#3"},
				"west": {"uv": [0, 0, 0.25, 0.25], "rotation": 180, "texture": "#3"},
				"up": {"uv": [0, 0, 0.25, 0.25], "texture": "#3"},
				"down": {"uv": [0, 0, 0.25, 0.25], "texture": "#3"}
			}
		},
		{
			"from": [7.9, 2.62803, 4.01161],
			"to": [8.1, 2.87803, 4.11161],
			"faces": {
				"north": {"uv": [0, 0, 0.25, 0.25], "rotation": 180, "texture": "#3"},
				"east": {"uv": [0, 0, 0.25, 0.25], "rotation": 180, "texture": "#3"},
				"south": {"uv": [0, 0, 0.25, 0.25], "rotation": 180, "texture": "#3"},
				"west": {"uv": [0, 0, 0.25, 0.25], "rotation": 180, "texture": "#3"},
				"up": {"uv": [0, 0, 0.25, 0.25], "texture": "#3"},
				"down": {"uv": [0, 0, 0.25, 0.25], "texture": "#3"}
			}
		},
		{
			"from": [7.9, 2.45, 3.91161],
			"to": [8.1, 2.7, 4.01161],
			"rotation": {"angle": 22.5, "axis": "x", "origin": [8, 2.40303, 5.01161]},
			"faces": {
				"north": {"uv": [0, 0, 0.25, 0.25], "rotation": 180, "texture": "#3"},
				"east": {"uv": [0, 0, 0.25, 0.25], "rotation": 180, "texture": "#3"},
				"south": {"uv": [0, 0, 0.25, 0.25], "rotation": 180, "texture": "#3"},
				"west": {"uv": [0, 0, 0.25, 0.25], "rotation": 180, "texture": "#3"},
				"up": {"uv": [0, 0, 0.25, 0.25], "texture": "#3"},
				"down": {"uv": [0, 0, 0.25, 0.25], "texture": "#3"}
			}
		},
		{
			"from": [7.7, 3.15, 3.75],
			"to": [7.8, 3.25, 4.05],
			"rotation": {"angle": 22.5, "axis": "z", "origin": [7.75, 3.2, 2.2]},
			"faces": {
				"north": {"uv": [0, 0, 0.3, 0.2], "texture": "#3"},
				"east": {"uv": [0, 0, 0.3, 0.2], "texture": "#3"},
				"south": {"uv": [0, 0, 0.3, 0.2], "texture": "#3"},
				"west": {"uv": [0, 0, 0.3, 0.2], "texture": "#3"},
				"up": {"uv": [0, 0, 0.3, 0.2], "texture": "#3"},
				"down": {"uv": [0, 0, 0.3, 0.2], "texture": "#3"}
			}
		},
		{
			"from": [8.2, 3.15, 3.75],
			"to": [8.3, 3.25, 4.05],
			"rotation": {"angle": -22.5, "axis": "z", "origin": [8.25, 3.2, 2.2]},
			"faces": {
				"north": {"uv": [0, 0, 0.3, 0.2], "texture": "#3"},
				"east": {"uv": [0, 0, 0.3, 0.2], "texture": "#3"},
				"south": {"uv": [0, 0, 0.3, 0.2], "texture": "#3"},
				"west": {"uv": [0, 0, 0.3, 0.2], "texture": "#3"},
				"up": {"uv": [0, 0, 0.3, 0.2], "texture": "#3"},
				"down": {"uv": [0, 0, 0.3, 0.2], "texture": "#3"}
			}
		},
		{
			"from": [7.7, 3.15, 3.3],
			"to": [7.8, 3.25, 3.6],
			"rotation": {"angle": 22.5, "axis": "z", "origin": [7.75, 3.2, 1.75]},
			"faces": {
				"north": {"uv": [0, 0, 0.3, 0.2], "texture": "#3"},
				"east": {"uv": [0, 0, 0.3, 0.2], "texture": "#3"},
				"south": {"uv": [0, 0, 0.3, 0.2], "texture": "#3"},
				"west": {"uv": [0, 0, 0.3, 0.2], "texture": "#3"},
				"up": {"uv": [0, 0, 0.3, 0.2], "texture": "#3"},
				"down": {"uv": [0, 0, 0.3, 0.2], "texture": "#3"}
			}
		},
		{
			"from": [8.2, 3.15, 3.3],
			"to": [8.3, 3.25, 3.6],
			"rotation": {"angle": -22.5, "axis": "z", "origin": [8.25, 3.2, 1.75]},
			"faces": {
				"north": {"uv": [0, 0, 0.3, 0.2], "texture": "#3"},
				"east": {"uv": [0, 0, 0.3, 0.2], "texture": "#3"},
				"south": {"uv": [0, 0, 0.3, 0.2], "texture": "#3"},
				"west": {"uv": [0, 0, 0.3, 0.2], "texture": "#3"},
				"up": {"uv": [0, 0, 0.3, 0.2], "texture": "#3"},
				"down": {"uv": [0, 0, 0.3, 0.2], "texture": "#3"}
			}
		},
		{
			"from": [7.7, 3.15, 2.85],
			"to": [7.8, 3.25, 3.15],
			"rotation": {"angle": 22.5, "axis": "z", "origin": [7.75, 3.2, 1.3]},
			"faces": {
				"north": {"uv": [0, 0, 0.3, 0.2], "texture": "#3"},
				"east": {"uv": [0, 0, 0.3, 0.2], "texture": "#3"},
				"south": {"uv": [0, 0, 0.3, 0.2], "texture": "#3"},
				"west": {"uv": [0, 0, 0.3, 0.2], "texture": "#3"},
				"up": {"uv": [0, 0, 0.3, 0.2], "texture": "#3"},
				"down": {"uv": [0, 0, 0.3, 0.2], "texture": "#3"}
			}
		},
		{
			"from": [8.2, 3.15, 2.85],
			"to": [8.3, 3.25, 3.15],
			"rotation": {"angle": -22.5, "axis": "z", "origin": [8.25, 3.2, 1.3]},
			"faces": {
				"north": {"uv": [0, 0, 0.3, 0.2], "texture": "#3"},
				"east": {"uv": [0, 0, 0.3, 0.2], "texture": "#3"},
				"south": {"uv": [0, 0, 0.3, 0.2], "texture": "#3"},
				"west": {"uv": [0, 0, 0.3, 0.2], "texture": "#3"},
				"up": {"uv": [0, 0, 0.3, 0.2], "texture": "#3"},
				"down": {"uv": [0, 0, 0.3, 0.2], "texture": "#3"}
			}
		},
		{
			"from": [7.7, 3.15, 2.4],
			"to": [7.8, 3.25, 2.7],
			"rotation": {"angle": 22.5, "axis": "z", "origin": [7.75, 3.2, 0.85]},
			"faces": {
				"north": {"uv": [0, 0, 0.3, 0.2], "texture": "#3"},
				"east": {"uv": [0, 0, 0.3, 0.2], "texture": "#3"},
				"south": {"uv": [0, 0, 0.3, 0.2], "texture": "#3"},
				"west": {"uv": [0, 0, 0.3, 0.2], "texture": "#3"},
				"up": {"uv": [0, 0, 0.3, 0.2], "texture": "#3"},
				"down": {"uv": [0, 0, 0.3, 0.2], "texture": "#3"}
			}
		},
		{
			"from": [8.2, 3.15, 2.4],
			"to": [8.3, 3.25, 2.7],
			"rotation": {"angle": -22.5, "axis": "z", "origin": [8.25, 3.2, 0.85]},
			"faces": {
				"north": {"uv": [0, 0, 0.3, 0.2], "texture": "#3"},
				"east": {"uv": [0, 0, 0.3, 0.2], "texture": "#3"},
				"south": {"uv": [0, 0, 0.3, 0.2], "texture": "#3"},
				"west": {"uv": [0, 0, 0.3, 0.2], "texture": "#3"},
				"up": {"uv": [0, 0, 0.3, 0.2], "texture": "#3"},
				"down": {"uv": [0, 0, 0.3, 0.2], "texture": "#3"}
			}
		},
		{
			"from": [7.7, 3.15, 1.95],
			"to": [7.8, 3.25, 2.25],
			"rotation": {"angle": 22.5, "axis": "z", "origin": [7.75, 3.2, 0.4]},
			"faces": {
				"north": {"uv": [0, 0, 0.3, 0.2], "texture": "#3"},
				"east": {"uv": [0, 0, 0.3, 0.2], "texture": "#3"},
				"south": {"uv": [0, 0, 0.3, 0.2], "texture": "#3"},
				"west": {"uv": [0, 0, 0.3, 0.2], "texture": "#3"},
				"up": {"uv": [0, 0, 0.3, 0.2], "texture": "#3"},
				"down": {"uv": [0, 0, 0.3, 0.2], "texture": "#3"}
			}
		},
		{
			"from": [8.2, 3.15, 1.95],
			"to": [8.3, 3.25, 2.25],
			"rotation": {"angle": -22.5, "axis": "z", "origin": [8.25, 3.2, 0.4]},
			"faces": {
				"north": {"uv": [0, 0, 0.3, 0.2], "texture": "#3"},
				"east": {"uv": [0, 0, 0.3, 0.2], "texture": "#3"},
				"south": {"uv": [0, 0, 0.3, 0.2], "texture": "#3"},
				"west": {"uv": [0, 0, 0.3, 0.2], "texture": "#3"},
				"up": {"uv": [0, 0, 0.3, 0.2], "texture": "#3"},
				"down": {"uv": [0, 0, 0.3, 0.2], "texture": "#3"}
			}
		},
		{
			"from": [7.7, 3.15, 1.5],
			"to": [7.8, 3.25, 1.8],
			"rotation": {"angle": 22.5, "axis": "z", "origin": [7.75, 3.2, -0.05]},
			"faces": {
				"north": {"uv": [0, 0, 0.3, 0.2], "texture": "#3"},
				"east": {"uv": [0, 0, 0.3, 0.2], "texture": "#3"},
				"south": {"uv": [0, 0, 0.3, 0.2], "texture": "#3"},
				"west": {"uv": [0, 0, 0.3, 0.2], "texture": "#3"},
				"up": {"uv": [0, 0, 0.3, 0.2], "texture": "#3"},
				"down": {"uv": [0, 0, 0.3, 0.2], "texture": "#3"}
			}
		},
		{
			"from": [8.2, 3.15, 1.5],
			"to": [8.3, 3.25, 1.8],
			"rotation": {"angle": -22.5, "axis": "z", "origin": [8.25, 3.2, -0.05]},
			"faces": {
				"north": {"uv": [0, 0, 0.3, 0.2], "texture": "#3"},
				"east": {"uv": [0, 0, 0.3, 0.2], "texture": "#3"},
				"south": {"uv": [0, 0, 0.3, 0.2], "texture": "#3"},
				"west": {"uv": [0, 0, 0.3, 0.2], "texture": "#3"},
				"up": {"uv": [0, 0, 0.3, 0.2], "texture": "#3"},
				"down": {"uv": [0, 0, 0.3, 0.2], "texture": "#3"}
			}
		},
		{
			"from": [7.7, 3.15, 1.05],
			"to": [7.8, 3.25, 1.35],
			"rotation": {"angle": 22.5, "axis": "z", "origin": [7.75, 3.2, -0.5]},
			"faces": {
				"north": {"uv": [0, 0, 0.3, 0.2], "texture": "#3"},
				"east": {"uv": [0, 0, 0.3, 0.2], "texture": "#3"},
				"south": {"uv": [0, 0, 0.3, 0.2], "texture": "#3"},
				"west": {"uv": [0, 0, 0.3, 0.2], "texture": "#3"},
				"up": {"uv": [0, 0, 0.3, 0.2], "texture": "#3"},
				"down": {"uv": [0, 0, 0.3, 0.2], "texture": "#3"}
			}
		},
		{
			"from": [8.2, 3.15, 1.05],
			"to": [8.3, 3.25, 1.35],
			"rotation": {"angle": -22.5, "axis": "z", "origin": [8.25, 3.2, -0.5]},
			"faces": {
				"north": {"uv": [0, 0, 0.3, 0.2], "texture": "#3"},
				"east": {"uv": [0, 0, 0.3, 0.2], "texture": "#3"},
				"south": {"uv": [0, 0, 0.3, 0.2], "texture": "#3"},
				"west": {"uv": [0, 0, 0.3, 0.2], "texture": "#3"},
				"up": {"uv": [0, 0, 0.3, 0.2], "texture": "#3"},
				"down": {"uv": [0, 0, 0.3, 0.2], "texture": "#3"}
			}
		},
		{
			"from": [7.7, 3.15, 0.8],
			"to": [7.8, 3.25, 0.9],
			"rotation": {"angle": 22.5, "axis": "z", "origin": [7.75, 3.2, -0.95]},
			"faces": {
				"north": {"uv": [0, 0, 0.3, 0.2], "texture": "#3"},
				"east": {"uv": [0, 0, 0.3, 0.2], "texture": "#3"},
				"south": {"uv": [0, 0, 0.3, 0.2], "texture": "#3"},
				"west": {"uv": [0, 0, 0.3, 0.2], "texture": "#3"},
				"up": {"uv": [0, 0, 0.3, 0.2], "texture": "#3"},
				"down": {"uv": [0, 0, 0.3, 0.2], "texture": "#3"}
			}
		},
		{
			"from": [8.2, 3.15, 0.8],
			"to": [8.3, 3.25, 0.9],
			"rotation": {"angle": -22.5, "axis": "z", "origin": [8.25, 3.2, -0.95]},
			"faces": {
				"north": {"uv": [0, 0, 0.3, 0.2], "texture": "#3"},
				"east": {"uv": [0, 0, 0.3, 0.2], "texture": "#3"},
				"south": {"uv": [0, 0, 0.3, 0.2], "texture": "#3"},
				"west": {"uv": [0, 0, 0.3, 0.2], "texture": "#3"},
				"up": {"uv": [0, 0, 0.3, 0.2], "texture": "#3"},
				"down": {"uv": [0, 0, 0.3, 0.2], "texture": "#3"}
			}
		},
		{
			"from": [7.7, 3.1, 0.8],
			"to": [7.8, 3.15, 4.5],
			"rotation": {"angle": 22.5, "axis": "z", "origin": [7.75, 3.2, 1.3]},
			"faces": {
				"north": {"uv": [0, 0, 0.3, 0.2], "texture": "#3"},
				"east": {"uv": [0, 0, 0.3, 0.2], "texture": "#3"},
				"south": {"uv": [0, 0, 0.3, 0.2], "texture": "#3"},
				"west": {"uv": [0, 0, 0.3, 0.2], "texture": "#3"},
				"up": {"uv": [0, 0, 0.3, 0.2], "texture": "#3"},
				"down": {"uv": [0, 0, 0.3, 0.2], "texture": "#3"}
			}
		},
		{
			"from": [7.7, 3.25, 0.8],
			"to": [7.8, 3.3, 4.5],
			"rotation": {"angle": 22.5, "axis": "z", "origin": [7.75, 3.2, 1.3]},
			"faces": {
				"north": {"uv": [0, 0, 0.3, 0.2], "texture": "#3"},
				"east": {"uv": [0, 0, 0.3, 0.2], "texture": "#3"},
				"south": {"uv": [0, 0, 0.3, 0.2], "texture": "#3"},
				"west": {"uv": [0, 0, 0.3, 0.2], "texture": "#3"},
				"up": {"uv": [0, 0, 0.3, 0.2], "texture": "#3"},
				"down": {"uv": [0, 0, 0.3, 0.2], "texture": "#3"}
			}
		},
		{
			"from": [8.2, 3.1, 0.8],
			"to": [8.3, 3.15, 4.5],
			"rotation": {"angle": -22.5, "axis": "z", "origin": [8.25, 3.2, -0.95]},
			"faces": {
				"north": {"uv": [0, 0, 0.3, 0.2], "texture": "#3"},
				"east": {"uv": [0, 0, 0.3, 0.2], "texture": "#3"},
				"south": {"uv": [0, 0, 0.3, 0.2], "texture": "#3"},
				"west": {"uv": [0, 0, 0.3, 0.2], "texture": "#3"},
				"up": {"uv": [0, 0, 0.3, 0.2], "texture": "#3"},
				"down": {"uv": [0, 0, 0.3, 0.2], "texture": "#3"}
			}
		},
		{
			"from": [8.2, 3.25, 0.8],
			"to": [8.3, 3.3, 4.5],
			"rotation": {"angle": -22.5, "axis": "z", "origin": [8.25, 3.2, -0.95]},
			"faces": {
				"north": {"uv": [0, 0, 0.3, 0.2], "texture": "#3"},
				"east": {"uv": [0, 0, 0.3, 0.2], "texture": "#3"},
				"south": {"uv": [0, 0, 0.3, 0.2], "texture": "#3"},
				"west": {"uv": [0, 0, 0.3, 0.2], "texture": "#3"},
				"up": {"uv": [0, 0, 0.3, 0.2], "texture": "#3"},
				"down": {"uv": [0, 0, 0.3, 0.2], "texture": "#3"}
			}
		},
		{
			"from": [7.7, 3.9, 2.85],
			"to": [8.3, 4, 3.2],
			"faces": {
				"north": {"uv": [0, 0, 0.35, 0.25], "texture": "#3"},
				"east": {"uv": [0, 3, 0.35, 3.1], "texture": "#3"},
				"south": {"uv": [0, 0, 0.35, 0.25], "texture": "#3"},
				"west": {"uv": [0, 3, 0.35, 3.1], "texture": "#3"},
				"up": {"uv": [0, 0, 0.35, 0.25], "texture": "#3"},
				"down": {"uv": [0, 0, 0.35, 0.25], "texture": "#3"}
			}
		},
		{
			"from": [7.7, 3.9, 3.3],
			"to": [8.3, 4, 3.45],
			"faces": {
				"north": {"uv": [0, 0, 0.35, 0.25], "texture": "#3"},
				"east": {"uv": [0, 3, 0.35, 3.1], "texture": "#3"},
				"south": {"uv": [0, 0, 0.35, 0.25], "texture": "#3"},
				"west": {"uv": [0, 3, 0.35, 3.1], "texture": "#3"},
				"up": {"uv": [0, 0, 0.35, 0.25], "texture": "#3"},
				"down": {"uv": [0, 0, 0.35, 0.25], "texture": "#3"}
			}
		},
		{
			"from": [7.7, 3.9, 3.5],
			"to": [8.3, 4, 3.65],
			"faces": {
				"north": {"uv": [0, 0, 0.35, 0.25], "texture": "#3"},
				"east": {"uv": [0, 3, 0.35, 3.1], "texture": "#3"},
				"south": {"uv": [0, 0, 0.35, 0.25], "texture": "#3"},
				"west": {"uv": [0, 3, 0.35, 3.1], "texture": "#3"},
				"up": {"uv": [0, 0, 0.35, 0.25], "texture": "#3"},
				"down": {"uv": [0, 0, 0.35, 0.25], "texture": "#3"}
			}
		},
		{
			"from": [7.7, 3.9, 3.7],
			"to": [8.3, 4, 3.85],
			"faces": {
				"north": {"uv": [0, 0, 0.35, 0.25], "texture": "#3"},
				"east": {"uv": [0, 3, 0.35, 3.1], "texture": "#3"},
				"south": {"uv": [0, 0, 0.35, 0.25], "texture": "#3"},
				"west": {"uv": [0, 3, 0.35, 3.1], "texture": "#3"},
				"up": {"uv": [0, 0, 0.35, 0.25], "texture": "#3"},
				"down": {"uv": [0, 0, 0.35, 0.25], "texture": "#3"}
			}
		},
		{
			"from": [7.7, 3.9, 3.9],
			"to": [8.3, 4, 4.5],
			"faces": {
				"north": {"uv": [0, 0, 0.35, 0.25], "texture": "#3"},
				"east": {"uv": [0, 3, 0.35, 3.1], "texture": "#3"},
				"south": {"uv": [0, 0, 0.35, 0.25], "texture": "#3"},
				"west": {"uv": [0, 3, 0.35, 3.1], "texture": "#3"},
				"up": {"uv": [0, 0, 0.35, 0.25], "texture": "#3"},
				"down": {"uv": [0, 0, 0.35, 0.25], "texture": "#3"}
			}
		},
		{
			"from": [7.7, 4, 2.25],
			"to": [8.3, 4.05, 4.5],
			"faces": {
				"north": {"uv": [0, 0, 0.35, 0.25], "texture": "#3"},
				"east": {"uv": [0, 0, 0.35, 0.25], "texture": "#3"},
				"south": {"uv": [0, 0, 0.35, 0.25], "texture": "#3"},
				"west": {"uv": [0, 0, 0.35, 0.25], "texture": "#3"},
				"up": {"uv": [0, 0, 0.35, 0.25], "texture": "#3"},
				"down": {"uv": [0, 0, 0.35, 0.25], "texture": "#3"}
			}
		},
		{
			"from": [7.7, 3.75, 2.25],
			"to": [8.3, 3.9, 4.5],
			"faces": {
				"north": {"uv": [0, 0, 0.35, 0.25], "texture": "#3"},
				"east": {"uv": [0, 0, 0.35, 0.25], "texture": "#3"},
				"south": {"uv": [0, 0, 0.35, 0.25], "texture": "#3"},
				"west": {"uv": [0, 0, 0.35, 0.25], "texture": "#3"},
				"up": {"uv": [0, 0, 0.35, 0.25], "texture": "#3"},
				"down": {"uv": [0, 0, 0.35, 0.25], "texture": "#3"}
			}
		},
		{
			"from": [7.4, 4, 4.5],
			"to": [8.6, 4.15, 14.1],
			"faces": {
				"north": {"uv": [0, 0, 0.25, 0.25], "texture": "#3"},
				"east": {"uv": [0, 10, 7.85, 10.15], "texture": "#3"},
				"south": {"uv": [0, 0, 0.25, 0.25], "rotation": 90, "texture": "#3"},
				"west": {"uv": [0, 7, 7.85, 7.15], "texture": "#3"},
				"up": {"uv": [0, 0, 1.2, 9.6], "texture": "#3"},
				"down": {"uv": [0, 0, 0.75, 5.5], "texture": "#3"}
			}
		},
		{
			"from": [8.55, 3.8, 7.3],
			"to": [8.6, 4, 13.55],
			"faces": {
				"north": {"uv": [0, 0, 0.25, 0.25], "texture": "#3"},
				"east": {"uv": [0, 6.75, 6.25, 6.95], "texture": "#3"},
				"south": {"uv": [0, 0, 0.25, 0.25], "rotation": 90, "texture": "#3"},
				"west": {"uv": [0, 6.75, 6.25, 6.95], "texture": "#3"},
				"up": {"uv": [0, 0, 1.2, 9.6], "texture": "#3"},
				"down": {"uv": [0, 0, 0.75, 5.5], "texture": "#3"}
			}
		},
		{
			"from": [8.55, 3.8, 4.5],
			"to": [8.6, 4, 4.85],
			"faces": {
				"north": {"uv": [0, 0, 0.25, 0.25], "texture": "#3"},
				"east": {"uv": [0, 3, 0.35, 3.2], "texture": "#3"},
				"south": {"uv": [0, 0, 0.25, 0.25], "rotation": 90, "texture": "#3"},
				"west": {"uv": [0, 3, 0.35, 3.2], "texture": "#3"},
				"up": {"uv": [0, 0, 1.2, 9.6], "texture": "#3"},
				"down": {"uv": [0, 0, 0.75, 5.5], "texture": "#3"}
			}
		},
		{
			"from": [8.55, 3.8, 5.05],
			"to": [8.6, 4, 5.5],
			"faces": {
				"north": {"uv": [0, 0, 0.25, 0.25], "texture": "#3"},
				"east": {"uv": [0, 3, 0.35, 3.2], "texture": "#3"},
				"south": {"uv": [0, 0, 0.25, 0.25], "rotation": 90, "texture": "#3"},
				"west": {"uv": [0, 3, 0.35, 3.2], "texture": "#3"},
				"up": {"uv": [0, 0, 1.2, 9.6], "texture": "#3"},
				"down": {"uv": [0, 0, 0.75, 5.5], "texture": "#3"}
			}
		},
		{
			"from": [8.55, 3.8, 5.65],
			"to": [8.6, 4, 6],
			"faces": {
				"north": {"uv": [0, 0, 0.25, 0.25], "texture": "#3"},
				"east": {"uv": [0, 3, 0.35, 3.2], "texture": "#3"},
				"south": {"uv": [0, 0, 0.25, 0.25], "rotation": 90, "texture": "#3"},
				"west": {"uv": [0, 3, 0.35, 3.2], "texture": "#3"},
				"up": {"uv": [0, 0, 1.2, 9.6], "texture": "#3"},
				"down": {"uv": [0, 0, 0.75, 5.5], "texture": "#3"}
			}
		},
		{
			"from": [8.55, 3.8, 6.2],
			"to": [8.6, 4, 6.55],
			"faces": {
				"north": {"uv": [0, 0, 0.25, 0.25], "texture": "#3"},
				"east": {"uv": [0, 3, 0.35, 3.2], "texture": "#3"},
				"south": {"uv": [0, 0, 0.25, 0.25], "rotation": 90, "texture": "#3"},
				"west": {"uv": [0, 3, 0.35, 3.2], "texture": "#3"},
				"up": {"uv": [0, 0, 1.2, 9.6], "texture": "#3"},
				"down": {"uv": [0, 0, 0.75, 5.5], "texture": "#3"}
			}
		},
		{
			"from": [8.55, 3.8, 6.75],
			"to": [8.6, 4, 7.1],
			"faces": {
				"north": {"uv": [0, 0, 0.25, 0.25], "texture": "#3"},
				"east": {"uv": [0, 3, 0.35, 3.2], "texture": "#3"},
				"south": {"uv": [0, 0, 0.25, 0.25], "rotation": 90, "texture": "#3"},
				"west": {"uv": [0, 3, 0.35, 3.2], "texture": "#3"},
				"up": {"uv": [0, 0, 1.2, 9.6], "texture": "#3"},
				"down": {"uv": [0, 0, 0.75, 5.5], "texture": "#3"}
			}
		},
		{
			"from": [7.4, 2.9, 4.5],
			"to": [8.6, 2.95, 14.1],
			"faces": {
				"north": {"uv": [0, 0, 1.2, 0.05], "texture": "#3"},
				"east": {"uv": [0, 3, 7.35, 3.05], "texture": "#3"},
				"south": {"uv": [0, 0, 1.2, 0.05], "texture": "#3"},
				"west": {"uv": [0, 3, 7.35, 3.05], "texture": "#3"},
				"up": {"uv": [0, 0, 1.2, 9.6], "texture": "#3"},
				"down": {"uv": [0, 0, 0.75, 5.5], "texture": "#3"}
			}
		},
		{
			"from": [7.4, 2.95, 4.5],
			"to": [7.45, 3.8, 14.1],
			"faces": {
				"north": {"uv": [0, 0, 0.25, 0.25], "texture": "#3"},
				"east": {"uv": [0, 1, 7.6, 1.9], "texture": "#3"},
				"south": {"uv": [0, 0, 0.25, 0.25], "rotation": 90, "texture": "#3"},
				"west": {"uv": [0, 1, 7.6, 1.9], "texture": "#3"},
				"up": {"uv": [0, 0, 1.2, 9.6], "texture": "#3"},
				"down": {"uv": [0, 0, 0.75, 5.5], "texture": "#3"}
			}
		},
		{
			"from": [7.4, 3.8, 4.5],
			"to": [7.45, 4, 4.85],
			"faces": {
				"north": {"uv": [0, 0, 0.25, 0.25], "texture": "#3"},
				"east": {"uv": [0, 3, 0.35, 3.2], "texture": "#3"},
				"south": {"uv": [0, 0, 0.25, 0.25], "rotation": 90, "texture": "#3"},
				"west": {"uv": [0, 3, 0.35, 3.2], "texture": "#3"},
				"up": {"uv": [0, 0, 1.2, 9.6], "texture": "#3"},
				"down": {"uv": [0, 0, 0.75, 5.5], "texture": "#3"}
			}
		},
		{
			"from": [7.4, 3.8, 5.05],
			"to": [7.45, 4, 5.5],
			"faces": {
				"north": {"uv": [0, 0, 0.25, 0.25], "texture": "#3"},
				"east": {"uv": [0, 3, 0.35, 3.2], "texture": "#3"},
				"south": {"uv": [0, 0, 0.25, 0.25], "rotation": 90, "texture": "#3"},
				"west": {"uv": [0, 3, 0.35, 3.2], "texture": "#3"},
				"up": {"uv": [0, 0, 1.2, 9.6], "texture": "#3"},
				"down": {"uv": [0, 0, 0.75, 5.5], "texture": "#3"}
			}
		},
		{
			"from": [7.4, 3.8, 5.65],
			"to": [7.45, 4, 6],
			"faces": {
				"north": {"uv": [0, 0, 0.25, 0.25], "texture": "#3"},
				"east": {"uv": [0, 3, 0.35, 3.2], "texture": "#3"},
				"south": {"uv": [0, 0, 0.25, 0.25], "rotation": 90, "texture": "#3"},
				"west": {"uv": [0, 3, 0.35, 3.2], "texture": "#3"},
				"up": {"uv": [0, 0, 1.2, 9.6], "texture": "#3"},
				"down": {"uv": [0, 0, 0.75, 5.5], "texture": "#3"}
			}
		},
		{
			"from": [7.4, 3.8, 6.2],
			"to": [7.45, 4, 6.55],
			"faces": {
				"north": {"uv": [0, 0, 0.25, 0.25], "texture": "#3"},
				"east": {"uv": [0, 3, 0.35, 3.2], "texture": "#3"},
				"south": {"uv": [0, 0, 0.25, 0.25], "rotation": 90, "texture": "#3"},
				"west": {"uv": [0, 3, 0.35, 3.2], "texture": "#3"},
				"up": {"uv": [0, 0, 1.2, 9.6], "texture": "#3"},
				"down": {"uv": [0, 0, 0.75, 5.5], "texture": "#3"}
			}
		},
		{
			"from": [7.4, 3.8, 6.75],
			"to": [7.45, 4, 7.1],
			"faces": {
				"north": {"uv": [0, 0, 0.25, 0.25], "texture": "#3"},
				"east": {"uv": [0, 3, 0.35, 3.2], "texture": "#3"},
				"south": {"uv": [0, 0, 0.25, 0.25], "rotation": 90, "texture": "#3"},
				"west": {"uv": [0, 3, 0.35, 3.2], "texture": "#3"},
				"up": {"uv": [0, 0, 1.2, 9.6], "texture": "#3"},
				"down": {"uv": [0, 0, 0.75, 5.5], "texture": "#3"}
			}
		},
		{
			"from": [7.4, 3.8, 7.3],
			"to": [7.45, 4, 13.55],
			"faces": {
				"north": {"uv": [0, 0, 0.25, 0.25], "texture": "#3"},
				"east": {"uv": [0, 6.75, 6.25, 6.95], "texture": "#3"},
				"south": {"uv": [0, 0, 0.25, 0.25], "rotation": 90, "texture": "#3"},
				"west": {"uv": [0, 6.75, 6.25, 6.95], "texture": "#3"},
				"up": {"uv": [0, 0, 1.2, 9.6], "texture": "#3"},
				"down": {"uv": [0, 0, 0.75, 5.5], "texture": "#3"}
			}
		},
		{
			"from": [7.45, 2.95, 4.5],
			"to": [8.55, 4, 4.55],
			"faces": {
				"north": {"uv": [0, 0, 0.25, 0.25], "texture": "#3"},
				"east": {"uv": [0, 8, 6.75, 9.25], "texture": "#3"},
				"south": {"uv": [0, 0, 0.25, 0.25], "rotation": 90, "texture": "#3"},
				"west": {"uv": [0, 8, 6.75, 9.25], "texture": "#3"},
				"up": {"uv": [0, 9.25, 0.75, 8.5], "rotation": 90, "texture": "#3"},
				"down": {"uv": [0, 0, 0.75, 5.5], "texture": "#3"}
			}
		},
		{
			"from": [7.45, 3.43573, 4.55501],
			"to": [8.55, 3.53573, 6.80501],
			"rotation": {"angle": 22.5, "axis": "x", "origin": [8, 3.48573, 5.43001]},
			"faces": {
				"north": {"uv": [0, 0, 1.1, 0.2], "texture": "#3"},
				"east": {"uv": [0, 0, 2.25, 0.2], "texture": "#3"},
				"south": {"uv": [0, 0, 1.1, 0.2], "texture": "#3"},
				"west": {"uv": [0, 0, 2.25, 0.2], "texture": "#3"},
				"up": {"uv": [0, 0, 1.1, 2.25], "texture": "#3"},
				"down": {"uv": [0, 0, 1.1, 2.25], "texture": "#3"}
			}
		},
		{
			"from": [7.45, 3.18573, 6.35501],
			"to": [8.55, 3.28573, 8.60501],
			"faces": {
				"north": {"uv": [0, 0, 1.1, 0.2], "texture": "#3"},
				"east": {"uv": [0, 0, 2.25, 0.2], "texture": "#3"},
				"south": {"uv": [0, 0, 1.1, 0.2], "texture": "#3"},
				"west": {"uv": [0, 0, 2.25, 0.2], "texture": "#3"},
				"up": {"uv": [0, 0, 1.1, 2.25], "texture": "#3"},
				"down": {"uv": [0, 0, 1.1, 2.25], "texture": "#3"}
			}
		},
		{
			"from": [7.4, 2.95, 4.55],
			"to": [8.6, 3, 4.6],
			"faces": {
				"north": {"uv": [0, 0, 0.25, 0.25], "texture": "#3"},
				"east": {"uv": [0, 1, 7.6, 1.9], "texture": "#3"},
				"south": {"uv": [0, 0, 0.25, 0.25], "rotation": 90, "texture": "#3"},
				"west": {"uv": [0, 1, 7.6, 1.9], "texture": "#3"},
				"up": {"uv": [0, 0, 1.2, 9.6], "texture": "#3"},
				"down": {"uv": [0, 0, 0.75, 5.5], "texture": "#3"}
			}
		}
	],
	"display": {
		"thirdperson_righthand": {
			"rotation": [0, -15, 0],
			"translation": [-0.5, 5.5, 2.25]
		},
		"thirdperson_lefthand": {
			"rotation": [0, -15, 0],
			"translation": [-0.5, 5.5, 2.25]
		},
		"firstperson_righthand": {
			"rotation": [8, -5, 0],
			"translation": [5, 9, 9],
			"scale": [0.75, 0.75, 0.75]
		},
		"firstperson_lefthand": {
			"rotation": [8, -5, 0],
			"translation": [5, 9, 9],
			"scale": [0.75, 0.75, 0.75]
		},
		"ground": {
			"translation": [0, 4, 0]
		},
		"gui": {
			"rotation": [90, 50, -90],
			"translation": [4.5, 2.5, -1]
		},
		"fixed": {
			"rotation": [90, 50, -90],
			"translation": [4.5, 2.5, -1]
		}
	},
	"groups": [0, 1, 2, 3, 4, 5, 6, 7, 8, 9, 10, 11, 12, 13, 14, 15, 16, 17, 18, 19, 20, 21,
		{
			"name": "Дуло",
			"children": [22, 23, 24, 25, 26, 27, 28]
		},
		{
			"name": "Решётки 1",
			"children": [29, 30, 31, 32, 33, 34, 35, 36, 37, 38, 39, 40, 41, 42]
		},
		{
			"name": "Решётки 2",
			"children": [43, 44, 45, 46, 47, 48, 49, 50, 51, 52, 53, 54, 55, 56, 57, 58, 59, 60, 61, 62, 63, 64, 65, 66, 67, 68, 69, 70, 71, 72, 73, 74, 75, 76, 77, 78]
		},
		{
			"name": "Решётки 3",
			"children": [79, 80, 81, 82, 83, 84, 85, 86, 87, 88, 89]
		}, 90, 91, 92, 93, 94, 95, 96, 97, 98, 99, 100, 101, 102, 103, 104, 105, 106, 107, 108, 109, 110, 111, 112, 113, 114, 115, 116, 117, 118, 119, 120, 121, 122, 123, 124, 125, 126, 127, 128, 129, 130, 131, 132, 133, 134, 135, 136, 137, 138, 139, 140, 141, 142, 143, 144, 145, 146, 147, 148, 149, 150, 151, 152, 153, 154, 155, 156, 157]
}