{
	"credit": "Made with Blockbench",
	"textures": {
		"0": "zcbm/weapons/magnum",
		"particle": "zcbm/weapons/magnum"
	},
	"elements": [
		{
			"from": [7.6, 0, 11.7],
			"to": [8.4, 1.5, 13.4],
			"faces": {
				"north": {"uv": [9.25, 9.25, 10.25, 10.75], "texture": "#0"},
				"east": {"uv": [10, 10.75, 11.7, 12.25], "texture": "#0"},
				"south": {"uv": [13.5, 8.5, 14.5, 10], "texture": "#0"},
				"west": {"uv": [10, 10.75, 11.7, 12.25], "texture": "#0"},
				"up": {"uv": [8.25, 8.25, 10.5, 10.5], "texture": "#0"},
				"down": {"uv": [11.25, 9.5, 12.25, 11.2], "texture": "#0"}
			}
		},
		{
			"from": [7.59, 1.5, 11.2],
			"to": [8.41, 3.9, 12.8],
			"rotation": {"angle": -22.5, "axis": "x", "origin": [8, 2.9, 13.1]},
			"faces": {
				"north": {"uv": [9.75, 8.25, 10.77, 10.65], "texture": "#0"},
				"east": {"uv": [8.5, 8.25, 10.1, 10.65], "texture": "#0"},
				"south": {"uv": [11.75, 9.25, 12.77, 11.65], "texture": "#0"},
				"west": {"uv": [8.5, 8.25, 10.1, 10.65], "texture": "#0"},
				"up": {"uv": [8.25, 8.25, 10.5, 10.5], "texture": "#0"},
				"down": {"uv": [8.25, 8.25, 10.5, 10.5], "texture": "#0"}
			}
		},
		{
			"from": [7.5, 3.9, 11.5],
			"to": [8.5, 5, 13.1],
			"rotation": {"angle": -45, "axis": "x", "origin": [8, 2.9, 13.1]},
			"faces": {
				"north": {"uv": [0, 0, 1, 1.1], "texture": "#0"},
				"east": {"uv": [2.75, 5, 4.35, 6.1], "texture": "#0"},
				"south": {"uv": [2, 3, 3, 4.1], "texture": "#0"},
				"west": {"uv": [3, 6.5, 4.6, 7.6], "texture": "#0"},
				"up": {"uv": [0, 0, 2.25, 2.25], "texture": "#0"},
				"down": {"uv": [0, 0, 2.25, 2.25], "texture": "#0"}
			}
		},
		{
			"from": [7.501, 3, 8.1],
			"to": [8.499, 3.4, 10.7],
			"faces": {
				"north": {"uv": [0, 0, 2.25, 2.25], "rotation": 180, "texture": "#0"},
				"east": {"uv": [1.5, 3.75, 4.1, 4.15], "texture": "#0"},
				"south": {"uv": [0, 0, 2.25, 2.25], "texture": "#0"},
				"west": {"uv": [1.5, 3.75, 4.1, 4.15], "texture": "#0"},
				"up": {"uv": [6, 2.75, 6.9975, 5.35], "texture": "#0"},
				"down": {"uv": [0.75, 2.75, 1.7475, 5.35], "rotation": 180, "texture": "#0"}
			}
		},
		{
			"from": [7.9, 2, 11.15],
			"to": [8.1, 2.8, 11.27],
			"rotation": {"angle": 22.5, "axis": "x", "origin": [8, 2.55, 11.35]},
			"faces": {
				"north": {"uv": [0, 0, 0.25, 0.25], "rotation": 270, "texture": "#0"},
				"east": {"uv": [0, 0, 0.25, 0.25], "rotation": 270, "texture": "#0"},
				"south": {"uv": [0, 0, 0.25, 0.25], "rotation": 270, "texture": "#0"},
				"west": {"uv": [0, 0, 0.25, 0.25], "rotation": 270, "texture": "#0"},
				"up": {"uv": [0, 0, 0.25, 0.25], "rotation": 270, "texture": "#0"},
				"down": {"uv": [0, 0, 0.25, 0.25], "rotation": 270, "texture": "#0"}
			}
		},
		{
			"from": [7.9, 2.21, 10.2],
			"to": [8.1, 2.3, 10.9],
			"rotation": {"angle": -22.5, "axis": "x", "origin": [8, 2.55, 11.35]},
			"faces": {
				"north": {"uv": [0, 0, 0.25, 0.25], "rotation": 270, "texture": "#0"},
				"east": {"uv": [0, 0, 0.25, 0.25], "rotation": 270, "texture": "#0"},
				"south": {"uv": [0, 0, 0.25, 0.25], "rotation": 270, "texture": "#0"},
				"west": {"uv": [0, 0, 0.25, 0.25], "rotation": 270, "texture": "#0"},
				"up": {"uv": [0, 0, 0.25, 0.25], "rotation": 270, "texture": "#0"},
				"down": {"uv": [0, 0, 0.25, 0.25], "rotation": 270, "texture": "#0"}
			}
		},
		{
			"from": [7.9, 1.8, 9.84],
			"to": [8.1, 1.9, 10.44],
			"faces": {
				"north": {"uv": [0, 0, 0.25, 0.25], "rotation": 270, "texture": "#0"},
				"east": {"uv": [0, 0, 0.25, 0.25], "rotation": 270, "texture": "#0"},
				"south": {"uv": [0, 0, 0.25, 0.25], "rotation": 270, "texture": "#0"},
				"west": {"uv": [0, 0, 0.25, 0.25], "rotation": 270, "texture": "#0"},
				"up": {"uv": [0, 0, 0.25, 0.25], "rotation": 270, "texture": "#0"},
				"down": {"uv": [0, 0, 0.25, 0.25], "rotation": 270, "texture": "#0"}
			}
		},
		{
			"from": [7.9, 1.93, 9.06],
			"to": [8.1, 2.03, 9.86],
			"rotation": {"angle": 45, "axis": "x", "origin": [8, 1.9, 9.7]},
			"faces": {
				"north": {"uv": [0, 0, 0.25, 0.25], "rotation": 270, "texture": "#0"},
				"east": {"uv": [0, 0, 0.25, 0.25], "rotation": 270, "texture": "#0"},
				"south": {"uv": [0, 0, 0.25, 0.25], "rotation": 270, "texture": "#0"},
				"west": {"uv": [0, 0, 0.25, 0.25], "rotation": 270, "texture": "#0"},
				"up": {"uv": [0, 0, 0.25, 0.25], "rotation": 270, "texture": "#0"},
				"down": {"uv": [0, 0, 0.25, 0.25], "rotation": 270, "texture": "#0"}
			}
		},
		{
			"from": [7.9, 2.37, 9.27],
			"to": [8.1, 3.17, 9.37],
			"faces": {
				"north": {"uv": [0, 0, 0.25, 0.25], "rotation": 270, "texture": "#0"},
				"east": {"uv": [0, 0, 0.25, 0.25], "rotation": 270, "texture": "#0"},
				"south": {"uv": [0, 0, 0.25, 0.25], "rotation": 270, "texture": "#0"},
				"west": {"uv": [0, 0, 0.25, 0.25], "rotation": 270, "texture": "#0"},
				"up": {"uv": [0, 0, 0.25, 0.25], "rotation": 270, "texture": "#0"},
				"down": {"uv": [0, 0, 0.25, 0.25], "rotation": 270, "texture": "#0"}
			}
		},
		{
			"from": [7.57, 3, 7.4],
			"to": [8.43, 3.4, 8.1],
			"faces": {
				"north": {"uv": [2, 3, 2.86, 3.4], "rotation": 180, "texture": "#0"},
				"east": {"uv": [2.75, 4.25, 3.45, 4.65], "rotation": 90, "texture": "#0"},
				"south": {"uv": [0, 0, 2.25, 2.25], "texture": "#0"},
				"west": {"uv": [2.75, 4.25, 3.45, 4.65], "rotation": 90, "texture": "#0"},
				"up": {"uv": [7, 7, 7.86, 7.7], "texture": "#0"},
				"down": {"uv": [2.75, 3.5, 3.61, 4.2], "rotation": 180, "texture": "#0"}
			}
		},
		{
			"from": [7.4, 4.1, 7.4],
			"to": [8.6, 5.1, 7.95],
			"faces": {
				"north": {"uv": [2.75, 4.25, 3.95, 5.25], "rotation": 180, "texture": "#0"},
				"east": {"uv": [0, 3, 0.75, 4.25], "rotation": 270, "texture": "#0"},
				"south": {"uv": [0.5, 5, 1.7, 6], "texture": "#0"},
				"west": {"uv": [0, 2, 0.75, 3.25], "rotation": 270, "texture": "#0"},
				"up": {"uv": [0, 0, 2.25, 2.25], "texture": "#0"},
				"down": {"uv": [0, 0, 2.25, 2.25], "rotation": 180, "texture": "#0"}
			}
		},
		{
			"from": [7.6, 3.4, 10.6],
			"to": [8.4, 4.4, 11.6],
			"faces": {
				"north": {"uv": [0, 0, 2.25, 2.25], "rotation": 180, "texture": "#0"},
				"east": {"uv": [2, 7, 3, 8], "rotation": 90, "texture": "#0"},
				"south": {"uv": [0, 0, 2.25, 2.25], "texture": "#0"},
				"west": {"uv": [2, 7, 3, 8], "rotation": 90, "texture": "#0"},
				"up": {"uv": [0, 0, 2.25, 2.25], "texture": "#0"},
				"down": {"uv": [0, 0, 2.25, 2.25], "rotation": 180, "texture": "#0"}
			}
		},
		{
			"from": [7.601, 4.1, 10.6],
			"to": [8.399, 5, 11.4],
			"rotation": {"angle": -22.5, "axis": "x", "origin": [8, 4.85, 10.95]},
			"faces": {
				"north": {"uv": [0, 0, 2.25, 2.25], "rotation": 180, "texture": "#0"},
				"east": {"uv": [2.5, 4.25, 3.3, 5.15], "rotation": 90, "texture": "#0"},
				"south": {"uv": [0, 0, 0.798, 0.9], "texture": "#0"},
				"west": {"uv": [2.5, 4.25, 3.3, 5.15], "rotation": 90, "texture": "#0"},
				"up": {"uv": [4.5, 4.25, 5.2975, 5.05], "texture": "#0"},
				"down": {"uv": [0, 0, 2.25, 2.25], "rotation": 180, "texture": "#0"}
			}
		},
		{
			"from": [7.602, 4.4, 10.6],
			"to": [8.398, 5.1, 11.2],
			"faces": {
				"north": {"uv": [0, 0, 2.25, 2.25], "rotation": 180, "texture": "#0"},
				"east": {"uv": [2.5, 4.25, 3.1, 4.95], "rotation": 90, "texture": "#0"},
				"south": {"uv": [0, 0, 2.25, 2.25], "texture": "#0"},
				"west": {"uv": [0, 0, 2.25, 2.25], "rotation": 270, "texture": "#0"},
				"up": {"uv": [2, 3.25, 2.79583, 3.85], "texture": "#0"},
				"down": {"uv": [0, 0, 2.25, 2.25], "rotation": 180, "texture": "#0"}
			}
		},
		{
			"from": [7.7, 5.1, 7.4],
			"to": [8.3, 5.2, 11.35],
			"faces": {
				"north": {"uv": [0, 0, 2.25, 2.25], "rotation": 180, "texture": "#0"},
				"east": {"uv": [0, 0, 3.95, 0.1], "texture": "#0"},
				"south": {"uv": [0, 1.5, 0.6, 1.6], "texture": "#0"},
				"west": {"uv": [0, 0, 3.95, 0.1], "texture": "#0"},
				"up": {"uv": [0, 0, 3.95, 0.85], "rotation": 90, "texture": "#0"},
				"down": {"uv": [0, 0, 2.25, 2.25], "rotation": 180, "texture": "#0"}
			}
		},
		{
			"from": [7.6, 4.1, 1.7],
			"to": [8.4, 4.9, 7.4],
			"rotation": {"angle": 45, "axis": "z", "origin": [8, 4.5, 5.05]},
			"faces": {
				"north": {"uv": [2.25, 3.25, 3.05, 4.05], "rotation": 180, "texture": "#0"},
				"east": {"uv": [1, 8.5, 5.7, 9.3], "rotation": 180, "texture": "#0"},
				"south": {"uv": [0, 0, 2.25, 2.25], "texture": "#0"},
				"west": {"uv": [0, 4.75, 4.7, 5.55], "texture": "#0"},
				"up": {"uv": [1, 8.5, 5.7, 9.3], "rotation": 90, "texture": "#0"},
				"down": {"uv": [0, 3.25, 0.8, 7.95], "rotation": 180, "texture": "#0"}
			}
		},
		{
			"from": [7.902, 2.39, 10.43],
			"to": [8.098, 2.69, 10.48],
			"rotation": {"angle": -22.5, "axis": "x", "origin": [8, 2.35, 10.25]},
			"faces": {
				"north": {"uv": [0, 0, 0.25, 0.25], "rotation": 270, "texture": "#0"},
				"east": {"uv": [0, 0, 0.25, 0.25], "rotation": 270, "texture": "#0"},
				"south": {"uv": [0, 0, 0.25, 0.25], "rotation": 270, "texture": "#0"},
				"west": {"uv": [0, 0, 0.25, 0.25], "rotation": 270, "texture": "#0"},
				"up": {"uv": [0, 0, 0.25, 0.25], "rotation": 270, "texture": "#0"},
				"down": {"uv": [0, 0, 0.25, 0.25], "rotation": 270, "texture": "#0"}
			}
		},
		{
			"from": [7.901, 2.6, 10.25],
			"to": [8.099, 2.9, 10.45],
			"rotation": {"angle": -22.5, "axis": "x", "origin": [8, 2.725, 10.35]},
			"faces": {
				"north": {"uv": [0, 0, 0.25, 0.25], "rotation": 270, "texture": "#0"},
				"east": {"uv": [0, 0, 0.25, 0.25], "rotation": 270, "texture": "#0"},
				"south": {"uv": [0, 0, 0.25, 0.25], "rotation": 270, "texture": "#0"},
				"west": {"uv": [0, 0, 0.25, 0.25], "rotation": 270, "texture": "#0"},
				"up": {"uv": [0, 0, 0.25, 0.25], "rotation": 270, "texture": "#0"},
				"down": {"uv": [0, 0, 0.25, 0.25], "rotation": 270, "texture": "#0"}
			}
		},
		{
			"from": [7.9, 2, 10.35],
			"to": [8.1, 2.6, 10.65],
			"rotation": {"angle": 45, "axis": "x", "origin": [8, 2.55, 11.35]},
			"faces": {
				"north": {"uv": [0, 0, 0.25, 0.25], "rotation": 270, "texture": "#0"},
				"east": {"uv": [0, 0, 0.25, 0.25], "rotation": 270, "texture": "#0"},
				"south": {"uv": [0, 0, 0.25, 0.25], "rotation": 270, "texture": "#0"},
				"west": {"uv": [0, 0, 0.25, 0.25], "rotation": 270, "texture": "#0"},
				"up": {"uv": [0, 0, 0.25, 0.25], "rotation": 270, "texture": "#0"},
				"down": {"uv": [0, 0, 0.25, 0.25], "rotation": 270, "texture": "#0"}
			}
		},
		{
			"from": [7.9, 2.23, 10.4],
			"to": [8.1, 2.48, 10.45],
			"faces": {
				"north": {"uv": [0, 0, 0.25, 0.25], "rotation": 270, "texture": "#0"},
				"east": {"uv": [0, 0, 0.25, 0.25], "rotation": 270, "texture": "#0"},
				"south": {"uv": [0, 0, 0.25, 0.25], "rotation": 270, "texture": "#0"},
				"west": {"uv": [0, 0, 0.25, 0.25], "rotation": 270, "texture": "#0"},
				"up": {"uv": [0, 0, 0.25, 0.25], "rotation": 270, "texture": "#0"},
				"down": {"uv": [0, 0, 0.25, 0.25], "rotation": 270, "texture": "#0"}
			}
		},
		{
			"from": [7.9, 2, 10.45],
			"to": [8.1, 2.3, 10.52],
			"rotation": {"angle": 45, "axis": "x", "origin": [8, 2.35, 10.4]},
			"faces": {
				"north": {"uv": [0, 0, 0.25, 0.25], "rotation": 270, "texture": "#0"},
				"east": {"uv": [0, 0, 0.25, 0.25], "rotation": 270, "texture": "#0"},
				"south": {"uv": [0, 0, 0.25, 0.25], "rotation": 270, "texture": "#0"},
				"west": {"uv": [0, 0, 0.25, 0.25], "rotation": 270, "texture": "#0"},
				"up": {"uv": [0, 0, 0.25, 0.25], "rotation": 270, "texture": "#0"},
				"down": {"uv": [0, 0, 0.25, 0.25], "rotation": 270, "texture": "#0"}
			}
		},
		{
			"from": [7.9, 4.4, 11.4],
			"to": [8.1, 4.9, 11.7],
			"rotation": {"angle": -22.5, "axis": "x", "origin": [8, 4.65, 10.95]},
			"faces": {
				"north": {"uv": [0, 0, 2.25, 2.25], "rotation": 180, "texture": "#0"},
				"east": {"uv": [2.5, 4.25, 2.8, 4.75], "rotation": 90, "texture": "#0"},
				"south": {"uv": [0.5, 1.25, 0.7, 1.75], "texture": "#0"},
				"west": {"uv": [4.25, 3, 4.55, 3.5], "rotation": 270, "texture": "#0"},
				"up": {"uv": [0, 0, 2.25, 2.25], "texture": "#0"},
				"down": {"uv": [0, 0, 2.25, 2.25], "rotation": 180, "texture": "#0"}
			}
		},
		{
			"from": [7.9, 4.5, 11.7],
			"to": [8.1, 4.6, 12.1],
			"rotation": {"angle": -22.5, "axis": "x", "origin": [8, 4.65, 10.95]},
			"faces": {
				"north": {"uv": [0, 0, 2.25, 2.25], "rotation": 180, "texture": "#0"},
				"east": {"uv": [2, 2.5, 2.4, 2.6], "rotation": 90, "texture": "#0"},
				"south": {"uv": [0, 0, 2.25, 2.25], "texture": "#0"},
				"west": {"uv": [0.5, 2.25, 0.9, 2.35], "rotation": 270, "texture": "#0"},
				"up": {"uv": [0.75, 1.5, 0.95, 1.9], "texture": "#0"},
				"down": {"uv": [2.25, 2.5, 2.45, 2.9], "rotation": 180, "texture": "#0"}
			}
		},
		{
			"from": [7.8, 4.95, 12],
			"to": [8.2, 5.05, 12.4],
			"faces": {
				"north": {"uv": [0, 0, 2.25, 2.25], "rotation": 180, "texture": "#0"},
				"east": {"uv": [2.75, 3, 3.15, 3.1], "rotation": 90, "texture": "#0"},
				"south": {"uv": [1.75, 3.5, 2.15, 3.6], "texture": "#0"},
				"west": {"uv": [0, 3.25, 0.4, 3.35], "rotation": 270, "texture": "#0"},
				"up": {"uv": [1.25, 2.25, 1.65, 2.65], "texture": "#0"},
				"down": {"uv": [1.5, 2.5, 1.9, 2.9], "rotation": 180, "texture": "#0"}
			}
		},
		{
			"from": [7.9, 3.6, 11],
			"to": [8.1, 4.3, 11.4],
			"rotation": {"angle": -45, "axis": "x", "origin": [8, 4.65, 10.95]},
			"faces": {
				"north": {"uv": [0, 0, 2.25, 2.25], "rotation": 180, "texture": "#0"},
				"east": {"uv": [0, 0, 2.25, 2.25], "rotation": 90, "texture": "#0"},
				"south": {"uv": [0, 0, 2.25, 2.25], "texture": "#0"},
				"west": {"uv": [0, 0, 2.25, 2.25], "rotation": 270, "texture": "#0"},
				"up": {"uv": [0, 0, 2.25, 2.25], "texture": "#0"},
				"down": {"uv": [0, 0, 2.25, 2.25], "rotation": 180, "texture": "#0"}
			}
		},
		{
			"from": [7.9, 3.5, 1.8],
			"to": [8.5, 4.1, 7.4],
			"rotation": {"angle": 45, "axis": "z", "origin": [8, 3.6, 5.05]},
			"faces": {
				"north": {"uv": [1.25, 2.75, 1.85, 3.35], "rotation": 180, "texture": "#0"},
				"east": {"uv": [0, 0, 4.6, 0.6], "texture": "#0"},
				"south": {"uv": [0, 0, 2.25, 2.25], "texture": "#0"},
				"west": {"uv": [0, 0, 4.6, 0.6], "texture": "#0"},
				"up": {"uv": [0, 0, 0.6, 4.6], "texture": "#0"},
				"down": {"uv": [0.5, 6.5, 1.1, 11.1], "texture": "#0"}
			}
		},
		{
			"from": [7.82, 5.25, 1.9],
			"to": [8.18, 5.3, 11.4],
			"faces": {
				"north": {"uv": [1.75, 0.75, 2.11, 0.85], "rotation": 180, "texture": "#0"},
				"east": {"uv": [0, 0, 8, 0.1], "texture": "#0"},
				"south": {"uv": [0, 0, 0.36, 0.1], "texture": "#0"},
				"west": {"uv": [0, 0, 8, 0.1], "texture": "#0"},
				"up": {"uv": [0, 0, 0.36, 8.5], "texture": "#0"},
				"down": {"uv": [0, 0, 2.25, 2.25], "rotation": 180, "texture": "#0"}
			}
		},
		{
			"from": [7.8, 4.5, 1.9],
			"to": [8.2, 5.2, 2.3],
			"faces": {
				"north": {"uv": [0.25, 2.25, 0.65, 2.95], "rotation": 180, "texture": "#0"},
				"east": {"uv": [0, 2.25, 0.4, 2.95], "rotation": 90, "texture": "#0"},
				"south": {"uv": [0, 6, 0.4, 6.7], "texture": "#0"},
				"west": {"uv": [0, 3, 0.4, 3.7], "rotation": 270, "texture": "#0"},
				"up": {"uv": [0, 0, 2.25, 2.25], "texture": "#0"},
				"down": {"uv": [0, 0, 2.25, 2.25], "rotation": 180, "texture": "#0"}
			}
		},
		{
			"from": [7.8, 4.5, 3.8],
			"to": [8.2, 5.2, 4.2],
			"faces": {
				"north": {"uv": [0, 1.5, 0.4, 2.2], "rotation": 180, "texture": "#0"},
				"east": {"uv": [1.5, 2.75, 1.9, 3.45], "rotation": 90, "texture": "#0"},
				"south": {"uv": [5.25, 2.5, 5.65, 3.2], "texture": "#0"},
				"west": {"uv": [2.75, 3.25, 3.15, 3.95], "rotation": 270, "texture": "#0"},
				"up": {"uv": [0, 0, 2.25, 2.25], "texture": "#0"},
				"down": {"uv": [0, 0, 2.25, 2.25], "rotation": 180, "texture": "#0"}
			}
		},
		{
			"from": [7.8, 4.5, 5.5],
			"to": [8.2, 5.2, 5.9],
			"faces": {
				"north": {"uv": [1.25, 1.5, 1.65, 2.2], "rotation": 180, "texture": "#0"},
				"east": {"uv": [4.25, 8, 4.65, 8.7], "rotation": 90, "texture": "#0"},
				"south": {"uv": [0.25, 3, 0.65, 3.7], "texture": "#0"},
				"west": {"uv": [3.5, 2.5, 3.9, 3.2], "rotation": 270, "texture": "#0"},
				"up": {"uv": [0, 0, 2.25, 2.25], "texture": "#0"},
				"down": {"uv": [0, 0, 2.25, 2.25], "rotation": 180, "texture": "#0"}
			}
		},
		{
			"from": [7.8, 4.5, 7],
			"to": [8.2, 5.2, 7.45],
			"faces": {
				"north": {"uv": [1.5, 3.5, 1.9, 4.2], "rotation": 180, "texture": "#0"},
				"east": {"uv": [0, 5, 0.45, 5.7], "rotation": 90, "texture": "#0"},
				"south": {"uv": [0, 0, 2.25, 2.25], "texture": "#0"},
				"west": {"uv": [3.25, 4.5, 3.7, 5.2], "rotation": 270, "texture": "#0"},
				"up": {"uv": [0, 0, 2.25, 2.25], "texture": "#0"},
				"down": {"uv": [0, 0, 2.25, 2.25], "rotation": 180, "texture": "#0"}
			}
		},
		{
			"from": [7.95, 5.2, 1.95],
			"to": [8.05, 5.4, 2.3],
			"rotation": {"angle": 22.5, "axis": "x", "origin": [8, 5.35, 2.15]},
			"faces": {
				"north": {"uv": [8.5, 8.25, 10.75, 10.5], "texture": "#0"},
				"east": {"uv": [8.5, 8.25, 10.75, 10.5], "texture": "#0"},
				"south": {"uv": [8.5, 8.25, 10.75, 10.5], "texture": "#0"},
				"west": {"uv": [8.5, 8.25, 10.75, 10.5], "texture": "#0"},
				"up": {"uv": [8.5, 8.25, 10.75, 10.5], "texture": "#0"},
				"down": {"uv": [8.5, 8.25, 10.75, 10.5], "texture": "#0"}
			}
		},
		{
			"from": [7.5, 3.4, 7.4],
			"to": [8.5, 4.1, 7.95],
			"faces": {
				"north": {"uv": [3, 4.5, 4, 5.2], "rotation": 180, "texture": "#0"},
				"east": {"uv": [0, 0, 0.75, 1.25], "rotation": 270, "texture": "#0"},
				"south": {"uv": [4.25, 2.5, 5.25, 3.2], "texture": "#0"},
				"west": {"uv": [0, 3.25, 0.55, 3.95], "rotation": 270, "texture": "#0"},
				"up": {"uv": [0, 0, 2.25, 2.25], "texture": "#0"},
				"down": {"uv": [0, 0, 2.25, 2.25], "rotation": 180, "texture": "#0"}
			}
		},
		{
			"from": [7.23, 4, 8.12],
			"to": [8.77, 4.44, 10.54],
			"rotation": {"angle": 22.5, "axis": "z", "origin": [8, 4.22, 9.33]},
			"faces": {
				"north": {"uv": [0, 0, 0.25, 0.25], "rotation": 270, "texture": "#0"},
				"east": {"uv": [0, 15.5, 0.5, 16], "rotation": 90, "texture": "#0"},
				"south": {"uv": [0, 0, 0.25, 0.25], "rotation": 270, "texture": "#0"},
				"west": {"uv": [0, 15.5, 0.5, 16], "rotation": 90, "texture": "#0"},
				"up": {"uv": [0, 15.5, 0.5, 16], "rotation": 90, "texture": "#0"},
				"down": {"uv": [0, 15.5, 0.5, 16], "rotation": 90, "texture": "#0"}
			}
		},
		{
			"from": [7.23, 4, 8.12],
			"to": [8.77, 4.44, 10.54],
			"rotation": {"angle": -22.5, "axis": "z", "origin": [8, 4.22, 9.33]},
			"faces": {
				"north": {"uv": [0, 0, 0.25, 0.25], "rotation": 270, "texture": "#0"},
				"east": {"uv": [0, 15.5, 0.5, 16], "rotation": 90, "texture": "#0"},
				"south": {"uv": [0, 0, 0.25, 0.25], "rotation": 270, "texture": "#0"},
				"west": {"uv": [0, 15.5, 0.5, 16], "rotation": 90, "texture": "#0"},
				"up": {"uv": [0, 15.5, 0.5, 16], "rotation": 90, "texture": "#0"},
				"down": {"uv": [0, 15.5, 0.5, 16], "rotation": 90, "texture": "#0"}
			}
		},
		{
			"from": [7.2, 4.1, 8.12],
			"to": [8.8, 4.34, 10.54],
			"faces": {
				"north": {"uv": [0, 0, 0.25, 0.25], "rotation": 270, "texture": "#0"},
				"east": {"uv": [0, 15.5, 0.5, 16], "rotation": 90, "texture": "#0"},
				"south": {"uv": [0, 0, 0.25, 0.25], "rotation": 270, "texture": "#0"},
				"west": {"uv": [0, 15.5, 0.5, 16], "rotation": 90, "texture": "#0"},
				"up": {"uv": [0, 15.5, 0.5, 16], "rotation": 90, "texture": "#0"},
				"down": {"uv": [0, 15.5, 0.5, 16], "rotation": 90, "texture": "#0"}
			}
		},
		{
			"from": [7.88, 3.417, 8.12],
			"to": [8.12, 5.023, 10.54],
			"faces": {
				"north": {"uv": [0, 0, 0.25, 0.25], "texture": "#0"},
				"east": {"uv": [0, 15.5, 0.5, 16], "rotation": 90, "texture": "#0"},
				"south": {"uv": [0, 0, 0.25, 0.25], "rotation": 180, "texture": "#0"},
				"west": {"uv": [0, 15.5, 0.5, 16], "rotation": 90, "texture": "#0"},
				"up": {"uv": [0, 15.5, 0.5, 16], "rotation": 90, "texture": "#0"},
				"down": {"uv": [0, 15.5, 0.5, 16], "rotation": 90, "texture": "#0"}
			}
		},
		{
			"from": [7.78, 3.45, 8.12],
			"to": [8.22, 4.99, 10.54],
			"rotation": {"angle": 22.5, "axis": "z", "origin": [8, 4.22, 9.33]},
			"faces": {
				"north": {"uv": [0, 0, 0.25, 0.25], "texture": "#0"},
				"east": {"uv": [0, 15.5, 0.5, 16], "rotation": 90, "texture": "#0"},
				"south": {"uv": [0, 0, 0.25, 0.25], "rotation": 180, "texture": "#0"},
				"west": {"uv": [0, 15.5, 0.5, 16], "rotation": 90, "texture": "#0"},
				"up": {"uv": [0, 15.5, 0.5, 16], "rotation": 90, "texture": "#0"},
				"down": {"uv": [0, 15.5, 0.5, 16], "rotation": 90, "texture": "#0"}
			}
		},
		{
			"from": [7.78, 3.45, 8.12],
			"to": [8.22, 4.99, 10.54],
			"rotation": {"angle": -22.5, "axis": "z", "origin": [8, 4.22, 9.33]},
			"faces": {
				"north": {"uv": [0, 0, 0.25, 0.25], "texture": "#0"},
				"east": {"uv": [0, 15.5, 0.5, 16], "rotation": 90, "texture": "#0"},
				"south": {"uv": [0, 0, 0.25, 0.25], "rotation": 180, "texture": "#0"},
				"west": {"uv": [0, 15.5, 0.5, 16], "rotation": 90, "texture": "#0"},
				"up": {"uv": [0, 15.5, 0.5, 16], "rotation": 90, "texture": "#0"},
				"down": {"uv": [0, 15.5, 0.5, 16], "rotation": 90, "texture": "#0"}
			}
		},
		{
			"from": [7.835, 3.56, 8.109],
			"to": [8.135, 3.86, 10.551],
			"rotation": {"angle": 45, "axis": "z", "origin": [8, 3.725, 8.12]},
			"faces": {
				"north": {"uv": [10.5, 10, 10.75, 10.25], "rotation": 270, "texture": "#0"},
				"east": {"uv": [0, 0, 2.25, 2.25], "rotation": 90, "texture": "#0"},
				"south": {"uv": [10.5, 10, 10.75, 10.25], "rotation": 270, "texture": "#0"},
				"west": {"uv": [0, 0, 2.25, 2.25], "rotation": 90, "texture": "#0"},
				"up": {"uv": [0, 0, 2.25, 2.25], "texture": "#0"},
				"down": {"uv": [0, 0, 2.25, 2.25], "rotation": 180, "texture": "#0"}
			}
		},
		{
			"from": [8.275, 3.835, 8.109],
			"to": [8.575, 4.135, 10.551],
			"rotation": {"angle": 45, "axis": "z", "origin": [8.44, 3.945, 8.12]},
			"faces": {
				"north": {"uv": [10.5, 10, 10.75, 10.25], "rotation": 270, "texture": "#0"},
				"east": {"uv": [0, 0, 2.25, 2.25], "rotation": 90, "texture": "#0"},
				"south": {"uv": [10.5, 10, 10.75, 10.25], "rotation": 270, "texture": "#0"},
				"west": {"uv": [0, 0, 2.25, 2.25], "rotation": 90, "texture": "#0"},
				"up": {"uv": [0, 0, 2.25, 2.25], "texture": "#0"},
				"down": {"uv": [0, 0, 2.25, 2.25], "rotation": 180, "texture": "#0"}
			}
		},
		{
			"from": [7.45, 3.78, 8.109],
			"to": [7.75, 4.08, 10.551],
			"rotation": {"angle": 45, "axis": "z", "origin": [7.56, 3.945, 8.12]},
			"faces": {
				"north": {"uv": [10.5, 10, 10.75, 10.25], "rotation": 270, "texture": "#0"},
				"east": {"uv": [0, 0, 2.25, 2.25], "rotation": 90, "texture": "#0"},
				"south": {"uv": [10.5, 10, 10.75, 10.25], "rotation": 270, "texture": "#0"},
				"west": {"uv": [0, 0, 2.25, 2.25], "rotation": 90, "texture": "#0"},
				"up": {"uv": [0, 0, 2.25, 2.25], "texture": "#0"},
				"down": {"uv": [0, 0, 2.25, 2.25], "rotation": 180, "texture": "#0"}
			}
		},
		{
			"from": [13.335, 6.805, 8.109],
			"to": [13.635, 7.105, 10.551],
			"rotation": {"angle": -45, "axis": "z", "origin": [7.56, 12.855, 8.12]},
			"faces": {
				"north": {"uv": [10.75, 10, 10.5, 10.25], "rotation": 270, "texture": "#0"},
				"east": {"uv": [2.25, 0, 0, 2.25], "rotation": 90, "texture": "#0"},
				"south": {"uv": [10.5, 10, 10.75, 10.25], "rotation": 270, "texture": "#0"},
				"west": {"uv": [2.25, 0, 0, 2.25], "rotation": 90, "texture": "#0"},
				"up": {"uv": [0, 2.25, 2.25, 0], "rotation": 180, "texture": "#0"},
				"down": {"uv": [0, 2.25, 2.25, 0], "texture": "#0"}
			}
		},
		{
			"from": [13.72, 7.025, 8.109],
			"to": [14.02, 7.325, 10.551],
			"rotation": {"angle": -45, "axis": "z", "origin": [8, 13.075, 8.12]},
			"faces": {
				"north": {"uv": [10.75, 10, 10.5, 10.25], "rotation": 270, "texture": "#0"},
				"east": {"uv": [2.25, 0, 0, 2.25], "rotation": 90, "texture": "#0"},
				"south": {"uv": [10.5, 10, 10.75, 10.25], "rotation": 270, "texture": "#0"},
				"west": {"uv": [2.25, 0, 0, 2.25], "rotation": 90, "texture": "#0"},
				"up": {"uv": [0, 2.25, 2.25, 0], "rotation": 180, "texture": "#0"},
				"down": {"uv": [0, 2.25, 2.25, 0], "texture": "#0"}
			}
		},
		{
			"from": [14.16, 6.75, 8.109],
			"to": [14.46, 7.05, 10.551],
			"rotation": {"angle": -45, "axis": "z", "origin": [8.44, 12.855, 8.12]},
			"faces": {
				"north": {"uv": [10.75, 10, 10.5, 10.25], "rotation": 270, "texture": "#0"},
				"east": {"uv": [2.25, 0, 0, 2.25], "rotation": 90, "texture": "#0"},
				"south": {"uv": [10.5, 10, 10.75, 10.25], "rotation": 270, "texture": "#0"},
				"west": {"uv": [2.25, 0, 0, 2.25], "rotation": 90, "texture": "#0"},
				"up": {"uv": [0, 2.25, 2.25, 0], "rotation": 180, "texture": "#0"},
				"down": {"uv": [0, 2.25, 2.25, 0], "texture": "#0"}
			}
		},
		{
			"from": [7.85, 4.05, 7.9],
			"to": [8.15, 4.35, 10.6],
			"faces": {
				"north": {"uv": [0, 0, 0.25, 0.25], "rotation": 270, "texture": "#0"},
				"east": {"uv": [0, 15.5, 0.5, 16], "rotation": 90, "texture": "#0"},
				"south": {"uv": [0, 0, 0.25, 0.25], "rotation": 270, "texture": "#0"},
				"west": {"uv": [0, 15.5, 0.5, 16], "rotation": 90, "texture": "#0"},
				"up": {"uv": [0, 15.5, 0.5, 16], "rotation": 90, "texture": "#0"},
				"down": {"uv": [0, 15.5, 0.5, 16], "rotation": 90, "texture": "#0"}
			}
		},
		{
			"from": [13.3, 6.55, 1.69],
			"to": [13.7, 6.95, 1.71],
			"rotation": {"angle": -45, "axis": "z", "origin": [8, 12.25, 8.2]},
			"faces": {
				"north": {"uv": [10.75, 10, 10.5, 10.25], "rotation": 270, "texture": "#0"},
				"east": {"uv": [2.25, 0, 0, 2.25], "rotation": 90, "texture": "#0"},
				"west": {"uv": [2.25, 0, 0, 2.25], "rotation": 90, "texture": "#0"},
				"up": {"uv": [0, 2.25, 2.25, 0], "rotation": 180, "texture": "#0"},
				"down": {"uv": [0, 2.25, 2.25, 0], "texture": "#0"}
			}
		},
		{
			"from": [7.88, 3.417, 8.12],
			"to": [8.12, 5.023, 10.54],
			"rotation": {"angle": 45, "axis": "z", "origin": [8, 4.22, 9.33]},
			"faces": {
				"north": {"uv": [0, 0, 0.25, 0.25], "texture": "#0"},
				"east": {"uv": [0, 15.5, 0.5, 16], "rotation": 90, "texture": "#0"},
				"south": {"uv": [0, 0, 0.25, 0.25], "rotation": 180, "texture": "#0"},
				"west": {"uv": [0, 15.5, 0.5, 16], "rotation": 90, "texture": "#0"},
				"up": {"uv": [0, 15.5, 0.5, 16], "rotation": 90, "texture": "#0"},
				"down": {"uv": [0, 15.5, 0.5, 16], "rotation": 90, "texture": "#0"}
			}
		},
		{
			"from": [7.197, 4.1, 8.12],
			"to": [8.803, 4.34, 10.54],
			"rotation": {"angle": 45, "axis": "z", "origin": [8, 4.22, 9.33]},
			"faces": {
				"north": {"uv": [0, 0, 0.25, 0.25], "rotation": 90, "texture": "#0"},
				"east": {"uv": [0, 15.5, 0.5, 16], "texture": "#0"},
				"south": {"uv": [0, 0, 0.25, 0.25], "rotation": 90, "texture": "#0"},
				"west": {"uv": [0, 15.5, 0.5, 16], "rotation": 180, "texture": "#0"},
				"up": {"uv": [0, 15.5, 0.5, 16], "texture": "#0"},
				"down": {"uv": [0, 15.5, 0.5, 16], "texture": "#0"}
			}
		},
		{
			"from": [7.9, 5.3, 10.75],
			"to": [8.1, 5.31, 11.4],
			"faces": {
				"north": {"uv": [8.5, 8.25, 10.75, 10.5], "texture": "#0"},
				"east": {"uv": [8.5, 8.25, 10.75, 10.5], "texture": "#0"},
				"south": {"uv": [8.5, 8.25, 10.75, 10.5], "texture": "#0"},
				"west": {"uv": [8.5, 8.25, 10.75, 10.5], "texture": "#0"},
				"up": {"uv": [8.5, 8.25, 10.75, 10.5], "texture": "#0"},
				"down": {"uv": [8.5, 8.25, 10.75, 10.5], "texture": "#0"}
			}
		},
		{
			"from": [7.85, 5.2, 11.35],
			"to": [8.15, 5.31, 11.45],
			"faces": {
				"north": {"uv": [8.5, 8.25, 10.75, 10.5], "texture": "#0"},
				"east": {"uv": [8.5, 8.25, 10.75, 10.5], "texture": "#0"},
				"south": {"uv": [8.5, 8.25, 10.75, 10.5], "texture": "#0"},
				"west": {"uv": [8.5, 8.25, 10.75, 10.5], "texture": "#0"},
				"up": {"uv": [8.5, 8.25, 10.75, 10.5], "texture": "#0"},
				"down": {"uv": [8.5, 8.25, 10.75, 10.5], "texture": "#0"}
			}
		},
		{
			"from": [7.85, 5.3, 11.35],
			"to": [7.95, 5.35, 11.45],
			"faces": {
				"north": {"uv": [8.5, 8.25, 10.75, 10.5], "texture": "#0"},
				"east": {"uv": [8.5, 8.25, 10.75, 10.5], "texture": "#0"},
				"south": {"uv": [8.5, 8.25, 10.75, 10.5], "texture": "#0"},
				"west": {"uv": [8.5, 8.25, 10.75, 10.5], "texture": "#0"},
				"up": {"uv": [8.5, 8.25, 10.75, 10.5], "texture": "#0"},
				"down": {"uv": [8.5, 8.25, 10.75, 10.5], "texture": "#0"}
			}
		},
		{
			"from": [8.05, 5.3, 11.35],
			"to": [8.15, 5.35, 11.45],
			"faces": {
				"north": {"uv": [8.5, 8.25, 10.75, 10.5], "texture": "#0"},
				"east": {"uv": [8.5, 8.25, 10.75, 10.5], "texture": "#0"},
				"south": {"uv": [8.5, 8.25, 10.75, 10.5], "texture": "#0"},
				"west": {"uv": [8.5, 8.25, 10.75, 10.5], "texture": "#0"},
				"up": {"uv": [8.5, 8.25, 10.75, 10.5], "texture": "#0"},
				"down": {"uv": [8.5, 8.25, 10.75, 10.5], "texture": "#0"}
			}
		},
		{
			"from": [7.8, 5.2, 1.9],
			"to": [8.2, 5.25, 11.4],
			"faces": {
				"north": {"uv": [1.75, 0.75, 2.11, 0.85], "rotation": 180, "texture": "#0"},
				"east": {"uv": [0, 0, 8, 0.1], "texture": "#0"},
				"south": {"uv": [0, 0, 0.36, 0.1], "texture": "#0"},
				"west": {"uv": [0, 0, 8, 0.1], "texture": "#0"},
				"up": {"uv": [0, 0, 0.36, 8.5], "texture": "#0"},
				"down": {"uv": [0, 0, 2.25, 2.25], "rotation": 180, "texture": "#0"}
			}
		},
		{
			"from": [7.16488, 4.144, 10.7248],
			"to": [8.83512, 4.3936, 10.8496],
			"rotation": {"angle": 45, "axis": "z", "origin": [8, 4.2688, 9.4872]},
			"faces": {
				"north": {"uv": [0, 0, 0.25, 0.25], "rotation": 90, "texture": "#0"},
				"east": {"uv": [0, 15.5, 0.5, 16], "texture": "#0"},
				"south": {"uv": [0, 0, 0.25, 0.25], "rotation": 90, "texture": "#0"},
				"west": {"uv": [0, 15.5, 0.5, 16], "rotation": 180, "texture": "#0"},
				"up": {"uv": [0, 15.5, 0.5, 16], "texture": "#0"},
				"down": {"uv": [0, 15.5, 0.5, 16], "texture": "#0"}
			}
		},
		{
			"from": [7.1992, 4.04, 10.7248],
			"to": [8.8008, 4.4976, 10.8496],
			"rotation": {"angle": 22.5, "axis": "z", "origin": [8, 4.2688, 9.4872]},
			"faces": {
				"north": {"uv": [0, 0, 0.25, 0.25], "rotation": 270, "texture": "#0"},
				"east": {"uv": [0, 15.5, 0.5, 16], "rotation": 90, "texture": "#0"},
				"south": {"uv": [0, 0, 0.25, 0.25], "rotation": 270, "texture": "#0"},
				"west": {"uv": [0, 15.5, 0.5, 16], "rotation": 90, "texture": "#0"},
				"up": {"uv": [0, 15.5, 0.5, 16], "rotation": 90, "texture": "#0"},
				"down": {"uv": [0, 15.5, 0.5, 16], "rotation": 90, "texture": "#0"}
			}
		},
		{
			"from": [7.168, 4.144, 10.7248],
			"to": [8.832, 4.3936, 10.8496],
			"faces": {
				"north": {"uv": [0, 0, 0.25, 0.25], "rotation": 270, "texture": "#0"},
				"east": {"uv": [0, 15.5, 0.5, 16], "rotation": 90, "texture": "#0"},
				"south": {"uv": [0, 0, 0.25, 0.25], "rotation": 270, "texture": "#0"},
				"west": {"uv": [0, 15.5, 0.5, 16], "rotation": 90, "texture": "#0"},
				"up": {"uv": [0, 15.5, 0.5, 16], "rotation": 90, "texture": "#0"},
				"down": {"uv": [0, 15.5, 0.5, 16], "rotation": 90, "texture": "#0"}
			}
		},
		{
			"from": [7.1992, 4.04, 10.7248],
			"to": [8.8008, 4.4976, 10.8496],
			"rotation": {"angle": -22.5, "axis": "z", "origin": [8, 4.2688, 9.4872]},
			"faces": {
				"north": {"uv": [0, 0, 0.25, 0.25], "rotation": 270, "texture": "#0"},
				"east": {"uv": [0, 15.5, 0.5, 16], "rotation": 90, "texture": "#0"},
				"south": {"uv": [0, 0, 0.25, 0.25], "rotation": 270, "texture": "#0"},
				"west": {"uv": [0, 15.5, 0.5, 16], "rotation": 90, "texture": "#0"},
				"up": {"uv": [0, 15.5, 0.5, 16], "rotation": 90, "texture": "#0"},
				"down": {"uv": [0, 15.5, 0.5, 16], "rotation": 90, "texture": "#0"}
			}
		},
		{
			"from": [7.8752, 3.43368, 10.7248],
			"to": [8.1248, 5.10392, 10.8496],
			"rotation": {"angle": 45, "axis": "z", "origin": [8, 4.2688, 9.4872]},
			"faces": {
				"north": {"uv": [0, 0, 0.25, 0.25], "texture": "#0"},
				"east": {"uv": [0, 15.5, 0.5, 16], "rotation": 90, "texture": "#0"},
				"south": {"uv": [0, 0, 0.25, 0.25], "rotation": 180, "texture": "#0"},
				"west": {"uv": [0, 15.5, 0.5, 16], "rotation": 90, "texture": "#0"},
				"up": {"uv": [0, 15.5, 0.5, 16], "rotation": 90, "texture": "#0"},
				"down": {"uv": [0, 15.5, 0.5, 16], "rotation": 90, "texture": "#0"}
			}
		},
		{
			"from": [7.7712, 3.468, 10.7248],
			"to": [8.2288, 5.0696, 10.8496],
			"rotation": {"angle": -22.5, "axis": "z", "origin": [8, 4.2688, 9.4872]},
			"faces": {
				"north": {"uv": [0, 0, 0.25, 0.25], "texture": "#0"},
				"east": {"uv": [0, 15.5, 0.5, 16], "rotation": 90, "texture": "#0"},
				"south": {"uv": [0, 0, 0.25, 0.25], "rotation": 180, "texture": "#0"},
				"west": {"uv": [0, 15.5, 0.5, 16], "rotation": 90, "texture": "#0"},
				"up": {"uv": [0, 15.5, 0.5, 16], "rotation": 90, "texture": "#0"},
				"down": {"uv": [0, 15.5, 0.5, 16], "rotation": 90, "texture": "#0"}
			}
		},
		{
			"from": [7.7712, 3.468, 10.7248],
			"to": [8.2288, 5.0696, 10.8496],
			"rotation": {"angle": 22.5, "axis": "z", "origin": [8, 4.2688, 9.4872]},
			"faces": {
				"north": {"uv": [0, 0, 0.25, 0.25], "texture": "#0"},
				"east": {"uv": [0, 15.5, 0.5, 16], "rotation": 90, "texture": "#0"},
				"south": {"uv": [0, 0, 0.25, 0.25], "rotation": 180, "texture": "#0"},
				"west": {"uv": [0, 15.5, 0.5, 16], "rotation": 90, "texture": "#0"},
				"up": {"uv": [0, 15.5, 0.5, 16], "rotation": 90, "texture": "#0"},
				"down": {"uv": [0, 15.5, 0.5, 16], "rotation": 90, "texture": "#0"}
			}
		},
		{
			"from": [7.8752, 3.43368, 10.7248],
			"to": [8.1248, 5.10392, 10.8496],
			"faces": {
				"north": {"uv": [0, 0, 0.25, 0.25], "texture": "#0"},
				"east": {"uv": [0, 15.5, 0.5, 16], "rotation": 90, "texture": "#0"},
				"south": {"uv": [0, 0, 0.25, 0.25], "rotation": 180, "texture": "#0"},
				"west": {"uv": [0, 15.5, 0.5, 16], "rotation": 90, "texture": "#0"},
				"up": {"uv": [0, 15.5, 0.5, 16], "rotation": 90, "texture": "#0"},
				"down": {"uv": [0, 15.5, 0.5, 16], "rotation": 90, "texture": "#0"}
			}
		},
		{
			"from": [7.368, 4.144, 10.8248],
			"to": [7.832, 4.3936, 11.1496],
			"faces": {
				"north": {"uv": [0, 0, 0.25, 0.25], "rotation": 270, "texture": "#0"},
				"east": {"uv": [0, 15.5, 0.5, 16], "rotation": 90, "texture": "#0"},
				"south": {"uv": [0, 0, 0.25, 0.25], "rotation": 270, "texture": "#0"},
				"west": {"uv": [0, 15.5, 0.5, 16], "rotation": 90, "texture": "#0"},
				"up": {"uv": [0, 15.5, 0.5, 16], "rotation": 90, "texture": "#0"},
				"down": {"uv": [0, 15.5, 0.5, 16], "rotation": 90, "texture": "#0"}
			}
		},
		{
			"from": [7.268, 4.044, 11.1248],
			"to": [7.632, 4.4936, 11.3496],
			"faces": {
				"north": {"uv": [0, 0, 0.25, 0.25], "rotation": 270, "texture": "#0"},
				"east": {"uv": [0, 15.5, 0.5, 16], "rotation": 90, "texture": "#0"},
				"south": {"uv": [0, 0, 0.25, 0.25], "rotation": 270, "texture": "#0"},
				"west": {"uv": [0, 15.5, 0.5, 16], "rotation": 90, "texture": "#0"},
				"up": {"uv": [0, 15.5, 0.5, 16], "rotation": 90, "texture": "#0"},
				"down": {"uv": [0, 15.5, 0.5, 16], "rotation": 90, "texture": "#0"}
			}
		}
	],
	"display": {
		"thirdperson_righthand": {
			"translation": [0, 4.5, -2],
			"scale": [0.75, 0.75, 0.75]
		},
		"thirdperson_lefthand": {
			"rotation": [0, -15, 0],
			"translation": [-0.5, 4.5, -2],
			"scale": [0.75, 0.75, 0.75]
		},
		"firstperson_righthand": {
			"rotation": [6, 3, 0],
			"translation": [8, 8.5, 3.5],
			"scale": [0.75, 0.75, 0.75]
		},
		"firstperson_lefthand": {
			"rotation": [6, 3, 0],
			"translation": [8, 8.5, 3.5],
			"scale": [0.75, 0.75, 0.75]
		},
		"ground": {
			"translation": [0, 4, 0],
			"scale": [0.75, 0.75, 0.75]
		},
		"gui": {
			"rotation": [90, 50, -90],
			"translation": [2.75, 4, 0]
		},
		"fixed": {
			"rotation": [90, 50, -90],
			"translation": [2.5, 4, 0]
		}
	}
}