{
	"credit": "Made with Blockbench",
	"textures": {
		"2": "block/black_concrete",
		"3": "block/lime_concrete",
		"4": "block/anvil",
		"particle": "block/anvil"
	},
	"elements": [
		{
			"from": [7.725, 2.1, 9.5],
			"to": [8.275, 2.3, 10.5625],
			"faces": {
				"north": {"uv": [2, 0, 1, 1], "texture": "#2"},
				"east": {"uv": [2, 0, 1, 1], "texture": "#2"},
				"south": {"uv": [2, 0, 1, 1], "texture": "#2"},
				"west": {"uv": [2, 0, 1, 1], "texture": "#2"},
				"up": {"uv": [2, 0, 1, 1], "texture": "#2"},
				"down": {"uv": [2, 0, 1, 1], "texture": "#2"}
			}
		},
		{
			"from": [7.925, 1.7, 8.55],
			"to": [8.075, 1.8, 9.8],
			"faces": {
				"north": {"uv": [2, 0, 1, 1], "texture": "#2"},
				"east": {"uv": [2, 0, 1, 1], "texture": "#2"},
				"south": {"uv": [2, 0, 1, 1], "texture": "#2"},
				"west": {"uv": [2, 0, 1, 1], "texture": "#2"},
				"up": {"uv": [2, 0, 1, 1], "texture": "#2"},
				"down": {"uv": [2, 0, 1, 1], "texture": "#2"}
			}
		},
		{
			"from": [7.93125, 2.3, 9.4],
			"to": [8.06875, 2.6, 9.5],
			"rotation": {"angle": 22.5, "axis": "x", "origin": [8, 2.25, 9.05]},
			"faces": {
				"north": {"uv": [0, 0.3, 0.2, 0], "rotation": 90, "texture": "#4"},
				"east": {"uv": [0, 0.3, 0.1, 0], "rotation": 90, "texture": "#4"},
				"south": {"uv": [0, 0.3, 0.2, 0], "rotation": 90, "texture": "#4"},
				"west": {"uv": [0, 0.3, 0.1, 0], "rotation": 90, "texture": "#4"},
				"up": {"uv": [0, 0.1, 0.2, 0], "rotation": 90, "texture": "#4"},
				"down": {"uv": [0, 0.1, 0.2, 0], "rotation": 90, "texture": "#4"}
			}
		},
		{
			"from": [7.925, 1.75, 8.55625],
			"to": [8.075, 2.35, 8.65625],
			"faces": {
				"north": {"uv": [2, 0, 1, 1], "rotation": 270, "texture": "#2"},
				"east": {"uv": [2, 0, 1, 1], "rotation": 270, "texture": "#2"},
				"south": {"uv": [2, 0, 1, 1], "rotation": 270, "texture": "#2"},
				"west": {"uv": [2, 0, 1, 1], "texture": "#2"},
				"up": {"uv": [2, 0, 1, 1], "rotation": 270, "texture": "#2"},
				"down": {"uv": [2, 0, 1, 1], "rotation": 270, "texture": "#2"}
			}
		},
		{
			"from": [7.725, 2.3, 7.75],
			"to": [8.275, 2.545, 9.9],
			"faces": {
				"north": {"uv": [2, 0, 1, 1], "texture": "#2"},
				"east": {"uv": [2, 0, 1, 1], "texture": "#2"},
				"south": {"uv": [2, 0, 1, 1], "texture": "#2"},
				"west": {"uv": [2, 0, 1, 1], "texture": "#2"},
				"up": {"uv": [2, 0, 1, 1], "texture": "#2"},
				"down": {"uv": [2, 0, 1, 1], "texture": "#2"}
			}
		},
		{
			"name": "Отверстие",
			"from": [7.97813, 2.75313, 6.49],
			"to": [8.19688, 2.97188, 7.5],
			"rotation": {"angle": -45, "axis": "z", "origin": [8, 2.95, 5.195]},
			"faces": {
				"north": {"uv": [6.19978, 7, 6, 7.19978], "texture": "#2"},
				"east": {"uv": [6.19978, 7, 6, 7.19978], "texture": "#2"},
				"south": {"uv": [6.19978, 7, 6, 7.19978], "texture": "#2"},
				"west": {"uv": [6.19978, 7, 6, 7.19978], "texture": "#2"},
				"up": {"uv": [6.19978, 7, 6, 7.19978], "texture": "#2"},
				"down": {"uv": [6.19978, 7, 6, 7.19978], "texture": "#2"}
			}
		},
		{
			"from": [7.765, 0.5, 10.3],
			"to": [8.235, 2.6125, 11.1875],
			"rotation": {"angle": -22.5, "axis": "x", "origin": [8, 0.5, 10.5]},
			"faces": {
				"north": {"uv": [7, 4, 7.88728, 6.11161], "texture": "#2"},
				"east": {"uv": [7, 4, 7.88728, 6.11161], "texture": "#2"},
				"south": {"uv": [7, 4, 7.88728, 6.11161], "texture": "#2"},
				"west": {"uv": [7, 4, 7.88728, 6.11161], "texture": "#2"},
				"up": {"uv": [7, 4, 7.88728, 6.11161], "texture": "#2"},
				"down": {"uv": [7, 4, 7.88728, 6.11161], "texture": "#2"}
			}
		},
		{
			"from": [7.93125, 1.86215, 9.19302],
			"to": [8.06875, 2.16215, 9.29302],
			"rotation": {"angle": 45, "axis": "x", "origin": [8, 1.91215, 9.34302]},
			"faces": {
				"north": {"uv": [0, 0.3, 0.2, 0], "rotation": 90, "texture": "#4"},
				"east": {"uv": [0, 0.3, 0.1, 0], "rotation": 90, "texture": "#4"},
				"south": {"uv": [0, 0.3, 0.2, 0], "rotation": 90, "texture": "#4"},
				"west": {"uv": [0, 0.3, 0.1, 0], "rotation": 90, "texture": "#4"},
				"up": {"uv": [0, 0.1, 0.2, 0], "rotation": 90, "texture": "#4"},
				"down": {"uv": [0, 0.1, 0.2, 0], "rotation": 90, "texture": "#4"}
			}
		},
		{
			"from": [7.7625, 2.6, 7.35],
			"to": [8.2375, 3.0375, 9.0125],
			"faces": {
				"north": {"uv": [8, 1, 7, 2], "texture": "#4"},
				"east": {"uv": [8, 1, 7, 2], "texture": "#4"},
				"south": {"uv": [2, 1, 1, 2], "texture": "#4"},
				"west": {"uv": [8, 1, 7, 2], "texture": "#4"},
				"up": {"uv": [8, 1, 7, 2], "texture": "#4"},
				"down": {"uv": [2, 1, 1, 2], "texture": "#4"}
			}
		},
		{
			"from": [7.725, 2.575, 7.1875],
			"to": [7.775, 3.025, 11.2875],
			"faces": {
				"north": {"uv": [0.05, 0, 0, 0.45], "texture": "#4"},
				"east": {"uv": [4.1, 0, 0, 0.45], "texture": "#4"},
				"south": {"uv": [0.05, 0, 0, 0.45], "texture": "#4"},
				"west": {"uv": [2, 0, 1, 1], "texture": "#4"},
				"up": {"uv": [0.05, 0, 0, 4.1], "texture": "#4"},
				"down": {"uv": [0.05, 0, 0, 4.1], "texture": "#4"}
			}
		},
		{
			"from": [8.225, 2.575, 7.1875],
			"to": [8.275, 2.875, 11.2875],
			"faces": {
				"north": {"uv": [0.05, 0, 0, 0.3], "texture": "#4"},
				"east": {"uv": [2, 0, 1, 1], "texture": "#4"},
				"south": {"uv": [0.05, 0, 0, 0.3], "texture": "#4"},
				"west": {"uv": [4.1, 0, 0, 0.3], "texture": "#4"},
				"up": {"uv": [0.05, 0, 0, 4.1], "texture": "#4"},
				"down": {"uv": [0.05, 0, 0, 4.1], "texture": "#4"}
			}
		},
		{
			"from": [7.775, 2.575, 7.1875],
			"to": [8.225, 3.025, 7.2375],
			"faces": {
				"north": {"uv": [2, 0, 1, 1], "texture": "#4"},
				"east": {"uv": [0.05, 0, 0, 0.45], "texture": "#4"},
				"south": {"uv": [0.7, 0, 0, 0.45], "texture": "#4"},
				"west": {"uv": [0.05, 0, 0, 0.45], "texture": "#4"},
				"up": {"uv": [0.7, 0, 0, 0.05], "texture": "#4"},
				"down": {"uv": [0.7, 0, 0, 0.05], "texture": "#4"}
			}
		},
		{
			"from": [7.775, 2.6375, 11.2375],
			"to": [8.225, 3.025, 11.2875],
			"faces": {
				"north": {"uv": [0.7, 0, 0, 0.45], "texture": "#4"},
				"east": {"uv": [0.05, 0, 0, 0.45], "texture": "#4"},
				"south": {"uv": [0.7, 0, 0, 0.45], "texture": "#4"},
				"west": {"uv": [0.05, 0, 0, 0.45], "texture": "#4"},
				"up": {"uv": [0.7, 0, 0, 0.05], "texture": "#4"},
				"down": {"uv": [0.7, 0, 0, 0.05], "texture": "#4"}
			}
		},
		{
			"from": [8.225, 2.875, 7.1875],
			"to": [8.275, 3.025, 8.9875],
			"faces": {
				"north": {"uv": [0.05, 0, 0, 0.15], "texture": "#4"},
				"east": {"uv": [2, 0, 1, 1], "texture": "#4"},
				"south": {"uv": [0.05, 0, 0, 0.15], "texture": "#4"},
				"west": {"uv": [1.8, 0, 0, 0.15], "texture": "#4"},
				"up": {"uv": [0.05, 0, 0, 1.8], "texture": "#4"},
				"down": {"uv": [0.05, 0, 0, 1.8], "texture": "#4"}
			}
		},
		{
			"from": [7.72813, 3.025, 9.6],
			"to": [8.275, 3.075, 11.2875],
			"faces": {
				"north": {"uv": [0.4, 0, 0, 0.05], "texture": "#4"},
				"east": {"uv": [2, 0, 0, 0.05], "texture": "#4"},
				"south": {"uv": [0.4, 0, 0, 0.05], "texture": "#4"},
				"west": {"uv": [2, 0, 0, 0.05], "texture": "#4"},
				"up": {"uv": [2, 0, 1, 1], "texture": "#4"},
				"down": {"uv": [0.4, 0, 0, 2], "texture": "#4"}
			}
		},
		{
			"from": [8.225, 2.875, 9.6],
			"to": [8.275, 3.025, 11.2875],
			"faces": {
				"north": {"uv": [0.05, 0, 0, 0.15], "texture": "#4"},
				"east": {"uv": [2, 0, 1, 1], "texture": "#4"},
				"south": {"uv": [0.05, 0, 0, 0.15], "texture": "#4"},
				"west": {"uv": [2, 0, 0, 0.15], "texture": "#4"},
				"up": {"uv": [0.05, 0, 0, 2], "texture": "#4"},
				"down": {"uv": [0.05, 0, 0, 2], "texture": "#4"}
			}
		},
		{
			"from": [7.95, 2.975, 7.5875],
			"to": [8.05, 3.225, 7.8875],
			"rotation": {"angle": 45, "axis": "x", "origin": [8, 3.2, 7.6375]},
			"faces": {
				"north": {"uv": [0.1, 0, 0, 0.25], "texture": "#4"},
				"east": {"uv": [0.3, 0, 0, 0.25], "texture": "#4"},
				"south": {"uv": [0.1, 0, 0, 0.25], "texture": "#4"},
				"west": {"uv": [0.3, 0, 0, 0.25], "texture": "#4"},
				"up": {"uv": [0.1, 0, 0, 0.3], "texture": "#4"},
				"down": {"uv": [0.1, 0, 0, 0.3], "texture": "#4"}
			}
		},
		{
			"from": [7.8, 2.975, 10.8875],
			"to": [8.2, 3.125, 10.9875],
			"faces": {
				"north": {"uv": [0.4, 0, 0, 0.15], "texture": "#4"},
				"east": {"uv": [0.1, 0, 0, 0.15], "texture": "#4"},
				"south": {"uv": [0.4, 0, 0, 0.15], "texture": "#4"},
				"west": {"uv": [0.1, 0, 0, 0.15], "texture": "#4"},
				"up": {"uv": [0.4, 0, 0, 0.1], "texture": "#4"},
				"down": {"uv": [0.4, 0, 0, 0.1], "texture": "#4"}
			}
		},
		{
			"from": [7.675, 2.5, 9.7],
			"to": [8.325, 2.7, 10],
			"faces": {
				"north": {"uv": [15, 6, 14, 7], "texture": "#4"},
				"east": {"uv": [15, 6, 14, 7], "texture": "#4"},
				"south": {"uv": [15, 6, 14, 7], "texture": "#4"},
				"west": {"uv": [15, 6, 14, 7], "texture": "#4"},
				"up": {"uv": [15, 6, 14, 7], "texture": "#4"},
				"down": {"uv": [15, 6, 14, 7], "texture": "#4"}
			}
		},
		{
			"from": [7.715, 2.2625, 11.1875],
			"to": [8.285, 2.665, 11.2375],
			"rotation": {"angle": -22.5, "axis": "x", "origin": [8, 2.36, 10.1125]},
			"faces": {
				"north": {"uv": [2, 0, 1, 1], "texture": "#4"},
				"east": {"uv": [2, 0, 1, 1], "texture": "#4"},
				"south": {"uv": [0.8, 0, 0, 0.37], "texture": "#4"},
				"west": {"uv": [2, 0, 1, 1], "texture": "#4"},
				"up": {"uv": [0.8, 0, 0, 4.1], "texture": "#4"},
				"down": {"uv": [0.8, 0, 0, 4.1], "texture": "#4"}
			}
		},
		{
			"from": [7.705, 2.3, 9.9],
			"to": [8.295, 2.67, 10.58438],
			"faces": {
				"north": {"uv": [2, 0, 1, 1], "texture": "#2"},
				"east": {"uv": [2, 0, 1, 1], "texture": "#2"},
				"south": {"uv": [2, 0, 1, 1], "texture": "#2"},
				"west": {"uv": [2, 0, 1, 1], "texture": "#2"},
				"up": {"uv": [2, 0, 1, 1], "texture": "#2"},
				"down": {"uv": [2, 0, 1, 1], "texture": "#2"}
			}
		},
		{
			"from": [7.825, 2.5375, 6.6],
			"to": [8.175, 2.6, 10.45],
			"faces": {
				"north": {"uv": [8, 1, 7, 2], "texture": "#4"},
				"east": {"uv": [8, 1, 7, 2], "texture": "#4"},
				"south": {"uv": [2, 1, 1, 2], "texture": "#4"},
				"west": {"uv": [8, 1, 7, 2], "texture": "#4"},
				"up": {"uv": [8, 1, 7, 2], "texture": "#4"},
				"down": {"uv": [2, 1, 1, 2], "texture": "#4"}
			}
		},
		{
			"from": [7.7875, 2.3, 6.5625],
			"to": [8.2125, 2.545, 7.775],
			"faces": {
				"north": {"uv": [2, 0, 1, 1], "texture": "#4"},
				"east": {"uv": [2, 0, 1, 1], "texture": "#4"},
				"south": {"uv": [0.8, 0, 0, 0.37], "texture": "#4"},
				"west": {"uv": [2, 0, 1, 1], "texture": "#4"},
				"up": {"uv": [0.8, 0, 0, 4.1], "texture": "#4"},
				"down": {"uv": [0.8, 0, 0, 4.1], "texture": "#4"}
			}
		},
		{
			"from": [7.72813, 3.025, 7.19375],
			"to": [8.275, 3.075, 8.99063],
			"faces": {
				"north": {"uv": [0.4, 0, 0, 0.05], "texture": "#4"},
				"east": {"uv": [2, 0, 0, 0.05], "texture": "#4"},
				"south": {"uv": [0.4, 0, 0, 0.05], "texture": "#4"},
				"west": {"uv": [2, 0, 0, 0.05], "texture": "#4"},
				"up": {"uv": [2, 0, 1, 1], "texture": "#4"},
				"down": {"uv": [0.4, 0, 0, 2], "texture": "#4"}
			}
		},
		{
			"from": [7.72813, 3.025, 8.94375],
			"to": [7.9625, 3.075, 9.61563],
			"faces": {
				"north": {"uv": [0.4, 0, 0, 0.05], "texture": "#4"},
				"east": {"uv": [2, 0, 0, 0.05], "texture": "#4"},
				"south": {"uv": [0.4, 0, 0, 0.05], "texture": "#4"},
				"west": {"uv": [2, 0, 0, 0.05], "texture": "#4"},
				"up": {"uv": [2, 0, 1, 1], "texture": "#4"},
				"down": {"uv": [0.4, 0, 0, 2], "texture": "#4"}
			}
		},
		{
			"from": [7.72813, 2.57188, 7.19375],
			"to": [8.275, 2.62188, 11.24063],
			"faces": {
				"north": {"uv": [0.4, 0, 0, 0.05], "texture": "#4"},
				"east": {"uv": [2, 0, 0, 0.05], "texture": "#4"},
				"south": {"uv": [0.4, 0, 0, 0.05], "texture": "#4"},
				"west": {"uv": [2, 0, 0, 0.05], "texture": "#4"},
				"up": {"uv": [2, 0, 1, 1], "texture": "#4"},
				"down": {"uv": [0.4, 0, 0, 2], "texture": "#4"}
			}
		},
		{
			"from": [7.90016, 3.2001, 10.98125],
			"to": [7.93141, 3.23135, 11.00313],
			"faces": {
				"north": {"uv": [0.1, 0, 0, 0.2], "texture": "#3"},
				"east": {"uv": [0.1, 0, 0, 0.2], "texture": "#3"},
				"south": {"uv": [0.1, 0, 0, 0.2], "texture": "#3"},
				"west": {"uv": [0.1, 0, 0, 0.2], "texture": "#3"},
				"up": {"uv": [0.1, 0, 0, 0.2], "texture": "#3"},
				"down": {"uv": [0.1, 0, 0, 0.2], "texture": "#3"}
			}
		},
		{
			"from": [8.05, 3.0375, 10.8875],
			"to": [8.1375, 3.25, 10.9875],
			"faces": {
				"north": {"uv": [0.4, 0, 0, 0.15], "texture": "#4"},
				"east": {"uv": [0.1, 0, 0, 0.15], "texture": "#4"},
				"south": {"uv": [0.4, 0, 0, 0.15], "texture": "#4"},
				"west": {"uv": [0.1, 0, 0, 0.15], "texture": "#4"},
				"up": {"uv": [0.4, 0, 0, 0.1], "texture": "#4"},
				"down": {"uv": [0.4, 0, 0, 0.1], "texture": "#4"}
			}
		},
		{
			"from": [7.8625, 3.0375, 10.8875],
			"to": [7.95, 3.25, 10.9875],
			"faces": {
				"north": {"uv": [0.4, 0, 0, 0.15], "texture": "#4"},
				"east": {"uv": [0.1, 0, 0, 0.15], "texture": "#4"},
				"south": {"uv": [0.4, 0, 0, 0.15], "texture": "#4"},
				"west": {"uv": [0.1, 0, 0, 0.15], "texture": "#4"},
				"up": {"uv": [0.4, 0, 0, 0.1], "texture": "#4"},
				"down": {"uv": [0.4, 0, 0, 0.1], "texture": "#4"}
			}
		},
		{
			"from": [8.07203, 3.2001, 10.98125],
			"to": [8.10328, 3.23135, 11.00313],
			"faces": {
				"north": {"uv": [0.1, 0, 0, 0.2], "texture": "#3"},
				"east": {"uv": [0.1, 0, 0, 0.2], "texture": "#3"},
				"south": {"uv": [0.1, 0, 0, 0.2], "texture": "#3"},
				"west": {"uv": [0.1, 0, 0, 0.2], "texture": "#3"},
				"up": {"uv": [0.1, 0, 0, 0.2], "texture": "#3"},
				"down": {"uv": [0.1, 0, 0, 0.2], "texture": "#3"}
			}
		},
		{
			"from": [7.97828, 3.1376, 7.48125],
			"to": [8.02516, 3.18448, 7.75313],
			"faces": {
				"north": {"uv": [0.1, 0, 0, 0.2], "texture": "#3"},
				"east": {"uv": [0.1, 0, 0, 0.2], "texture": "#3"},
				"south": {"uv": [0.1, 0, 0, 0.2], "texture": "#3"},
				"west": {"uv": [0.1, 0, 0, 0.2], "texture": "#3"},
				"up": {"uv": [0.1, 0, 0, 0.2], "texture": "#3"},
				"down": {"uv": [0.1, 0, 0, 0.2], "texture": "#3"}
			}
		},
		{
			"from": [7.715, 2.30938, 11.0625],
			"to": [8.285, 2.71188, 11.1125],
			"rotation": {"angle": -22.5, "axis": "x", "origin": [8, 2.36, 10.1125]},
			"faces": {
				"north": {"uv": [2, 0, 1, 1], "texture": "#4"},
				"east": {"uv": [2, 0, 1, 1], "texture": "#4"},
				"south": {"uv": [0.8, 0, 0, 0.37], "texture": "#4"},
				"west": {"uv": [2, 0, 1, 1], "texture": "#4"},
				"up": {"uv": [0.8, 0, 0, 4.1], "texture": "#4"},
				"down": {"uv": [0.8, 0, 0, 4.1], "texture": "#4"}
			}
		},
		{
			"from": [7.715, 2.40313, 10.8125],
			"to": [8.285, 2.80563, 10.8625],
			"rotation": {"angle": -22.5, "axis": "x", "origin": [8, 2.36, 10.1125]},
			"faces": {
				"north": {"uv": [2, 0, 1, 1], "texture": "#4"},
				"east": {"uv": [2, 0, 1, 1], "texture": "#4"},
				"south": {"uv": [0.8, 0, 0, 0.37], "texture": "#4"},
				"west": {"uv": [2, 0, 1, 1], "texture": "#4"},
				"up": {"uv": [0.8, 0, 0, 4.1], "texture": "#4"},
				"down": {"uv": [0.8, 0, 0, 4.1], "texture": "#4"}
			}
		},
		{
			"from": [7.715, 2.35625, 10.9375],
			"to": [8.285, 2.75875, 10.9875],
			"rotation": {"angle": -22.5, "axis": "x", "origin": [8, 2.36, 10.1125]},
			"faces": {
				"north": {"uv": [2, 0, 1, 1], "texture": "#4"},
				"east": {"uv": [2, 0, 1, 1], "texture": "#4"},
				"south": {"uv": [0.8, 0, 0, 0.37], "texture": "#4"},
				"west": {"uv": [2, 0, 1, 1], "texture": "#4"},
				"up": {"uv": [0.8, 0, 0, 4.1], "texture": "#4"},
				"down": {"uv": [0.8, 0, 0, 4.1], "texture": "#4"}
			}
		},
		{
			"from": [7.715, 2.45, 10.70313],
			"to": [8.285, 2.8525, 10.75313],
			"rotation": {"angle": -22.5, "axis": "x", "origin": [8, 2.36, 10.1125]},
			"faces": {
				"north": {"uv": [2, 0, 1, 1], "texture": "#4"},
				"east": {"uv": [2, 0, 1, 1], "texture": "#4"},
				"south": {"uv": [0.8, 0, 0, 0.37], "texture": "#4"},
				"west": {"uv": [2, 0, 1, 1], "texture": "#4"},
				"up": {"uv": [0.8, 0, 0, 4.1], "texture": "#4"},
				"down": {"uv": [0.8, 0, 0, 4.1], "texture": "#4"}
			}
		},
		{
			"from": [7.715, 2.49688, 10.57813],
			"to": [8.285, 2.89938, 10.62813],
			"rotation": {"angle": -22.5, "axis": "x", "origin": [8, 2.36, 10.1125]},
			"faces": {
				"north": {"uv": [2, 0, 1, 1], "texture": "#4"},
				"east": {"uv": [2, 0, 1, 1], "texture": "#4"},
				"south": {"uv": [0.8, 0, 0, 0.37], "texture": "#4"},
				"west": {"uv": [2, 0, 1, 1], "texture": "#4"},
				"up": {"uv": [0.8, 0, 0, 4.1], "texture": "#4"},
				"down": {"uv": [0.8, 0, 0, 4.1], "texture": "#4"}
			}
		}
	],
	"display": {
		"thirdperson_righthand": {
			"rotation": [0, -15, 0],
			"translation": [0.5, 9.5, -1.5],
			"scale": [1.5, 1.5, 1.5]
		},
		"thirdperson_lefthand": {
			"translation": [-0.5, 9.5, -1.5],
			"scale": [1.5, 1.5, 1.5]
		},
		"firstperson_righthand": {
			"rotation": [6, 3, 0],
			"translation": [7.5, 11.5, 5]
		},
		"ground": {
			"translation": [0, 4, 0]
		},
		"fixed": {
			"rotation": [90, 50, -90],
			"translation": [7, 10.5, 0],
			"scale": [2, 2, 2]
		},
		"gui": {
			"rotation": [90, 50, -90],
			"translation": [7, 10.5, 0],
			"scale": [2, 2, 2]
		}
	}
}