{
	"credit": "Made with Blockbench",
	"textures": {
		"1": "block/black_concrete",
		"4": "block/anvil",
		"particle": "block/anvil"
	},
	"elements": [
		{
			"from": [7.72813, 3.325, 8.9125],
			"to": [8.72813, 4.075, 12.6],
			"faces": {
				"north": {"uv": [0.4, 0, 0, 0.05], "texture": "#4"},
				"east": {"uv": [2, 0, 0, 0.05], "texture": "#4"},
				"south": {"uv": [0.4, 0, 0, 0.05], "texture": "#4"},
				"west": {"uv": [2, 0, 0, 0.05], "texture": "#4"},
				"up": {"uv": [2, 0, 1, 1], "texture": "#4"},
				"down": {"uv": [0.4, 0, 0, 2], "texture": "#4"}
			}
		},
		{
			"from": [7.72813, 2.575, 5.1],
			"to": [8.72813, 3.325, 12.6],
			"faces": {
				"north": {"uv": [0.4, 0, 0, 0.05], "texture": "#4"},
				"east": {"uv": [2, 0, 0, 0.05], "texture": "#4"},
				"south": {"uv": [0.4, 0, 0, 0.05], "texture": "#4"},
				"west": {"uv": [2, 0, 0, 0.05], "texture": "#4"},
				"up": {"uv": [2, 0, 1, 1], "texture": "#4"},
				"down": {"uv": [0.4, 0, 0, 2], "texture": "#4"}
			}
		},
		{
			"from": [7.72813, 1.075, 8.9125],
			"to": [8.72813, 2.575, 12.6],
			"faces": {
				"north": {"uv": [0.4, 0, 0, 0.05], "texture": "#4"},
				"east": {"uv": [2, 0, 0, 0.05], "texture": "#4"},
				"south": {"uv": [0.4, 0, 0, 0.05], "texture": "#4"},
				"west": {"uv": [2, 0, 0, 0.05], "texture": "#4"},
				"up": {"uv": [2, 0, 1, 1], "texture": "#4"},
				"down": {"uv": [0.4, 0, 0, 2], "texture": "#4"}
			}
		},
		{
			"from": [7.91563, 0.825, 7.1625],
			"to": [8.54063, 2.6375, 9.4125],
			"rotation": {"angle": -22.5, "axis": "x", "origin": [8.22813, 1.825, 8.06875]},
			"faces": {
				"north": {"uv": [0.4, 0, 0, 0.05], "texture": "#4"},
				"east": {"uv": [2, 0, 0, 0.05], "texture": "#4"},
				"south": {"uv": [0.4, 0, 0, 0.05], "texture": "#4"},
				"west": {"uv": [2, 0, 0, 0.05], "texture": "#4"},
				"up": {"uv": [2, 0, 1, 1], "texture": "#4"},
				"down": {"uv": [0.4, 0, 0, 2], "texture": "#4"}
			}
		},
		{
			"from": [7.91563, 0.55938, 5.86563],
			"to": [8.54063, 1.05938, 7.61563],
			"faces": {
				"north": {"uv": [0.4, 0, 0, 0.05], "texture": "#4"},
				"east": {"uv": [2, 0, 0, 0.05], "texture": "#4"},
				"south": {"uv": [0.4, 0, 0, 0.05], "texture": "#4"},
				"west": {"uv": [2, 0, 0, 0.05], "texture": "#4"},
				"up": {"uv": [2, 0, 1, 1], "texture": "#4"},
				"down": {"uv": [0.4, 0, 0, 2], "texture": "#4"}
			}
		},
		{
			"from": [7.91563, 0.2, 7.5375],
			"to": [8.54063, 1.325, 8.1625],
			"rotation": {"angle": 45, "axis": "x", "origin": [8.22813, 1.825, 8.06875]},
			"faces": {
				"north": {"uv": [0.4, 0, 0, 0.05], "texture": "#4"},
				"east": {"uv": [2, 0, 0, 0.05], "texture": "#4"},
				"south": {"uv": [0.4, 0, 0, 0.05], "texture": "#4"},
				"west": {"uv": [2, 0, 0, 0.05], "texture": "#4"},
				"up": {"uv": [2, 0, 1, 1], "texture": "#4"},
				"down": {"uv": [0.4, 0, 0, 2], "texture": "#4"}
			}
		},
		{
			"from": [7.91563, 1.73125, 5.75625],
			"to": [8.54063, 2.48125, 7.69375],
			"rotation": {"angle": 22.5, "axis": "x", "origin": [8.22813, 1.825, 8.06875]},
			"faces": {
				"north": {"uv": [0.4, 0, 0, 2], "rotation": 180, "texture": "#4"},
				"east": {"uv": [2, 0, 0, 0.05], "rotation": 270, "texture": "#4"},
				"south": {"uv": [2, 0, 1, 1], "texture": "#4"},
				"west": {"uv": [2, 0, 0, 0.05], "rotation": 90, "texture": "#4"},
				"up": {"uv": [0.4, 0, 0, 0.05], "rotation": 180, "texture": "#4"},
				"down": {"uv": [0.4, 0, 0, 0.05], "texture": "#4"}
			}
		},
		{
			"from": [7.91563, 0.71563, 4.74062],
			"to": [8.54063, 1.21563, 5.92813],
			"rotation": {"angle": 22.5, "axis": "x", "origin": [8.22813, 0.80938, 5.49063]},
			"faces": {
				"north": {"uv": [0.4, 0, 0, 0.05], "texture": "#4"},
				"east": {"uv": [2, 0, 0, 0.05], "texture": "#4"},
				"south": {"uv": [0.4, 0, 0, 0.05], "texture": "#4"},
				"west": {"uv": [2, 0, 0, 0.05], "texture": "#4"},
				"up": {"uv": [2, 0, 1, 1], "texture": "#4"},
				"down": {"uv": [0.4, 0, 0, 2], "texture": "#4"}
			}
		},
		{
			"from": [7.91563, 1.27813, 4.42812],
			"to": [8.54063, 2.77813, 5.36563],
			"faces": {
				"north": {"uv": [0.4, 0, 0, 0.05], "texture": "#4"},
				"east": {"uv": [2, 0, 0, 0.05], "texture": "#4"},
				"south": {"uv": [0.4, 0, 0, 0.05], "texture": "#4"},
				"west": {"uv": [2, 0, 0, 0.05], "texture": "#4"},
				"up": {"uv": [2, 0, 1, 1], "texture": "#4"},
				"down": {"uv": [0.4, 0, 0, 2], "texture": "#4"}
			}
		},
		{
			"from": [7.91563, 0.99688, 3.86562],
			"to": [8.54063, 1.49688, 5.05312],
			"faces": {
				"north": {"uv": [0.4, 0, 0, 0.05], "texture": "#4"},
				"east": {"uv": [2, 0, 0, 0.05], "texture": "#4"},
				"south": {"uv": [0.4, 0, 0, 0.05], "texture": "#4"},
				"west": {"uv": [2, 0, 0, 0.05], "texture": "#4"},
				"up": {"uv": [2, 0, 1, 1], "texture": "#4"},
				"down": {"uv": [0.4, 0, 0, 2], "texture": "#4"}
			}
		},
		{
			"from": [7.91563, 0.62188, 3.24062],
			"to": [8.54063, 1.49688, 3.86562],
			"faces": {
				"north": {"uv": [0.4, 0, 0, 0.05], "texture": "#4"},
				"east": {"uv": [2, 0, 0, 0.05], "texture": "#4"},
				"south": {"uv": [0.4, 0, 0, 0.05], "texture": "#4"},
				"west": {"uv": [2, 0, 0, 0.05], "texture": "#4"},
				"up": {"uv": [2, 0, 1, 1], "texture": "#4"},
				"down": {"uv": [0.4, 0, 0, 2], "texture": "#4"}
			}
		},
		{
			"from": [7.91563, 0.83342, 2.89251],
			"to": [8.54063, 1.45842, 4.26751],
			"rotation": {"angle": 45, "axis": "x", "origin": [8.22813, 1.95842, 3.50189]},
			"faces": {
				"north": {"uv": [0.4, 0, 0, 0.05], "texture": "#4"},
				"east": {"uv": [2, 0, 0, 0.05], "texture": "#4"},
				"south": {"uv": [0.4, 0, 0, 0.05], "texture": "#4"},
				"west": {"uv": [2, 0, 0, 0.05], "texture": "#4"},
				"up": {"uv": [2, 0, 1, 1], "texture": "#4"},
				"down": {"uv": [0.4, 0, 0, 2], "texture": "#4"}
			}
		},
		{
			"from": [7.91563, 2.09905, 2.23626],
			"to": [8.54063, 2.9428, 2.87689],
			"rotation": {"angle": -22.5, "axis": "x", "origin": [8.22813, 1.95842, 3.50189]},
			"faces": {
				"north": {"uv": [0.4, 0, 0, 2], "rotation": 180, "texture": "#4"},
				"east": {"uv": [2, 0, 0, 0.05], "rotation": 270, "texture": "#4"},
				"south": {"uv": [2, 0, 1, 1], "texture": "#4"},
				"west": {"uv": [2, 0, 0, 0.05], "rotation": 90, "texture": "#4"},
				"up": {"uv": [0.4, 0, 0, 0.05], "rotation": 180, "texture": "#4"},
				"down": {"uv": [0.4, 0, 0, 0.05], "texture": "#4"}
			}
		},
		{
			"from": [7.91563, 2.19671, 2.42674],
			"to": [8.54063, 2.83734, 4.27049],
			"rotation": {"angle": -22.5, "axis": "x", "origin": [8.22813, 2.89203, 3.09862]},
			"faces": {
				"north": {"uv": [0.4, 0, 0, 0.05], "rotation": 180, "texture": "#4"},
				"east": {"uv": [2, 0, 0, 0.05], "rotation": 180, "texture": "#4"},
				"south": {"uv": [0.4, 0, 0, 0.05], "rotation": 180, "texture": "#4"},
				"west": {"uv": [2, 0, 0, 0.05], "rotation": 180, "texture": "#4"},
				"up": {"uv": [0.4, 0, 0, 2], "texture": "#4"},
				"down": {"uv": [2, 0, 1, 1], "texture": "#4"}
			}
		},
		{
			"from": [7.91563, 1.57171, 1.11424],
			"to": [8.54063, 2.21234, 1.64549],
			"faces": {
				"north": {"uv": [0.4, 0, 0, 0.05], "rotation": 180, "texture": "#4"},
				"east": {"uv": [2, 0, 0, 0.05], "rotation": 180, "texture": "#4"},
				"south": {"uv": [0.4, 0, 0, 0.05], "rotation": 180, "texture": "#4"},
				"west": {"uv": [2, 0, 0, 0.05], "rotation": 180, "texture": "#4"},
				"up": {"uv": [0.4, 0, 0, 2], "texture": "#4"},
				"down": {"uv": [2, 0, 1, 1], "texture": "#4"}
			}
		},
		{
			"from": [7.91563, 2.69671, 2.95799],
			"to": [8.54063, 3.32171, 3.91112],
			"faces": {
				"north": {"uv": [0.4, 0, 0, 0.05], "rotation": 180, "texture": "#4"},
				"east": {"uv": [2, 0, 0, 0.05], "rotation": 180, "texture": "#4"},
				"south": {"uv": [0.4, 0, 0, 0.05], "rotation": 180, "texture": "#4"},
				"west": {"uv": [2, 0, 0, 0.05], "rotation": 180, "texture": "#4"},
				"up": {"uv": [0.4, 0, 0, 2], "texture": "#4"},
				"down": {"uv": [2, 0, 1, 1], "texture": "#4"}
			}
		},
		{
			"from": [7.72813, 2.575, 4.4125],
			"to": [8.72813, 2.95, 5.1],
			"faces": {
				"north": {"uv": [0.4, 0, 0, 0.05], "texture": "#4"},
				"east": {"uv": [2, 0, 0, 0.05], "texture": "#4"},
				"south": {"uv": [0.4, 0, 0, 0.05], "texture": "#4"},
				"west": {"uv": [2, 0, 0, 0.05], "texture": "#4"},
				"up": {"uv": [2, 0, 1, 1], "texture": "#4"},
				"down": {"uv": [0.4, 0, 0, 2], "texture": "#4"}
			}
		},
		{
			"from": [7.79063, 2.59063, 1.1625],
			"to": [8.66563, 3.325, 5.1],
			"faces": {
				"north": {"uv": [9, 0, 7, 0.04911], "texture": "#4"},
				"east": {"uv": [9, 0, 7, 0.04911], "texture": "#4"},
				"south": {"uv": [9, 0, 7, 0.04911], "texture": "#4"},
				"west": {"uv": [9, 0, 7, 0.04911], "texture": "#4"},
				"up": {"uv": [9, 0, 7, 0.04911], "texture": "#4"},
				"down": {"uv": [9, 0, 7, 0.04911], "texture": "#4"}
			}
		},
		{
			"from": [7.79063, 3.325, 1.1625],
			"to": [7.91563, 4.325, 1.6625],
			"faces": {
				"north": {"uv": [9, 0, 7, 0.04911], "texture": "#4"},
				"east": {"uv": [9, 0, 7, 0.04911], "texture": "#4"},
				"south": {"uv": [9, 0, 7, 0.04911], "texture": "#4"},
				"west": {"uv": [9, 0, 7, 0.04911], "texture": "#4"},
				"up": {"uv": [9, 0, 7, 0.04911], "texture": "#4"},
				"down": {"uv": [9, 0, 7, 0.04911], "texture": "#4"}
			}
		},
		{
			"from": [8.54063, 3.325, 1.1625],
			"to": [8.66563, 4.325, 1.6625],
			"faces": {
				"north": {"uv": [9, 0, 7, 0.04911], "texture": "#4"},
				"east": {"uv": [9, 0, 7, 0.04911], "texture": "#4"},
				"south": {"uv": [9, 0, 7, 0.04911], "texture": "#4"},
				"west": {"uv": [9, 0, 7, 0.04911], "texture": "#4"},
				"up": {"uv": [9, 0, 7, 0.04911], "texture": "#4"},
				"down": {"uv": [9, 0, 7, 0.04911], "texture": "#4"}
			}
		},
		{
			"from": [7.66563, 3.075, 4.2875],
			"to": [7.79063, 4.8875, 4.7875],
			"rotation": {"angle": -22.5, "axis": "x", "origin": [8.22813, 3.825, 4.6625]},
			"faces": {
				"north": {"uv": [9, 0, 7, 0.04911], "texture": "#4"},
				"east": {"uv": [9, 0, 7, 0.04911], "texture": "#4"},
				"south": {"uv": [9, 0, 7, 0.04911], "texture": "#4"},
				"west": {"uv": [9, 0, 7, 0.04911], "texture": "#4"},
				"up": {"uv": [9, 0, 7, 0.04911], "texture": "#4"},
				"down": {"uv": [9, 0, 7, 0.04911], "texture": "#4"}
			}
		},
		{
			"from": [8.66563, 3.075, 4.2875],
			"to": [8.79063, 4.8875, 4.7875],
			"rotation": {"angle": -22.5, "axis": "x", "origin": [8.22813, 3.825, 4.6625]},
			"faces": {
				"north": {"uv": [9, 0, 7, 0.04911], "texture": "#4"},
				"east": {"uv": [9, 0, 7, 0.04911], "texture": "#4"},
				"south": {"uv": [9, 0, 7, 0.04911], "texture": "#4"},
				"west": {"uv": [9, 0, 7, 0.04911], "texture": "#4"},
				"up": {"uv": [9, 0, 7, 0.04911], "texture": "#4"},
				"down": {"uv": [9, 0, 7, 0.04911], "texture": "#4"}
			}
		},
		{
			"from": [7.79063, 4.2625, 1.1625],
			"to": [7.91563, 4.95, 4.5375],
			"faces": {
				"north": {"uv": [9, 0, 7, 0.04911], "rotation": 180, "texture": "#4"},
				"east": {"uv": [9, 0, 7, 0.04911], "rotation": 270, "texture": "#4"},
				"south": {"uv": [9, 0, 7, 0.04911], "texture": "#4"},
				"west": {"uv": [9, 0, 7, 0.04911], "rotation": 90, "texture": "#4"},
				"up": {"uv": [9, 0, 7, 0.04911], "rotation": 180, "texture": "#4"},
				"down": {"uv": [9, 0, 7, 0.04911], "texture": "#4"}
			}
		},
		{
			"from": [8.54063, 4.2625, 1.1625],
			"to": [8.66563, 4.95, 4.5375],
			"faces": {
				"north": {"uv": [9, 0, 7, 0.04911], "rotation": 180, "texture": "#4"},
				"east": {"uv": [9, 0, 7, 0.04911], "rotation": 270, "texture": "#4"},
				"south": {"uv": [9, 0, 7, 0.04911], "texture": "#4"},
				"west": {"uv": [9, 0, 7, 0.04911], "rotation": 90, "texture": "#4"},
				"up": {"uv": [9, 0, 7, 0.04911], "rotation": 180, "texture": "#4"},
				"down": {"uv": [9, 0, 7, 0.04911], "texture": "#4"}
			}
		},
		{
			"from": [7.91563, 4.825, 0.85],
			"to": [8.54063, 5.2, 4.7875],
			"faces": {
				"north": {"uv": [0.4, 0, 0, 0.05], "texture": "#4"},
				"east": {"uv": [2, 0, 0, 0.05], "texture": "#4"},
				"south": {"uv": [0.4, 0, 0, 0.05], "texture": "#4"},
				"west": {"uv": [2, 0, 0, 0.05], "texture": "#4"},
				"up": {"uv": [2, 0, 1, 1], "texture": "#4"},
				"down": {"uv": [0.4, 0, 0, 2], "texture": "#4"}
			}
		},
		{
			"from": [7.91563, 4.2625, 0.85],
			"to": [8.54063, 4.825, 1.6625],
			"faces": {
				"north": {"uv": [0.4, 0, 0, 0.05], "texture": "#4"},
				"east": {"uv": [2, 0, 0, 0.05], "texture": "#4"},
				"south": {"uv": [0.4, 0, 0, 0.05], "texture": "#4"},
				"west": {"uv": [2, 0, 0, 0.05], "texture": "#4"},
				"up": {"uv": [2, 0, 1, 1], "texture": "#4"},
				"down": {"uv": [0.4, 0, 0, 2], "texture": "#4"}
			}
		},
		{
			"from": [8.04063, 2.69671, 0.30174],
			"to": [8.41563, 3.07171, 2.14549],
			"faces": {
				"north": {"uv": [2, 0, 0, 0.05], "rotation": 180, "texture": "#1"},
				"east": {"uv": [2, 0, 0, 0.05], "rotation": 180, "texture": "#1"},
				"south": {"uv": [2, 0, 0, 0.05], "rotation": 180, "texture": "#1"},
				"west": {"uv": [2, 0, 0, 0.05], "rotation": 180, "texture": "#1"},
				"up": {"uv": [2, 0, 0, 0.05], "rotation": 180, "texture": "#1"},
				"down": {"uv": [2, 0, 0, 0.05], "rotation": 180, "texture": "#1"}
			}
		},
		{
			"from": [7.91563, 2.07171, 1.11424],
			"to": [8.54063, 2.58734, 2.58299],
			"faces": {
				"north": {"uv": [0.4, 0, 0, 0.05], "rotation": 180, "texture": "#4"},
				"east": {"uv": [2, 0, 0, 0.05], "rotation": 180, "texture": "#4"},
				"south": {"uv": [0.4, 0, 0, 0.05], "rotation": 180, "texture": "#4"},
				"west": {"uv": [2, 0, 0, 0.05], "rotation": 180, "texture": "#4"},
				"up": {"uv": [0.4, 0, 0, 2], "texture": "#4"},
				"down": {"uv": [2, 0, 1, 1], "texture": "#4"}
			}
		},
		{
			"from": [7.91563, 5.2, 1.35],
			"to": [8.54063, 5.325, 1.475],
			"faces": {
				"north": {"uv": [0.4, 0, 0, 0.05], "texture": "#4"},
				"east": {"uv": [2, 0, 0, 0.05], "texture": "#4"},
				"south": {"uv": [0.4, 0, 0, 0.05], "texture": "#4"},
				"west": {"uv": [2, 0, 0, 0.05], "texture": "#4"},
				"up": {"uv": [2, 0, 1, 1], "texture": "#4"},
				"down": {"uv": [0.4, 0, 0, 2], "texture": "#4"}
			}
		},
		{
			"from": [7.91563, 5.2, 1.1],
			"to": [8.54063, 5.325, 1.225],
			"faces": {
				"north": {"uv": [0.4, 0, 0, 0.05], "texture": "#4"},
				"east": {"uv": [2, 0, 0, 0.05], "texture": "#4"},
				"south": {"uv": [0.4, 0, 0, 0.05], "texture": "#4"},
				"west": {"uv": [2, 0, 0, 0.05], "texture": "#4"},
				"up": {"uv": [2, 0, 1, 1], "texture": "#4"},
				"down": {"uv": [0.4, 0, 0, 2], "texture": "#4"}
			}
		},
		{
			"from": [7.91563, 5.2, 1.6],
			"to": [8.54063, 5.325, 1.725],
			"faces": {
				"north": {"uv": [0.4, 0, 0, 0.05], "texture": "#4"},
				"east": {"uv": [2, 0, 0, 0.05], "texture": "#4"},
				"south": {"uv": [0.4, 0, 0, 0.05], "texture": "#4"},
				"west": {"uv": [2, 0, 0, 0.05], "texture": "#4"},
				"up": {"uv": [2, 0, 1, 1], "texture": "#4"},
				"down": {"uv": [0.4, 0, 0, 2], "texture": "#4"}
			}
		},
		{
			"from": [7.91563, 5.2, 1.85],
			"to": [8.54063, 5.325, 1.975],
			"faces": {
				"north": {"uv": [0.4, 0, 0, 0.05], "texture": "#4"},
				"east": {"uv": [2, 0, 0, 0.05], "texture": "#4"},
				"south": {"uv": [0.4, 0, 0, 0.05], "texture": "#4"},
				"west": {"uv": [2, 0, 0, 0.05], "texture": "#4"},
				"up": {"uv": [2, 0, 1, 1], "texture": "#4"},
				"down": {"uv": [0.4, 0, 0, 2], "texture": "#4"}
			}
		},
		{
			"from": [7.91563, 5.2, 2.1],
			"to": [8.54063, 5.325, 2.225],
			"faces": {
				"north": {"uv": [0.4, 0, 0, 0.05], "texture": "#4"},
				"east": {"uv": [2, 0, 0, 0.05], "texture": "#4"},
				"south": {"uv": [0.4, 0, 0, 0.05], "texture": "#4"},
				"west": {"uv": [2, 0, 0, 0.05], "texture": "#4"},
				"up": {"uv": [2, 0, 1, 1], "texture": "#4"},
				"down": {"uv": [0.4, 0, 0, 2], "texture": "#4"}
			}
		},
		{
			"from": [7.91563, 5.2, 2.35],
			"to": [8.54063, 5.325, 2.475],
			"faces": {
				"north": {"uv": [0.4, 0, 0, 0.05], "texture": "#4"},
				"east": {"uv": [2, 0, 0, 0.05], "texture": "#4"},
				"south": {"uv": [0.4, 0, 0, 0.05], "texture": "#4"},
				"west": {"uv": [2, 0, 0, 0.05], "texture": "#4"},
				"up": {"uv": [2, 0, 1, 1], "texture": "#4"},
				"down": {"uv": [0.4, 0, 0, 2], "texture": "#4"}
			}
		},
		{
			"from": [7.91563, 5.2, 2.6],
			"to": [8.54063, 5.325, 2.725],
			"faces": {
				"north": {"uv": [0.4, 0, 0, 0.05], "texture": "#4"},
				"east": {"uv": [2, 0, 0, 0.05], "texture": "#4"},
				"south": {"uv": [0.4, 0, 0, 0.05], "texture": "#4"},
				"west": {"uv": [2, 0, 0, 0.05], "texture": "#4"},
				"up": {"uv": [2, 0, 1, 1], "texture": "#4"},
				"down": {"uv": [0.4, 0, 0, 2], "texture": "#4"}
			}
		},
		{
			"from": [7.91563, 5.2, 0.85],
			"to": [8.54063, 5.325, 0.975],
			"faces": {
				"north": {"uv": [0.4, 0, 0, 0.05], "texture": "#4"},
				"east": {"uv": [2, 0, 0, 0.05], "texture": "#4"},
				"south": {"uv": [0.4, 0, 0, 0.05], "texture": "#4"},
				"west": {"uv": [2, 0, 0, 0.05], "texture": "#4"},
				"up": {"uv": [2, 0, 1, 1], "texture": "#4"},
				"down": {"uv": [0.4, 0, 0, 2], "texture": "#4"}
			}
		},
		{
			"from": [7.91563, 5.2, 2.85],
			"to": [8.54063, 5.325, 2.975],
			"faces": {
				"north": {"uv": [0.4, 0, 0, 0.05], "texture": "#4"},
				"east": {"uv": [2, 0, 0, 0.05], "texture": "#4"},
				"south": {"uv": [0.4, 0, 0, 0.05], "texture": "#4"},
				"west": {"uv": [2, 0, 0, 0.05], "texture": "#4"},
				"up": {"uv": [2, 0, 1, 1], "texture": "#4"},
				"down": {"uv": [0.4, 0, 0, 2], "texture": "#4"}
			}
		},
		{
			"from": [7.91563, 5.2, 3.1],
			"to": [8.54063, 5.325, 3.225],
			"faces": {
				"north": {"uv": [0.4, 0, 0, 0.05], "texture": "#4"},
				"east": {"uv": [2, 0, 0, 0.05], "texture": "#4"},
				"south": {"uv": [0.4, 0, 0, 0.05], "texture": "#4"},
				"west": {"uv": [2, 0, 0, 0.05], "texture": "#4"},
				"up": {"uv": [2, 0, 1, 1], "texture": "#4"},
				"down": {"uv": [0.4, 0, 0, 2], "texture": "#4"}
			}
		},
		{
			"from": [7.91563, 5.2, 3.6],
			"to": [8.54063, 5.325, 3.725],
			"faces": {
				"north": {"uv": [0.4, 0, 0, 0.05], "texture": "#4"},
				"east": {"uv": [2, 0, 0, 0.05], "texture": "#4"},
				"south": {"uv": [0.4, 0, 0, 0.05], "texture": "#4"},
				"west": {"uv": [2, 0, 0, 0.05], "texture": "#4"},
				"up": {"uv": [2, 0, 1, 1], "texture": "#4"},
				"down": {"uv": [0.4, 0, 0, 2], "texture": "#4"}
			}
		},
		{
			"from": [7.91563, 5.2, 3.35],
			"to": [8.54063, 5.325, 3.475],
			"faces": {
				"north": {"uv": [0.4, 0, 0, 0.05], "texture": "#4"},
				"east": {"uv": [2, 0, 0, 0.05], "texture": "#4"},
				"south": {"uv": [0.4, 0, 0, 0.05], "texture": "#4"},
				"west": {"uv": [2, 0, 0, 0.05], "texture": "#4"},
				"up": {"uv": [2, 0, 1, 1], "texture": "#4"},
				"down": {"uv": [0.4, 0, 0, 2], "texture": "#4"}
			}
		},
		{
			"from": [7.91563, 5.2, 3.85],
			"to": [8.54063, 5.325, 3.975],
			"faces": {
				"north": {"uv": [0.4, 0, 0, 0.05], "texture": "#4"},
				"east": {"uv": [2, 0, 0, 0.05], "texture": "#4"},
				"south": {"uv": [0.4, 0, 0, 0.05], "texture": "#4"},
				"west": {"uv": [2, 0, 0, 0.05], "texture": "#4"},
				"up": {"uv": [2, 0, 1, 1], "texture": "#4"},
				"down": {"uv": [0.4, 0, 0, 2], "texture": "#4"}
			}
		},
		{
			"from": [7.91563, 5.2, 4.1],
			"to": [8.54063, 5.325, 4.225],
			"faces": {
				"north": {"uv": [0.4, 0, 0, 0.05], "texture": "#4"},
				"east": {"uv": [2, 0, 0, 0.05], "texture": "#4"},
				"south": {"uv": [0.4, 0, 0, 0.05], "texture": "#4"},
				"west": {"uv": [2, 0, 0, 0.05], "texture": "#4"},
				"up": {"uv": [2, 0, 1, 1], "texture": "#4"},
				"down": {"uv": [0.4, 0, 0, 2], "texture": "#4"}
			}
		},
		{
			"from": [7.91563, 5.2, 4.35],
			"to": [8.54063, 5.325, 4.475],
			"faces": {
				"north": {"uv": [0.4, 0, 0, 0.05], "texture": "#4"},
				"east": {"uv": [2, 0, 0, 0.05], "texture": "#4"},
				"south": {"uv": [0.4, 0, 0, 0.05], "texture": "#4"},
				"west": {"uv": [2, 0, 0, 0.05], "texture": "#4"},
				"up": {"uv": [2, 0, 1, 1], "texture": "#4"},
				"down": {"uv": [0.4, 0, 0, 2], "texture": "#4"}
			}
		},
		{
			"from": [7.66563, 1.075, 12.6],
			"to": [8.79063, 4.1375, 12.725],
			"faces": {
				"north": {"uv": [2, 0, 0, 0.05], "texture": "#1"},
				"east": {"uv": [2, 0, 0, 0.05], "texture": "#1"},
				"south": {"uv": [2, 0, 0, 0.05], "texture": "#1"},
				"west": {"uv": [2, 0, 0, 0.05], "texture": "#1"},
				"up": {"uv": [2, 0, 0, 0.05], "texture": "#1"},
				"down": {"uv": [2, 0, 0, 0.05], "texture": "#1"}
			}
		},
		{
			"from": [8.11876, 1.82171, 4.05174],
			"to": [8.33751, 2.63421, 4.42674],
			"faces": {
				"north": {"uv": [2, 0, 0, 0.05], "rotation": 180, "texture": "#1"},
				"east": {"uv": [2, 0, 0, 0.05], "rotation": 180, "texture": "#1"},
				"south": {"uv": [2, 0, 0, 0.05], "rotation": 180, "texture": "#1"},
				"west": {"uv": [2, 0, 0, 0.05], "rotation": 180, "texture": "#1"},
				"up": {"uv": [2, 0, 0, 0.05], "rotation": 180, "texture": "#1"},
				"down": {"uv": [2, 0, 0, 0.05], "rotation": 180, "texture": "#1"}
			}
		},
		{
			"from": [7.74376, 2.575, 2.225],
			"to": [8.72813, 2.95, 4.4125],
			"faces": {
				"north": {"uv": [2, 0, 0, 0.05], "texture": "#1"},
				"east": {"uv": [2, 0, 0, 0.05], "texture": "#1"},
				"south": {"uv": [2, 0, 0, 0.05], "texture": "#1"},
				"west": {"uv": [2, 0, 0, 0.05], "texture": "#1"},
				"up": {"uv": [2, 0, 0, 0.05], "texture": "#1"},
				"down": {"uv": [2, 0, 0, 0.05], "texture": "#1"}
			}
		},
		{
			"from": [7.24376, 2.575, 2.225],
			"to": [7.74376, 2.95, 2.6],
			"faces": {
				"north": {"uv": [0.4, 0, 0, 0.05], "texture": "#4"},
				"east": {"uv": [2, 0, 0, 0.05], "texture": "#4"},
				"south": {"uv": [0.4, 0, 0, 0.05], "texture": "#4"},
				"west": {"uv": [2, 0, 0, 0.05], "texture": "#4"},
				"up": {"uv": [2, 0, 1, 1], "texture": "#4"},
				"down": {"uv": [0.4, 0, 0, 2], "texture": "#4"}
			}
		}
	],
	"display": {
		"thirdperson_righthand": {
			"rotation": [0, -15, 0],
			"translation": [-0.75, 6.25, 4]
		},
		"thirdperson_lefthand": {
			"translation": [-0.5, 9.5, -1.5],
			"scale": [1.5, 1.5, 1.5]
		},
		"firstperson_righthand": {
			"rotation": [6, 3, 0],
			"translation": [12.5, 15, 11],
			"scale": [2.5, 2.5, 2.5]
		},
		"ground": {
			"translation": [0, 4, 0]
		},
		"gui": {
			"rotation": [90, 50, -90],
			"translation": [5.75, 3.5, 0],
			"scale": [1.2, 1.2, 1.2]
		},
		"fixed": {
			"rotation": [90, 50, -90],
			"translation": [5.75, 4, 0],
			"scale": [1.2, 1.2, 1.2]
		}
	}
}