{
	"credit": "Made with Blockbench",
	"textures": {
		"0": "block/iron_block",
		"1": "block/gray_concrete",
		"2": "block/black_concrete",
		"particle": "block/iron_block"
	},
	"elements": [
		{
			"from": [7.776, 0.144, 9.44],
			"to": [8.256, 2.064, 9.888],
			"rotation": {"angle": -22.5, "axis": "x", "origin": [7.936, 1.104, 9.92]},
			"faces": {
				"north": {"uv": [5, 4, 8, 10], "texture": "#0"},
				"east": {"uv": [6, 5, 9, 11], "texture": "#0"},
				"south": {"uv": [5, 2, 8, 8], "texture": "#0"},
				"west": {"uv": [3, 1, 6, 7], "texture": "#0"},
				"up": {"uv": [0, 0, 3, 6], "texture": "#0"},
				"down": {"uv": [7, 3, 10, 9], "texture": "#0"}
			}
		},
		{
			"from": [7.696, 1.984, 7.92],
			"to": [8.336, 2.224, 10.544],
			"faces": {
				"north": {"uv": [6, 3, 6.75, 4.25], "rotation": 270, "texture": "#0"},
				"east": {"uv": [6, 3, 6.75, 4.25], "rotation": 270, "texture": "#0"},
				"south": {"uv": [6, 3, 6.75, 4.25], "rotation": 270, "texture": "#0"},
				"west": {"uv": [6, 3, 6.75, 4.25], "rotation": 270, "texture": "#0"},
				"up": {"uv": [6, 3, 6.75, 4.25], "rotation": 270, "texture": "#0"},
				"down": {"uv": [6, 3, 6.75, 4.25], "rotation": 270, "texture": "#0"}
			}
		},
		{
			"from": [7.696, 1.744, 9.104],
			"to": [8.336, 1.984, 10.352],
			"faces": {
				"north": {"uv": [0, 0, 2, 0.75], "rotation": 180, "texture": "#0"},
				"east": {"uv": [0, 0, 2, 0.75], "rotation": 180, "texture": "#0"},
				"south": {"uv": [0, 0, 2, 0.75], "rotation": 180, "texture": "#0"},
				"west": {"uv": [0, 0, 2, 0.75], "rotation": 180, "texture": "#0"},
				"up": {"uv": [0, 0, 2, 0.75], "rotation": 180, "texture": "#0"},
				"down": {"uv": [0, 0, 2, 0.75], "rotation": 180, "texture": "#0"}
			}
		},
		{
			"from": [7.856, 2.064, 6.272],
			"to": [8.176, 2.224, 7.92],
			"faces": {
				"north": {"uv": [13, 7, 14, 8.35], "rotation": 180, "texture": "#0"},
				"east": {"uv": [13, 7, 14, 8.35], "rotation": 90, "texture": "#0"},
				"south": {"uv": [13, 7, 14, 8.35], "texture": "#0"},
				"west": {"uv": [13, 7, 14, 8.35], "rotation": 270, "texture": "#0"},
				"up": {"uv": [13, 7, 14, 8.35], "texture": "#0"},
				"down": {"uv": [13, 7, 14, 8.35], "rotation": 180, "texture": "#0"}
			}
		},
		{
			"from": [7.888, 1.984, 6.304],
			"to": [8.144, 2.064, 6.384],
			"faces": {
				"north": {"uv": [0, 0, 0.25, 0.25], "rotation": 270, "texture": "#0"},
				"east": {"uv": [0, 0, 0.25, 0.25], "rotation": 270, "texture": "#0"},
				"south": {"uv": [0, 0, 0.25, 0.25], "rotation": 270, "texture": "#0"},
				"west": {"uv": [0, 0, 0.25, 0.25], "rotation": 270, "texture": "#0"},
				"up": {"uv": [0, 0, 0.25, 0.25], "rotation": 270, "texture": "#0"},
				"down": {"uv": [0, 0, 0.25, 0.25], "rotation": 270, "texture": "#0"}
			}
		},
		{
			"from": [7.888, 1.984, 6.464],
			"to": [8.144, 2.064, 6.544],
			"faces": {
				"north": {"uv": [0, 0, 0.25, 0.25], "rotation": 270, "texture": "#0"},
				"east": {"uv": [0, 0, 0.25, 0.25], "rotation": 270, "texture": "#0"},
				"south": {"uv": [0, 0, 0.25, 0.25], "rotation": 270, "texture": "#0"},
				"west": {"uv": [0, 0, 0.25, 0.25], "rotation": 270, "texture": "#0"},
				"up": {"uv": [0, 0, 0.25, 0.25], "rotation": 270, "texture": "#0"},
				"down": {"uv": [0, 0, 0.25, 0.25], "rotation": 270, "texture": "#0"}
			}
		},
		{
			"from": [7.888, 1.984, 6.624],
			"to": [8.144, 2.064, 6.704],
			"faces": {
				"north": {"uv": [0, 0, 0.25, 0.25], "rotation": 270, "texture": "#0"},
				"east": {"uv": [0, 0, 0.25, 0.25], "rotation": 270, "texture": "#0"},
				"south": {"uv": [0, 0, 0.25, 0.25], "rotation": 270, "texture": "#0"},
				"west": {"uv": [0, 0, 0.25, 0.25], "rotation": 270, "texture": "#0"},
				"up": {"uv": [0, 0, 0.25, 0.25], "rotation": 270, "texture": "#0"},
				"down": {"uv": [0, 0, 0.25, 0.25], "rotation": 270, "texture": "#0"}
			}
		},
		{
			"from": [7.888, 1.984, 6.784],
			"to": [8.144, 2.064, 6.864],
			"faces": {
				"north": {"uv": [0, 0, 0.25, 0.25], "rotation": 270, "texture": "#0"},
				"east": {"uv": [0, 0, 0.25, 0.25], "rotation": 270, "texture": "#0"},
				"south": {"uv": [0, 0, 0.25, 0.25], "rotation": 270, "texture": "#0"},
				"west": {"uv": [0, 0, 0.25, 0.25], "rotation": 270, "texture": "#0"},
				"up": {"uv": [0, 0, 0.25, 0.25], "rotation": 270, "texture": "#0"},
				"down": {"uv": [0, 0, 0.25, 0.25], "rotation": 270, "texture": "#0"}
			}
		},
		{
			"from": [7.888, 1.984, 6.944],
			"to": [8.144, 2.064, 7.024],
			"faces": {
				"north": {"uv": [0, 0, 0.25, 0.25], "rotation": 270, "texture": "#0"},
				"east": {"uv": [0, 0, 0.25, 0.25], "rotation": 270, "texture": "#0"},
				"south": {"uv": [0, 0, 0.25, 0.25], "rotation": 270, "texture": "#0"},
				"west": {"uv": [0, 0, 0.25, 0.25], "rotation": 270, "texture": "#0"},
				"up": {"uv": [0, 0, 0.25, 0.25], "rotation": 270, "texture": "#0"},
				"down": {"uv": [0, 0, 0.25, 0.25], "rotation": 270, "texture": "#0"}
			}
		},
		{
			"from": [7.888, 1.984, 7.104],
			"to": [8.144, 2.064, 7.184],
			"faces": {
				"north": {"uv": [0, 0, 0.25, 0.25], "rotation": 270, "texture": "#0"},
				"east": {"uv": [0, 0, 0.25, 0.25], "rotation": 270, "texture": "#0"},
				"south": {"uv": [0, 0, 0.25, 0.25], "rotation": 270, "texture": "#0"},
				"west": {"uv": [0, 0, 0.25, 0.25], "rotation": 270, "texture": "#0"},
				"up": {"uv": [0, 0, 0.25, 0.25], "rotation": 270, "texture": "#0"},
				"down": {"uv": [0, 0, 0.25, 0.25], "rotation": 270, "texture": "#0"}
			}
		},
		{
			"from": [7.888, 1.984, 7.264],
			"to": [8.144, 2.064, 7.344],
			"faces": {
				"north": {"uv": [0, 0, 0.25, 0.25], "rotation": 270, "texture": "#0"},
				"east": {"uv": [0, 0, 0.25, 0.25], "rotation": 270, "texture": "#0"},
				"south": {"uv": [0, 0, 0.25, 0.25], "rotation": 270, "texture": "#0"},
				"west": {"uv": [0, 0, 0.25, 0.25], "rotation": 270, "texture": "#0"},
				"up": {"uv": [0, 0, 0.25, 0.25], "rotation": 270, "texture": "#0"},
				"down": {"uv": [0, 0, 0.25, 0.25], "rotation": 270, "texture": "#0"}
			}
		},
		{
			"from": [7.888, 1.984, 7.424],
			"to": [8.144, 2.064, 7.504],
			"faces": {
				"north": {"uv": [0, 0, 0.25, 0.25], "rotation": 270, "texture": "#0"},
				"east": {"uv": [0, 0, 0.25, 0.25], "rotation": 270, "texture": "#0"},
				"south": {"uv": [0, 0, 0.25, 0.25], "rotation": 270, "texture": "#0"},
				"west": {"uv": [0, 0, 0.25, 0.25], "rotation": 270, "texture": "#0"},
				"up": {"uv": [0, 0, 0.25, 0.25], "rotation": 270, "texture": "#0"},
				"down": {"uv": [0, 0, 0.25, 0.25], "rotation": 270, "texture": "#0"}
			}
		},
		{
			"from": [7.888, 1.984, 7.584],
			"to": [8.144, 2.064, 7.664],
			"faces": {
				"north": {"uv": [0, 0, 0.25, 0.25], "rotation": 270, "texture": "#0"},
				"east": {"uv": [0, 0, 0.25, 0.25], "rotation": 270, "texture": "#0"},
				"south": {"uv": [0, 0, 0.25, 0.25], "rotation": 270, "texture": "#0"},
				"west": {"uv": [0, 0, 0.25, 0.25], "rotation": 270, "texture": "#0"},
				"up": {"uv": [0, 0, 0.25, 0.25], "rotation": 270, "texture": "#0"},
				"down": {"uv": [0, 0, 0.25, 0.25], "rotation": 270, "texture": "#0"}
			}
		},
		{
			"from": [7.888, 1.984, 7.744],
			"to": [8.144, 2.064, 7.824],
			"faces": {
				"north": {"uv": [0, 0, 0.25, 0.25], "rotation": 270, "texture": "#0"},
				"east": {"uv": [0, 0, 0.25, 0.25], "rotation": 270, "texture": "#0"},
				"south": {"uv": [0, 0, 0.25, 0.25], "rotation": 270, "texture": "#0"},
				"west": {"uv": [0, 0, 0.25, 0.25], "rotation": 270, "texture": "#0"},
				"up": {"uv": [0, 0, 0.25, 0.25], "rotation": 270, "texture": "#0"},
				"down": {"uv": [0, 0, 0.25, 0.25], "rotation": 270, "texture": "#0"}
			}
		},
		{
			"from": [7.712, 0.304, 9.536],
			"to": [7.776, 1.776, 9.952],
			"rotation": {"angle": -22.5, "axis": "x", "origin": [7.456, 1.104, 9.92]},
			"faces": {
				"north": {"uv": [5, 4, 8, 10], "texture": "#1"},
				"east": {"uv": [5, 4, 8, 10], "texture": "#1"},
				"south": {"uv": [5, 4, 8, 10], "texture": "#1"},
				"west": {"uv": [5, 4, 8, 10], "texture": "#1"},
				"up": {"uv": [5, 4, 8, 10], "texture": "#1"},
				"down": {"uv": [5, 4, 8, 10], "texture": "#1"}
			}
		},
		{
			"from": [7.696, 0.016, 9.584],
			"to": [8.336, 0.256, 10.832],
			"faces": {
				"north": {"uv": [0, 0, 2, 0.75], "rotation": 180, "texture": "#0"},
				"east": {"uv": [0, 0, 2, 0.75], "rotation": 180, "texture": "#0"},
				"south": {"uv": [0, 0, 2, 0.75], "rotation": 180, "texture": "#0"},
				"west": {"uv": [0, 0, 2, 0.75], "rotation": 180, "texture": "#0"},
				"up": {"uv": [0, 0, 2, 0.75], "rotation": 180, "texture": "#0"},
				"down": {"uv": [0, 0, 2, 0.75], "rotation": 180, "texture": "#0"}
			}
		},
		{
			"from": [7.776, 0.144, 9.92],
			"to": [8.256, 2.064, 10.464],
			"rotation": {"angle": -22.5, "axis": "x", "origin": [7.936, 1.104, 10.4]},
			"faces": {
				"north": {"uv": [5, 4, 8, 10], "texture": "#0"},
				"east": {"uv": [6, 5, 9, 11], "texture": "#0"},
				"south": {"uv": [5, 2, 8, 8], "texture": "#0"},
				"west": {"uv": [3, 1, 6, 7], "texture": "#0"},
				"up": {"uv": [0, 0, 3, 6], "texture": "#0"},
				"down": {"uv": [7, 3, 10, 9], "texture": "#0"}
			}
		},
		{
			"from": [7.712, 0.304, 9.984],
			"to": [7.776, 1.776, 10.368],
			"rotation": {"angle": -22.5, "axis": "x", "origin": [7.456, 1.104, 10.336]},
			"faces": {
				"north": {"uv": [5, 4, 8, 10], "texture": "#1"},
				"east": {"uv": [5, 4, 8, 10], "texture": "#1"},
				"south": {"uv": [5, 4, 8, 10], "texture": "#1"},
				"west": {"uv": [5, 4, 8, 10], "texture": "#1"},
				"up": {"uv": [5, 4, 8, 10], "texture": "#1"},
				"down": {"uv": [5, 4, 8, 10], "texture": "#1"}
			}
		},
		{
			"from": [7.696, 2.224, 6],
			"to": [8.336, 2.464, 6.416],
			"faces": {
				"north": {"uv": [15, 4, 15.75, 5.25], "rotation": 270, "texture": "#0"},
				"east": {"uv": [15, 4, 15.75, 5.25], "rotation": 270, "texture": "#0"},
				"south": {"uv": [15, 4, 15.75, 5.25], "rotation": 270, "texture": "#0"},
				"west": {"uv": [15, 4, 15.75, 5.25], "rotation": 270, "texture": "#0"},
				"up": {"uv": [15, 4, 15.75, 5.25], "rotation": 270, "texture": "#0"},
				"down": {"uv": [15, 4, 15.75, 5.25], "rotation": 270, "texture": "#0"}
			}
		},
		{
			"from": [7.696, 2.224, 6.416],
			"to": [8.336, 2.464, 10.464],
			"faces": {
				"north": {"uv": [13, 4, 13.75, 5.25], "rotation": 270, "texture": "#0"},
				"east": {"uv": [13, 4, 13.75, 5.25], "rotation": 270, "texture": "#0"},
				"south": {"uv": [13, 4, 13.75, 5.25], "rotation": 270, "texture": "#0"},
				"west": {"uv": [13, 4, 13.75, 5.25], "rotation": 270, "texture": "#0"},
				"up": {"uv": [13, 4, 13.75, 5.25], "rotation": 270, "texture": "#0"},
				"down": {"uv": [13, 4, 13.75, 5.25], "rotation": 270, "texture": "#0"}
			}
		},
		{
			"from": [7.696, 2.464, 8.864],
			"to": [8.336, 3.024, 10.208],
			"faces": {
				"north": {"uv": [13, 4, 13.75, 5.25], "rotation": 270, "texture": "#0"},
				"east": {"uv": [13, 4, 13.75, 5.25], "rotation": 270, "texture": "#0"},
				"south": {"uv": [13, 4, 13.75, 5.25], "rotation": 270, "texture": "#0"},
				"west": {"uv": [13, 4, 13.75, 5.25], "rotation": 270, "texture": "#0"},
				"up": {"uv": [13, 4, 13.75, 5.25], "rotation": 270, "texture": "#0"},
				"down": {"uv": [13, 4, 13.75, 5.25], "rotation": 270, "texture": "#0"}
			}
		},
		{
			"from": [7.696, 2.24, 10.032],
			"to": [8.336, 2.864, 10.4],
			"rotation": {"angle": -22.5, "axis": "x", "origin": [8.016, 2.52, 9.88]},
			"faces": {
				"north": {"uv": [13, 4, 13.75, 5.25], "rotation": 270, "texture": "#0"},
				"east": {"uv": [13, 4, 13.75, 5.25], "rotation": 270, "texture": "#0"},
				"south": {"uv": [13, 4, 13.75, 5.25], "rotation": 270, "texture": "#0"},
				"west": {"uv": [13, 4, 13.75, 5.25], "rotation": 270, "texture": "#0"},
				"up": {"uv": [13, 4, 13.75, 5.25], "rotation": 270, "texture": "#0"},
				"down": {"uv": [13, 4, 13.75, 5.25], "rotation": 270, "texture": "#0"}
			}
		},
		{
			"from": [7.856, 2.464, 5.776],
			"to": [8.176, 2.96, 6.368],
			"faces": {
				"north": {"uv": [15, 4, 15.75, 5.25], "rotation": 270, "texture": "#0"},
				"east": {"uv": [15, 4, 15.75, 5.25], "rotation": 270, "texture": "#0"},
				"south": {"uv": [15, 4, 15.75, 5.25], "rotation": 270, "texture": "#0"},
				"west": {"uv": [15, 4, 15.75, 5.25], "rotation": 270, "texture": "#0"},
				"up": {"uv": [15, 4, 15.75, 5.25], "rotation": 270, "texture": "#0"},
				"down": {"uv": [15, 4, 15.75, 5.25], "rotation": 270, "texture": "#0"}
			}
		},
		{
			"from": [7.952, 2.384, 5.856],
			"to": [8.176, 2.848, 8.928],
			"rotation": {"angle": -22.5, "axis": "z", "origin": [8.032, 3.104, 9.024]},
			"faces": {
				"north": {"uv": [15, 4, 15.75, 5.25], "rotation": 270, "texture": "#0"},
				"east": {"uv": [15, 4, 15.75, 5.25], "rotation": 270, "texture": "#0"},
				"south": {"uv": [15, 4, 15.75, 5.25], "rotation": 270, "texture": "#0"},
				"west": {"uv": [15, 4, 15.75, 5.25], "rotation": 270, "texture": "#0"},
				"up": {"uv": [15, 4, 15.75, 5.25], "rotation": 270, "texture": "#0"},
				"down": {"uv": [15, 4, 15.75, 5.25], "rotation": 270, "texture": "#0"}
			}
		},
		{
			"from": [7.888, 2.32, 5.856],
			"to": [8.08, 2.784, 8.928],
			"rotation": {"angle": 22.5, "axis": "z", "origin": [7.84, 3.04, 9.024]},
			"faces": {
				"north": {"uv": [15, 4, 15.75, 5.25], "rotation": 270, "texture": "#0"},
				"east": {"uv": [15, 4, 15.75, 5.25], "rotation": 270, "texture": "#0"},
				"south": {"uv": [15, 4, 15.75, 5.25], "rotation": 270, "texture": "#0"},
				"west": {"uv": [15, 4, 15.75, 5.25], "rotation": 270, "texture": "#0"},
				"up": {"uv": [15, 4, 15.75, 5.25], "rotation": 270, "texture": "#0"},
				"down": {"uv": [15, 4, 15.75, 5.25], "rotation": 270, "texture": "#0"}
			}
		},
		{
			"from": [7.696, 2.352, 5.856],
			"to": [8.336, 2.464, 6],
			"faces": {
				"north": {"uv": [15, 4, 15.75, 5.25], "rotation": 270, "texture": "#0"},
				"east": {"uv": [15, 4, 15.75, 5.25], "rotation": 270, "texture": "#0"},
				"south": {"uv": [15, 4, 15.75, 5.25], "rotation": 270, "texture": "#0"},
				"west": {"uv": [15, 4, 15.75, 5.25], "rotation": 270, "texture": "#0"},
				"up": {"uv": [15, 4, 15.75, 5.25], "rotation": 270, "texture": "#0"},
				"down": {"uv": [15, 4, 15.75, 5.25], "rotation": 270, "texture": "#0"}
			}
		},
		{
			"from": [7.664, 2.336, 9.264],
			"to": [7.696, 2.96, 10.192],
			"faces": {
				"north": {"uv": [13, 4, 13.75, 5.25], "rotation": 270, "texture": "#0"},
				"east": {"uv": [13, 4, 13.75, 5.25], "rotation": 270, "texture": "#0"},
				"south": {"uv": [13, 4, 13.75, 5.25], "rotation": 270, "texture": "#0"},
				"west": {"uv": [4, 1, 12.75, 14.25], "rotation": 270, "texture": "#0"},
				"up": {"uv": [13, 4, 13.75, 5.25], "rotation": 270, "texture": "#0"},
				"down": {"uv": [13, 4, 13.75, 5.25], "rotation": 270, "texture": "#0"}
			}
		},
		{
			"from": [8.336, 2.336, 9.264],
			"to": [8.368, 2.96, 10.192],
			"faces": {
				"north": {"uv": [4, 1, 12.75, 14.25], "rotation": 270, "texture": "#0"},
				"east": {"uv": [4, 1, 12.75, 14.25], "rotation": 270, "texture": "#0"},
				"south": {"uv": [4, 1, 12.75, 14.25], "rotation": 270, "texture": "#0"},
				"west": {"uv": [4, 1, 12.75, 14.25], "rotation": 270, "texture": "#0"},
				"up": {"uv": [4, 1, 12.75, 14.25], "rotation": 270, "texture": "#0"},
				"down": {"uv": [4, 1, 12.75, 14.25], "rotation": 270, "texture": "#0"}
			}
		},
		{
			"from": [7.856, 2.96, 5.808],
			"to": [8.176, 3.008, 6.288],
			"faces": {
				"north": {"uv": [15, 4, 15.75, 5.25], "rotation": 270, "texture": "#0"},
				"east": {"uv": [15, 4, 15.75, 5.25], "rotation": 270, "texture": "#0"},
				"south": {"uv": [15, 4, 15.75, 5.25], "rotation": 270, "texture": "#0"},
				"west": {"uv": [15, 4, 15.75, 5.25], "rotation": 270, "texture": "#0"},
				"up": {"uv": [15, 4, 15.75, 5.25], "rotation": 270, "texture": "#0"},
				"down": {"uv": [15, 4, 15.75, 5.25], "rotation": 270, "texture": "#0"}
			}
		},
		{
			"from": [7.76, 3.024, 9.712],
			"to": [8.272, 3.072, 10.224],
			"faces": {
				"north": {"uv": [15, 4, 15.75, 5.25], "rotation": 270, "texture": "#0"},
				"east": {"uv": [15, 4, 15.75, 5.25], "rotation": 270, "texture": "#0"},
				"south": {"uv": [15, 4, 15.75, 5.25], "rotation": 270, "texture": "#0"},
				"west": {"uv": [15, 4, 15.75, 5.25], "rotation": 270, "texture": "#0"},
				"up": {"uv": [15, 4, 15.75, 5.25], "rotation": 270, "texture": "#0"},
				"down": {"uv": [15, 4, 15.75, 5.25], "rotation": 270, "texture": "#0"}
			}
		},
		{
			"from": [7.76, 3.056, 10.064],
			"to": [8.272, 3.104, 10.16],
			"faces": {
				"north": {"uv": [15, 4, 15.75, 5.25], "rotation": 270, "texture": "#0"},
				"east": {"uv": [15, 4, 15.75, 5.25], "rotation": 270, "texture": "#0"},
				"south": {"uv": [15, 4, 15.75, 5.25], "rotation": 270, "texture": "#0"},
				"west": {"uv": [15, 4, 15.75, 5.25], "rotation": 270, "texture": "#0"},
				"up": {"uv": [15, 4, 15.75, 5.25], "rotation": 270, "texture": "#0"},
				"down": {"uv": [15, 4, 15.75, 5.25], "rotation": 270, "texture": "#0"}
			}
		},
		{
			"from": [7.76, 3.104, 10.064],
			"to": [7.92, 3.168, 10.16],
			"faces": {
				"north": {"uv": [15, 4, 15.75, 5.25], "rotation": 270, "texture": "#0"},
				"east": {"uv": [15, 4, 15.75, 5.25], "rotation": 270, "texture": "#0"},
				"south": {"uv": [15, 4, 15.75, 5.25], "rotation": 270, "texture": "#0"},
				"west": {"uv": [15, 4, 15.75, 5.25], "rotation": 270, "texture": "#0"},
				"up": {"uv": [15, 4, 15.75, 5.25], "rotation": 270, "texture": "#0"},
				"down": {"uv": [15, 4, 15.75, 5.25], "rotation": 270, "texture": "#0"}
			}
		},
		{
			"from": [8.112, 3.104, 10.064],
			"to": [8.272, 3.168, 10.16],
			"faces": {
				"north": {"uv": [15, 4, 15.75, 5.25], "rotation": 270, "texture": "#0"},
				"east": {"uv": [15, 4, 15.75, 5.25], "rotation": 270, "texture": "#0"},
				"south": {"uv": [15, 4, 15.75, 5.25], "rotation": 270, "texture": "#0"},
				"west": {"uv": [15, 4, 15.75, 5.25], "rotation": 270, "texture": "#0"},
				"up": {"uv": [15, 4, 15.75, 5.25], "rotation": 270, "texture": "#0"},
				"down": {"uv": [15, 4, 15.75, 5.25], "rotation": 270, "texture": "#0"}
			}
		},
		{
			"from": [7.952, 2.992, 5.904],
			"to": [8.08, 3.104, 6.128],
			"faces": {
				"north": {"uv": [15, 4, 15.75, 5.25], "rotation": 270, "texture": "#0"},
				"east": {"uv": [15, 4, 15.75, 5.25], "rotation": 270, "texture": "#0"},
				"south": {"uv": [15, 4, 15.75, 5.25], "rotation": 270, "texture": "#0"},
				"west": {"uv": [15, 4, 15.75, 5.25], "rotation": 270, "texture": "#0"},
				"up": {"uv": [15, 4, 15.75, 5.25], "rotation": 270, "texture": "#0"},
				"down": {"uv": [15, 4, 15.75, 5.25], "rotation": 270, "texture": "#0"}
			}
		},
		{
			"from": [7.696, 2.08, 10.544],
			"to": [8.336, 2.224, 10.8],
			"faces": {
				"north": {"uv": [6, 3, 6.75, 4.25], "rotation": 270, "texture": "#0"},
				"east": {"uv": [6, 3, 6.75, 4.25], "rotation": 270, "texture": "#0"},
				"south": {"uv": [6, 3, 6.75, 4.25], "rotation": 270, "texture": "#0"},
				"west": {"uv": [6, 3, 6.75, 4.25], "rotation": 270, "texture": "#0"},
				"up": {"uv": [6, 3, 6.75, 4.25], "rotation": 270, "texture": "#0"},
				"down": {"uv": [6, 3, 6.75, 4.25], "rotation": 270, "texture": "#0"}
			}
		},
		{
			"from": [7.872, 2.48, 10.352],
			"to": [8.16, 2.912, 10.496],
			"rotation": {"angle": 22.5, "axis": "x", "origin": [8.016, 2.696, 10.424]},
			"faces": {
				"north": {"uv": [15, 4, 15.75, 5.25], "rotation": 270, "texture": "#0"},
				"east": {"uv": [15, 4, 15.75, 5.25], "rotation": 270, "texture": "#0"},
				"south": {"uv": [15, 4, 15.75, 5.25], "rotation": 270, "texture": "#0"},
				"west": {"uv": [15, 4, 15.75, 5.25], "rotation": 270, "texture": "#0"},
				"up": {"uv": [15, 4, 15.75, 5.25], "rotation": 270, "texture": "#0"},
				"down": {"uv": [15, 4, 15.75, 5.25], "rotation": 270, "texture": "#0"}
			}
		},
		{
			"from": [8.256, 0.304, 9.984],
			"to": [8.32, 1.776, 10.368],
			"rotation": {"angle": -22.5, "axis": "x", "origin": [8, 1.104, 10.336]},
			"faces": {
				"north": {"uv": [5, 4, 8, 10], "texture": "#1"},
				"east": {"uv": [5, 4, 8, 10], "texture": "#1"},
				"south": {"uv": [5, 4, 8, 10], "texture": "#1"},
				"west": {"uv": [5, 4, 8, 10], "texture": "#1"},
				"up": {"uv": [5, 4, 8, 10], "texture": "#1"},
				"down": {"uv": [5, 4, 8, 10], "texture": "#1"}
			}
		},
		{
			"from": [8.256, 0.304, 9.536],
			"to": [8.32, 1.776, 9.952],
			"rotation": {"angle": -22.5, "axis": "x", "origin": [8, 1.104, 9.92]},
			"faces": {
				"north": {"uv": [5, 4, 8, 10], "texture": "#1"},
				"east": {"uv": [5, 4, 8, 10], "texture": "#1"},
				"south": {"uv": [5, 4, 8, 10], "texture": "#1"},
				"west": {"uv": [5, 4, 8, 10], "texture": "#1"},
				"up": {"uv": [5, 4, 8, 10], "texture": "#1"},
				"down": {"uv": [5, 4, 8, 10], "texture": "#1"}
			}
		},
		{
			"from": [7.856, 2.432, 5.776],
			"to": [8.176, 2.928, 8.928],
			"faces": {
				"north": {"uv": [15, 4, 15.75, 5.25], "rotation": 270, "texture": "#0"},
				"east": {"uv": [15, 4, 15.75, 5.25], "rotation": 270, "texture": "#0"},
				"south": {"uv": [15, 4, 15.75, 5.25], "rotation": 270, "texture": "#0"},
				"west": {"uv": [15, 4, 15.75, 5.25], "rotation": 270, "texture": "#0"},
				"up": {"uv": [15, 4, 15.75, 5.25], "rotation": 270, "texture": "#0"},
				"down": {"uv": [15, 4, 15.75, 5.25], "rotation": 270, "texture": "#0"}
			}
		},
		{
			"from": [7.856, 2.464, 6.448],
			"to": [8.176, 2.96, 6.528],
			"faces": {
				"north": {"uv": [15, 4, 15.75, 5.25], "rotation": 270, "texture": "#0"},
				"east": {"uv": [15, 4, 15.75, 5.25], "rotation": 270, "texture": "#0"},
				"south": {"uv": [15, 4, 15.75, 5.25], "rotation": 270, "texture": "#0"},
				"west": {"uv": [15, 4, 15.75, 5.25], "rotation": 270, "texture": "#0"},
				"up": {"uv": [15, 4, 15.75, 5.25], "rotation": 270, "texture": "#0"},
				"down": {"uv": [15, 4, 15.75, 5.25], "rotation": 270, "texture": "#0"}
			}
		},
		{
			"from": [7.856, 2.464, 6.608],
			"to": [8.176, 2.96, 6.688],
			"faces": {
				"north": {"uv": [15, 4, 15.75, 5.25], "rotation": 270, "texture": "#0"},
				"east": {"uv": [15, 4, 15.75, 5.25], "rotation": 270, "texture": "#0"},
				"south": {"uv": [15, 4, 15.75, 5.25], "rotation": 270, "texture": "#0"},
				"west": {"uv": [15, 4, 15.75, 5.25], "rotation": 270, "texture": "#0"},
				"up": {"uv": [15, 4, 15.75, 5.25], "rotation": 270, "texture": "#0"},
				"down": {"uv": [15, 4, 15.75, 5.25], "rotation": 270, "texture": "#0"}
			}
		},
		{
			"from": [7.856, 2.464, 6.768],
			"to": [8.176, 2.96, 6.848],
			"faces": {
				"north": {"uv": [15, 4, 15.75, 5.25], "rotation": 270, "texture": "#0"},
				"east": {"uv": [15, 4, 15.75, 5.25], "rotation": 270, "texture": "#0"},
				"south": {"uv": [15, 4, 15.75, 5.25], "rotation": 270, "texture": "#0"},
				"west": {"uv": [15, 4, 15.75, 5.25], "rotation": 270, "texture": "#0"},
				"up": {"uv": [15, 4, 15.75, 5.25], "rotation": 270, "texture": "#0"},
				"down": {"uv": [15, 4, 15.75, 5.25], "rotation": 270, "texture": "#0"}
			}
		},
		{
			"from": [7.856, 2.464, 7.248],
			"to": [8.176, 2.96, 7.328],
			"faces": {
				"north": {"uv": [15, 4, 15.75, 5.25], "rotation": 270, "texture": "#0"},
				"east": {"uv": [15, 4, 15.75, 5.25], "rotation": 270, "texture": "#0"},
				"south": {"uv": [15, 4, 15.75, 5.25], "rotation": 270, "texture": "#0"},
				"west": {"uv": [15, 4, 15.75, 5.25], "rotation": 270, "texture": "#0"},
				"up": {"uv": [15, 4, 15.75, 5.25], "rotation": 270, "texture": "#0"},
				"down": {"uv": [15, 4, 15.75, 5.25], "rotation": 270, "texture": "#0"}
			}
		},
		{
			"from": [7.856, 2.464, 7.088],
			"to": [8.176, 2.96, 7.168],
			"faces": {
				"north": {"uv": [15, 4, 15.75, 5.25], "rotation": 270, "texture": "#0"},
				"east": {"uv": [15, 4, 15.75, 5.25], "rotation": 270, "texture": "#0"},
				"south": {"uv": [15, 4, 15.75, 5.25], "rotation": 270, "texture": "#0"},
				"west": {"uv": [15, 4, 15.75, 5.25], "rotation": 270, "texture": "#0"},
				"up": {"uv": [15, 4, 15.75, 5.25], "rotation": 270, "texture": "#0"},
				"down": {"uv": [15, 4, 15.75, 5.25], "rotation": 270, "texture": "#0"}
			}
		},
		{
			"from": [7.856, 2.464, 6.928],
			"to": [8.176, 2.96, 7.008],
			"faces": {
				"north": {"uv": [15, 4, 15.75, 5.25], "rotation": 270, "texture": "#0"},
				"east": {"uv": [15, 4, 15.75, 5.25], "rotation": 270, "texture": "#0"},
				"south": {"uv": [15, 4, 15.75, 5.25], "rotation": 270, "texture": "#0"},
				"west": {"uv": [15, 4, 15.75, 5.25], "rotation": 270, "texture": "#0"},
				"up": {"uv": [15, 4, 15.75, 5.25], "rotation": 270, "texture": "#0"},
				"down": {"uv": [15, 4, 15.75, 5.25], "rotation": 270, "texture": "#0"}
			}
		},
		{
			"from": [7.856, 2.464, 7.728],
			"to": [8.176, 2.96, 8.928],
			"faces": {
				"north": {"uv": [15, 4, 15.75, 5.25], "rotation": 270, "texture": "#0"},
				"east": {"uv": [15, 4, 15.75, 5.25], "rotation": 270, "texture": "#0"},
				"south": {"uv": [15, 4, 15.75, 5.25], "rotation": 270, "texture": "#0"},
				"west": {"uv": [15, 4, 15.75, 5.25], "rotation": 270, "texture": "#0"},
				"up": {"uv": [15, 4, 15.75, 5.25], "rotation": 270, "texture": "#0"},
				"down": {"uv": [15, 4, 15.75, 5.25], "rotation": 270, "texture": "#0"}
			}
		},
		{
			"from": [7.856, 2.464, 7.568],
			"to": [8.176, 2.96, 7.648],
			"faces": {
				"north": {"uv": [15, 4, 15.75, 5.25], "rotation": 270, "texture": "#0"},
				"east": {"uv": [15, 4, 15.75, 5.25], "rotation": 270, "texture": "#0"},
				"south": {"uv": [15, 4, 15.75, 5.25], "rotation": 270, "texture": "#0"},
				"west": {"uv": [15, 4, 15.75, 5.25], "rotation": 270, "texture": "#0"},
				"up": {"uv": [15, 4, 15.75, 5.25], "rotation": 270, "texture": "#0"},
				"down": {"uv": [15, 4, 15.75, 5.25], "rotation": 270, "texture": "#0"}
			}
		},
		{
			"from": [7.856, 2.464, 7.408],
			"to": [8.176, 2.96, 7.488],
			"faces": {
				"north": {"uv": [15, 4, 15.75, 5.25], "rotation": 270, "texture": "#0"},
				"east": {"uv": [15, 4, 15.75, 5.25], "rotation": 270, "texture": "#0"},
				"south": {"uv": [15, 4, 15.75, 5.25], "rotation": 270, "texture": "#0"},
				"west": {"uv": [15, 4, 15.75, 5.25], "rotation": 270, "texture": "#0"},
				"up": {"uv": [15, 4, 15.75, 5.25], "rotation": 270, "texture": "#0"},
				"down": {"uv": [15, 4, 15.75, 5.25], "rotation": 270, "texture": "#0"}
			}
		},
		{
			"from": [7.888, 1.824, 7.776],
			"to": [8.144, 2.4, 7.856],
			"rotation": {"angle": -22.5, "axis": "x", "origin": [7.936, 2.784, 8.816]},
			"faces": {
				"north": {"uv": [0, 0, 0.25, 0.25], "rotation": 270, "texture": "#0"},
				"east": {"uv": [0, 0, 0.25, 0.25], "rotation": 270, "texture": "#0"},
				"south": {"uv": [0, 0, 0.25, 0.25], "rotation": 270, "texture": "#0"},
				"west": {"uv": [0, 0, 0.25, 0.25], "rotation": 270, "texture": "#0"},
				"up": {"uv": [0, 0, 0.25, 0.25], "rotation": 270, "texture": "#0"},
				"down": {"uv": [0, 0, 0.25, 0.25], "rotation": 270, "texture": "#0"}
			}
		},
		{
			"from": [7.888, 1.584, 9.024],
			"to": [8.144, 1.984, 9.104],
			"faces": {
				"north": {"uv": [0, 0, 0.25, 0.25], "rotation": 270, "texture": "#0"},
				"east": {"uv": [0, 0, 0.25, 0.25], "rotation": 270, "texture": "#0"},
				"south": {"uv": [0, 0, 0.25, 0.25], "rotation": 270, "texture": "#0"},
				"west": {"uv": [0, 0, 0.25, 0.25], "rotation": 270, "texture": "#0"},
				"up": {"uv": [0, 0, 0.25, 0.25], "rotation": 270, "texture": "#0"},
				"down": {"uv": [0, 0, 0.25, 0.25], "rotation": 270, "texture": "#0"}
			}
		},
		{
			"from": [7.888, 1.504, 8.224],
			"to": [8.144, 1.584, 9.104],
			"faces": {
				"north": {"uv": [0, 0, 0.25, 0.25], "rotation": 90, "texture": "#0"},
				"east": {"uv": [0, 0, 0.25, 0.25], "texture": "#0"},
				"south": {"uv": [0, 0, 0.25, 0.25], "rotation": 270, "texture": "#0"},
				"west": {"uv": [0, 0, 0.25, 0.25], "rotation": 180, "texture": "#0"},
				"up": {"uv": [0, 0, 0.25, 0.25], "rotation": 270, "texture": "#0"},
				"down": {"uv": [0, 0, 0.25, 0.25], "rotation": 90, "texture": "#0"}
			}
		},
		{
			"from": [7.888, 1.632, 8.784],
			"to": [8.144, 2.064, 8.864],
			"rotation": {"angle": 22.5, "axis": "x", "origin": [8.016, 1.824, 8.824]},
			"faces": {
				"north": {"uv": [0, 0, 0.25, 0.25], "rotation": 270, "texture": "#0"},
				"east": {"uv": [0, 0, 0.25, 0.25], "rotation": 270, "texture": "#0"},
				"south": {"uv": [0, 0, 0.25, 0.25], "rotation": 270, "texture": "#0"},
				"west": {"uv": [0, 0, 0.25, 0.25], "rotation": 270, "texture": "#0"},
				"up": {"uv": [0, 0, 0.25, 0.25], "rotation": 270, "texture": "#0"},
				"down": {"uv": [0, 0, 0.25, 0.25], "rotation": 270, "texture": "#0"}
			}
		},
		{
			"from": [7.92, 2.56, 5.7696],
			"to": [8.112, 2.752, 5.8016],
			"faces": {
				"north": {"uv": [15, 4, 15.75, 5.25], "rotation": 270, "texture": "#2"},
				"east": {"uv": [15, 4, 15.75, 5.25], "rotation": 270, "texture": "#2"},
				"south": {"uv": [15, 4, 15.75, 5.25], "rotation": 270, "texture": "#2"},
				"west": {"uv": [15, 4, 15.75, 5.25], "rotation": 270, "texture": "#2"},
				"up": {"uv": [15, 4, 15.75, 5.25], "rotation": 270, "texture": "#2"},
				"down": {"uv": [15, 4, 15.75, 5.25], "rotation": 270, "texture": "#2"}
			}
		}
	],
	"display": {
		"thirdperson_righthand": {
			"translation": [0, 9.5, -1.5],
			"scale": [1.5, 1.5, 1.5]
		},
		"thirdperson_lefthand": {
			"translation": [-0.5, 9.5, -1.5],
			"scale": [1.5, 1.5, 1.5]
		},
		"firstperson_righthand": {
			"rotation": [6, 3, 0],
			"translation": [7.5, 11.5, 5]
		},
		"firstperson_lefthand": {
			"scale": [0, 0, 0]
		},
		"ground": {
			"translation": [0, 4, 0]
		},
		"gui": {
			"rotation": [90, 50, -90],
			"translation": [7, 10.5, 0],
			"scale": [2, 2, 2]
		},
		"fixed": {
			"rotation": [90, 50, -90],
			"translation": [7, 10.5, 0],
			"scale": [2, 2, 2]
		}
	}
}