{
	"credit": "Made with Blockbench",
	"textures": {
		"2": "zcbm/weapons/lever",
		"4": "block/stripped_dark_oak_log",
		"particle": "block/stripped_dark_oak_log"
	},
	"elements": [
		{
			"from": [7.7175, 7.937, -8.67174],
			"to": [8.2825, 8.252, 14.82826],
			"faces": {
				"north": {"uv": [11, 0, 11.1, 0.1], "rotation": 180, "texture": "#2"},
				"east": {"uv": [15, 9, 15.2, 16], "rotation": 90, "texture": "#2"},
				"south": {"uv": [11, 0, 12, 1], "rotation": 180, "texture": "#2"},
				"west": {"uv": [15, 9, 15.2, 16], "rotation": 270, "texture": "#2"},
				"up": {"uv": [11, 11, 12, 12], "rotation": 90, "texture": "#2"},
				"down": {"uv": [11, 11, 12, 12], "rotation": 90, "texture": "#2"}
			}
		},
		{
			"from": [7.8625, 5.38075, 18.65701],
			"to": [8.1375, 5.48575, 20.29701],
			"faces": {
				"north": {"uv": [11, 0, 11.75, 0.75], "rotation": 270, "texture": "#2"},
				"east": {"uv": [11, 0, 11.75, 0.75], "rotation": 270, "texture": "#2"},
				"south": {"uv": [11, 0, 11.75, 0.75], "rotation": 270, "texture": "#2"},
				"west": {"uv": [11, 0, 11.75, 0.75], "rotation": 270, "texture": "#2"},
				"up": {"uv": [11, 0, 11.75, 0.75], "rotation": 270, "texture": "#2"},
				"down": {"uv": [11, 0, 11.75, 0.75], "rotation": 270, "texture": "#2"}
			}
		},
		{
			"from": [7.91064, 5.9695, 19.62326],
			"to": [8.08938, 6.787, 19.72824],
			"rotation": {"angle": 22.5, "axis": "x", "origin": [8, 5.9495, 18.74076]},
			"faces": {
				"north": {"uv": [11, 0, 11.75, 0.75], "rotation": 270, "texture": "#2"},
				"east": {"uv": [11, 0, 11.75, 0.75], "rotation": 270, "texture": "#2"},
				"south": {"uv": [11, 0, 11.75, 0.75], "rotation": 270, "texture": "#2"},
				"west": {"uv": [11, 0, 11.75, 0.75], "rotation": 270, "texture": "#2"},
				"up": {"uv": [11, 0, 11.75, 0.75], "rotation": 270, "texture": "#2"},
				"down": {"uv": [11, 0, 11.75, 0.75], "rotation": 270, "texture": "#2"}
			}
		},
		{
			"from": [7.53437, 5.9429, 20.90101],
			"to": [8.46563, 7.6929, 29.88539],
			"rotation": {"angle": 22.5, "axis": "x", "origin": [8, 6.23978, 20.79164]},
			"faces": {
				"north": {"uv": [0, 0, 1.24219, 0.5], "texture": "#2"},
				"east": {"uv": [2, 7, 15.241, 9.75], "texture": "#4"},
				"south": {"uv": [0, 0, 1.24219, 0.5], "texture": "#2"},
				"west": {"uv": [2, 7, 15.241, 9.75], "texture": "#4"},
				"up": {"uv": [2, 7, 15.241, 8.5], "rotation": 90, "texture": "#4"},
				"down": {"uv": [2, 7, 15.241, 8.5], "rotation": 90, "texture": "#4"}
			}
		},
		{
			"from": [7.8625, 5.28699, 18.57888],
			"to": [8.1375, 5.392, 19.62512],
			"rotation": {"angle": 45, "axis": "x", "origin": [8, 6.5, 19.25]},
			"faces": {
				"north": {"uv": [11, 0, 11.75, 0.75], "rotation": 270, "texture": "#2"},
				"east": {"uv": [11, 0, 11.75, 0.75], "rotation": 270, "texture": "#2"},
				"south": {"uv": [11, 0, 11.75, 0.75], "rotation": 270, "texture": "#2"},
				"west": {"uv": [11, 0, 11.75, 0.75], "rotation": 270, "texture": "#2"},
				"up": {"uv": [11, 0, 11.75, 0.75], "rotation": 270, "texture": "#2"},
				"down": {"uv": [11, 0, 11.75, 0.75], "rotation": 270, "texture": "#2"}
			}
		},
		{
			"from": [7.84687, 4.97415, 16.49476],
			"to": [8.15313, 6.53665, 18.22914],
			"rotation": {"angle": 22.5, "axis": "x", "origin": [8, 6.23978, 20.79164]},
			"faces": {
				"north": {"uv": [0, 0, 1.24219, 0.5], "texture": "#2"},
				"east": {"uv": [1, 4, 2.991, 5.75], "texture": "#2"},
				"south": {"uv": [4, 5, 4.528, 5.992], "rotation": 90, "texture": "#2"},
				"west": {"uv": [1, 4, 2.991, 5.75], "texture": "#2"},
				"up": {"uv": [1, 3, 1.528, 3.992], "rotation": 90, "texture": "#2"},
				"down": {"uv": [4, 5, 4.528, 5.992], "rotation": 90, "texture": "#2"}
			}
		},
		{
			"from": [7.37812, 6.5679, 14.55726],
			"to": [8.62188, 8.1929, 20.55727],
			"faces": {
				"north": {"uv": [0, 0, 1.24219, 0.5], "texture": "#2"},
				"east": {"uv": [0, 3, 5.991, 4.938], "texture": "#2"},
				"south": {"uv": [2, 4, 2.622, 4.938], "texture": "#2"},
				"west": {"uv": [0, 3, 5.991, 4.938], "texture": "#2"},
				"up": {"uv": [3, 7, 4.622, 12.991], "texture": "#2"},
				"down": {"uv": [3, 7, 4.622, 12.991], "texture": "#2"}
			}
		},
		{
			"from": [7.50312, 2.47415, 29.10414],
			"to": [8.49688, 6.34915, 30.15101],
			"faces": {
				"north": {"uv": [3, 2, 9.75, 6.063], "texture": "#4"},
				"east": {"uv": [4, 3, 6.43, 11.813], "texture": "#4"},
				"south": {"uv": [0, 0, 0.49688, 1.8125], "texture": "#4"},
				"west": {"uv": [4, 3, 6.43, 11.813], "texture": "#4"},
				"up": {"uv": [5, 4, 5.497, 4.43], "rotation": 90, "texture": "#4"},
				"down": {"uv": [3, 7, 3.497, 7.43], "rotation": 90, "texture": "#4"}
			}
		},
		{
			"from": [7.50312, 4.22415, 25.65101],
			"to": [8.49688, 6.34915, 29.10414],
			"faces": {
				"north": {"uv": [3, 2, 9.75, 6.063], "texture": "#4"},
				"east": {"uv": [3, 2, 9.75, 6.063], "texture": "#4"},
				"south": {"uv": [0, 0, 1.24219, 0.5], "texture": "#2"},
				"west": {"uv": [3, 2, 9.75, 6.063], "texture": "#4"},
				"up": {"uv": [5, 4, 5.497, 4.43], "rotation": 90, "texture": "#4"},
				"down": {"uv": [3, 7, 3.497, 7.43], "rotation": 90, "texture": "#4"}
			}
		},
		{
			"from": [7.56562, 3.34915, 24.52601],
			"to": [8.43438, 4.47415, 25.33851],
			"rotation": {"angle": -22.5, "axis": "x", "origin": [8, 6.23978, 20.79164]},
			"faces": {
				"north": {"uv": [3, 2, 9.75, 6.063], "texture": "#4"},
				"east": {"uv": [0, 0, 0.40625, 0.5625], "texture": "#4"},
				"south": {"uv": [0, 0, 1.24219, 0.5], "texture": "#2"},
				"west": {"uv": [0, 0, 0.40625, 0.5625], "texture": "#4"},
				"up": {"uv": [5, 4, 5.497, 4.43], "rotation": 90, "texture": "#4"},
				"down": {"uv": [3, 7, 3.497, 7.43], "rotation": 90, "texture": "#4"}
			}
		},
		{
			"from": [7.40937, 6.59915, 3.55726],
			"to": [8.59063, 8.09915, 14.55726],
			"faces": {
				"north": {"uv": [4, 4, 6.181, 6.625], "texture": "#4"},
				"east": {"uv": [0, 4, 16, 8.625], "texture": "#4"},
				"south": {"uv": [0, 0, 1.24219, 0.5], "texture": "#2"},
				"west": {"uv": [0, 4, 16, 8.625], "texture": "#4"},
				"up": {"uv": [6, 1, 8.181, 15], "texture": "#4"},
				"down": {"uv": [3, 0, 6.181, 16], "texture": "#4"}
			}
		},
		{
			"from": [7.8425, 7.812, -8.67174],
			"to": [8.1575, 8.377, 14.82826],
			"faces": {
				"north": {"uv": [11, 0, 11.1, 0.1], "rotation": 180, "texture": "#2"},
				"east": {"uv": [11, 11, 12, 12], "texture": "#2"},
				"south": {"uv": [11, 0, 12, 1], "rotation": 180, "texture": "#2"},
				"west": {"uv": [11, 11, 12, 12], "rotation": 180, "texture": "#2"},
				"up": {"uv": [15, 9, 15.2, 16], "texture": "#2"},
				"down": {"uv": [15, 9, 15.2, 16], "texture": "#2"}
			}
		},
		{
			"from": [7.905, 7.78075, -8.67174],
			"to": [8.095, 8.40825, 14.82826],
			"rotation": {"angle": -45, "axis": "z", "origin": [8, 8.0945, 3.07826]},
			"faces": {
				"north": {"uv": [11, 0, 11.1, 0.1], "rotation": 180, "texture": "#2"},
				"east": {"uv": [11, 11, 12, 12], "texture": "#2"},
				"south": {"uv": [11, 0, 12, 1], "rotation": 180, "texture": "#2"},
				"west": {"uv": [11, 11, 12, 12], "rotation": 180, "texture": "#2"},
				"up": {"uv": [15, 9, 15.2, 16], "texture": "#2"},
				"down": {"uv": [15, 9, 15.2, 16], "texture": "#2"}
			}
		},
		{
			"from": [7.905, 7.78075, -8.67174],
			"to": [8.095, 8.40825, 14.82826],
			"rotation": {"angle": 45, "axis": "z", "origin": [8, 8.0945, 3.07826]},
			"faces": {
				"north": {"uv": [11, 0, 11.1, 0.1], "rotation": 180, "texture": "#2"},
				"east": {"uv": [11, 11, 12, 12], "texture": "#2"},
				"south": {"uv": [11, 0, 12, 1], "rotation": 180, "texture": "#2"},
				"west": {"uv": [11, 11, 12, 12], "rotation": 180, "texture": "#2"},
				"up": {"uv": [15, 9, 15.2, 16], "texture": "#2"},
				"down": {"uv": [15, 9, 15.2, 16], "texture": "#2"}
			}
		},
		{
			"from": [7.72187, 8.17728, 14.55726],
			"to": [8.27813, 8.55228, 20.54164],
			"faces": {
				"north": {"uv": [0, 0, 1.24219, 0.5], "texture": "#2"},
				"east": {"uv": [0, 3, 5.991, 4.938], "texture": "#2"},
				"south": {"uv": [3, 7, 3.01, 7.01], "texture": "#2"},
				"west": {"uv": [0, 3, 5.991, 4.938], "texture": "#2"},
				"up": {"uv": [3, 7, 4.622, 12.991], "texture": "#2"},
				"down": {"uv": [3, 7, 4.622, 12.991], "texture": "#2"}
			}
		},
		{
			"from": [6.56562, 7.6929, 14.55726],
			"to": [7.05938, 8.0679, 20.54164],
			"rotation": {"angle": -45, "axis": "z", "origin": [8, 6.23978, 20.79164]},
			"faces": {
				"north": {"uv": [0, 0, 1.24219, 0.5], "texture": "#2"},
				"east": {"uv": [0, 3, 5.991, 4.938], "texture": "#2"},
				"south": {"uv": [3, 7, 3.01, 7.01], "texture": "#2"},
				"west": {"uv": [0, 3, 5.991, 4.938], "texture": "#2"},
				"up": {"uv": [2, 7, 3.622, 12.99], "texture": "#2"},
				"down": {"uv": [3, 7, 4.622, 12.991], "texture": "#2"}
			}
		},
		{
			"from": [8.94062, 7.6929, 14.55726],
			"to": [9.43438, 8.0679, 20.54164],
			"rotation": {"angle": 45, "axis": "z", "origin": [8, 6.23978, 20.79164]},
			"faces": {
				"north": {"uv": [1.24219, 0, 0, 0.5], "texture": "#2"},
				"east": {"uv": [5.991, 3, 0, 4.938], "texture": "#2"},
				"south": {"uv": [3, 7, 3.01, 7.01], "texture": "#2"},
				"west": {"uv": [5.991, 3, 0, 4.938], "texture": "#2"},
				"up": {"uv": [3.622, 7, 2, 12.99], "texture": "#2"},
				"down": {"uv": [4.622, 7, 3, 12.991], "texture": "#2"}
			}
		},
		{
			"from": [7.7175, 7.062, -5.42174],
			"to": [8.2825, 7.377, 14.82826],
			"faces": {
				"north": {"uv": [11, 0, 11.1, 0.1], "rotation": 180, "texture": "#2"},
				"east": {"uv": [15.75, 9, 15.95, 16], "rotation": 90, "texture": "#2"},
				"south": {"uv": [11, 0, 12, 1], "rotation": 180, "texture": "#2"},
				"west": {"uv": [15.75, 9, 15.95, 16], "rotation": 90, "texture": "#2"},
				"up": {"uv": [11, 11, 12, 12], "rotation": 90, "texture": "#2"},
				"down": {"uv": [11, 11, 12, 12], "rotation": 90, "texture": "#2"}
			}
		},
		{
			"from": [7.905, 6.90575, -5.42174],
			"to": [8.095, 7.53325, 14.82826],
			"rotation": {"angle": -45, "axis": "z", "origin": [8, 7.2195, 3.07826]},
			"faces": {
				"north": {"uv": [11, 0, 11.1, 0.1], "rotation": 180, "texture": "#2"},
				"east": {"uv": [11, 11, 12, 12], "texture": "#2"},
				"south": {"uv": [11, 0, 12, 1], "rotation": 180, "texture": "#2"},
				"west": {"uv": [11, 11, 12, 12], "rotation": 180, "texture": "#2"},
				"up": {"uv": [15.75, 9, 15.95, 16], "texture": "#2"},
				"down": {"uv": [15, 9, 15.2, 16], "texture": "#2"}
			}
		},
		{
			"from": [7.8425, 6.937, -5.42174],
			"to": [8.1575, 7.502, 14.82826],
			"faces": {
				"north": {"uv": [11, 0, 11.1, 0.1], "rotation": 180, "texture": "#2"},
				"east": {"uv": [11, 11, 12, 12], "texture": "#2"},
				"south": {"uv": [11, 0, 12, 1], "rotation": 180, "texture": "#2"},
				"west": {"uv": [11, 11, 12, 12], "rotation": 180, "texture": "#2"},
				"up": {"uv": [15.75, 9, 15.95, 16], "texture": "#2"},
				"down": {"uv": [15, 9, 15.2, 16], "texture": "#2"}
			}
		},
		{
			"from": [7.905, 6.90575, -5.42174],
			"to": [8.095, 7.53325, 14.82826],
			"rotation": {"angle": 45, "axis": "z", "origin": [8, 7.2195, 3.07826]},
			"faces": {
				"north": {"uv": [11, 0, 11.1, 0.1], "rotation": 180, "texture": "#2"},
				"east": {"uv": [11, 11, 12, 12], "texture": "#2"},
				"south": {"uv": [11, 0, 12, 1], "rotation": 180, "texture": "#2"},
				"west": {"uv": [11, 11, 12, 12], "rotation": 180, "texture": "#2"},
				"up": {"uv": [15.75, 9, 15.95, 16], "texture": "#2"},
				"down": {"uv": [15, 9, 15.2, 16], "texture": "#2"}
			}
		},
		{
			"from": [7.47187, 6.6304, 3.18226],
			"to": [8.52813, 7.97415, 4.91664],
			"faces": {
				"north": {"uv": [0, 0, 1.24219, 0.5], "texture": "#2"},
				"east": {"uv": [1, 4, 2.991, 5.75], "texture": "#2"},
				"south": {"uv": [0, 0, 1.24219, 0.5], "texture": "#2"},
				"west": {"uv": [1, 4, 2.991, 5.75], "texture": "#2"},
				"up": {"uv": [1, 3, 1.528, 3.992], "rotation": 90, "texture": "#2"},
				"down": {"uv": [4, 5, 4.528, 5.992], "rotation": 90, "texture": "#2"}
			}
		},
		{
			"from": [7.65937, 6.8804, -5.25524],
			"to": [8.34063, 7.84915, -4.77086],
			"faces": {
				"north": {"uv": [15.5, 12, 15.985, 12.969], "texture": "#2"},
				"east": {"uv": [15.5, 12, 15.985, 12.969], "texture": "#2"},
				"south": {"uv": [15.5, 12, 15.985, 12.969], "texture": "#2"},
				"west": {"uv": [15.5, 12, 15.985, 12.969], "texture": "#2"},
				"up": {"uv": [15.5, 12, 15.985, 12.969], "texture": "#2"},
				"down": {"uv": [15.5, 12, 15.985, 12.969], "texture": "#2"}
			}
		},
		{
			"from": [7.47187, 5.86478, 19.01039],
			"to": [8.52813, 7.72415, 20.91664],
			"rotation": {"angle": 22.5, "axis": "x", "origin": [8, 6.23978, 20.79164]},
			"faces": {
				"north": {"uv": [0, 0, 1.24219, 0.5], "texture": "#2"},
				"east": {"uv": [1, 4, 2.991, 5.75], "texture": "#2"},
				"south": {"uv": [0, 0, 1.24219, 0.5], "texture": "#2"},
				"west": {"uv": [1, 4, 2.991, 5.75], "texture": "#2"},
				"up": {"uv": [1, 3, 1.528, 3.992], "rotation": 90, "texture": "#2"},
				"down": {"uv": [4, 5, 4.528, 5.992], "rotation": 90, "texture": "#2"}
			}
		},
		{
			"from": [7.8625, 6.28699, 17.95388],
			"to": [8.1375, 6.8295, 19.56262],
			"faces": {
				"north": {"uv": [11, 0, 11.75, 0.75], "rotation": 270, "texture": "#2"},
				"east": {"uv": [11, 0, 11.75, 0.75], "rotation": 270, "texture": "#2"},
				"south": {"uv": [11, 0, 11.75, 0.75], "rotation": 270, "texture": "#2"},
				"west": {"uv": [11, 0, 11.75, 0.75], "rotation": 270, "texture": "#2"},
				"up": {"uv": [11, 0, 11.75, 0.75], "rotation": 270, "texture": "#2"},
				"down": {"uv": [11, 0, 11.75, 0.75], "rotation": 270, "texture": "#2"}
			}
		},
		{
			"from": [7.8625, 5.87488, 20.53699],
			"to": [8.1375, 6.92112, 20.642],
			"rotation": {"angle": 22.5, "axis": "x", "origin": [8, 6.5, 19.25]},
			"faces": {
				"north": {"uv": [11, 0, 11.75, 0.75], "rotation": 90, "texture": "#2"},
				"east": {"uv": [11, 0, 11.75, 0.75], "rotation": 180, "texture": "#2"},
				"south": {"uv": [11, 0, 11.75, 0.75], "rotation": 270, "texture": "#2"},
				"west": {"uv": [11, 0, 11.75, 0.75], "texture": "#2"},
				"up": {"uv": [11, 0, 11.75, 0.75], "rotation": 90, "texture": "#2"},
				"down": {"uv": [11, 0, 11.75, 0.75], "rotation": 270, "texture": "#2"}
			}
		},
		{
			"from": [7.8625, 6.28699, 20.64138],
			"to": [8.1375, 6.392, 23.68762],
			"rotation": {"angle": 22.5, "axis": "x", "origin": [8, 6.5, 19.25]},
			"faces": {
				"north": {"uv": [11, 0, 11.75, 0.75], "rotation": 270, "texture": "#2"},
				"east": {"uv": [11, 0, 11.75, 0.75], "rotation": 270, "texture": "#2"},
				"south": {"uv": [11, 0, 11.75, 0.75], "rotation": 270, "texture": "#2"},
				"west": {"uv": [11, 0, 11.75, 0.75], "rotation": 270, "texture": "#2"},
				"up": {"uv": [11, 0, 11.75, 0.75], "rotation": 270, "texture": "#2"},
				"down": {"uv": [11, 0, 11.75, 0.75], "rotation": 270, "texture": "#2"}
			}
		},
		{
			"from": [7.8625, 4.03113, 19.72449],
			"to": [8.1375, 5.13987, 19.8295],
			"rotation": {"angle": -22.5, "axis": "x", "origin": [8, 6.5, 19.25]},
			"faces": {
				"north": {"uv": [11, 0, 11.75, 0.75], "rotation": 90, "texture": "#2"},
				"east": {"uv": [11, 0, 11.75, 0.75], "rotation": 180, "texture": "#2"},
				"south": {"uv": [11, 0, 11.75, 0.75], "rotation": 270, "texture": "#2"},
				"west": {"uv": [11, 0, 11.75, 0.75], "texture": "#2"},
				"up": {"uv": [11, 0, 11.75, 0.75], "rotation": 90, "texture": "#2"},
				"down": {"uv": [11, 0, 11.75, 0.75], "rotation": 270, "texture": "#2"}
			}
		},
		{
			"from": [7.8625, 5.08387, 21.32888],
			"to": [8.1375, 5.18887, 23.1095],
			"rotation": {"angle": 22.5, "axis": "x", "origin": [8, 6.5, 19.25]},
			"faces": {
				"north": {"uv": [11, 0, 11.75, 0.75], "rotation": 270, "texture": "#2"},
				"east": {"uv": [11, 0, 11.75, 0.75], "rotation": 270, "texture": "#2"},
				"south": {"uv": [11, 0, 11.75, 0.75], "rotation": 270, "texture": "#2"},
				"west": {"uv": [11, 0, 11.75, 0.75], "rotation": 270, "texture": "#2"},
				"up": {"uv": [11, 0, 11.75, 0.75], "rotation": 270, "texture": "#2"},
				"down": {"uv": [11, 0, 11.75, 0.75], "rotation": 270, "texture": "#2"}
			}
		},
		{
			"from": [7.8625, 4.14051, 23.20887],
			"to": [8.1375, 4.68674, 23.31387],
			"faces": {
				"north": {"uv": [11, 0, 11.75, 0.75], "rotation": 90, "texture": "#2"},
				"east": {"uv": [11, 0, 11.75, 0.75], "rotation": 180, "texture": "#2"},
				"south": {"uv": [11, 0, 11.75, 0.75], "rotation": 270, "texture": "#2"},
				"west": {"uv": [11, 0, 11.75, 0.75], "texture": "#2"},
				"up": {"uv": [11, 0, 11.75, 0.75], "rotation": 90, "texture": "#2"},
				"down": {"uv": [11, 0, 11.75, 0.75], "rotation": 270, "texture": "#2"}
			}
		},
		{
			"from": [7.8625, 2.77988, 20.98426],
			"to": [8.1375, 2.88488, 22.10862],
			"rotation": {"angle": -22.5, "axis": "x", "origin": [8, 6.5, 19.25]},
			"faces": {
				"north": {"uv": [11, 0, 11.75, 0.75], "rotation": 90, "texture": "#2"},
				"east": {"uv": [11, 0, 11.75, 0.75], "rotation": 90, "texture": "#2"},
				"south": {"uv": [11, 0, 11.75, 0.75], "rotation": 90, "texture": "#2"},
				"west": {"uv": [11, 0, 11.75, 0.75], "rotation": 90, "texture": "#2"},
				"up": {"uv": [11, 0, 11.75, 0.75], "rotation": 270, "texture": "#2"},
				"down": {"uv": [11, 0, 11.75, 0.75], "rotation": 270, "texture": "#2"}
			}
		},
		{
			"from": [7.8625, 5.66199, 17.95388],
			"to": [8.1375, 6.2045, 18.37512],
			"rotation": {"angle": 22.5, "axis": "x", "origin": [8, 6.5, 19.25]},
			"faces": {
				"north": {"uv": [11, 0, 11.75, 0.75], "rotation": 270, "texture": "#2"},
				"east": {"uv": [11, 0, 11.75, 0.75], "rotation": 270, "texture": "#2"},
				"south": {"uv": [11, 0, 11.75, 0.75], "rotation": 270, "texture": "#2"},
				"west": {"uv": [11, 0, 11.75, 0.75], "rotation": 270, "texture": "#2"},
				"up": {"uv": [11, 0, 11.75, 0.75], "rotation": 270, "texture": "#2"},
				"down": {"uv": [11, 0, 11.75, 0.75], "rotation": 270, "texture": "#2"}
			}
		},
		{
			"from": [7.875, 8.375, -8.25],
			"to": [8.125, 8.4375, -7.8125],
			"faces": {
				"north": {"uv": [11, 0, 11.1, 0.1], "rotation": 180, "texture": "#2"},
				"east": {"uv": [11, 0, 11.1, 0.1], "rotation": 180, "texture": "#2"},
				"south": {"uv": [11, 0, 11.1, 0.1], "rotation": 180, "texture": "#2"},
				"west": {"uv": [11, 0, 11.1, 0.1], "rotation": 180, "texture": "#2"},
				"up": {"uv": [11, 0, 11.1, 0.1], "rotation": 180, "texture": "#2"},
				"down": {"uv": [11, 0, 11.1, 0.1], "rotation": 180, "texture": "#2"}
			}
		},
		{
			"from": [7.96875, 8.4375, -8.1875],
			"to": [8.03125, 8.5625, -7.9375],
			"faces": {
				"north": {"uv": [11, 0, 11.1, 0.1], "rotation": 180, "texture": "#2"},
				"east": {"uv": [11, 0, 11.1, 0.1], "rotation": 180, "texture": "#2"},
				"south": {"uv": [11, 0, 11.1, 0.1], "rotation": 180, "texture": "#2"},
				"west": {"uv": [11, 0, 11.1, 0.1], "rotation": 180, "texture": "#2"},
				"up": {"uv": [11, 0, 11.1, 0.1], "rotation": 180, "texture": "#2"},
				"down": {"uv": [11, 0, 11.1, 0.1], "rotation": 180, "texture": "#2"}
			}
		},
		{
			"from": [8.03125, 8.64063, 13.95313],
			"to": [8.0625, 8.71875, 14.07813],
			"faces": {
				"north": {"uv": [11, 0, 11.1, 0.1], "rotation": 180, "texture": "#2"},
				"east": {"uv": [11, 0, 11.1, 0.1], "rotation": 180, "texture": "#2"},
				"south": {"uv": [11, 0, 11.1, 0.1], "rotation": 180, "texture": "#2"},
				"west": {"uv": [11, 0, 11.1, 0.1], "rotation": 180, "texture": "#2"},
				"up": {"uv": [11, 0, 11.1, 0.1], "rotation": 180, "texture": "#2"},
				"down": {"uv": [11, 0, 11.1, 0.1], "rotation": 180, "texture": "#2"}
			}
		},
		{
			"from": [7.875, 13.625, 14],
			"to": [8.125, 13.6875, 15.1875],
			"rotation": {"angle": -22.5, "axis": "x", "origin": [8, 8, 27.25]},
			"faces": {
				"north": {"uv": [11, 0, 11.1, 0.1], "rotation": 180, "texture": "#2"},
				"east": {"uv": [11, 0, 11.1, 0.1], "rotation": 180, "texture": "#2"},
				"south": {"uv": [11, 0, 11.1, 0.1], "rotation": 180, "texture": "#2"},
				"west": {"uv": [11, 0, 11.1, 0.1], "rotation": 180, "texture": "#2"},
				"up": {"uv": [11, 0, 11.1, 0.1], "rotation": 180, "texture": "#2"},
				"down": {"uv": [11, 0, 11.1, 0.1], "rotation": 180, "texture": "#2"}
			}
		},
		{
			"from": [7.875, 8.57813, 13.92188],
			"to": [8.125, 8.64063, 14.10938],
			"faces": {
				"north": {"uv": [11, 0, 11.1, 0.1], "rotation": 180, "texture": "#2"},
				"east": {"uv": [11, 0, 11.1, 0.1], "rotation": 180, "texture": "#2"},
				"south": {"uv": [11, 0, 11.1, 0.1], "rotation": 180, "texture": "#2"},
				"west": {"uv": [11, 0, 11.1, 0.1], "rotation": 180, "texture": "#2"},
				"up": {"uv": [11, 0, 11.1, 0.1], "rotation": 180, "texture": "#2"},
				"down": {"uv": [11, 0, 11.1, 0.1], "rotation": 180, "texture": "#2"}
			}
		},
		{
			"from": [7.9375, 8.64063, 13.95313],
			"to": [7.96875, 8.71875, 14.07813],
			"faces": {
				"north": {"uv": [11, 0, 11.1, 0.1], "rotation": 180, "texture": "#2"},
				"east": {"uv": [11, 0, 11.1, 0.1], "rotation": 180, "texture": "#2"},
				"south": {"uv": [11, 0, 11.1, 0.1], "rotation": 180, "texture": "#2"},
				"west": {"uv": [11, 0, 11.1, 0.1], "rotation": 180, "texture": "#2"},
				"up": {"uv": [11, 0, 11.1, 0.1], "rotation": 180, "texture": "#2"},
				"down": {"uv": [11, 0, 11.1, 0.1], "rotation": 180, "texture": "#2"}
			}
		},
		{
			"from": [7.8625, 7.87488, 20.41199],
			"to": [8.1375, 8.92112, 20.517],
			"rotation": {"angle": 22.5, "axis": "x", "origin": [8, 6.5, 19.25]},
			"faces": {
				"north": {"uv": [11, 0, 11.75, 0.75], "rotation": 90, "texture": "#2"},
				"east": {"uv": [11, 0, 11.75, 0.75], "rotation": 90, "texture": "#2"},
				"south": {"uv": [11, 0, 11.75, 0.75], "rotation": 90, "texture": "#2"},
				"west": {"uv": [11, 0, 11.75, 0.75], "rotation": 90, "texture": "#2"},
				"up": {"uv": [11, 0, 11.75, 0.75], "rotation": 90, "texture": "#2"},
				"down": {"uv": [11, 0, 11.75, 0.75], "rotation": 90, "texture": "#2"}
			}
		},
		{
			"from": [7.8, 8.233, 19.81238],
			"to": [8.2, 8.58801, 21.10862],
			"rotation": {"angle": 22.5, "axis": "x", "origin": [8, 6.5, 19.25]},
			"faces": {
				"north": {"uv": [11, 0, 11.75, 0.75], "rotation": 270, "texture": "#2"},
				"east": {"uv": [11, 0, 11.75, 0.75], "texture": "#2"},
				"south": {"uv": [11, 0, 11.75, 0.75], "rotation": 90, "texture": "#2"},
				"west": {"uv": [11, 0, 11.75, 0.75], "rotation": 180, "texture": "#2"},
				"up": {"uv": [11, 0, 11.75, 0.75], "rotation": 270, "texture": "#2"},
				"down": {"uv": [11, 0, 11.75, 0.75], "rotation": 90, "texture": "#2"}
			}
		}
	],
	"display": {
		"thirdperson_righthand": {
			"rotation": [0, -15, 0],
			"translation": [2.25, 1.5, -8.25],
			"scale": [0.75, 0.75, 0.75]
		},
		"thirdperson_lefthand": {
			"translation": [0.25, 1.5, -8.25],
			"scale": [0.75, 0.75, 0.75]
		},
		"firstperson_righthand": {
			"rotation": [1.5, -15, 0],
			"translation": [19, 1.75, -6]
		},
		"firstperson_lefthand": {
			"rotation": [1.5, -15, 0],
			"translation": [19, 1.75, -6]
		},
		"ground": {
			"translation": [0, -0.5, 0],
			"scale": [0.5, 0.5, 0.5]
		},
		"gui": {
			"rotation": [90, 50, -90],
			"translation": [-0.5, 1.75, 0],
			"scale": [0.5, 0.5, 0.5]
		},
		"fixed": {
			"rotation": [90, 50, -90],
			"translation": [-0.5, 2.25, 0],
			"scale": [0.5, 0.5, 0.5]
		}
	}
}