{
	"__comment": "Maded by PhilippO. / pro_pixel_ from BuildmodeOne",
	"textures": {
		"particle": "block/iron_block",
		"texture": "block/quartz_block_bottom"
	},
	"elements": [ 	 
		{
			"__comment": "Box1",
			"from": [ 0, 0, 0 ],
			"to": [ 16, 1, 16 ],
			"faces": {
				"down": { "uv": [ 0, 0, 16, 16 ], "texture": "#texture" },
				"up": { "uv": [ 0, 0, 16, 16 ], "texture": "#texture" },
				"north": { "uv": [ 0, 15, 16, 16 ], "texture": "#texture" },
				"south": { "uv": [ 0, 15, 16, 16 ], "texture": "#texture" },
				"west": { "uv": [ 0, 15, 16, 16 ], "texture": "#texture" },
				"east": { "uv": [ 0, 15, 16, 16 ], "texture": "#texture" }
			}
		},
		{
			"__comment": "Box2",
			"from": [ 0, 2, 1 ],
			"to": [ 1, 3, 15 ],
			"faces": {
				"down": { "uv": [ 0, 1, 1, 15 ], "texture": "#texture" },
				"up": { "uv": [ 0, 1, 1, 15 ], "texture": "#texture" },
				"north": { "uv": [ 15, 13, 16, 14 ], "texture": "#texture" },
				"south": { "uv": [ 0, 13, 1, 14 ], "texture": "#texture" },
				"west": { "uv": [ 1, 13, 15, 14 ], "texture": "#texture" },
				"east": { "uv": [ 1, 13, 15, 14 ], "texture": "#texture" }
			}
		},
		{
			"__comment": "Box2",
			"from": [ 15, 2, 1 ],
			"to": [ 16, 3, 15 ],
			"faces": {
				"down": { "uv": [ 5, 5.5, 5.5, 10.5 ], "texture": "#texture" },
				"up": { "uv": [ 5, 5.5, 5.5, 10.5 ], "texture": "#texture" },
				"north": { "uv": [ 10.5, 14.5, 11, 15 ], "texture": "#texture" },
				"south": { "uv": [ 5, 14.5, 5.5, 15 ], "texture": "#texture" },
				"west": { "uv": [ 5.5, 14.5, 10.5, 15 ], "texture": "#texture" },
				"east": { "uv": [ 5.5, 14.5, 10.5, 15 ], "texture": "#texture" }
			}
		},
		{
			"__comment": "Box2",
			"from": [ 0, 4, 1 ],
			"to": [ 1, 5, 15 ],
			"faces": {
				"down": { "uv": [ 5, 5.5, 5.5, 10.5 ], "texture": "#texture" },
				"up": { "uv": [ 5, 5.5, 5.5, 10.5 ], "texture": "#texture" },
				"north": { "uv": [ 10.5, 14.5, 11, 15 ], "texture": "#texture" },
				"south": { "uv": [ 5, 14.5, 5.5, 15 ], "texture": "#texture" },
				"west": { "uv": [ 5.5, 14.5, 10.5, 15 ], "texture": "#texture" },
				"east": { "uv": [ 5.5, 14.5, 10.5, 15 ], "texture": "#texture" }
			}
		},
		{
			"__comment": "Box2",
			"from": [ 15, 4, 1 ],
			"to": [ 16, 5, 15 ],
			"faces": {
				"down": { "uv": [ 5, 5.5, 5.5, 10.5 ], "texture": "#texture" },
				"up": { "uv": [ 5, 5.5, 5.5, 10.5 ], "texture": "#texture" },
				"north": { "uv": [ 10.5, 14.5, 11, 15 ], "texture": "#texture" },
				"south": { "uv": [ 5, 14.5, 5.5, 15 ], "texture": "#texture" },
				"west": { "uv": [ 5.5, 14.5, 10.5, 15 ], "texture": "#texture" },
				"east": { "uv": [ 5.5, 14.5, 10.5, 15 ], "texture": "#texture" }
			}
		},
		{
			"__comment": "Box2",
			"from": [ 1, 2, 15 ],
			"to": [ 15, 3, 16 ],
			"faces": {
				"down": { "uv": [ 5, 5.5, 5.5, 10.5 ], "texture": "#texture", "rotation": 270 },
				"up": { "uv": [ 5, 5.5, 5.5, 10.5 ], "texture": "#texture", "rotation": 90 },
				"north": { "uv": [ 5.5, 14.5, 10.5, 15 ], "texture": "#texture" },
				"south": { "uv": [ 5.5, 14.5, 10.5, 15 ], "texture": "#texture" },
				"west": { "uv": [ 5, 14.5, 5.5, 15 ], "texture": "#texture" },
				"east": { "uv": [ 10.5, 14.5, 11, 15 ], "texture": "#texture" }
			}
		},
		{
			"__comment": "Box2",
			"from": [ 1, 2, 0 ],
			"to": [ 15, 3, 1 ],
			"faces": {
				"down": { "uv": [ 5, 5.5, 5.5, 10.5 ], "texture": "#texture", "rotation": 270 },
				"up": { "uv": [ 5, 5.5, 5.5, 10.5 ], "texture": "#texture", "rotation": 90 },
				"north": { "uv": [ 5.5, 14.5, 10.5, 15 ], "texture": "#texture" },
				"south": { "uv": [ 5.5, 14.5, 10.5, 15 ], "texture": "#texture" },
				"west": { "uv": [ 5, 14.5, 5.5, 15 ], "texture": "#texture" },
				"east": { "uv": [ 10.5, 14.5, 11, 15 ], "texture": "#texture" }
			}
		},
		{
			"__comment": "Box2",
			"from": [ 1, 4, 0 ],
			"to": [ 15, 5, 1 ],
			"faces": {
				"down": { "uv": [ 5, 5.5, 5.5, 10.5 ], "texture": "#texture", "rotation": 270 },
				"up": { "uv": [ 5, 5.5, 5.5, 10.5 ], "texture": "#texture", "rotation": 90 },
				"north": { "uv": [ 5.5, 14.5, 10.5, 15 ], "texture": "#texture" },
				"south": { "uv": [ 5.5, 14.5, 10.5, 15 ], "texture": "#texture" },
				"west": { "uv": [ 5, 14.5, 5.5, 15 ], "texture": "#texture" },
				"east": { "uv": [ 10.5, 14.5, 11, 15 ], "texture": "#texture" }
			}
		},
		{
			"__comment": "Box2",
			"from": [ 1, 4, 15 ],
			"to": [ 15, 5, 16 ],
			"faces": {
				"down": { "uv": [ 5, 5.5, 5.5, 10.5 ], "texture": "#texture", "rotation": 270 },
				"up": { "uv": [ 5, 5.5, 5.5, 10.5 ], "texture": "#texture", "rotation": 90 },
				"north": { "uv": [ 5.5, 14.5, 10.5, 15 ], "texture": "#texture" },
				"south": { "uv": [ 5.5, 14.5, 10.5, 15 ], "texture": "#texture" },
				"west": { "uv": [ 5, 14.5, 5.5, 15 ], "texture": "#texture" },
				"east": { "uv": [ 10.5, 14.5, 11, 15 ], "texture": "#texture" }
			}
		},
		{
			"__comment": "Box10",
			"from": [ 0, 1, 0 ],
			"to": [ 1, 5, 1 ],
			"faces": {
				"down": { "uv": [ 0, 15, 1, 16 ], "texture": "#texture" },
				"up": { "uv": [ 0, 0, 1, 1 ], "texture": "#texture" },
				"north": { "uv": [ 15, 11, 16, 15 ], "texture": "#texture" },
				"south": { "uv": [ 0, 11, 1, 15 ], "texture": "#texture" },
				"west": { "uv": [ 0, 11, 1, 15 ], "texture": "#texture" },
				"east": { "uv": [ 15, 11, 16, 15 ], "texture": "#texture" }
			}
		},
		{
			"__comment": "Box10",
			"from": [ 15, 1, 0 ],
			"to": [ 16, 5, 1 ],
			"faces": {
				"down": { "uv": [ 5, 10.5, 5.5, 11 ], "texture": "#texture" },
				"up": { "uv": [ 5, 5, 5.5, 5.5 ], "texture": "#texture" },
				"north": { "uv": [ 10.5, 13.5, 11, 15.5 ], "texture": "#texture" },
				"south": { "uv": [ 5, 13.5, 5.5, 15.5 ], "texture": "#texture" },
				"west": { "uv": [ 5, 13.5, 5.5, 15.5 ], "texture": "#texture" },
				"east": { "uv": [ 10.5, 13.5, 11, 15.5 ], "texture": "#texture" }
			}
		},
		{
			"__comment": "Box10",
			"from": [ 0, 1, 15 ],
			"to": [ 1, 5, 16 ],
			"faces": {
				"down": { "uv": [ 5, 10.5, 5.5, 11 ], "texture": "#texture" },
				"up": { "uv": [ 5, 5, 5.5, 5.5 ], "texture": "#texture" },
				"north": { "uv": [ 10.5, 13.5, 11, 15.5 ], "texture": "#texture" },
				"south": { "uv": [ 5, 13.5, 5.5, 15.5 ], "texture": "#texture" },
				"west": { "uv": [ 5, 13.5, 5.5, 15.5 ], "texture": "#texture" },
				"east": { "uv": [ 10.5, 13.5, 11, 15.5 ], "texture": "#texture" }
			}
		},
		{
			"__comment": "Box10",
			"from": [ 15, 1, 15 ],
			"to": [ 16, 5, 16 ],
			"faces": {
				"down": { "uv": [ 5, 10.5, 5.5, 11 ], "texture": "#texture" },
				"up": { "uv": [ 5, 5, 5.5, 5.5 ], "texture": "#texture" },
				"north": { "uv": [ 10.5, 13.5, 11, 15.5 ], "texture": "#texture" },
				"south": { "uv": [ 5, 13.5, 5.5, 15.5 ], "texture": "#texture" },
				"west": { "uv": [ 5, 13.5, 5.5, 15.5 ], "texture": "#texture" },
				"east": { "uv": [ 10.5, 13.5, 11, 15.5 ], "texture": "#texture" }
			}
		}
	],
	"display": {
		"head": {
			"translation":  [ 0, -21, 0 ],
			"scale":  [ 1.5, 1.5, 1.5 ]
		}
	}
}