{
	"credit": "Made with Blockbench",
	"textures": {
		"7": "zcbm/weapons/stat"
	},
	"elements": [
		{
			"from": [7.5, 1, 0],
			"to": [8.5, 2, 8.0625],
			"faces": {
				"north": {"uv": [0, 0, 1, 1], "texture": "#7"},
				"east": {"uv": [0, 0, 8.0625, 1], "texture": "#7"},
				"south": {"uv": [0, 0, 1, 1], "texture": "#7"},
				"west": {"uv": [0, 0, 8.0625, 1], "texture": "#7"},
				"up": {"uv": [0, 0, 1, 8.0625], "texture": "#7"},
				"down": {"uv": [0, 0, 1, 8.0625], "texture": "#7"}
			}
		},
		{
			"from": [7.5, 0.9375, 7.5],
			"to": [8.5, 13.5, 8.5],
			"faces": {
				"north": {"uv": [0, 0, 1, 12.5625], "texture": "#7"},
				"east": {"uv": [0.5, 0, 1.5, 12.5625], "texture": "#7"},
				"south": {"uv": [0.5, 0, 1.5, 12.5625], "texture": "#7"},
				"west": {"uv": [0.5, 0, 1.5, 12.5625], "texture": "#7"},
				"up": {"uv": [0, 0, 1, 1], "rotation": 270, "texture": "#7"},
				"down": {"uv": [0, 0, 1, 1], "texture": "#7"}
			}
		},
		{
			"from": [7.40625, 1, 7.65625],
			"to": [14.90625, 2, 8.65625],
			"rotation": {"angle": -22.5, "axis": "y", "origin": [8, 1.5, 9.96875]},
			"faces": {
				"north": {"uv": [0, 0, 7.5, 1], "texture": "#7"},
				"east": {"uv": [0, 0, 1, 1], "texture": "#7"},
				"south": {"uv": [0, 0, 7.5, 1], "texture": "#7"},
				"west": {"uv": [0, 0, 1, 1], "texture": "#7"},
				"up": {"uv": [0, 0, 7.5, 1], "texture": "#7"},
				"down": {"uv": [0, 0, 7.5, 1], "texture": "#7"}
			}
		},
		{
			"from": [0.96875, 1, 7.59375],
			"to": [8.46875, 2, 8.59375],
			"rotation": {"angle": 22.5, "axis": "y", "origin": [8, 1.5, 9.96875]},
			"faces": {
				"north": {"uv": [0, 0, 7.5, 1], "texture": "#7"},
				"east": {"uv": [1, 0, 0, 1], "texture": "#7"},
				"south": {"uv": [0, 0, 7.5, 1], "texture": "#7"},
				"west": {"uv": [1, 0, 0, 1], "texture": "#7"},
				"up": {"uv": [0, 0, 7.5, 1], "texture": "#7"},
				"down": {"uv": [1, 0, 0, 16], "rotation": 270, "texture": "#7"}
			}
		},
		{
			"from": [7.75, 2.1875, 2.6875],
			"to": [8.25, 3.1875, 10.5625],
			"rotation": {"angle": -45, "axis": "x", "origin": [8, 1.5, 4.03125]},
			"faces": {
				"north": {"uv": [0, 0, 1, 1], "texture": "#7"},
				"east": {"uv": [0, 0, 7.875, 1], "texture": "#7"},
				"south": {"uv": [0, 0, 1, 1], "texture": "#7"},
				"west": {"uv": [0, 0, 7.875, 1], "texture": "#7"},
				"up": {"uv": [0, 0, 0.5, 7.875], "texture": "#7"},
				"down": {"uv": [0, 0, 0.5, 7.875], "texture": "#7"}
			}
		},
		{
			"from": [2.46875, 1.03125, 9.78125],
			"to": [13.21875, 1.5, 10.59375],
			"faces": {
				"north": {"uv": [0, 8, 6.25, 8.71875], "texture": "#7"},
				"east": {"uv": [1, 0, 0, 1], "texture": "#7"},
				"south": {"uv": [0, 8, 6.25, 8.71875], "texture": "#7"},
				"west": {"uv": [1, 0, 0, 1], "texture": "#7"},
				"up": {"uv": [0, 8, 6.25, 8.71875], "texture": "#7"},
				"down": {"uv": [0, 8, 6.25, 8.71875], "texture": "#7"}
			}
		},
		{
			"from": [7.75, -0.1875, 5.67188],
			"to": [8.25, 0.5, 10.9375],
			"rotation": {"angle": 45, "axis": "x", "origin": [8, 1.5, 11.96875]},
			"faces": {
				"north": {"uv": [1, 0, 0, 1], "texture": "#7"},
				"east": {"uv": [0, 0, 5.26562, 0.6875], "texture": "#7"},
				"south": {"uv": [1, 0, 0, 1], "texture": "#7"},
				"west": {"uv": [0, 0, 5.26562, 0.6875], "texture": "#7"},
				"up": {"uv": [0, 0, 0.5, 5.26562], "texture": "#7"},
				"down": {"uv": [0, 0, 0.5, 5.26562], "texture": "#7"}
			}
		}
	],
	"display": {
		"thirdperson_righthand": {
			"rotation": [75, 0, -10],
			"translation": [-7.32, -3.75, 3.25],
			"scale": [2.01, 2.01, 2.01]
		},
		"head": {
			"translation": [0, -30.5, 0],
			"scale": [1.61, 1.61, 1.61]
		}
	}
}