{
	"credit": "Made with Blockbench",
	"textures": {
		"1": "zcbm/weapons/minigun"
	},
	"elements": [
		{
			"from": [6.6875, 6.47828, 19.25],
			"to": [9.61719, 9.47828, 19.625],
			"faces": {
				"north": {"uv": [11.75, 11.25, 12, 11.5], "texture": "#1"},
				"east": {"uv": [0, 0, 1, 1], "texture": "#1"},
				"south": {"uv": [0, 0, 1, 1], "texture": "#1"},
				"west": {"uv": [0, 0, 1, 1], "texture": "#1"},
				"up": {"uv": [0, 0, 1, 1], "texture": "#1"},
				"down": {"uv": [0, 0, 1, 1], "texture": "#1"}
			}
		},
		{
			"from": [5.98438, 5.37671, 19.25],
			"to": [8, 7.11109, 19.625],
			"rotation": {"angle": 45, "axis": "z", "origin": [6.125, 6.57203, 19.4375]},
			"faces": {
				"north": {"uv": [11.75, 11.25, 12, 11.5], "texture": "#1"},
				"east": {"uv": [0, 0, 1, 1], "texture": "#1"},
				"south": {"uv": [0, 0, 1, 1], "texture": "#1"},
				"west": {"uv": [11.75, 11.25, 12, 11.5], "texture": "#1"},
				"up": {"uv": [0, 0, 1, 1], "texture": "#1"},
				"down": {"uv": [0, 0, 1, 1], "texture": "#1"}
			}
		},
		{
			"from": [6.85157, 5.61109, 19.25],
			"to": [9.14844, 7.41578, 19.625],
			"faces": {
				"north": {"uv": [11.75, 11.25, 12, 11.5], "texture": "#1"},
				"east": {"uv": [0, 0, 1, 1], "rotation": 270, "texture": "#1"},
				"south": {"uv": [0, 0, 1, 1], "rotation": 90, "texture": "#1"},
				"west": {"uv": [0, 0, 1, 1], "rotation": 270, "texture": "#1"},
				"up": {"uv": [0, 0, 1, 1], "rotation": 270, "texture": "#1"},
				"down": {"uv": [11.75, 11.25, 12, 11.5], "texture": "#1"}
			}
		},
		{
			"from": [5.63282, 6.85328, 19.25],
			"to": [7.4375, 9.10328, 19.625],
			"faces": {
				"north": {"uv": [11.75, 11.25, 12, 11.5], "texture": "#1"},
				"east": {"uv": [0, 0, 1, 1], "texture": "#1"},
				"south": {"uv": [0, 0, 1, 1], "texture": "#1"},
				"west": {"uv": [11.75, 11.25, 12, 11.5], "texture": "#1"},
				"up": {"uv": [0, 0, 1, 1], "texture": "#1"},
				"down": {"uv": [0, 0, 1, 1], "texture": "#1"}
			}
		},
		{
			"from": [5.98438, 8.82203, 19.25],
			"to": [8, 10.60328, 19.625],
			"rotation": {"angle": -45, "axis": "z", "origin": [6.125, 9.38453, 19.4375]},
			"faces": {
				"north": {"uv": [11.75, 11.25, 12, 11.5], "texture": "#1"},
				"east": {"uv": [0, 0, 1, 1], "texture": "#1"},
				"south": {"uv": [0, 0, 1, 1], "texture": "#1"},
				"west": {"uv": [11.75, 11.25, 12, 11.5], "texture": "#1"},
				"up": {"uv": [0, 0, 1, 1], "texture": "#1"},
				"down": {"uv": [0, 0, 1, 1], "texture": "#1"}
			}
		},
		{
			"from": [6.875, 8.54078, 19.25],
			"to": [9.125, 10.34546, 19.625],
			"faces": {
				"north": {"uv": [11.75, 11.25, 12, 11.5], "texture": "#1"},
				"east": {"uv": [0, 0, 1, 1], "rotation": 270, "texture": "#1"},
				"south": {"uv": [0, 0, 1, 1], "rotation": 90, "texture": "#1"},
				"west": {"uv": [0, 0, 1, 1], "rotation": 270, "texture": "#1"},
				"up": {"uv": [11.75, 11.25, 12, 11.5], "texture": "#1"},
				"down": {"uv": [0, 0, 1, 1], "rotation": 270, "texture": "#1"}
			}
		},
		{
			"from": [8, 8.84546, 19.25],
			"to": [10.01563, 10.57984, 19.625],
			"rotation": {"angle": 45, "axis": "z", "origin": [9.875, 9.38453, 19.4375]},
			"faces": {
				"north": {"uv": [11.75, 11.25, 12, 11.5], "texture": "#1"},
				"east": {"uv": [11.75, 11.25, 12, 11.5], "texture": "#1"},
				"south": {"uv": [0, 0, 1, 1], "texture": "#1"},
				"west": {"uv": [0, 0, 1, 1], "texture": "#1"},
				"up": {"uv": [0, 0, 1, 1], "texture": "#1"},
				"down": {"uv": [0, 0, 1, 1], "texture": "#1"}
			}
		},
		{
			"from": [8.5625, 6.85328, 19.25],
			"to": [10.36719, 9.10328, 19.625],
			"faces": {
				"north": {"uv": [11.75, 11.25, 12, 11.5], "texture": "#1"},
				"east": {"uv": [11.75, 11.25, 12, 11.5], "texture": "#1"},
				"south": {"uv": [0, 0, 1, 1], "texture": "#1"},
				"west": {"uv": [0, 0, 1, 1], "texture": "#1"},
				"up": {"uv": [0, 0, 1, 1], "texture": "#1"},
				"down": {"uv": [0, 0, 1, 1], "texture": "#1"}
			}
		},
		{
			"from": [8, 5.35328, 19.25],
			"to": [10.01563, 7.13453, 19.625],
			"rotation": {"angle": -45, "axis": "z", "origin": [9.875, 6.57203, 19.4375]},
			"faces": {
				"north": {"uv": [11.75, 11.25, 12, 11.5], "texture": "#1"},
				"east": {"uv": [11.75, 11.25, 12, 11.5], "texture": "#1"},
				"south": {"uv": [0, 0, 1, 1], "texture": "#1"},
				"west": {"uv": [0, 0, 1, 1], "texture": "#1"},
				"up": {"uv": [0, 0, 1, 1], "texture": "#1"},
				"down": {"uv": [0, 0, 1, 1], "texture": "#1"}
			}
		},
		{
			"from": [7.0625, 6.85328, 27.5],
			"to": [9.24219, 9.10328, 27.875],
			"faces": {
				"north": {"uv": [11, 0, 12, 1], "texture": "#1"},
				"east": {"uv": [0, 0, 1, 1], "texture": "#1"},
				"south": {"uv": [11, 0, 12, 1], "texture": "#1"},
				"west": {"uv": [0, 0, 1, 1], "texture": "#1"},
				"up": {"uv": [0, 0, 1, 1], "texture": "#1"},
				"down": {"uv": [0, 0, 1, 1], "texture": "#1"}
			}
		},
		{
			"from": [5.84375, 5.37671, 19.625],
			"to": [8.09375, 7.13453, 20],
			"rotation": {"angle": 45, "axis": "z", "origin": [6.125, 6.57203, 19.8125]},
			"faces": {
				"north": {"uv": [0, 0, 1, 1], "texture": "#1"},
				"east": {"uv": [0, 0, 1, 1], "texture": "#1"},
				"south": {"uv": [11, 0, 12, 1], "texture": "#1"},
				"west": {"uv": [0, 0, 0.25, 1.17188], "texture": "#1"},
				"up": {"uv": [0, 0, 1, 1], "texture": "#1"},
				"down": {"uv": [0, 0, 1, 1], "texture": "#1"}
			}
		},
		{
			"from": [6.75782, 5.51734, 19.625],
			"to": [9.24219, 7.50953, 20],
			"faces": {
				"north": {"uv": [0, 0, 1, 1], "texture": "#1"},
				"east": {"uv": [0, 0, 1, 1], "rotation": 270, "texture": "#1"},
				"south": {"uv": [11, 0, 12, 1], "texture": "#1"},
				"west": {"uv": [0, 0, 1, 1], "rotation": 270, "texture": "#1"},
				"up": {"uv": [0, 0, 1, 1], "rotation": 270, "texture": "#1"},
				"down": {"uv": [0, 0, 0.25, 1.17188], "texture": "#1"}
			}
		},
		{
			"from": [5.53907, 6.75953, 19.625],
			"to": [7.53125, 9.19703, 20],
			"faces": {
				"north": {"uv": [0, 0, 1, 1], "texture": "#1"},
				"east": {"uv": [0, 0, 1, 1], "texture": "#1"},
				"south": {"uv": [11, 0, 12, 1], "texture": "#1"},
				"west": {"uv": [0, 0, 0.25, 1.625], "texture": "#1"},
				"up": {"uv": [0, 0, 1, 1], "texture": "#1"},
				"down": {"uv": [0, 0, 1, 1], "texture": "#1"}
			}
		},
		{
			"from": [5.84375, 8.82203, 19.625],
			"to": [8.09375, 10.57984, 20],
			"rotation": {"angle": -45, "axis": "z", "origin": [6.125, 9.38453, 19.8125]},
			"faces": {
				"north": {"uv": [0, 0, 1, 1], "texture": "#1"},
				"east": {"uv": [0, 0, 1, 1], "texture": "#1"},
				"south": {"uv": [11, 0, 12, 1], "texture": "#1"},
				"west": {"uv": [0, 0, 0.25, 1.17188], "texture": "#1"},
				"up": {"uv": [0, 0, 1, 1], "texture": "#1"},
				"down": {"uv": [0, 0, 1, 1], "texture": "#1"}
			}
		},
		{
			"from": [6.78125, 8.44703, 19.625],
			"to": [9.21875, 10.43921, 20],
			"faces": {
				"north": {"uv": [0, 0, 1, 1], "texture": "#1"},
				"east": {"uv": [0, 0, 1, 1], "rotation": 270, "texture": "#1"},
				"south": {"uv": [11, 0, 12, 1], "texture": "#1"},
				"west": {"uv": [0, 0, 1, 1], "rotation": 270, "texture": "#1"},
				"up": {"uv": [0, 0, 0.25, 1.17188], "rotation": 90, "texture": "#1"},
				"down": {"uv": [0, 0, 1, 1], "rotation": 270, "texture": "#1"}
			}
		},
		{
			"from": [7.90625, 8.8689, 19.625],
			"to": [10.15625, 10.57984, 20],
			"rotation": {"angle": 45, "axis": "z", "origin": [9.875, 9.38453, 19.8125]},
			"faces": {
				"north": {"uv": [0, 0, 1, 1], "texture": "#1"},
				"east": {"uv": [0, 0, 0.25, 1.17188], "texture": "#1"},
				"south": {"uv": [11, 0, 12, 1], "texture": "#1"},
				"west": {"uv": [0, 0, 1, 1], "texture": "#1"},
				"up": {"uv": [0, 0, 1, 1], "texture": "#1"},
				"down": {"uv": [0, 0, 1, 1], "texture": "#1"}
			}
		},
		{
			"from": [8.46875, 6.75953, 19.625],
			"to": [10.46094, 9.19703, 20],
			"faces": {
				"north": {"uv": [0, 0, 1, 1], "texture": "#1"},
				"east": {"uv": [0, 0, 0.25, 1.17188], "texture": "#1"},
				"south": {"uv": [11, 0, 12, 1], "texture": "#1"},
				"west": {"uv": [0, 0, 1, 1], "texture": "#1"},
				"up": {"uv": [0, 0, 1, 1], "texture": "#1"},
				"down": {"uv": [0, 0, 1, 1], "texture": "#1"}
			}
		},
		{
			"from": [7.90625, 5.35328, 19.625],
			"to": [10.15625, 7.13453, 20],
			"rotation": {"angle": -45, "axis": "z", "origin": [9.875, 6.57203, 19.8125]},
			"faces": {
				"north": {"uv": [0, 0, 1, 1], "texture": "#1"},
				"east": {"uv": [0, 0, 0.25, 1.17188], "texture": "#1"},
				"south": {"uv": [11, 0, 12, 1], "texture": "#1"},
				"west": {"uv": [0, 0, 1, 1], "texture": "#1"},
				"up": {"uv": [0, 0, 1, 1], "texture": "#1"},
				"down": {"uv": [0, 0, 1, 1], "texture": "#1"}
			}
		},
		{
			"from": [8.65625, 5.63453, 21.5],
			"to": [9.3125, 6.94703, 27.875],
			"rotation": {"angle": -45, "axis": "z", "origin": [9.875, 6.57203, 21.6875]},
			"faces": {
				"north": {"uv": [0, 0, 0.25, 1.17188], "texture": "#1"},
				"east": {"uv": [2, 0, 6.25, 0.73438], "texture": "#1"},
				"south": {"uv": [11, 0, 12, 1], "texture": "#1"},
				"west": {"uv": [0, 0, 0.25, 1.17188], "texture": "#1"},
				"up": {"uv": [0, 0, 0.25, 1.17188], "texture": "#1"},
				"down": {"uv": [0, 0, 0.25, 1.17188], "texture": "#1"}
			}
		},
		{
			"from": [8.84375, 7.22828, 21.5],
			"to": [9.75782, 8.72828, 27.875],
			"faces": {
				"north": {"uv": [0, 0, 0.25, 1.17188], "texture": "#1"},
				"east": {"uv": [2, 0, 6.25, 1], "texture": "#1"},
				"south": {"uv": [11, 0, 12, 1], "texture": "#1"},
				"west": {"uv": [0, 0, 0.25, 1.17188], "texture": "#1"},
				"up": {"uv": [0, 0, 0.25, 1.17188], "texture": "#1"},
				"down": {"uv": [0, 0, 0.25, 1.17188], "texture": "#1"}
			}
		},
		{
			"from": [8.65625, 9.00953, 21.5],
			"to": [9.33594, 10.29858, 27.875],
			"rotation": {"angle": 45, "axis": "z", "origin": [9.875, 9.38453, 21.6875]},
			"faces": {
				"north": {"uv": [0, 0, 0.25, 1.17188], "texture": "#1"},
				"east": {"uv": [2, 0, 6.25, 0.73438], "texture": "#1"},
				"south": {"uv": [11, 0, 12, 1], "texture": "#1"},
				"west": {"uv": [0, 0, 0.25, 1.17188], "texture": "#1"},
				"up": {"uv": [0, 0, 0.25, 1.17188], "texture": "#1"},
				"down": {"uv": [0, 0, 0.25, 1.17188], "texture": "#1"}
			}
		},
		{
			"from": [7.15625, 8.82203, 21.5],
			"to": [8.84375, 9.64233, 27.875],
			"faces": {
				"north": {"uv": [0, 0, 0.25, 1.17188], "texture": "#1"},
				"east": {"uv": [0, 0, 0.25, 1.17188], "rotation": 270, "texture": "#1"},
				"south": {"uv": [11, 0, 12, 1], "texture": "#1"},
				"west": {"uv": [0, 0, 0.25, 1.17188], "texture": "#1"},
				"up": {"uv": [2, 0, 6.25, 1], "rotation": 90, "texture": "#1"},
				"down": {"uv": [0, 0, 0.25, 1.17188], "rotation": 270, "texture": "#1"}
			}
		},
		{
			"from": [6.66407, 9.00953, 21.5],
			"to": [7.34375, 10.29858, 27.875],
			"rotation": {"angle": -45, "axis": "z", "origin": [6.125, 9.38453, 21.6875]},
			"faces": {
				"north": {"uv": [0.25, 0, 0, 1.17188], "texture": "#1"},
				"east": {"uv": [0.25, 0, 0, 1.17188], "texture": "#1"},
				"south": {"uv": [11, 0, 12, 1], "texture": "#1"},
				"west": {"uv": [2, 0, 6.25, 0.73438], "texture": "#1"},
				"up": {"uv": [0.25, 0, 0, 1.17188], "texture": "#1"},
				"down": {"uv": [0.25, 0, 0, 1.17188], "texture": "#1"}
			}
		},
		{
			"from": [6.2422, 7.25171, 21.5],
			"to": [7.53125, 8.75171, 27.875],
			"faces": {
				"north": {"uv": [0.25, 0, 0, 1.17188], "texture": "#1"},
				"east": {"uv": [0.25, 0, 0, 1.17188], "texture": "#1"},
				"south": {"uv": [11, 0, 12, 1], "texture": "#1"},
				"west": {"uv": [2, 0, 6.25, 1], "texture": "#1"},
				"up": {"uv": [0.25, 0, 0, 1.17188], "texture": "#1"},
				"down": {"uv": [0.25, 0, 0, 1.17188], "texture": "#1"}
			}
		},
		{
			"from": [6.6875, 5.63453, 21.5],
			"to": [7.34375, 6.94703, 27.875],
			"rotation": {"angle": 45, "axis": "z", "origin": [6.125, 6.57203, 21.6875]},
			"faces": {
				"north": {"uv": [0.25, 0, 0, 1.17188], "texture": "#1"},
				"east": {"uv": [0.25, 0, 0, 1.17188], "texture": "#1"},
				"south": {"uv": [11, 0, 12, 1], "texture": "#1"},
				"west": {"uv": [2, 0, 6.25, 0.73438], "texture": "#1"},
				"up": {"uv": [0.25, 0, 0, 1.17188], "texture": "#1"},
				"down": {"uv": [0.25, 0, 0, 1.17188], "texture": "#1"}
			}
		},
		{
			"from": [7.1797, 6.31421, 21.5],
			"to": [8.82032, 7.13453, 27.875],
			"faces": {
				"north": {"uv": [0, 0, 0.25, 1.17188], "texture": "#1"},
				"east": {"uv": [0, 0, 0.25, 1.17188], "rotation": 270, "texture": "#1"},
				"south": {"uv": [11, 0, 12, 1], "texture": "#1"},
				"west": {"uv": [0, 0, 0.25, 1.17188], "texture": "#1"},
				"up": {"uv": [2, 0, 6.25, 1.5], "rotation": 90, "texture": "#1"},
				"down": {"uv": [2, 0, 6.25, 1], "rotation": 90, "texture": "#1"}
			}
		},
		{
			"from": [6.66407, 9.00953, 21.5],
			"to": [7.34375, 10.29858, 27.875],
			"rotation": {"angle": -45, "axis": "z", "origin": [6.125, 9.38453, 21.6875]},
			"faces": {
				"north": {"uv": [0.25, 0, 0, 1.17188], "texture": "#1"},
				"east": {"uv": [0.25, 0, 0, 1.17188], "texture": "#1"},
				"south": {"uv": [11, 0, 12, 1], "texture": "#1"},
				"west": {"uv": [5.25, 0, 2, 1.1875], "texture": "#1"},
				"up": {"uv": [0.25, 0, 0, 1.17188], "texture": "#1"},
				"down": {"uv": [0.25, 0, 0, 1.17188], "texture": "#1"}
			}
		},
		{
			"from": [6.00782, 6.85328, 20],
			"to": [7.0625, 9.10328, 21.5],
			"faces": {
				"north": {"uv": [0, 0, 0.25, 1.17188], "texture": "#1"},
				"east": {"uv": [0, 0, 0.25, 1.17188], "texture": "#1"},
				"south": {"uv": [11, 0, 12, 1], "texture": "#1"},
				"west": {"uv": [3, 0, 4, 1.5], "texture": "#1"},
				"up": {"uv": [0, 0, 0.25, 1.17188], "texture": "#1"},
				"down": {"uv": [0, 0, 0.25, 1.17188], "texture": "#1"}
			}
		},
		{
			"from": [6.07813, 5.47046, 20],
			"to": [7.90625, 7.01734, 21.5],
			"rotation": {"angle": 45, "axis": "z", "origin": [6.125, 6.57203, 20.1875]},
			"faces": {
				"north": {"uv": [0, 0, 0.25, 1.17188], "texture": "#1"},
				"east": {"uv": [0, 0, 0.25, 1.17188], "texture": "#1"},
				"south": {"uv": [11, 0, 12, 1], "texture": "#1"},
				"west": {"uv": [3, 0, 4, 1.1875], "texture": "#1"},
				"up": {"uv": [0, 0, 0.25, 1.17188], "texture": "#1"},
				"down": {"uv": [0, 0, 0.25, 1.17188], "texture": "#1"}
			}
		},
		{
			"from": [6.85157, 5.98609, 20],
			"to": [9.14844, 7.04078, 21.5],
			"faces": {
				"north": {"uv": [0, 0, 0.25, 1.17188], "texture": "#1"},
				"east": {"uv": [0, 0, 0.25, 1.17188], "rotation": 270, "texture": "#1"},
				"south": {"uv": [11, 0, 12, 1], "texture": "#1"},
				"west": {"uv": [0, 0, 0.25, 1.17188], "texture": "#1"},
				"up": {"uv": [0, 0, 0.25, 1.17188], "rotation": 270, "texture": "#1"},
				"down": {"uv": [3, 0, 4, 1.5], "rotation": 90, "texture": "#1"}
			}
		},
		{
			"from": [8.09375, 5.44703, 20],
			"to": [9.92188, 7.04078, 21.5],
			"rotation": {"angle": -45, "axis": "z", "origin": [9.875, 6.57203, 20.1875]},
			"faces": {
				"north": {"uv": [0, 0, 0.25, 1.17188], "texture": "#1"},
				"east": {"uv": [3, 0, 4, 1.1875], "texture": "#1"},
				"south": {"uv": [11, 0, 12, 1], "texture": "#1"},
				"west": {"uv": [0, 0, 0.25, 1.17188], "texture": "#1"},
				"up": {"uv": [0, 0, 0.25, 1.17188], "texture": "#1"},
				"down": {"uv": [0, 0, 0.25, 1.17188], "texture": "#1"}
			}
		},
		{
			"from": [8.9375, 6.85328, 20],
			"to": [9.99219, 9.10328, 21.5],
			"faces": {
				"north": {"uv": [0, 0, 0.25, 1.17188], "texture": "#1"},
				"east": {"uv": [3, 0, 4, 1.5], "texture": "#1"},
				"south": {"uv": [11, 0, 12, 1], "texture": "#1"},
				"west": {"uv": [0, 0, 0.25, 1.17188], "texture": "#1"},
				"up": {"uv": [0, 0, 0.25, 1.17188], "texture": "#1"},
				"down": {"uv": [0, 0, 0.25, 1.17188], "texture": "#1"}
			}
		},
		{
			"from": [6.875, 8.91578, 20],
			"to": [9.125, 9.97046, 21.5],
			"faces": {
				"north": {"uv": [0, 0, 0.25, 1.17188], "texture": "#1"},
				"east": {"uv": [0, 0, 0.25, 1.17188], "rotation": 270, "texture": "#1"},
				"south": {"uv": [11, 0, 12, 1], "texture": "#1"},
				"west": {"uv": [0, 0, 0.25, 1.17188], "texture": "#1"},
				"up": {"uv": [3, 0, 4, 1.5], "rotation": 90, "texture": "#1"},
				"down": {"uv": [0, 0, 0.25, 1.17188], "rotation": 270, "texture": "#1"}
			}
		},
		{
			"from": [4.07813, 8.91578, 20],
			"to": [7.90625, 10.50953, 21.5],
			"rotation": {"angle": -45, "axis": "z", "origin": [6.125, 9.38453, 20.1875]},
			"faces": {
				"north": {"uv": [0, 0, 0.25, 1.17188], "texture": "#1"},
				"east": {"uv": [0, 0, 0.25, 1.17188], "texture": "#1"},
				"south": {"uv": [11, 0, 12, 1], "texture": "#1"},
				"west": {"uv": [3, 0, 4, 1.1875], "texture": "#1"},
				"up": {"uv": [0, 0, 0.25, 1.17188], "texture": "#1"},
				"down": {"uv": [0, 0, 0.25, 1.17188], "texture": "#1"}
			}
		},
		{
			"from": [1.54955, 5.89619, 20.75],
			"to": [3.23705, 6.55244, 21.3125],
			"rotation": {"angle": 45, "axis": "z", "origin": [4.2683, 10.95869, 20.84375]},
			"faces": {
				"north": {"uv": [0, 0, 0.25, 1.17188], "texture": "#1"},
				"east": {"uv": [0, 0, 0.25, 1.17188], "texture": "#1"},
				"south": {"uv": [3.75, 6.25, 4.75, 7.25], "texture": "#1"},
				"west": {"uv": [5.25, 5, 6.25, 6.1875], "texture": "#1"},
				"up": {"uv": [0, 0, 0.25, 1.17188], "texture": "#1"},
				"down": {"uv": [6, 8, 6.25, 9.17188], "texture": "#1"}
			}
		},
		{
			"from": [4.40625, 9.41578, 4.75],
			"to": [5.15625, 10.16578, 20],
			"rotation": {"angle": -45, "axis": "z", "origin": [6.125, 9.38453, 20.1875]},
			"faces": {
				"north": {"uv": [0, 0, 0.25, 1.17188], "texture": "#1"},
				"east": {"uv": [0, 0, 0.25, 1.17188], "texture": "#1"},
				"south": {"uv": [11, 0, 12, 1], "texture": "#1"},
				"west": {"uv": [3, 0, 4, 1.1875], "texture": "#1"},
				"up": {"uv": [0, 0, 0.25, 1.17188], "texture": "#1"},
				"down": {"uv": [0, 0, 0.25, 1.17188], "texture": "#1"}
			}
		},
		{
			"from": [8.09375, 8.91578, 20],
			"to": [11.92188, 10.50953, 21.5],
			"rotation": {"angle": 45, "axis": "z", "origin": [9.875, 9.38453, 20.1875]},
			"faces": {
				"north": {"uv": [0.25, 0, 0, 1.17188], "texture": "#1"},
				"east": {"uv": [4, 0, 3, 1.1875], "texture": "#1"},
				"south": {"uv": [12, 0, 11, 1], "texture": "#1"},
				"west": {"uv": [0.25, 0, 0, 1.17188], "texture": "#1"},
				"up": {"uv": [0.25, 0, 0, 1.17188], "texture": "#1"},
				"down": {"uv": [0.25, 0, 0, 1.17188], "texture": "#1"}
			}
		},
		{
			"from": [5.15625, 6.16578, 4.75],
			"to": [5.84375, 10.50953, 5.5],
			"faces": {
				"north": {"uv": [0, 0, 0.25, 1.17188], "texture": "#1"},
				"east": {"uv": [0, 0, 0.25, 1.17188], "texture": "#1"},
				"south": {"uv": [0, 0, 0.25, 1.17188], "texture": "#1"},
				"west": {"uv": [3, 0, 4, 1.1875], "texture": "#1"},
				"up": {"uv": [0, 0, 0.25, 1.17188], "texture": "#1"},
				"down": {"uv": [0, 0, 0.25, 1.17188], "texture": "#1"}
			}
		},
		{
			"from": [4.90625, 9.91578, 4.25],
			"to": [6.15625, 11.16578, 6],
			"faces": {
				"north": {"uv": [0, 0, 0.25, 1.17188], "texture": "#1"},
				"east": {"uv": [0, 0, 0.25, 1.17188], "texture": "#1"},
				"south": {"uv": [11, 0, 12, 1], "texture": "#1"},
				"west": {"uv": [3, 0, 4, 1.1875], "texture": "#1"},
				"up": {"uv": [0, 0, 0.25, 1.17188], "texture": "#1"},
				"down": {"uv": [0, 0, 0.25, 1.17188], "texture": "#1"}
			}
		},
		{
			"from": [6.54688, 3.91578, 4.75],
			"to": [7.23438, 5.88453, 5.5],
			"rotation": {"angle": 45, "axis": "z", "origin": [5.5, 4.33765, 5.125]},
			"faces": {
				"north": {"uv": [0, 0, 0.25, 1.17188], "rotation": 180, "texture": "#1"},
				"east": {"uv": [0, 0, 0.25, 1.17188], "texture": "#1"},
				"south": {"uv": [0, 0, 0.25, 1.17188], "texture": "#1"},
				"west": {"uv": [0, 0, 0.25, 1.17188], "texture": "#1"},
				"up": {"uv": [0, 0, 0.25, 1.17188], "texture": "#1"},
				"down": {"uv": [0, 0, 0.25, 1.17188], "texture": "#1"}
			}
		},
		{
			"from": [8.76563, 3.91578, 4.75],
			"to": [9.45313, 5.88453, 5.5],
			"rotation": {"angle": -45, "axis": "z", "origin": [10.5, 4.33765, 5.125]},
			"faces": {
				"north": {"uv": [0.25, 0, 0, 1.17188], "rotation": 180, "texture": "#1"},
				"east": {"uv": [0.25, 0, 0, 1.17188], "texture": "#1"},
				"south": {"uv": [0.25, 0, 0, 1.17188], "texture": "#1"},
				"west": {"uv": [0.25, 0, 0, 1.17188], "texture": "#1"},
				"up": {"uv": [0.25, 0, 0, 1.17188], "texture": "#1"},
				"down": {"uv": [0.25, 0, 0, 1.17188], "texture": "#1"}
			}
		},
		{
			"from": [10.15625, 6.16578, 4.75],
			"to": [10.84375, 10.50953, 5.5],
			"faces": {
				"north": {"uv": [0.25, 0, 0, 1.17188], "texture": "#1"},
				"east": {"uv": [4, 0, 3, 1.1875], "texture": "#1"},
				"south": {"uv": [0.25, 0, 0, 1.17188], "texture": "#1"},
				"west": {"uv": [0.25, 0, 0, 1.17188], "texture": "#1"},
				"up": {"uv": [0.25, 0, 0, 1.17188], "texture": "#1"},
				"down": {"uv": [0.25, 0, 0, 1.17188], "texture": "#1"}
			}
		},
		{
			"from": [9.84375, 9.91578, 4.25],
			"to": [11.09375, 11.16578, 6],
			"faces": {
				"north": {"uv": [0.25, 0, 0, 1.17188], "texture": "#1"},
				"east": {"uv": [4, 0, 3, 1.1875], "texture": "#1"},
				"south": {"uv": [12, 0, 11, 1], "texture": "#1"},
				"west": {"uv": [0.25, 0, 0, 1.17188], "texture": "#1"},
				"up": {"uv": [0.25, 0, 0, 1.17188], "texture": "#1"},
				"down": {"uv": [0.25, 0, 0, 1.17188], "texture": "#1"}
			}
		},
		{
			"from": [10.84375, 9.41578, 4.75],
			"to": [11.59375, 10.16578, 20],
			"rotation": {"angle": 45, "axis": "z", "origin": [9.875, 9.38453, 20.1875]},
			"faces": {
				"north": {"uv": [0.25, 0, 0, 1.17188], "texture": "#1"},
				"east": {"uv": [4, 0, 3, 1.1875], "texture": "#1"},
				"south": {"uv": [12, 0, 11, 1], "texture": "#1"},
				"west": {"uv": [0.25, 0, 0, 1.17188], "texture": "#1"},
				"up": {"uv": [0.25, 0, 0, 1.17188], "texture": "#1"},
				"down": {"uv": [0.25, 0, 0, 1.17188], "texture": "#1"}
			}
		},
		{
			"from": [6.54688, 4.77515, 4.75],
			"to": [9.45313, 5.44703, 5.5],
			"faces": {
				"north": {"uv": [0, 0, 0.25, 1.17188], "rotation": 270, "texture": "#1"},
				"east": {"uv": [0, 0, 0.25, 1.17188], "rotation": 270, "texture": "#1"},
				"south": {"uv": [0, 0, 0.25, 1.17188], "rotation": 270, "texture": "#1"},
				"west": {"uv": [0, 0, 0.25, 1.17188], "rotation": 90, "texture": "#1"},
				"up": {"uv": [0, 0, 0.25, 1.17188], "rotation": 270, "texture": "#1"},
				"down": {"uv": [0, 0, 0.25, 1.17188], "rotation": 270, "texture": "#1"}
			}
		},
		{
			"from": [7.0625, 6.85328, -5.125],
			"to": [9.24219, 9.10328, -4.75],
			"faces": {
				"north": {"uv": [11.75, 11.25, 12, 11.5], "texture": "#1"},
				"east": {"uv": [0, 0, 1, 1], "texture": "#1"},
				"south": {"uv": [11.75, 11.25, 12, 11.5], "texture": "#1"},
				"west": {"uv": [0, 0, 1, 1], "texture": "#1"},
				"up": {"uv": [0, 0, 1, 1], "texture": "#1"},
				"down": {"uv": [0, 0, 1, 1], "texture": "#1"}
			}
		},
		{
			"from": [6.5, 5.37671, -5.125],
			"to": [7.625, 7.11109, -4.75],
			"rotation": {"angle": 45, "axis": "z", "origin": [6.125, 6.57203, -4.9375]},
			"faces": {
				"north": {"uv": [11.75, 11.25, 12, 11.5], "texture": "#1"},
				"east": {"uv": [0, 0, 1, 1], "texture": "#1"},
				"south": {"uv": [11.75, 11.25, 12, 11.5], "texture": "#1"},
				"west": {"uv": [15, 10.75, 15.25, 11.75], "texture": "#1"},
				"up": {"uv": [0, 0, 1, 1], "texture": "#1"},
				"down": {"uv": [0, 0, 1, 1], "texture": "#1"}
			}
		},
		{
			"from": [7.22657, 5.98609, -5.125],
			"to": [8.77344, 7.04078, -4.75],
			"faces": {
				"north": {"uv": [11.75, 11.25, 12, 11.5], "texture": "#1"},
				"east": {"uv": [0, 0, 1, 1], "rotation": 270, "texture": "#1"},
				"south": {"uv": [11.75, 11.25, 12, 11.5], "texture": "#1"},
				"west": {"uv": [0, 0, 1, 1], "rotation": 270, "texture": "#1"},
				"up": {"uv": [0, 0, 1, 1], "rotation": 270, "texture": "#1"},
				"down": {"uv": [15, 12.5, 15.25, 13.5], "rotation": 90, "texture": "#1"}
			}
		},
		{
			"from": [6.00782, 7.22828, -5.125],
			"to": [7.0625, 8.72828, -4.75],
			"faces": {
				"north": {"uv": [11.75, 11.25, 12, 11.5], "texture": "#1"},
				"east": {"uv": [0, 0, 1, 1], "texture": "#1"},
				"south": {"uv": [11.75, 11.25, 12, 11.5], "texture": "#1"},
				"west": {"uv": [10, 11, 10.25, 12], "texture": "#1"},
				"up": {"uv": [0, 0, 1, 1], "texture": "#1"},
				"down": {"uv": [0, 0, 1, 1], "texture": "#1"}
			}
		},
		{
			"from": [6.5, 8.84546, -5.125],
			"to": [7.625, 10.57984, -4.75],
			"rotation": {"angle": -45, "axis": "z", "origin": [6.125, 9.38453, -4.9375]},
			"faces": {
				"north": {"uv": [11.75, 11.25, 12, 11.5], "texture": "#1"},
				"east": {"uv": [0, 0, 1, 1], "texture": "#1"},
				"south": {"uv": [11.75, 11.25, 12, 11.5], "texture": "#1"},
				"west": {"uv": [14.5, 12.75, 14.75, 13.75], "texture": "#1"},
				"up": {"uv": [0, 0, 1, 1], "texture": "#1"},
				"down": {"uv": [0, 0, 1, 1], "texture": "#1"}
			}
		},
		{
			"from": [7.25, 8.91578, -5.125],
			"to": [8.75, 9.97046, -4.75],
			"faces": {
				"north": {"uv": [11.75, 11.25, 12, 11.5], "texture": "#1"},
				"east": {"uv": [0, 0, 1, 1], "rotation": 270, "texture": "#1"},
				"south": {"uv": [11.75, 11.25, 12, 11.5], "texture": "#1"},
				"west": {"uv": [0, 0, 1, 1], "rotation": 270, "texture": "#1"},
				"up": {"uv": [12.5, 12.5, 12.75, 13.5], "rotation": 90, "texture": "#1"},
				"down": {"uv": [0, 0, 1, 1], "rotation": 270, "texture": "#1"}
			}
		},
		{
			"from": [8.375, 8.84546, -5.125],
			"to": [9.5, 10.57984, -4.75],
			"rotation": {"angle": 45, "axis": "z", "origin": [9.875, 9.38453, -4.9375]},
			"faces": {
				"north": {"uv": [11.75, 11.25, 12, 11.5], "texture": "#1"},
				"east": {"uv": [15.25, 13.5, 15.5, 14.5], "texture": "#1"},
				"south": {"uv": [11.75, 11.25, 12, 11.5], "texture": "#1"},
				"west": {"uv": [0, 0, 1, 1], "texture": "#1"},
				"up": {"uv": [0, 0, 1, 1], "texture": "#1"},
				"down": {"uv": [0, 0, 1, 1], "texture": "#1"}
			}
		},
		{
			"from": [8.9375, 7.22828, -5.125],
			"to": [9.99219, 8.72828, -4.75],
			"faces": {
				"north": {"uv": [11.75, 11.25, 12, 11.5], "texture": "#1"},
				"east": {"uv": [12.75, 10.75, 13, 11.75], "texture": "#1"},
				"south": {"uv": [11.75, 11.25, 12, 11.5], "texture": "#1"},
				"west": {"uv": [0, 0, 1, 1], "texture": "#1"},
				"up": {"uv": [0, 0, 1, 1], "texture": "#1"},
				"down": {"uv": [0, 0, 1, 1], "texture": "#1"}
			}
		},
		{
			"from": [8.375, 5.37671, -5.125],
			"to": [9.5, 7.11109, -4.75],
			"rotation": {"angle": -45, "axis": "z", "origin": [9.875, 6.57203, -4.9375]},
			"faces": {
				"north": {"uv": [11.75, 11.25, 12, 11.5], "texture": "#1"},
				"east": {"uv": [11, 9.5, 11.25, 10.5], "texture": "#1"},
				"south": {"uv": [11.75, 11.25, 12, 11.5], "texture": "#1"},
				"west": {"uv": [0, 0, 1, 1], "texture": "#1"},
				"up": {"uv": [0, 0, 1, 1], "texture": "#1"},
				"down": {"uv": [0, 0, 1, 1], "texture": "#1"}
			}
		},
		{
			"from": [6.5, 5.37671, -16],
			"to": [6.875, 7.11109, -10],
			"rotation": {"angle": 45, "axis": "z", "origin": [6.125, 6.57203, -13.1875]},
			"faces": {
				"north": {"uv": [11.75, 11.25, 12, 11.5], "texture": "#1"},
				"east": {"uv": [11.75, 11.25, 12, 11.5], "texture": "#1"},
				"south": {"uv": [11.75, 11.25, 12, 11.5], "texture": "#1"},
				"west": {"uv": [13, 9.5, 15.25, 10.65625], "texture": "#1"},
				"up": {"uv": [0, 0, 1, 1], "texture": "#1"},
				"down": {"uv": [0, 0, 1, 1], "texture": "#1"}
			}
		},
		{
			"from": [7.22657, 5.98609, -16],
			"to": [8.77344, 6.36109, -10],
			"faces": {
				"north": {"uv": [11.75, 11.25, 12, 11.5], "texture": "#1"},
				"east": {"uv": [0, 0, 1, 1], "rotation": 270, "texture": "#1"},
				"south": {"uv": [11.75, 11.25, 12, 11.5], "texture": "#1"},
				"west": {"uv": [0, 0, 1, 1], "rotation": 270, "texture": "#1"},
				"up": {"uv": [11.75, 11.25, 12, 11.5], "texture": "#1"},
				"down": {"uv": [8.75, 9.5, 9.78125, 11.75], "rotation": 90, "texture": "#1"}
			}
		},
		{
			"from": [6.00782, 7.22828, -16],
			"to": [6.38282, 8.72828, -10],
			"faces": {
				"north": {"uv": [11.75, 11.25, 12, 11.5], "texture": "#1"},
				"east": {"uv": [11.75, 11.25, 12, 11.5], "texture": "#1"},
				"south": {"uv": [11.75, 11.25, 12, 11.5], "texture": "#1"},
				"west": {"uv": [11.5, 10, 12.5, 11], "texture": "#1"},
				"up": {"uv": [0, 0, 1, 1], "texture": "#1"},
				"down": {"uv": [0, 0, 1, 1], "texture": "#1"}
			}
		},
		{
			"from": [6.5, 8.84546, -16],
			"to": [6.875, 10.57984, -10],
			"rotation": {"angle": -45, "axis": "z", "origin": [6.125, 9.38453, -13.1875]},
			"faces": {
				"north": {"uv": [11.75, 11.25, 12, 11.5], "texture": "#1"},
				"east": {"uv": [11.75, 11.25, 12, 11.5], "texture": "#1"},
				"south": {"uv": [11.75, 11.25, 12, 11.5], "texture": "#1"},
				"west": {"uv": [13.75, 12.75, 16, 13.90625], "texture": "#1"},
				"up": {"uv": [0, 0, 1, 1], "texture": "#1"},
				"down": {"uv": [0, 0, 1, 1], "texture": "#1"}
			}
		},
		{
			"from": [7.25, 9.59546, -16],
			"to": [8.75, 9.97046, -10],
			"faces": {
				"north": {"uv": [11.75, 11.25, 12, 11.5], "texture": "#1"},
				"east": {"uv": [0, 0, 1, 1], "rotation": 270, "texture": "#1"},
				"south": {"uv": [11.75, 11.25, 12, 11.5], "texture": "#1"},
				"west": {"uv": [0, 0, 1, 1], "rotation": 270, "texture": "#1"},
				"up": {"uv": [11.5, 10.5, 12.5, 12.75], "texture": "#1"},
				"down": {"uv": [11.75, 11.25, 12, 11.5], "texture": "#1"}
			}
		},
		{
			"from": [9.125, 8.84546, -16],
			"to": [9.5, 10.57984, -10],
			"rotation": {"angle": 45, "axis": "z", "origin": [9.875, 9.38453, -13.1875]},
			"faces": {
				"north": {"uv": [11.75, 11.25, 12, 11.5], "texture": "#1"},
				"east": {"uv": [13.25, 12, 15.5, 13.15625], "texture": "#1"},
				"south": {"uv": [11.75, 11.25, 12, 11.5], "texture": "#1"},
				"west": {"uv": [11.75, 11.25, 12, 11.5], "texture": "#1"},
				"up": {"uv": [0, 0, 1, 1], "texture": "#1"},
				"down": {"uv": [0, 0, 1, 1], "texture": "#1"}
			}
		},
		{
			"from": [9.61719, 7.22828, -16],
			"to": [9.99219, 8.72828, -10],
			"faces": {
				"north": {"uv": [11.75, 11.25, 12, 11.5], "texture": "#1"},
				"east": {"uv": [8, 9.75, 10.25, 10.75], "texture": "#1"},
				"south": {"uv": [11.75, 11.25, 12, 11.5], "texture": "#1"},
				"west": {"uv": [11.75, 11.25, 12, 11.5], "texture": "#1"},
				"up": {"uv": [0, 0, 1, 1], "texture": "#1"},
				"down": {"uv": [0, 0, 1, 1], "texture": "#1"}
			}
		},
		{
			"from": [9.125, 5.37671, -16],
			"to": [9.5, 7.11109, -10],
			"rotation": {"angle": -45, "axis": "z", "origin": [9.875, 6.57203, -13.1875]},
			"faces": {
				"north": {"uv": [11.75, 11.25, 12, 11.5], "texture": "#1"},
				"east": {"uv": [10.5, 10.5, 12.75, 11.65625], "texture": "#1"},
				"south": {"uv": [11.75, 11.25, 12, 11.5], "texture": "#1"},
				"west": {"uv": [11.75, 11.25, 12, 11.5], "texture": "#1"},
				"up": {"uv": [0, 0, 1, 1], "texture": "#1"},
				"down": {"uv": [0, 0, 1, 1], "texture": "#1"}
			}
		},
		{
			"from": [7.71875, 6.20426, -10.375],
			"to": [8.28125, 6.76676, 19.625],
			"faces": {
				"north": {"uv": [11, 0, 11.375, 0.375], "texture": "#1"},
				"east": {"uv": [0, 0, 0.5, 14], "texture": "#1"},
				"south": {"uv": [0, 0, 16, 2], "texture": "#1"},
				"west": {"uv": [0, 0, 0.5, 14], "rotation": 90, "texture": "#1"},
				"up": {"uv": [0, 0, 0.375, 16], "texture": "#1"},
				"down": {"uv": [0, 0, 0.375, 16], "texture": "#1"}
			}
		},
		{
			"from": [8.65625, 8.82926, -10.375],
			"to": [9.21875, 9.39176, 19.625],
			"rotation": {"angle": 45, "axis": "z", "origin": [9.5, 9.11051, 0.125]},
			"faces": {
				"north": {"uv": [11, 0, 11.375, 0.375], "texture": "#1"},
				"east": {"uv": [0, 14, 0.5, 0], "texture": "#1"},
				"south": {"uv": [16, 0, 0, 2], "texture": "#1"},
				"west": {"uv": [0, 14, 0.5, 0], "rotation": 90, "texture": "#1"},
				"up": {"uv": [0, 0, 0.375, 16], "texture": "#1"},
				"down": {"uv": [0, 0, 0.375, 16], "texture": "#1"}
			}
		},
		{
			"from": [7.71875, 9.20426, -10.375],
			"to": [8.28125, 9.76676, 19.625],
			"faces": {
				"north": {"uv": [11, 0, 11.375, 0.375], "texture": "#1"},
				"east": {"uv": [0, 0, 0.5, 14], "texture": "#1"},
				"south": {"uv": [0, 0, 16, 2], "texture": "#1"},
				"west": {"uv": [0, 0, 0.5, 14], "rotation": 90, "texture": "#1"},
				"up": {"uv": [0, 0, 0.375, 16], "texture": "#1"},
				"down": {"uv": [0, 0, 0.375, 16], "texture": "#1"}
			}
		},
		{
			"from": [6.78125, 8.82926, -10.375],
			"to": [7.34375, 9.39176, 19.625],
			"rotation": {"angle": -45, "axis": "z", "origin": [6.5, 9.11051, 0.125]},
			"faces": {
				"north": {"uv": [11.375, 0, 11, 0.375], "texture": "#1"},
				"east": {"uv": [0, 0, 0.5, 14], "rotation": 90, "texture": "#1"},
				"south": {"uv": [0, 0, 16, 2], "texture": "#1"},
				"west": {"uv": [0.5, 14, 0, 0], "texture": "#1"},
				"up": {"uv": [0.375, 0, 0, 16], "texture": "#1"},
				"down": {"uv": [0.375, 0, 0, 16], "texture": "#1"}
			}
		},
		{
			"from": [6.78125, 6.60824, -10.375],
			"to": [7.34375, 7.17074, 19.625],
			"rotation": {"angle": 45, "axis": "z", "origin": [6.5, 6.88949, 0.125]},
			"faces": {
				"north": {"uv": [11.375, 0.375, 11, 0], "texture": "#1"},
				"east": {"uv": [0.5, 0, 0, 14], "rotation": 90, "texture": "#1"},
				"south": {"uv": [0, 2, 16, 0], "texture": "#1"},
				"west": {"uv": [0.5, 0, 0, 14], "texture": "#1"},
				"up": {"uv": [0.375, 16, 0, 0], "texture": "#1"},
				"down": {"uv": [0.375, 16, 0, 0], "texture": "#1"}
			}
		},
		{
			"from": [8.65625, 6.60824, -10.375],
			"to": [9.21875, 7.17074, 19.625],
			"rotation": {"angle": -45, "axis": "z", "origin": [9.5, 6.88949, 0.125]},
			"faces": {
				"north": {"uv": [11, 0.375, 11.375, 0], "texture": "#1"},
				"east": {"uv": [0, 0, 0.5, 14], "texture": "#1"},
				"south": {"uv": [16, 2, 0, 0], "texture": "#1"},
				"west": {"uv": [0.5, 14, 0, 0], "rotation": 90, "texture": "#1"},
				"up": {"uv": [0, 16, 0.375, 0], "texture": "#1"},
				"down": {"uv": [0, 16, 0.375, 0], "texture": "#1"}
			}
		},
		{
			"from": [7.625, 7.625, 27.6875],
			"to": [8.375, 8.375, 29.1875],
			"faces": {
				"north": {"uv": [0, 0, 0.5, 0.5], "texture": "#1"},
				"east": {"uv": [4, 0, 5, 0.5], "texture": "#1"},
				"south": {"uv": [4, 0, 4.5, 0.5], "texture": "#1"},
				"west": {"uv": [4, 0, 5, 0.5], "texture": "#1"},
				"up": {"uv": [4, 0, 5, 0.5], "rotation": 90, "texture": "#1"},
				"down": {"uv": [4, 0, 5, 0.5], "rotation": 90, "texture": "#1"}
			}
		},
		{
			"from": [4.4375, 4.15625, 21.3125],
			"to": [6.6875, 6.40625, 26.1875],
			"rotation": {"angle": 45, "axis": "z", "origin": [4.90625, 6.03125, 23.5625]},
			"faces": {
				"north": {"uv": [0, 0, 1, 1], "texture": "#1"},
				"east": {"uv": [5.25, 0, 8.25, 1], "rotation": 180, "texture": "#1"},
				"south": {"uv": [8.5, 0, 9.5, 1], "texture": "#1"},
				"west": {"uv": [5.25, 0, 8.25, 1], "texture": "#1"},
				"up": {"uv": [5.25, 0, 8.25, 1], "rotation": 90, "texture": "#1"},
				"down": {"uv": [5.25, 0, 8.25, 1], "rotation": 270, "texture": "#1"}
			}
		},
		{
			"from": [7.90625, 6.96875, 24.03125],
			"to": [8.9375, 7.90625, 26.09375],
			"rotation": {"angle": 22.5, "axis": "z", "origin": [11.09375, 6.03125, 23.5625]},
			"faces": {
				"north": {"uv": [1, 0, 0, 1], "rotation": 270, "texture": "#1"},
				"east": {"uv": [0, 0, 1, 3], "rotation": 270, "texture": "#1"},
				"south": {"uv": [0, 0, 1, 1], "rotation": 90, "texture": "#1"},
				"west": {"uv": [0, 0, 1, 3], "rotation": 270, "texture": "#1"},
				"up": {"uv": [0, 0, 3, 1], "rotation": 270, "texture": "#1"},
				"down": {"uv": [0, 0, 3, 1], "rotation": 270, "texture": "#1"}
			}
		},
		{
			"from": [9.875, 4.34375, 20.46875],
			"to": [11.75, 6.21875, 23.84375],
			"rotation": {"angle": -45, "axis": "z", "origin": [11.09375, 6.03125, 23.5625]},
			"faces": {
				"north": {"uv": [1, 0, 0, 1], "texture": "#1"},
				"east": {"uv": [0, 0, 3, 1], "texture": "#1"},
				"south": {"uv": [0, 0, 1, 1], "texture": "#1"},
				"west": {"uv": [0, 0, 3, 1], "rotation": 180, "texture": "#1"},
				"up": {"uv": [0, 0, 1, 3], "texture": "#1"},
				"down": {"uv": [0, 0, 1, 3], "texture": "#1"}
			}
		},
		{
			"from": [8.65625, 4.53125, 23.84375],
			"to": [11, 6.03125, 26.5625],
			"rotation": {"angle": -45, "axis": "z", "origin": [11.09375, 6.03125, 23.5625]},
			"faces": {
				"north": {"uv": [1, 0, 0, 1], "texture": "#1"},
				"east": {"uv": [0, 0, 3, 1], "texture": "#1"},
				"south": {"uv": [0, 0, 1, 1], "texture": "#1"},
				"west": {"uv": [0, 0, 3, 1], "rotation": 180, "texture": "#1"},
				"up": {"uv": [0, 0, 1, 3], "texture": "#1"},
				"down": {"uv": [0, 0, 1, 3], "texture": "#1"}
			}
		}
	],
	"display": {
		"thirdperson_righthand": {
			"rotation": [0, -15, 0],
			"translation": [2.25, 4.25, -10.5]
		},
		"thirdperson_lefthand": {
			"rotation": [65, 0, 0],
			"translation": [-1.5, 0.5, 4],
			"scale": [1.5, 1.5, 1.5]
		},
		"firstperson_righthand": {
			"rotation": [8, -4, 0],
			"translation": [8, 0.75, 3.25]
		},
		"firstperson_lefthand": {
			"scale": [0, 0, 0]
		},
		"ground": {
			"translation": [0, 5, 0]
		},
		"gui": {
			"rotation": [90, 42, -90],
			"translation": [-1.25, 0.75, 0],
			"scale": [0.6, 0.6, 0.7]
		},
		"head": {
			"translation": [0, 8.75, -7.25],
			"scale": [4, 4, 4]
		},
		"fixed": {
			"rotation": [90, 42, -90],
			"translation": [-1.25, 0.75, 0],
			"scale": [0.8, 0.8, 0.8]
		}
	},
	"groups": [
		{
			"name": "base0",
			"children": [0, 1, 2, 3, 4, 5, 6, 7, 8, 9]
		},
		{
			"name": "base2",
			"children": [10, 11, 12, 13, 14, 15, 16, 17]
		},
		{
			"name": "group",
			"children": [18, 19, 20, 21, 22, 23, 24, 25, 26]
		},
		{
			"name": "group2",
			"children": [27, 28, 29, 30, 31, 32, 33, 34, 35, 36, 37, 38, 39, 40, 41, 42, 43, 44]
		},
		{
			"name": "group",
			"children": [
				{
					"name": "r3",
					"children": [45, 46, 47, 48, 49, 50, 51, 52, 53]
				},
				{
					"name": "r2",
					"children": [54, 55, 56, 57, 58, 59, 60, 61]
				},
				{
					"name": "b",
					"children": [62, 63, 64, 65, 66, 67]
				}
			]
		}, 68, 69, 70, 71, 72]
}