{
	"credit": "Made by Philipp O. (pro_pixel_) from BuildmodeOne",
	"textures": {
		"0": "block/spruce_planks",
		"1": "block/dark_oak_planks",
		"2": "block/red_wool",
		"particle": "block/spruce_planks"
	},
	"elements": [
		{
			"from": [6, 0, 5],
			"to": [13, 0.5, 6],
			"rotation": {"angle": 0, "axis": "y", "origin": [8, 8, 13]},
			"faces": {
				"north": {"uv": [0, 0, 7, 0.5], "texture": "#0"},
				"east": {"uv": [0, 0, 1, 0.5], "texture": "#0"},
				"south": {"uv": [0, 0, 7, 0.5], "texture": "#0"},
				"west": {"uv": [0, 0, 1, 0.5], "texture": "#0"},
				"up": {"uv": [6, 5, 13, 6], "texture": "#0"},
				"down": {"uv": [0, 0, 7, 1], "texture": "#0"}
			}
		},
		{
			"from": [6, 0, 10],
			"to": [13, 0.5, 11],
			"rotation": {"angle": 0, "axis": "y", "origin": [8, 8, 18]},
			"faces": {
				"north": {"uv": [0, 0, 7, 0.5], "texture": "#0"},
				"east": {"uv": [0, 0, 1, 0.5], "texture": "#0"},
				"south": {"uv": [0, 0, 7, 0.5], "texture": "#0"},
				"west": {"uv": [0, 0, 1, 0.5], "texture": "#0"},
				"up": {"uv": [6, 10, 13, 11], "texture": "#0"},
				"down": {"uv": [0, 0, 7, 1], "texture": "#0"}
			}
		},
		{
			"from": [7, 1.5, 5],
			"to": [12, 2, 11],
			"rotation": {"angle": 0, "axis": "y", "origin": [8, 8, 13]},
			"faces": {
				"north": {"uv": [0, 0, 5, 0.5], "texture": "#0"},
				"east": {"uv": [0, 0, 6, 0.5], "texture": "#0"},
				"south": {"uv": [0, 0, 5, 0.5], "texture": "#0"},
				"west": {"uv": [0, 0, 6, 0.5], "texture": "#0"},
				"up": {"uv": [7, 5, 12, 11], "texture": "#0"},
				"down": {"uv": [0, 0, 5, 6], "texture": "#0"}
			}
		},
		{
			"from": [13.54765, -1.93375, 4.97865],
			"to": [14.04765, -0.43375, 5.97865],
			"rotation": {"angle": 22.5, "axis": "z", "origin": [7.54765, -4.68375, 12.97865]},
			"faces": {
				"north": {"uv": [0, 0, 1.5, 0.5], "rotation": 90, "texture": "#0"},
				"east": {"uv": [0, 0, 1.5, 1], "rotation": 270, "texture": "#0"},
				"south": {"uv": [0, 0, 1.5, 0.5], "rotation": 270, "texture": "#0"},
				"west": {"uv": [0, 0, 1.5, 1], "rotation": 270, "texture": "#0"},
				"up": {"uv": [13.54765, 4.97865, 14.04765, 5.97865], "rotation": 270, "texture": "#0"},
				"down": {"uv": [0, 0, 1, 0.5], "rotation": 270, "texture": "#0"}
			}
		},
		{
			"from": [13.54765, -1.93375, 9.97865],
			"to": [14.04765, -0.43375, 10.97865],
			"rotation": {"angle": 22.5, "axis": "z", "origin": [7.54765, -4.68375, 17.97865]},
			"faces": {
				"north": {"uv": [0, 0, 1.5, 0.5], "rotation": 90, "texture": "#0"},
				"east": {"uv": [0, 0, 1.5, 1], "rotation": 270, "texture": "#0"},
				"south": {"uv": [0, 0, 1.5, 0.5], "rotation": 270, "texture": "#0"},
				"west": {"uv": [0, 0, 1.5, 1], "rotation": 270, "texture": "#0"},
				"up": {"uv": [13.54765, 9.97865, 14.04765, 10.97865], "rotation": 270, "texture": "#0"},
				"down": {"uv": [0, 0, 1, 0.5], "rotation": 270, "texture": "#0"}
			}
		},
		{
			"from": [12.38286, 3.90849, 4.99743],
			"to": [12.88286, 6.65849, 10.99743],
			"rotation": {"angle": -22.5, "axis": "z", "origin": [6.38286, 4.90849, 12.99743]},
			"faces": {
				"north": {"uv": [0, 0, 2.75, 0.5], "rotation": 90, "texture": "#0"},
				"east": {"uv": [0, 0, 2.75, 6], "rotation": 270, "texture": "#0"},
				"south": {"uv": [0, 0, 2.75, 0.5], "rotation": 270, "texture": "#0"},
				"west": {"uv": [0, 0, 2.75, 6], "rotation": 270, "texture": "#0"},
				"up": {"uv": [12.38286, 4.99743, 12.88286, 10.99743], "rotation": 270, "texture": "#0"},
				"down": {"uv": [0, 0, 6, 0.5], "rotation": 270, "texture": "#0"}
			}
		},
		{
			"from": [12.13286, 5.15849, 5.74743],
			"to": [12.38286, 6.65849, 10.24743],
			"rotation": {"angle": -22.5, "axis": "z", "origin": [6.38286, 4.90849, 12.99743]},
			"faces": {
				"north": {"uv": [0, 0, 1.5, 0.25], "rotation": 90, "texture": "#2"},
				"east": {"uv": [0, 0, 1.5, 4.5], "rotation": 270, "texture": "#2"},
				"south": {"uv": [0, 0, 1.5, 0.25], "rotation": 270, "texture": "#2"},
				"west": {"uv": [5.74743, 9.34151, 7.24743, 13.84151], "rotation": 270, "texture": "#2"},
				"up": {"uv": [12.13286, 5.74743, 12.38286, 10.24743], "rotation": 270, "texture": "#2"},
				"down": {"uv": [0, 0, 4.5, 0.25], "rotation": 270, "texture": "#2"}
			}
		},
		{
			"from": [12.36632, 4.07526, 5.74557],
			"to": [13.11632, 4.82526, 10.24557],
			"rotation": {"angle": 0, "axis": "y", "origin": [6.61632, 4.07526, 12.99557]},
			"faces": {
				"north": {"uv": [0, 0, 0.75, 0.75], "rotation": 90, "texture": "#2"},
				"east": {"uv": [10, 5, 10.75, 9.5], "rotation": 270, "texture": "#2"},
				"south": {"uv": [0, 0, 0.75, 0.75], "rotation": 270, "texture": "#2"},
				"west": {"uv": [5.74557, 11.17474, 10.24557, 11.92474], "rotation": 270, "texture": "#2"},
				"up": {"uv": [11, 5, 15.5, 5.75], "rotation": 270, "texture": "#2"},
				"down": {"uv": [0, 0, 4.5, 0.75], "rotation": 270, "texture": "#2"}
			}
		},
		{
			"from": [12.55755, 4.03815, 4.99735],
			"to": [13.05755, 4.53815, 10.99735],
			"rotation": {"angle": 0, "axis": "y", "origin": [6.55755, 5.03815, 12.99735]},
			"faces": {
				"north": {"uv": [0, 0, 0.5, 0.5], "rotation": 90, "texture": "#0"},
				"east": {"uv": [0, 0, 0.5, 6], "rotation": 270, "texture": "#0"},
				"south": {"uv": [0, 0, 0.5, 0.5], "rotation": 270, "texture": "#0"},
				"west": {"uv": [0, 0, 0.5, 6], "rotation": 270, "texture": "#0"},
				"up": {"uv": [10, 4, 16, 4.5], "rotation": 270, "texture": "#0"},
				"down": {"uv": [0, 0, 6, 0.5], "rotation": 270, "texture": "#0"}
			}
		},
		{
			"from": [6.76805, 0.6583, 5.00172],
			"to": [7.26805, 1.9083, 11.00172],
			"rotation": {"angle": 22.5, "axis": "z", "origin": [4.76805, 1.6583, 13.00172]},
			"faces": {
				"north": {"uv": [0, 0, 1.25, 0.5], "rotation": 90, "texture": "#0"},
				"east": {"uv": [0, 0, 1.25, 6], "rotation": 270, "texture": "#0"},
				"south": {"uv": [0, 0, 1.25, 0.5], "rotation": 270, "texture": "#0"},
				"west": {"uv": [0, 0, 1.25, 6], "rotation": 270, "texture": "#0"},
				"up": {"uv": [6.76805, 5.00172, 7.26805, 11.00172], "rotation": 270, "texture": "#0"},
				"down": {"uv": [0, 0, 6, 0.5], "rotation": 270, "texture": "#0"}
			}
		},
		{
			"from": [7.47471, 1.14998, 5.00224],
			"to": [7.97471, 2.64998, 6.00224],
			"rotation": {"angle": -22.5, "axis": "z", "origin": [4.97471, 3.14998, 13.00224]},
			"faces": {
				"north": {"uv": [0, 0, 1.5, 0.5], "rotation": 90, "texture": "#0"},
				"east": {"uv": [0, 0, 1.5, 1], "rotation": 270, "texture": "#0"},
				"south": {"uv": [0, 0, 1.5, 0.5], "rotation": 270, "texture": "#0"},
				"west": {"uv": [0, 0, 1.5, 1], "rotation": 270, "texture": "#0"},
				"up": {"uv": [7.47471, 5.00224, 7.97471, 6.00224], "rotation": 270, "texture": "#0"},
				"down": {"uv": [0, 0, 1, 0.5], "rotation": 270, "texture": "#0"}
			}
		},
		{
			"from": [7.47471, 1.14998, 10.00224],
			"to": [7.97471, 2.64998, 11.00224],
			"rotation": {"angle": -22.5, "axis": "z", "origin": [4.97471, 3.14998, 18.00224]},
			"faces": {
				"north": {"uv": [0, 0, 1.5, 0.5], "rotation": 90, "texture": "#0"},
				"east": {"uv": [0, 0, 1.5, 1], "rotation": 270, "texture": "#0"},
				"south": {"uv": [0, 0, 1.5, 0.5], "rotation": 270, "texture": "#0"},
				"west": {"uv": [0, 0, 1.5, 1], "rotation": 270, "texture": "#0"},
				"up": {"uv": [7.47471, 10.00224, 7.97471, 11.00224], "rotation": 270, "texture": "#0"},
				"down": {"uv": [0, 0, 1, 0.5], "rotation": 270, "texture": "#0"}
			}
		},
		{
			"from": [7.01805, 1.9083, 5.25172],
			"to": [12.01805, 3.6583, 5.75172],
			"rotation": {"angle": 0, "axis": "y", "origin": [4.76805, 1.6583, 12.75172]},
			"faces": {
				"north": {"uv": [0, 0, 1.75, 5], "rotation": 90, "texture": "#0"},
				"east": {"uv": [0, 0, 1.75, 0.5], "rotation": 270, "texture": "#0"},
				"south": {"uv": [0, 0, 1.75, 5], "rotation": 270, "texture": "#0"},
				"west": {"uv": [0, 0, 1.75, 0.5], "rotation": 270, "texture": "#0"},
				"up": {"uv": [7.01805, 5.25172, 12.01805, 5.75172], "rotation": 180, "texture": "#0"},
				"down": {"uv": [0, 0, 0.5, 5], "rotation": 270, "texture": "#0"}
			}
		},
		{
			"from": [7.01805, 1.9083, 10.25172],
			"to": [12.01805, 3.6583, 10.75172],
			"rotation": {"angle": 0, "axis": "y", "origin": [4.76805, 1.6583, 18.25172]},
			"faces": {
				"north": {"uv": [0, 0, 1.75, 5], "rotation": 90, "texture": "#0"},
				"east": {"uv": [0, 0, 1.75, 0.5], "rotation": 270, "texture": "#0"},
				"south": {"uv": [7.01805, 12.3417, 12.01805, 14.0917], "rotation": 180, "texture": "#0"},
				"west": {"uv": [0, 0, 1.75, 0.5], "rotation": 270, "texture": "#0"},
				"up": {"uv": [7.01805, 10.25172, 12.01805, 10.75172], "texture": "#0"},
				"down": {"uv": [0, 0, 0.5, 5], "rotation": 270, "texture": "#0"}
			}
		},
		{
			"from": [12.01805, 2.6583, 5.25172],
			"to": [12.51805, 3.6583, 5.75172],
			"rotation": {"angle": 0, "axis": "y", "origin": [4.76805, 1.6583, 12.75172]},
			"faces": {
				"north": {"uv": [0, 0, 1, 0.5], "rotation": 90, "texture": "#0"},
				"east": {"uv": [0, 0, 1, 0.5], "rotation": 270, "texture": "#0"},
				"south": {"uv": [0, 0, 1, 0.5], "rotation": 270, "texture": "#0"},
				"west": {"uv": [0, 0, 1, 0.5], "rotation": 270, "texture": "#0"},
				"up": {"uv": [12.01805, 5.25172, 12.51805, 5.75172], "rotation": 270, "texture": "#0"},
				"down": {"uv": [0, 0, 0.5, 0.5], "rotation": 270, "texture": "#0"}
			}
		},
		{
			"from": [12.01805, 2.6583, 10.25172],
			"to": [12.51805, 3.6583, 10.75172],
			"rotation": {"angle": 0, "axis": "y", "origin": [4.76805, 1.6583, 18.25172]},
			"faces": {
				"north": {"uv": [0, 0, 1, 0.5], "rotation": 90, "texture": "#0"},
				"east": {"uv": [0, 0, 1, 0.5], "rotation": 270, "texture": "#0"},
				"south": {"uv": [0, 0, 1, 0.5], "rotation": 270, "texture": "#0"},
				"west": {"uv": [0, 0, 1, 0.5], "rotation": 270, "texture": "#0"},
				"up": {"uv": [12.01805, 10.25172, 12.51805, 10.75172], "rotation": 270, "texture": "#0"},
				"down": {"uv": [0, 0, 0.5, 0.5], "rotation": 270, "texture": "#0"}
			}
		},
		{
			"from": [7.05037, 3.34438, 5.00592],
			"to": [7.55037, 4.59438, 11.00592],
			"rotation": {"angle": -22.5, "axis": "z", "origin": [5.05037, 4.34438, 13.00592]},
			"faces": {
				"north": {"uv": [0, 0, 1.25, 0.5], "rotation": 90, "texture": "#0"},
				"east": {"uv": [0, 0, 1.25, 6], "rotation": 270, "texture": "#0"},
				"south": {"uv": [0, 0, 1.25, 0.5], "rotation": 270, "texture": "#0"},
				"west": {"uv": [0, 0, 1.25, 6], "rotation": 270, "texture": "#0"},
				"up": {"uv": [7.05037, 5.00592, 7.55037, 11.00592], "rotation": 270, "texture": "#0"},
				"down": {"uv": [0, 0, 6, 0.5], "rotation": 270, "texture": "#0"}
			}
		},
		{
			"from": [6.74124, 3.31293, 5.75553],
			"to": [7.49124, 3.81293, 10.25553],
			"rotation": {"angle": 0, "axis": "y", "origin": [6.74124, 5.81293, 13.00553]},
			"faces": {
				"north": {"uv": [0, 0, 0.75, 0.5], "texture": "#1"},
				"east": {"uv": [0, 0, 4.5, 0.5], "texture": "#1"},
				"south": {"uv": [0, 0, 0.75, 0.5], "texture": "#1"},
				"west": {"uv": [0, 0, 4.5, 0.5], "texture": "#1"},
				"up": {"uv": [6.74124, 5.75553, 7.49124, 10.25553], "texture": "#1"},
				"down": {"uv": [0, 0, 0.75, 4.5], "texture": "#1"}
			}
		},
		{
			"from": [6.74124, 3.31293, 10.25553],
			"to": [7.49124, 3.81293, 11.00553],
			"rotation": {"angle": 0, "axis": "y", "origin": [6.74124, 5.81293, 13.00553]},
			"faces": {
				"north": {"uv": [0, 0, 0.75, 0.5], "texture": "#0"},
				"east": {"uv": [0, 0, 0.75, 0.5], "texture": "#0"},
				"south": {"uv": [0, 0, 0.75, 0.5], "texture": "#0"},
				"west": {"uv": [0, 0, 0.75, 0.5], "texture": "#0"},
				"up": {"uv": [6.74124, 10.25553, 7.49124, 11.00553], "texture": "#0"},
				"down": {"uv": [0, 0, 0.75, 0.75], "texture": "#0"}
			}
		},
		{
			"from": [6.74124, 3.31293, 5.00553],
			"to": [7.49124, 3.81293, 5.75553],
			"rotation": {"angle": 0, "axis": "y", "origin": [6.74124, 5.81293, 13.00553]},
			"faces": {
				"north": {"uv": [0, 0, 0.75, 0.5], "texture": "#0"},
				"east": {"uv": [0, 0, 0.75, 0.5], "texture": "#0"},
				"south": {"uv": [0, 0, 0.75, 0.5], "texture": "#0"},
				"west": {"uv": [0, 0, 0.75, 0.5], "texture": "#0"},
				"up": {"uv": [6.74124, 5.00553, 7.49124, 5.75553], "texture": "#0"},
				"down": {"uv": [0, 0, 0.75, 0.75], "texture": "#0"}
			}
		},
		{
			"from": [10.32355, -2.52706, 5.00026],
			"to": [11.32355, -2.02706, 6.00026],
			"rotation": {"angle": 22.5, "axis": "z", "origin": [5.32355, 5.47294, 13.00026]},
			"faces": {
				"north": {"uv": [0, 0, 1, 0.5], "texture": "#0"},
				"east": {"uv": [0, 0, 1, 0.5], "texture": "#0"},
				"south": {"uv": [0, 0, 1, 0.5], "texture": "#0"},
				"west": {"uv": [0, 0, 1, 0.5], "texture": "#0"},
				"up": {"uv": [10.32355, 5.00026, 11.32355, 6.00026], "texture": "#0"},
				"down": {"uv": [0, 0, 1, 1], "texture": "#0"}
			}
		},
		{
			"from": [10.32355, -2.52706, 10.00026],
			"to": [11.32355, -2.02706, 11.00026],
			"rotation": {"angle": 22.5, "axis": "z", "origin": [5.32355, 5.47294, 18.00026]},
			"faces": {
				"north": {"uv": [0, 0, 1, 0.5], "texture": "#0"},
				"east": {"uv": [0, 0, 1, 0.5], "texture": "#0"},
				"south": {"uv": [0, 0, 1, 0.5], "texture": "#0"},
				"west": {"uv": [0, 0, 1, 0.5], "texture": "#0"},
				"up": {"uv": [10.32355, 10.00026, 11.32355, 11.00026], "texture": "#0"},
				"down": {"uv": [0, 0, 1, 1], "texture": "#0"}
			}
		},
		{
			"from": [8.51084, 1.68397, 5.01051],
			"to": [9.51084, 2.18397, 6.01051],
			"rotation": {"angle": -22.5, "axis": "z", "origin": [3.51084, 9.68397, 13.01051]},
			"faces": {
				"north": {"uv": [0, 0, 1, 0.5], "texture": "#0"},
				"east": {"uv": [0, 0, 1, 0.5], "texture": "#0"},
				"south": {"uv": [0, 0, 1, 0.5], "texture": "#0"},
				"west": {"uv": [0, 0, 1, 0.5], "texture": "#0"},
				"up": {"uv": [8.51084, 5.01051, 9.51084, 6.01051], "texture": "#0"},
				"down": {"uv": [0, 0, 1, 1], "texture": "#0"}
			}
		},
		{
			"from": [8.51084, 1.68397, 10.01051],
			"to": [9.51084, 2.18397, 11.01051],
			"rotation": {"angle": -22.5, "axis": "z", "origin": [3.51084, 9.68397, 18.01051]},
			"faces": {
				"north": {"uv": [0, 0, 1, 0.5], "texture": "#0"},
				"east": {"uv": [0, 0, 1, 0.5], "texture": "#0"},
				"south": {"uv": [0, 0, 1, 0.5], "texture": "#0"},
				"west": {"uv": [0, 0, 1, 0.5], "texture": "#0"},
				"up": {"uv": [8.51084, 10.01051, 9.51084, 11.01051], "texture": "#0"},
				"down": {"uv": [0, 0, 1, 1], "texture": "#0"}
			}
		},
		{
			"from": [2.16491, 2.99589, 4.9977],
			"to": [2.66491, 3.99589, 5.9977],
			"rotation": {"angle": 22.5, "axis": "z", "origin": [10.16491, 8.99589, 12.9977]},
			"faces": {
				"north": {"uv": [0, 0, 1, 0.5], "rotation": 270, "texture": "#0"},
				"east": {"uv": [0, 0, 1, 1], "rotation": 90, "texture": "#0"},
				"south": {"uv": [0, 0, 1, 0.5], "rotation": 90, "texture": "#0"},
				"west": {"uv": [0, 0, 1, 1], "rotation": 90, "texture": "#0"},
				"up": {"uv": [2.16491, 4.9977, 2.66491, 5.9977], "rotation": 90, "texture": "#0"},
				"down": {"uv": [0, 0, 1, 0.5], "rotation": 90, "texture": "#0"}
			}
		},
		{
			"from": [2.16491, 2.99589, 9.9977],
			"to": [2.66491, 3.99589, 10.9977],
			"rotation": {"angle": 22.5, "axis": "z", "origin": [10.16491, 8.99589, 17.9977]},
			"faces": {
				"north": {"uv": [0, 0, 1, 0.5], "rotation": 270, "texture": "#0"},
				"east": {"uv": [0, 0, 1, 1], "rotation": 90, "texture": "#0"},
				"south": {"uv": [0, 0, 1, 0.5], "rotation": 90, "texture": "#0"},
				"west": {"uv": [0, 0, 1, 1], "rotation": 90, "texture": "#0"},
				"up": {"uv": [2.16491, 9.9977, 2.66491, 10.9977], "rotation": 90, "texture": "#0"},
				"down": {"uv": [0, 0, 1, 0.5], "rotation": 90, "texture": "#0"}
			}
		},
		{
			"from": [4.94613, 1.82362, 4.9808],
			"to": [5.44613, 2.32362, 5.9808],
			"rotation": {"angle": 0, "axis": "y", "origin": [12.94613, 7.82362, 12.9808]},
			"faces": {
				"north": {"uv": [0, 0, 0.5, 0.5], "rotation": 270, "texture": "#0"},
				"east": {"uv": [0, 0, 0.5, 1], "rotation": 90, "texture": "#0"},
				"south": {"uv": [0, 0, 0.5, 0.5], "rotation": 90, "texture": "#0"},
				"west": {"uv": [0, 0, 0.5, 1], "rotation": 90, "texture": "#0"},
				"up": {"uv": [4.94613, 4.9808, 5.44613, 5.9808], "rotation": 90, "texture": "#0"},
				"down": {"uv": [0, 0, 1, 0.5], "rotation": 90, "texture": "#0"}
			}
		},
		{
			"from": [4.94613, 1.82362, 9.9808],
			"to": [5.44613, 2.32362, 10.9808],
			"rotation": {"angle": 0, "axis": "y", "origin": [12.94613, 7.82362, 17.9808]},
			"faces": {
				"north": {"uv": [0, 0, 0.5, 0.5], "rotation": 270, "texture": "#0"},
				"east": {"uv": [0, 0, 0.5, 1], "rotation": 90, "texture": "#0"},
				"south": {"uv": [0, 0, 0.5, 0.5], "rotation": 90, "texture": "#0"},
				"west": {"uv": [0, 0, 0.5, 1], "rotation": 90, "texture": "#0"},
				"up": {"uv": [4.94613, 9.9808, 5.44613, 10.9808], "rotation": 90, "texture": "#0"},
				"down": {"uv": [0, 0, 1, 0.5], "rotation": 90, "texture": "#0"}
			}
		},
		{
			"from": [2.08, 4.73702, 4.97993],
			"to": [2.58, 5.73702, 5.97993],
			"rotation": {"angle": 22.5, "axis": "z", "origin": [10.08, 10.73702, 12.97993]},
			"faces": {
				"north": {"uv": [0, 0, 1, 0.5], "rotation": 270, "texture": "#0"},
				"east": {"uv": [0, 0, 1, 1], "rotation": 90, "texture": "#0"},
				"south": {"uv": [0, 0, 1, 0.5], "rotation": 90, "texture": "#0"},
				"west": {"uv": [0, 0, 1, 1], "rotation": 90, "texture": "#0"},
				"up": {"uv": [2.08, 4.97993, 2.58, 5.97993], "rotation": 90, "texture": "#0"},
				"down": {"uv": [0, 0, 1, 0.5], "rotation": 90, "texture": "#0"}
			}
		},
		{
			"from": [2.08, 4.73702, 9.97993],
			"to": [2.58, 5.73702, 10.97993],
			"rotation": {"angle": 22.5, "axis": "z", "origin": [10.08, 10.73702, 17.97993]},
			"faces": {
				"north": {"uv": [0, 0, 1, 0.5], "rotation": 270, "texture": "#0"},
				"east": {"uv": [0, 0, 1, 1], "rotation": 90, "texture": "#0"},
				"south": {"uv": [0, 0, 1, 0.5], "rotation": 90, "texture": "#0"},
				"west": {"uv": [0, 0, 1, 1], "rotation": 90, "texture": "#0"},
				"up": {"uv": [2.08, 9.97993, 2.58, 10.97993], "rotation": 90, "texture": "#0"},
				"down": {"uv": [0, 0, 1, 0.5], "rotation": 90, "texture": "#0"}
			}
		},
		{
			"from": [7.38817, 4.45924, 4.99636],
			"to": [8.38817, 4.95924, 5.99636],
			"rotation": {"angle": -22.5, "axis": "z", "origin": [2.38817, 12.45924, 12.99636]},
			"faces": {
				"north": {"uv": [0, 0, 1, 0.5], "texture": "#0"},
				"east": {"uv": [0, 0, 1, 0.5], "texture": "#0"},
				"south": {"uv": [0, 0, 1, 0.5], "texture": "#0"},
				"west": {"uv": [0, 0, 1, 0.5], "texture": "#0"},
				"up": {"uv": [7.38817, 4.99636, 8.38817, 5.99636], "texture": "#0"},
				"down": {"uv": [0, 0, 1, 1], "texture": "#0"}
			}
		},
		{
			"from": [7.38817, 4.45924, 9.99636],
			"to": [8.38817, 4.95924, 10.99636],
			"rotation": {"angle": -22.5, "axis": "z", "origin": [2.38817, 12.45924, 17.99636]},
			"faces": {
				"north": {"uv": [0, 0, 1, 0.5], "texture": "#0"},
				"east": {"uv": [0, 0, 1, 0.5], "texture": "#0"},
				"south": {"uv": [0, 0, 1, 0.5], "texture": "#0"},
				"west": {"uv": [0, 0, 1, 0.5], "texture": "#0"},
				"up": {"uv": [7.38817, 9.99636, 8.38817, 10.99636], "texture": "#0"},
				"down": {"uv": [0, 0, 1, 1], "texture": "#0"}
			}
		},
		{
			"from": [0.7314, 0.23809, 5.00061],
			"to": [1.7314, 0.73809, 6.00061],
			"rotation": {"angle": 22.5, "axis": "z", "origin": [-4.2686, 8.23809, 13.00061]},
			"faces": {
				"north": {"uv": [0, 0, 1, 0.5], "texture": "#0"},
				"east": {"uv": [0, 0, 1, 0.5], "texture": "#0"},
				"south": {"uv": [0, 0, 1, 0.5], "texture": "#0"},
				"west": {"uv": [0, 0, 1, 0.5], "texture": "#0"},
				"up": {"uv": [0.7314, 5.00061, 1.7314, 6.00061], "texture": "#0"},
				"down": {"uv": [0, 0, 1, 1], "texture": "#0"}
			}
		},
		{
			"from": [0.7314, 0.23809, 10.00061],
			"to": [1.7314, 0.73809, 11.00061],
			"rotation": {"angle": 22.5, "axis": "z", "origin": [-4.2686, 8.23809, 18.00061]},
			"faces": {
				"north": {"uv": [0, 0, 1, 0.5], "texture": "#0"},
				"east": {"uv": [0, 0, 1, 0.5], "texture": "#0"},
				"south": {"uv": [0, 0, 1, 0.5], "texture": "#0"},
				"west": {"uv": [0, 0, 1, 0.5], "texture": "#0"},
				"up": {"uv": [0.7314, 10.00061, 1.7314, 11.00061], "texture": "#0"},
				"down": {"uv": [0, 0, 1, 1], "texture": "#0"}
			}
		},
		{
			"from": [1.50915, 5.54624, 4.99019],
			"to": [2.00915, 6.54624, 5.99019],
			"rotation": {"angle": -22.5, "axis": "z", "origin": [-5.99085, 0.54624, 12.99019]},
			"faces": {
				"north": {"uv": [0, 0, 1, 0.5], "rotation": 90, "texture": "#0"},
				"east": {"uv": [0, 0, 1, 1], "rotation": 270, "texture": "#0"},
				"south": {"uv": [0, 0, 1, 0.5], "rotation": 270, "texture": "#0"},
				"west": {"uv": [0, 0, 1, 1], "rotation": 270, "texture": "#0"},
				"up": {"uv": [1.50915, 4.99019, 2.00915, 5.99019], "rotation": 270, "texture": "#0"},
				"down": {"uv": [0, 0, 1, 0.5], "rotation": 270, "texture": "#0"}
			}
		},
		{
			"from": [1.50915, 5.54624, 9.99019],
			"to": [2.00915, 6.54624, 10.99019],
			"rotation": {"angle": -22.5, "axis": "z", "origin": [-5.99085, 0.54624, 17.99019]},
			"faces": {
				"north": {"uv": [0, 0, 1, 0.5], "rotation": 90, "texture": "#0"},
				"east": {"uv": [0, 0, 1, 1], "rotation": 270, "texture": "#0"},
				"south": {"uv": [0, 0, 1, 0.5], "rotation": 270, "texture": "#0"},
				"west": {"uv": [0, 0, 1, 1], "rotation": 270, "texture": "#0"},
				"up": {"uv": [1.50915, 9.99019, 2.00915, 10.99019], "rotation": 270, "texture": "#0"},
				"down": {"uv": [0, 0, 1, 0.5], "rotation": 270, "texture": "#0"}
			}
		},
		{
			"from": [6.38349, -2.19579, 4.98127],
			"to": [6.88349, -1.44579, 5.98127],
			"rotation": {"angle": -22.5, "axis": "z", "origin": [14.38349, 3.80421, 12.98127]},
			"faces": {
				"north": {"uv": [0, 0, 0.75, 0.5], "rotation": 270, "texture": "#0"},
				"east": {"uv": [0, 0, 0.75, 1], "rotation": 90, "texture": "#0"},
				"south": {"uv": [0, 0, 0.75, 0.5], "rotation": 90, "texture": "#0"},
				"west": {"uv": [0, 0, 0.75, 1], "rotation": 90, "texture": "#0"},
				"up": {"uv": [6.38349, 4.98127, 6.88349, 5.98127], "rotation": 90, "texture": "#0"},
				"down": {"uv": [0, 0, 1, 0.5], "rotation": 90, "texture": "#0"}
			}
		},
		{
			"from": [6.38349, -2.19579, 9.98127],
			"to": [6.88349, -1.44579, 10.98127],
			"rotation": {"angle": -22.5, "axis": "z", "origin": [14.38349, 3.80421, 17.98127]},
			"faces": {
				"north": {"uv": [0, 0, 0.75, 0.5], "rotation": 270, "texture": "#0"},
				"east": {"uv": [0, 0, 0.75, 1], "rotation": 90, "texture": "#0"},
				"south": {"uv": [0, 0, 0.75, 0.5], "rotation": 90, "texture": "#0"},
				"west": {"uv": [0, 0, 0.75, 1], "rotation": 90, "texture": "#0"},
				"up": {"uv": [6.38349, 9.98127, 6.88349, 10.98127], "rotation": 90, "texture": "#0"},
				"down": {"uv": [0, 0, 1, 0.5], "rotation": 90, "texture": "#0"}
			}
		},
		{
			"from": [11.75438, 3.89432, 4.9889],
			"to": [12.25438, 4.89432, 5.9889],
			"rotation": {"angle": -22.5, "axis": "z", "origin": [4.25438, -2.10568, 12.9889]},
			"faces": {
				"north": {"uv": [0, 0, 1, 0.5], "rotation": 90, "texture": "#0"},
				"east": {"uv": [0, 0, 1, 1], "rotation": 270, "texture": "#0"},
				"south": {"uv": [0, 0, 1, 0.5], "rotation": 270, "texture": "#0"},
				"west": {"uv": [0, 0, 1, 1], "rotation": 270, "texture": "#0"},
				"up": {"uv": [11.75438, 4.9889, 12.25438, 5.9889], "rotation": 270, "texture": "#0"},
				"down": {"uv": [0, 0, 1, 0.5], "rotation": 270, "texture": "#0"}
			}
		},
		{
			"from": [11.75438, 3.89432, 9.9889],
			"to": [12.25438, 4.89432, 10.9889],
			"rotation": {"angle": -22.5, "axis": "z", "origin": [4.25438, -2.10568, 17.9889]},
			"faces": {
				"north": {"uv": [0, 0, 1, 0.5], "rotation": 90, "texture": "#0"},
				"east": {"uv": [0, 0, 1, 1], "rotation": 270, "texture": "#0"},
				"south": {"uv": [0, 0, 1, 0.5], "rotation": 270, "texture": "#0"},
				"west": {"uv": [0, 0, 1, 1], "rotation": 270, "texture": "#0"},
				"up": {"uv": [11.75438, 9.9889, 12.25438, 10.9889], "rotation": 270, "texture": "#0"},
				"down": {"uv": [0, 0, 1, 0.5], "rotation": 270, "texture": "#0"}
			}
		},
		{
			"from": [13.82872, 1.30364, 4.98076],
			"to": [14.32872, 2.30364, 5.98076],
			"rotation": {"angle": 0, "axis": "y", "origin": [6.32872, -4.69636, 12.98076]},
			"faces": {
				"north": {"uv": [0, 0, 1, 0.5], "rotation": 90, "texture": "#0"},
				"east": {"uv": [0, 0, 1, 1], "rotation": 270, "texture": "#0"},
				"south": {"uv": [0, 0, 1, 0.5], "rotation": 270, "texture": "#0"},
				"west": {"uv": [0, 0, 1, 1], "rotation": 270, "texture": "#0"},
				"up": {"uv": [13.82872, 4.98076, 14.32872, 5.98076], "rotation": 270, "texture": "#0"},
				"down": {"uv": [0, 0, 1, 0.5], "rotation": 270, "texture": "#0"}
			}
		},
		{
			"from": [13.82872, 1.30364, 9.98076],
			"to": [14.32872, 2.30364, 10.98076],
			"rotation": {"angle": 0, "axis": "y", "origin": [6.32872, -4.69636, 17.98076]},
			"faces": {
				"north": {"uv": [0, 0, 1, 0.5], "rotation": 90, "texture": "#0"},
				"east": {"uv": [0, 0, 1, 1], "rotation": 270, "texture": "#0"},
				"south": {"uv": [0, 0, 1, 0.5], "rotation": 270, "texture": "#0"},
				"west": {"uv": [0, 0, 1, 1], "rotation": 270, "texture": "#0"},
				"up": {"uv": [13.82872, 9.98076, 14.32872, 10.98076], "rotation": 270, "texture": "#0"},
				"down": {"uv": [0, 0, 1, 0.5], "rotation": 270, "texture": "#0"}
			}
		},
		{
			"from": [16.73658, -0.29602, 4.97289],
			"to": [17.23658, 0.70398, 5.97289],
			"rotation": {"angle": 22.5, "axis": "z", "origin": [9.23658, -6.29602, 12.97289]},
			"faces": {
				"north": {"uv": [0, 0, 1, 0.5], "rotation": 90, "texture": "#0"},
				"east": {"uv": [0, 0, 1, 1], "rotation": 270, "texture": "#0"},
				"south": {"uv": [0, 0, 1, 0.5], "rotation": 270, "texture": "#0"},
				"west": {"uv": [0, 0, 1, 1], "rotation": 270, "texture": "#0"},
				"up": {"uv": [16, 4.97289, 16, 5.97289], "rotation": 270, "texture": "#0"},
				"down": {"uv": [0, 0, 1, 0.5], "rotation": 270, "texture": "#0"}
			}
		},
		{
			"from": [16.73658, -0.29602, 9.97289],
			"to": [17.23658, 0.70398, 10.97289],
			"rotation": {"angle": 22.5, "axis": "z", "origin": [9.23658, -6.29602, 17.97289]},
			"faces": {
				"north": {"uv": [0, 0, 1, 0.5], "rotation": 90, "texture": "#0"},
				"east": {"uv": [0, 0, 1, 1], "rotation": 270, "texture": "#0"},
				"south": {"uv": [0, 0, 1, 0.5], "rotation": 270, "texture": "#0"},
				"west": {"uv": [0, 0, 1, 1], "rotation": 270, "texture": "#0"},
				"up": {"uv": [16, 9.97289, 16, 10.97289], "rotation": 270, "texture": "#0"},
				"down": {"uv": [0, 0, 1, 0.5], "rotation": 270, "texture": "#0"}
			}
		},
		{
			"from": [9.43028, 1.05227, 4.96646],
			"to": [10.43028, 1.55227, 5.96646],
			"rotation": {"angle": -22.5, "axis": "z", "origin": [16.43028, -6.44773, 12.96646]},
			"faces": {
				"north": {"uv": [0, 0, 1, 0.5], "rotation": 180, "texture": "#0"},
				"east": {"uv": [0, 0, 1, 0.5], "rotation": 180, "texture": "#0"},
				"south": {"uv": [0, 0, 1, 0.5], "rotation": 180, "texture": "#0"},
				"west": {"uv": [0, 0, 1, 0.5], "rotation": 180, "texture": "#0"},
				"up": {"uv": [9.43028, 4.96646, 10.43028, 5.96646], "rotation": 180, "texture": "#0"},
				"down": {"uv": [0, 0, 1, 1], "rotation": 180, "texture": "#0"}
			}
		},
		{
			"from": [9.43028, 1.05227, 9.96646],
			"to": [10.43028, 1.55227, 10.96646],
			"rotation": {"angle": -22.5, "axis": "z", "origin": [16.43028, -6.44773, 17.96646]},
			"faces": {
				"north": {"uv": [0, 0, 1, 0.5], "rotation": 180, "texture": "#0"},
				"east": {"uv": [0, 0, 1, 0.5], "rotation": 180, "texture": "#0"},
				"south": {"uv": [0, 0, 1, 0.5], "rotation": 180, "texture": "#0"},
				"west": {"uv": [0, 0, 1, 0.5], "rotation": 180, "texture": "#0"},
				"up": {"uv": [9.43028, 9.96646, 10.43028, 10.96646], "rotation": 180, "texture": "#0"},
				"down": {"uv": [0, 0, 1, 1], "rotation": 180, "texture": "#0"}
			}
		},
		{
			"from": [10.5, 2, 5.75],
			"to": [12, 3, 10.25],
			"faces": {
				"north": {"uv": [0, 0, 1.5, 1], "texture": "#1"},
				"east": {"uv": [0, 0, 4.5, 1], "texture": "#1"},
				"south": {"uv": [0, 0, 1.5, 1], "texture": "#1"},
				"west": {"uv": [0, 0, 4.5, 1], "texture": "#1"},
				"up": {"uv": [10.5, 5.75, 12, 10.25], "texture": "#1"},
				"down": {"uv": [0, 0, 1.5, 4.5], "texture": "#1"}
			}
		}
	],
	"display": {
		"head": {
			"translation": [0, -14.5, 0],
			"scale": [2.28833, 2.28833, 2.28833]
		}
	},
	"groups": [
		{
			"name": "group",
			"origin": [8, 8, 8],
			"children": [0, 1, 2, 3, 4, 5, 6, 7, 8, 9, 10, 11, 12, 13, 14, 15, 16, 17, 18, 19, 20, 21, 22, 23, 24, 25, 26, 27, 28, 29, 30, 31, 32, 33, 34, 35, 36, 37, 38, 39, 40, 41, 42, 43, 44, 45, 46]
		}
	]
}