{
	"__comment": "Designed by Optimus0812 with Cubik Studio - https://cubik.studio",
	"textures": {
		"canoe_paddle": "dayz/weapon/melee/canoe_paddle",
		"particle": "blocks/particle"
	},
	"elements": [ 	 
		{
			"__comment": "canoe_paddle",
			"from": [ 6, 12.5, 7.5 ],
			"to": [ 10, 22.5, 8.5 ],
			"faces": {
				"down": { "uv": [ 7, 5.5, 9, 5.75 ], "texture": "#canoe_paddle" },
				"up": { "uv": [ 7, 1, 9, 0.75 ], "texture": "#canoe_paddle" },
				"north": { "uv": [ 9, 0.75, 7, 5.75 ], "texture": "#canoe_paddle" },
				"south": { "uv": [ 7, 0.75, 9, 5.75 ], "texture": "#canoe_paddle" },
				"west": { "uv": [ 7, 0.75, 7.25, 5.75 ], "texture": "#canoe_paddle" },
				"east": { "uv": [ 9, 0.75, 8.75, 5.75 ], "texture": "#canoe_paddle" }
			}
		},
		{
			"__comment": "canoe_paddle1",
			"from": [ 7, -8, 7.5 ],
			"to": [ 9, -7, 8.5 ],
			"faces": {
				"down": { "uv": [ 7.5, 15.75, 8.5, 16 ], "texture": "#canoe_paddle" },
				"up": { "uv": [ 7.5, 15.75, 8.5, 15.5 ], "texture": "#canoe_paddle" },
				"north": { "uv": [ 8.5, 15.5, 7.5, 16 ], "texture": "#canoe_paddle" },
				"south": { "uv": [ 7.5, 15.5, 8.5, 16 ], "texture": "#canoe_paddle" },
				"west": { "uv": [ 7.5, 15.5, 7.75, 16 ], "texture": "#canoe_paddle" },
				"east": { "uv": [ 8.5, 15.5, 8.25, 16 ], "texture": "#canoe_paddle" }
			}
		},
		{
			"__comment": "canoe_paddle2",
			"from": [ 7.5, -8, 7 ],
			"to": [ 8.5, -7, 7.5 ],
			"faces": {
				"down": { "uv": [ 7.75, 15.75, 8.25, 16 ], "texture": "#canoe_paddle" },
				"up": { "uv": [ 7.75, 15.75, 8.25, 15.5 ], "texture": "#canoe_paddle" },
				"north": { "uv": [ 8.25, 15.5, 7.75, 16 ], "texture": "#canoe_paddle" },
				"south": { "uv": [ 7.75, 15.5, 8.25, 16 ], "texture": "#canoe_paddle" },
				"west": { "uv": [ 7.75, 15.5, 8, 16 ], "texture": "#canoe_paddle" },
				"east": { "uv": [ 8.25, 15.5, 8, 16 ], "texture": "#canoe_paddle" }
			}
		},
		{
			"__comment": "canoe_paddle3",
			"from": [ 7.5, -8, 8.5 ],
			"to": [ 8.5, -7, 9 ],
			"faces": {
				"down": { "uv": [ 7.75, 15.75, 8.25, 16 ], "texture": "#canoe_paddle" },
				"up": { "uv": [ 7.75, 15.75, 8.25, 15.5 ], "texture": "#canoe_paddle" },
				"north": { "uv": [ 8.25, 15.5, 7.75, 16 ], "texture": "#canoe_paddle" },
				"south": { "uv": [ 7.75, 15.5, 8.25, 16 ], "texture": "#canoe_paddle" },
				"west": { "uv": [ 7.75, 15.5, 8, 16 ], "texture": "#canoe_paddle" },
				"east": { "uv": [ 8.25, 15.5, 8, 16 ], "texture": "#canoe_paddle" }
			}
		},
		{
			"__comment": "canoe_paddle4",
			"from": [ 7.5, -7, 7.5 ],
			"to": [ 8.5, 8.5, 8.5 ],
			"faces": {
				"down": { "uv": [ 7.75, 15.25, 8.25, 15.5 ], "texture": "#canoe_paddle" },
				"up": { "uv": [ 7.75, 8, 8.25, 7.75 ], "texture": "#canoe_paddle" },
				"north": { "uv": [ 8.25, 7.75, 7.75, 15.5 ], "texture": "#canoe_paddle" },
				"south": { "uv": [ 7.75, 7.75, 8.25, 15.5 ], "texture": "#canoe_paddle" },
				"west": { "uv": [ 7.75, 7.75, 8, 15.5 ], "texture": "#canoe_paddle" },
				"east": { "uv": [ 8.25, 7.75, 8, 15.5 ], "texture": "#canoe_paddle" }
			}
		},
		{
			"__comment": "canoe_paddle5",
			"from": [ 7, 8.5, 7.5 ],
			"to": [ 9, 10.5, 8.5 ],
			"faces": {
				"down": { "uv": [ 7.5, 7.5, 8.5, 7.75 ], "texture": "#canoe_paddle" },
				"up": { "uv": [ 7.5, 7, 8.5, 6.75 ], "texture": "#canoe_paddle" },
				"north": { "uv": [ 8.5, 6.75, 7.5, 7.75 ], "texture": "#canoe_paddle" },
				"south": { "uv": [ 7.5, 6.75, 8.5, 7.75 ], "texture": "#canoe_paddle" },
				"west": { "uv": [ 7.5, 6.75, 7.75, 7.75 ], "texture": "#canoe_paddle" },
				"east": { "uv": [ 8.5, 6.75, 8.25, 7.75 ], "texture": "#canoe_paddle" }
			}
		},
		{
			"__comment": "canoe_paddle6",
			"from": [ 6.5, 10.5, 7.5 ],
			"to": [ 9.5, 12.5, 8.5 ],
			"faces": {
				"down": { "uv": [ 7.25, 6.5, 8.75, 6.75 ], "texture": "#canoe_paddle" },
				"up": { "uv": [ 7.25, 6, 8.75, 5.75 ], "texture": "#canoe_paddle" },
				"north": { "uv": [ 8.75, 5.75, 7.25, 6.75 ], "texture": "#canoe_paddle" },
				"south": { "uv": [ 7.25, 5.75, 8.75, 6.75 ], "texture": "#canoe_paddle" },
				"west": { "uv": [ 7.25, 5.75, 7.5, 6.75 ], "texture": "#canoe_paddle" },
				"east": { "uv": [ 8.75, 5.75, 8.5, 6.75 ], "texture": "#canoe_paddle" }
			}
		},
		{
			"__comment": "canoe_paddle7",
			"from": [ 7, 23.5, 7.5 ],
			"to": [ 9, 24, 8.5 ],
			"faces": {
				"down": { "uv": [ 7.5, 0, 8.5, 0.25 ], "texture": "#canoe_paddle" },
				"up": { "uv": [ 7.5, 0.25, 8.5, 0 ], "texture": "#canoe_paddle" },
				"north": { "uv": [ 8.5, 0, 7.5, 0.25 ], "texture": "#canoe_paddle" },
				"south": { "uv": [ 7.5, 0, 8.5, 0.25 ], "texture": "#canoe_paddle" },
				"west": { "uv": [ 7.5, 0, 7.75, 0.25 ], "texture": "#canoe_paddle" },
				"east": { "uv": [ 8.5, 0, 8.25, 0.25 ], "texture": "#canoe_paddle" }
			}
		},
		{
			"__comment": "canoe_paddle8",
			"from": [ 6.5, 22.5, 7.5 ],
			"to": [ 9.5, 23.5, 8.5 ],
			"faces": {
				"down": { "uv": [ 7.25, 0.5, 8.75, 0.75 ], "texture": "#canoe_paddle" },
				"up": { "uv": [ 7.25, 0.5, 8.75, 0.25 ], "texture": "#canoe_paddle" },
				"north": { "uv": [ 8.75, 0.25, 7.25, 0.75 ], "texture": "#canoe_paddle" },
				"south": { "uv": [ 7.25, 0.25, 8.75, 0.75 ], "texture": "#canoe_paddle" },
				"west": { "uv": [ 7.25, 0.25, 7.5, 0.75 ], "texture": "#canoe_paddle" },
				"east": { "uv": [ 8.75, 0.25, 8.5, 0.75 ], "texture": "#canoe_paddle" }
			}
		}
	],
	"display": {
		"thirdperson_righthand": {
			"rotation":  [ 0, 90, 0 ],
			"translation":  [ 0, 6, 1 ]
		},
		"thirdperson_lefthand": {
			"rotation":  [ -90, -180, 45 ],
			"translation":  [ -6, -6, 9 ]
		},
		"firstperson_righthand": {
			"rotation":  [ -90, -60, -90 ],
			"translation":  [ -3, 0, -3 ]
		},
		"firstperson_lefthand": {
			"scale":  [ 0.0001, 0.0001, 0.0001 ]
		},
		"gui": {
			"rotation":  [ 0, 0, -45 ],
			"scale":  [ 0.5, 0.5, 0.5 ]
		},
		"head": {
			"scale":  [ 0.0001, 0.0001, 0.0001 ]
		},
		"ground": {
			"rotation":  [ 90, 0, 90 ]
		},
		"fixed": {
			"scale":  [ 2, 2, 2 ]
		}
	}
}