{
	"__comment": "Designed by Optimus0812 with Cubik Studio - https://cubik.studio",
	"textures": {
		"crow_bar": "dayz/weapon/melee/crow_bar",
		"particle": "blocks/particle"
	},
	"elements": [ 	 
		{
			"__comment": "crow_bar",
			"from": [ 9, 18, 7 ],
			"to": [ 10, 22, 9 ],
			"faces": {
				"down": { "uv": [ 8.5, 2.75, 9, 3 ], "texture": "#crow_bar" },
				"up": { "uv": [ 8.5, 1.25, 9, 1 ], "texture": "#crow_bar" },
				"north": { "uv": [ 9, 1, 8.5, 3 ], "texture": "#crow_bar" },
				"south": { "uv": [ 8.5, 1, 9, 3 ], "texture": "#crow_bar" },
				"west": { "uv": [ 8.5, 1, 8.75, 3 ], "texture": "#crow_bar" },
				"east": { "uv": [ 9, 1, 8.75, 3 ], "texture": "#crow_bar" }
			}
		},
		{
			"__comment": "crow_bar1",
			"from": [ 8.5, 18, 7.5 ],
			"to": [ 9, 22, 8.5 ],
			"faces": {
				"down": { "uv": [ 8.25, 2.75, 8.5, 3 ], "texture": "#crow_bar" },
				"up": { "uv": [ 8.25, 1.25, 8.5, 1 ], "texture": "#crow_bar" },
				"north": { "uv": [ 8.5, 1, 8.25, 3 ], "texture": "#crow_bar" },
				"south": { "uv": [ 8.25, 1, 8.5, 3 ], "texture": "#crow_bar" },
				"west": { "uv": [ 8.25, 1, 8.5, 3 ], "texture": "#crow_bar" },
				"east": { "uv": [ 8.5, 1, 8.25, 3 ], "texture": "#crow_bar" }
			}
		},
		{
			"__comment": "crow_bar2",
			"from": [ 10, 18, 7.5 ],
			"to": [ 10.5, 22, 8.5 ],
			"faces": {
				"down": { "uv": [ 9, 2.75, 9.25, 3 ], "texture": "#crow_bar" },
				"up": { "uv": [ 9, 1.25, 9.25, 1 ], "texture": "#crow_bar" },
				"north": { "uv": [ 9.25, 1, 9, 3 ], "texture": "#crow_bar" },
				"south": { "uv": [ 9, 1, 9.25, 3 ], "texture": "#crow_bar" },
				"west": { "uv": [ 9, 1, 9.25, 3 ], "texture": "#crow_bar" },
				"east": { "uv": [ 9.25, 1, 9, 3 ], "texture": "#crow_bar" }
			}
		},
		{
			"__comment": "crow_bar3",
			"from": [ 9.5, 22, 7.5 ],
			"to": [ 10, 23, 8.5 ],
			"faces": {
				"down": { "uv": [ 8.75, 0.75, 9, 1 ], "texture": "#crow_bar" },
				"up": { "uv": [ 8.75, 0.75, 9, 0.5 ], "texture": "#crow_bar" },
				"north": { "uv": [ 9, 0.5, 8.75, 1 ], "texture": "#crow_bar" },
				"south": { "uv": [ 8.75, 0.5, 9, 1 ], "texture": "#crow_bar" },
				"west": { "uv": [ 8.75, 0.5, 9, 1 ], "texture": "#crow_bar" },
				"east": { "uv": [ 9, 0.5, 8.75, 1 ], "texture": "#crow_bar" }
			}
		},
		{
			"__comment": "crow_bar4",
			"from": [ 8.5, 23, 7.5 ],
			"to": [ 9.5, 23.5, 8.5 ],
			"faces": {
				"down": { "uv": [ 8.25, 0.25, 8.75, 0.5 ], "texture": "#crow_bar" },
				"up": { "uv": [ 8.25, 0.5, 8.75, 0.25 ], "texture": "#crow_bar" },
				"north": { "uv": [ 8.75, 0.25, 8.25, 0.5 ], "texture": "#crow_bar" },
				"south": { "uv": [ 8.25, 0.25, 8.75, 0.5 ], "texture": "#crow_bar" },
				"west": { "uv": [ 8.25, 0.25, 8.5, 0.5 ], "texture": "#crow_bar" },
				"east": { "uv": [ 8.75, 0.25, 8.5, 0.5 ], "texture": "#crow_bar" }
			}
		},
		{
			"__comment": "crow_bar5",
			"from": [ 6.5, 23.5, 7.5 ],
			"to": [ 8.5, 24, 8.5 ],
			"faces": {
				"down": { "uv": [ 7.25, 0, 8.25, 0.25 ], "texture": "#crow_bar" },
				"up": { "uv": [ 7.25, 0.25, 8.25, 0 ], "texture": "#crow_bar" },
				"north": { "uv": [ 8.25, 0, 7.25, 0.25 ], "texture": "#crow_bar" },
				"south": { "uv": [ 7.25, 0, 8.25, 0.25 ], "texture": "#crow_bar" },
				"west": { "uv": [ 7.25, 0, 7.5, 0.25 ], "texture": "#crow_bar" },
				"east": { "uv": [ 8.25, 0, 8, 0.25 ], "texture": "#crow_bar" }
			}
		},
		{
			"__comment": "crow_bar6",
			"from": [ 5.5, 23, 7.5 ],
			"to": [ 6.5, 23.5, 8.5 ],
			"faces": {
				"down": { "uv": [ 6.75, 0.25, 7.25, 0.5 ], "texture": "#crow_bar" },
				"up": { "uv": [ 6.75, 0.5, 7.25, 0.25 ], "texture": "#crow_bar" },
				"north": { "uv": [ 7.25, 0.25, 6.75, 0.5 ], "texture": "#crow_bar" },
				"south": { "uv": [ 6.75, 0.25, 7.25, 0.5 ], "texture": "#crow_bar" },
				"west": { "uv": [ 6.75, 0.25, 7, 0.5 ], "texture": "#crow_bar" },
				"east": { "uv": [ 7.25, 0.25, 7, 0.5 ], "texture": "#crow_bar" }
			}
		},
		{
			"__comment": "crow_bar7",
			"from": [ 5, 22.5, 7.5 ],
			"to": [ 5.5, 23, 8.5 ],
			"faces": {
				"down": { "uv": [ 6.5, 0.5, 6.75, 0.75 ], "texture": "#crow_bar" },
				"up": { "uv": [ 6.5, 0.75, 6.75, 0.5 ], "texture": "#crow_bar" },
				"north": { "uv": [ 6.75, 0.5, 6.5, 0.75 ], "texture": "#crow_bar" },
				"south": { "uv": [ 6.5, 0.5, 6.75, 0.75 ], "texture": "#crow_bar" },
				"west": { "uv": [ 6.5, 0.5, 6.75, 0.75 ], "texture": "#crow_bar" },
				"east": { "uv": [ 6.75, 0.5, 6.5, 0.75 ], "texture": "#crow_bar" }
			}
		},
		{
			"__comment": "crow_bar8",
			"from": [ 4.5, 21.5, 7.5 ],
			"to": [ 5, 22.5, 8.5 ],
			"faces": {
				"down": { "uv": [ 6.25, 1, 6.5, 1.25 ], "texture": "#crow_bar" },
				"up": { "uv": [ 6.25, 1, 6.5, 0.75 ], "texture": "#crow_bar" },
				"north": { "uv": [ 6.5, 0.75, 6.25, 1.25 ], "texture": "#crow_bar" },
				"south": { "uv": [ 6.25, 0.75, 6.5, 1.25 ], "texture": "#crow_bar" },
				"west": { "uv": [ 6.25, 0.75, 6.5, 1.25 ], "texture": "#crow_bar" },
				"east": { "uv": [ 6.5, 0.75, 6.25, 1.25 ], "texture": "#crow_bar" }
			}
		},
		{
			"__comment": "crow_bar9",
			"from": [ 4, 21, 7.5 ],
			"to": [ 5.5, 21.5, 8.5 ],
			"faces": {
				"down": { "uv": [ 6, 1.25, 6.75, 1.5 ], "texture": "#crow_bar" },
				"up": { "uv": [ 6, 1.5, 6.75, 1.25 ], "texture": "#crow_bar" },
				"north": { "uv": [ 6.75, 1.25, 6, 1.5 ], "texture": "#crow_bar" },
				"south": { "uv": [ 6, 1.25, 6.75, 1.5 ], "texture": "#crow_bar" },
				"west": { "uv": [ 6, 1.25, 6.25, 1.5 ], "texture": "#crow_bar" },
				"east": { "uv": [ 6.75, 1.25, 6.5, 1.5 ], "texture": "#crow_bar" }
			}
		},
		{
			"__comment": "crow_bar10",
			"from": [ 5.5, 21.5, 7.5 ],
			"to": [ 6, 22, 8.5 ],
			"faces": {
				"down": { "uv": [ 6.75, 1, 7, 1.25 ], "texture": "#crow_bar" },
				"up": { "uv": [ 6.75, 1.25, 7, 1 ], "texture": "#crow_bar" },
				"north": { "uv": [ 7, 1, 6.75, 1.25 ], "texture": "#crow_bar" },
				"south": { "uv": [ 6.75, 1, 7, 1.25 ], "texture": "#crow_bar" },
				"west": { "uv": [ 6.75, 1, 7, 1.25 ], "texture": "#crow_bar" },
				"east": { "uv": [ 7, 1, 6.75, 1.25 ], "texture": "#crow_bar" }
			}
		},
		{
			"__comment": "crow_bar11",
			"from": [ 6, 22, 7.5 ],
			"to": [ 7, 22.5, 8.5 ],
			"faces": {
				"down": { "uv": [ 7, 0.75, 7.5, 1 ], "texture": "#crow_bar" },
				"up": { "uv": [ 7, 1, 7.5, 0.75 ], "texture": "#crow_bar" },
				"north": { "uv": [ 7.5, 0.75, 7, 1 ], "texture": "#crow_bar" },
				"south": { "uv": [ 7, 0.75, 7.5, 1 ], "texture": "#crow_bar" },
				"west": { "uv": [ 7, 0.75, 7.25, 1 ], "texture": "#crow_bar" },
				"east": { "uv": [ 7.5, 0.75, 7.25, 1 ], "texture": "#crow_bar" }
			}
		},
		{
			"__comment": "crow_bar12",
			"from": [ 7, 22.5, 7.5 ],
			"to": [ 8, 23, 8.5 ],
			"faces": {
				"down": { "uv": [ 7.5, 0.5, 8, 0.75 ], "texture": "#crow_bar" },
				"up": { "uv": [ 7.5, 0.75, 8, 0.5 ], "texture": "#crow_bar" },
				"north": { "uv": [ 8, 0.5, 7.5, 0.75 ], "texture": "#crow_bar" },
				"south": { "uv": [ 7.5, 0.5, 8, 0.75 ], "texture": "#crow_bar" },
				"west": { "uv": [ 7.5, 0.5, 7.75, 0.75 ], "texture": "#crow_bar" },
				"east": { "uv": [ 8, 0.5, 7.75, 0.75 ], "texture": "#crow_bar" }
			}
		},
		{
			"__comment": "crow_bar13",
			"from": [ 8, 22, 7.5 ],
			"to": [ 8.5, 22.5, 8.5 ],
			"faces": {
				"down": { "uv": [ 8, 0.75, 8.25, 1 ], "texture": "#crow_bar" },
				"up": { "uv": [ 8, 1, 8.25, 0.75 ], "texture": "#crow_bar" },
				"north": { "uv": [ 8.25, 0.75, 8, 1 ], "texture": "#crow_bar" },
				"south": { "uv": [ 8, 0.75, 8.25, 1 ], "texture": "#crow_bar" },
				"west": { "uv": [ 8, 0.75, 8.25, 1 ], "texture": "#crow_bar" },
				"east": { "uv": [ 8.25, 0.75, 8, 1 ], "texture": "#crow_bar" }
			}
		},
		{
			"__comment": "crow_bar14",
			"from": [ 8.5, 22, 7 ],
			"to": [ 9.5, 22.5, 9 ],
			"faces": {
				"down": { "uv": [ 8.25, 0.75, 8.75, 1 ], "texture": "#crow_bar" },
				"up": { "uv": [ 8.25, 1, 8.75, 0.75 ], "texture": "#crow_bar" },
				"north": { "uv": [ 8.75, 0.75, 8.25, 1 ], "texture": "#crow_bar" },
				"south": { "uv": [ 8.25, 0.75, 8.75, 1 ], "texture": "#crow_bar" },
				"west": { "uv": [ 8.25, 0.75, 8.5, 1 ], "texture": "#crow_bar" },
				"east": { "uv": [ 8.75, 0.75, 8.5, 1 ], "texture": "#crow_bar" }
			}
		},
		{
			"__comment": "crow_bar15",
			"from": [ 8, 22.5, 7 ],
			"to": [ 9.5, 23, 9 ],
			"faces": {
				"down": { "uv": [ 8, 0.5, 8.75, 0.75 ], "texture": "#crow_bar" },
				"up": { "uv": [ 8, 0.75, 8.75, 0.5 ], "texture": "#crow_bar" },
				"north": { "uv": [ 8.75, 0.5, 8, 0.75 ], "texture": "#crow_bar" },
				"south": { "uv": [ 8, 0.5, 8.75, 0.75 ], "texture": "#crow_bar" },
				"west": { "uv": [ 8, 0.5, 8.25, 0.75 ], "texture": "#crow_bar" },
				"east": { "uv": [ 8.75, 0.5, 8.5, 0.75 ], "texture": "#crow_bar" }
			}
		},
		{
			"__comment": "crow_bar16",
			"from": [ 6.5, 23, 7 ],
			"to": [ 8.5, 23.5, 9 ],
			"faces": {
				"down": { "uv": [ 7.25, 0.25, 8.25, 0.5 ], "texture": "#crow_bar" },
				"up": { "uv": [ 7.25, 0.5, 8.25, 0.25 ], "texture": "#crow_bar" },
				"north": { "uv": [ 8.25, 0.25, 7.25, 0.5 ], "texture": "#crow_bar" },
				"south": { "uv": [ 7.25, 0.25, 8.25, 0.5 ], "texture": "#crow_bar" },
				"west": { "uv": [ 7.25, 0.25, 7.5, 0.5 ], "texture": "#crow_bar" },
				"east": { "uv": [ 8.25, 0.25, 8, 0.5 ], "texture": "#crow_bar" }
			}
		},
		{
			"__comment": "crow_bar17",
			"from": [ 5.5, 22.5, 7 ],
			"to": [ 7, 23, 9 ],
			"faces": {
				"down": { "uv": [ 6.75, 0.5, 7.5, 0.75 ], "texture": "#crow_bar" },
				"up": { "uv": [ 6.75, 0.75, 7.5, 0.5 ], "texture": "#crow_bar" },
				"north": { "uv": [ 7.5, 0.5, 6.75, 0.75 ], "texture": "#crow_bar" },
				"south": { "uv": [ 6.75, 0.5, 7.5, 0.75 ], "texture": "#crow_bar" },
				"west": { "uv": [ 6.75, 0.5, 7, 0.75 ], "texture": "#crow_bar" },
				"east": { "uv": [ 7.5, 0.5, 7.25, 0.75 ], "texture": "#crow_bar" }
			}
		},
		{
			"__comment": "crow_bar18",
			"from": [ 5, 22, 7 ],
			"to": [ 6, 22.5, 9 ],
			"faces": {
				"down": { "uv": [ 6.5, 0.75, 7, 1 ], "texture": "#crow_bar" },
				"up": { "uv": [ 6.5, 1, 7, 0.75 ], "texture": "#crow_bar" },
				"north": { "uv": [ 7, 0.75, 6.5, 1 ], "texture": "#crow_bar" },
				"south": { "uv": [ 6.5, 0.75, 7, 1 ], "texture": "#crow_bar" },
				"west": { "uv": [ 6.5, 0.75, 6.75, 1 ], "texture": "#crow_bar" },
				"east": { "uv": [ 7, 0.75, 6.75, 1 ], "texture": "#crow_bar" }
			}
		},
		{
			"__comment": "crow_bar19",
			"from": [ 5, 21.5, 7 ],
			"to": [ 5.5, 22, 9 ],
			"faces": {
				"down": { "uv": [ 6.5, 1, 6.75, 1.25 ], "texture": "#crow_bar" },
				"up": { "uv": [ 6.5, 1.25, 6.75, 1 ], "texture": "#crow_bar" },
				"north": { "uv": [ 6.75, 1, 6.5, 1.25 ], "texture": "#crow_bar" },
				"south": { "uv": [ 6.5, 1, 6.75, 1.25 ], "texture": "#crow_bar" },
				"west": { "uv": [ 6.5, 1, 6.75, 1.25 ], "texture": "#crow_bar" },
				"east": { "uv": [ 6.75, 1, 6.5, 1.25 ], "texture": "#crow_bar" }
			}
		},
		{
			"__comment": "crow_bar20",
			"from": [ 8.5, 14, 7 ],
			"to": [ 9.5, 18, 9 ],
			"faces": {
				"down": { "uv": [ 8.25, 4.75, 8.75, 5 ], "texture": "#crow_bar" },
				"up": { "uv": [ 8.25, 3.25, 8.75, 3 ], "texture": "#crow_bar" },
				"north": { "uv": [ 8.75, 3, 8.25, 5 ], "texture": "#crow_bar" },
				"south": { "uv": [ 8.25, 3, 8.75, 5 ], "texture": "#crow_bar" },
				"west": { "uv": [ 8.25, 3, 8.5, 5 ], "texture": "#crow_bar" },
				"east": { "uv": [ 8.75, 3, 8.5, 5 ], "texture": "#crow_bar" }
			}
		},
		{
			"__comment": "crow_bar21",
			"from": [ 9.5, 14, 7.5 ],
			"to": [ 10, 18, 8.5 ],
			"faces": {
				"down": { "uv": [ 8.75, 4.75, 9, 5 ], "texture": "#crow_bar" },
				"up": { "uv": [ 8.75, 3.25, 9, 3 ], "texture": "#crow_bar" },
				"north": { "uv": [ 9, 3, 8.75, 5 ], "texture": "#crow_bar" },
				"south": { "uv": [ 8.75, 3, 9, 5 ], "texture": "#crow_bar" },
				"west": { "uv": [ 8.75, 3, 9, 5 ], "texture": "#crow_bar" },
				"east": { "uv": [ 9, 3, 8.75, 5 ], "texture": "#crow_bar" }
			}
		},
		{
			"__comment": "crow_bar22",
			"from": [ 8, 14, 7.5 ],
			"to": [ 8.5, 18, 8.5 ],
			"faces": {
				"down": { "uv": [ 8, 4.75, 8.25, 5 ], "texture": "#crow_bar" },
				"up": { "uv": [ 8, 3.25, 8.25, 3 ], "texture": "#crow_bar" },
				"north": { "uv": [ 8.25, 3, 8, 5 ], "texture": "#crow_bar" },
				"south": { "uv": [ 8, 3, 8.25, 5 ], "texture": "#crow_bar" },
				"west": { "uv": [ 8, 3, 8.25, 5 ], "texture": "#crow_bar" },
				"east": { "uv": [ 8.25, 3, 8, 5 ], "texture": "#crow_bar" }
			}
		},
		{
			"__comment": "crow_bar23",
			"from": [ 8, 10, 7 ],
			"to": [ 9, 14, 9 ],
			"faces": {
				"down": { "uv": [ 8, 6.75, 8.5, 7 ], "texture": "#crow_bar" },
				"up": { "uv": [ 8, 5.25, 8.5, 5 ], "texture": "#crow_bar" },
				"north": { "uv": [ 8.5, 5, 8, 7 ], "texture": "#crow_bar" },
				"south": { "uv": [ 8, 5, 8.5, 7 ], "texture": "#crow_bar" },
				"west": { "uv": [ 8, 5, 8.25, 7 ], "texture": "#crow_bar" },
				"east": { "uv": [ 8.5, 5, 8.25, 7 ], "texture": "#crow_bar" }
			}
		},
		{
			"__comment": "crow_bar24",
			"from": [ 9, 10, 7.5 ],
			"to": [ 9.5, 14, 8.5 ],
			"faces": {
				"down": { "uv": [ 8.5, 6.75, 8.75, 7 ], "texture": "#crow_bar" },
				"up": { "uv": [ 8.5, 5.25, 8.75, 5 ], "texture": "#crow_bar" },
				"north": { "uv": [ 8.75, 5, 8.5, 7 ], "texture": "#crow_bar" },
				"south": { "uv": [ 8.5, 5, 8.75, 7 ], "texture": "#crow_bar" },
				"west": { "uv": [ 8.5, 5, 8.75, 7 ], "texture": "#crow_bar" },
				"east": { "uv": [ 8.75, 5, 8.5, 7 ], "texture": "#crow_bar" }
			}
		},
		{
			"__comment": "crow_bar25",
			"from": [ 7.5, 10, 7.5 ],
			"to": [ 8, 14, 8.5 ],
			"faces": {
				"down": { "uv": [ 7.75, 6.75, 8, 7 ], "texture": "#crow_bar" },
				"up": { "uv": [ 7.75, 5.25, 8, 5 ], "texture": "#crow_bar" },
				"north": { "uv": [ 8, 5, 7.75, 7 ], "texture": "#crow_bar" },
				"south": { "uv": [ 7.75, 5, 8, 7 ], "texture": "#crow_bar" },
				"west": { "uv": [ 7.75, 5, 8, 7 ], "texture": "#crow_bar" },
				"east": { "uv": [ 8, 5, 7.75, 7 ], "texture": "#crow_bar" }
			}
		},
		{
			"__comment": "crow_bar26",
			"from": [ 8.5, 6, 7.5 ],
			"to": [ 9, 10, 8.5 ],
			"faces": {
				"down": { "uv": [ 8.25, 8.75, 8.5, 9 ], "texture": "#crow_bar" },
				"up": { "uv": [ 8.25, 7.25, 8.5, 7 ], "texture": "#crow_bar" },
				"north": { "uv": [ 8.5, 7, 8.25, 9 ], "texture": "#crow_bar" },
				"south": { "uv": [ 8.25, 7, 8.5, 9 ], "texture": "#crow_bar" },
				"west": { "uv": [ 8.25, 7, 8.5, 9 ], "texture": "#crow_bar" },
				"east": { "uv": [ 8.5, 7, 8.25, 9 ], "texture": "#crow_bar" }
			}
		},
		{
			"__comment": "crow_bar27",
			"from": [ 7.5, 6, 7 ],
			"to": [ 8.5, 10, 9 ],
			"faces": {
				"down": { "uv": [ 7.75, 8.75, 8.25, 9 ], "texture": "#crow_bar" },
				"up": { "uv": [ 7.75, 7.25, 8.25, 7 ], "texture": "#crow_bar" },
				"north": { "uv": [ 8.25, 7, 7.75, 9 ], "texture": "#crow_bar" },
				"south": { "uv": [ 7.75, 7, 8.25, 9 ], "texture": "#crow_bar" },
				"west": { "uv": [ 7.75, 7, 8, 9 ], "texture": "#crow_bar" },
				"east": { "uv": [ 8.25, 7, 8, 9 ], "texture": "#crow_bar" }
			}
		},
		{
			"__comment": "crow_bar28",
			"from": [ 7, 6, 7.5 ],
			"to": [ 7.5, 10, 8.5 ],
			"faces": {
				"down": { "uv": [ 7.5, 8.75, 7.75, 9 ], "texture": "#crow_bar" },
				"up": { "uv": [ 7.5, 7.25, 7.75, 7 ], "texture": "#crow_bar" },
				"north": { "uv": [ 7.75, 7, 7.5, 9 ], "texture": "#crow_bar" },
				"south": { "uv": [ 7.5, 7, 7.75, 9 ], "texture": "#crow_bar" },
				"west": { "uv": [ 7.5, 7, 7.75, 9 ], "texture": "#crow_bar" },
				"east": { "uv": [ 7.75, 7, 7.5, 9 ], "texture": "#crow_bar" }
			}
		},
		{
			"__comment": "crow_bar29",
			"from": [ 8, 2, 7.5 ],
			"to": [ 8.5, 6, 8.5 ],
			"faces": {
				"down": { "uv": [ 8, 10.75, 8.25, 11 ], "texture": "#crow_bar" },
				"up": { "uv": [ 8, 9.25, 8.25, 9 ], "texture": "#crow_bar" },
				"north": { "uv": [ 8.25, 9, 8, 11 ], "texture": "#crow_bar" },
				"south": { "uv": [ 8, 9, 8.25, 11 ], "texture": "#crow_bar" },
				"west": { "uv": [ 8, 9, 8.25, 11 ], "texture": "#crow_bar" },
				"east": { "uv": [ 8.25, 9, 8, 11 ], "texture": "#crow_bar" }
			}
		},
		{
			"__comment": "crow_bar30",
			"from": [ 7, 2, 7 ],
			"to": [ 8, 6, 9 ],
			"faces": {
				"down": { "uv": [ 7.5, 10.75, 8, 11 ], "texture": "#crow_bar" },
				"up": { "uv": [ 7.5, 9.25, 8, 9 ], "texture": "#crow_bar" },
				"north": { "uv": [ 8, 9, 7.5, 11 ], "texture": "#crow_bar" },
				"south": { "uv": [ 7.5, 9, 8, 11 ], "texture": "#crow_bar" },
				"west": { "uv": [ 7.5, 9, 7.75, 11 ], "texture": "#crow_bar" },
				"east": { "uv": [ 8, 9, 7.75, 11 ], "texture": "#crow_bar" }
			}
		},
		{
			"__comment": "crow_bar31",
			"from": [ 6.5, 2, 7.5 ],
			"to": [ 7, 6, 8.5 ],
			"faces": {
				"down": { "uv": [ 7.25, 10.75, 7.5, 11 ], "texture": "#crow_bar" },
				"up": { "uv": [ 7.25, 9.25, 7.5, 9 ], "texture": "#crow_bar" },
				"north": { "uv": [ 7.5, 9, 7.25, 11 ], "texture": "#crow_bar" },
				"south": { "uv": [ 7.25, 9, 7.5, 11 ], "texture": "#crow_bar" },
				"west": { "uv": [ 7.25, 9, 7.5, 11 ], "texture": "#crow_bar" },
				"east": { "uv": [ 7.5, 9, 7.25, 11 ], "texture": "#crow_bar" }
			}
		},
		{
			"__comment": "crow_bar32",
			"from": [ 7.5, -2, 7.5 ],
			"to": [ 8, 2, 8.5 ],
			"faces": {
				"down": { "uv": [ 7.75, 12.75, 8, 13 ], "texture": "#crow_bar" },
				"up": { "uv": [ 7.75, 11.25, 8, 11 ], "texture": "#crow_bar" },
				"north": { "uv": [ 8, 11, 7.75, 13 ], "texture": "#crow_bar" },
				"south": { "uv": [ 7.75, 11, 8, 13 ], "texture": "#crow_bar" },
				"west": { "uv": [ 7.75, 11, 8, 13 ], "texture": "#crow_bar" },
				"east": { "uv": [ 8, 11, 7.75, 13 ], "texture": "#crow_bar" }
			}
		},
		{
			"__comment": "crow_bar33",
			"from": [ 6.5, -2, 7 ],
			"to": [ 7.5, 2, 9 ],
			"faces": {
				"down": { "uv": [ 7.25, 12.75, 7.75, 13 ], "texture": "#crow_bar" },
				"up": { "uv": [ 7.25, 11.25, 7.75, 11 ], "texture": "#crow_bar" },
				"north": { "uv": [ 7.75, 11, 7.25, 13 ], "texture": "#crow_bar" },
				"south": { "uv": [ 7.25, 11, 7.75, 13 ], "texture": "#crow_bar" },
				"west": { "uv": [ 7.25, 11, 7.5, 13 ], "texture": "#crow_bar" },
				"east": { "uv": [ 7.75, 11, 7.5, 13 ], "texture": "#crow_bar" }
			}
		},
		{
			"__comment": "crow_bar34",
			"from": [ 6, -2, 7.5 ],
			"to": [ 6.5, 2, 8.5 ],
			"faces": {
				"down": { "uv": [ 7, 12.75, 7.25, 13 ], "texture": "#crow_bar" },
				"up": { "uv": [ 7, 11.25, 7.25, 11 ], "texture": "#crow_bar" },
				"north": { "uv": [ 7.25, 11, 7, 13 ], "texture": "#crow_bar" },
				"south": { "uv": [ 7, 11, 7.25, 13 ], "texture": "#crow_bar" },
				"west": { "uv": [ 7, 11, 7.25, 13 ], "texture": "#crow_bar" },
				"east": { "uv": [ 7.25, 11, 7, 13 ], "texture": "#crow_bar" }
			}
		},
		{
			"__comment": "crow_bar35",
			"from": [ 5.5, -4, 7.5 ],
			"to": [ 6, -2, 8.5 ],
			"faces": {
				"down": { "uv": [ 6.75, 13.75, 7, 14 ], "texture": "#crow_bar" },
				"up": { "uv": [ 6.75, 13.25, 7, 13 ], "texture": "#crow_bar" },
				"north": { "uv": [ 7, 13, 6.75, 14 ], "texture": "#crow_bar" },
				"south": { "uv": [ 6.75, 13, 7, 14 ], "texture": "#crow_bar" },
				"west": { "uv": [ 6.75, 13, 7, 14 ], "texture": "#crow_bar" },
				"east": { "uv": [ 7, 13, 6.75, 14 ], "texture": "#crow_bar" }
			}
		},
		{
			"__comment": "crow_bar36",
			"from": [ 6, -5.5, 7.5 ],
			"to": [ 6.5, -4, 8.5 ],
			"faces": {
				"down": { "uv": [ 7, 14.5, 7.25, 14.75 ], "texture": "#crow_bar" },
				"up": { "uv": [ 7, 14.25, 7.25, 14 ], "texture": "#crow_bar" },
				"north": { "uv": [ 7.25, 14, 7, 14.75 ], "texture": "#crow_bar" },
				"south": { "uv": [ 7, 14, 7.25, 14.75 ], "texture": "#crow_bar" },
				"west": { "uv": [ 7, 14, 7.25, 14.75 ], "texture": "#crow_bar" },
				"east": { "uv": [ 7.25, 14, 7, 14.75 ], "texture": "#crow_bar" }
			}
		},
		{
			"__comment": "crow_bar37",
			"from": [ 6.5, -6.5, 7.5 ],
			"to": [ 7, -5.5, 8.5 ],
			"faces": {
				"down": { "uv": [ 7.25, 15, 7.5, 15.25 ], "texture": "#crow_bar" },
				"up": { "uv": [ 7.25, 15, 7.5, 14.75 ], "texture": "#crow_bar" },
				"north": { "uv": [ 7.5, 14.75, 7.25, 15.25 ], "texture": "#crow_bar" },
				"south": { "uv": [ 7.25, 14.75, 7.5, 15.25 ], "texture": "#crow_bar" },
				"west": { "uv": [ 7.25, 14.75, 7.5, 15.25 ], "texture": "#crow_bar" },
				"east": { "uv": [ 7.5, 14.75, 7.25, 15.25 ], "texture": "#crow_bar" }
			}
		},
		{
			"__comment": "crow_bar38",
			"from": [ 7, -7, 7.5 ],
			"to": [ 7.5, -6.5, 8.5 ],
			"faces": {
				"down": { "uv": [ 7.5, 15.25, 7.75, 15.5 ], "texture": "#crow_bar" },
				"up": { "uv": [ 7.5, 15.5, 7.75, 15.25 ], "texture": "#crow_bar" },
				"north": { "uv": [ 7.75, 15.25, 7.5, 15.5 ], "texture": "#crow_bar" },
				"south": { "uv": [ 7.5, 15.25, 7.75, 15.5 ], "texture": "#crow_bar" },
				"west": { "uv": [ 7.5, 15.25, 7.75, 15.5 ], "texture": "#crow_bar" },
				"east": { "uv": [ 7.75, 15.25, 7.5, 15.5 ], "texture": "#crow_bar" }
			}
		},
		{
			"__comment": "crow_bar39",
			"from": [ 7.5, -7.5, 7.5 ],
			"to": [ 8, -7, 8.5 ],
			"faces": {
				"down": { "uv": [ 7.75, 15.5, 8, 15.75 ], "texture": "#crow_bar" },
				"up": { "uv": [ 7.75, 15.75, 8, 15.5 ], "texture": "#crow_bar" },
				"north": { "uv": [ 8, 15.5, 7.75, 15.75 ], "texture": "#crow_bar" },
				"south": { "uv": [ 7.75, 15.5, 8, 15.75 ], "texture": "#crow_bar" },
				"west": { "uv": [ 7.75, 15.5, 8, 15.75 ], "texture": "#crow_bar" },
				"east": { "uv": [ 8, 15.5, 7.75, 15.75 ], "texture": "#crow_bar" }
			}
		},
		{
			"__comment": "crow_bar40",
			"from": [ 8, -8, 7.5 ],
			"to": [ 8.5, -6, 8.5 ],
			"faces": {
				"down": { "uv": [ 8, 15.75, 8.25, 16 ], "texture": "#crow_bar" },
				"up": { "uv": [ 8, 15.25, 8.25, 15 ], "texture": "#crow_bar" },
				"north": { "uv": [ 8.25, 15, 8, 16 ], "texture": "#crow_bar" },
				"south": { "uv": [ 8, 15, 8.25, 16 ], "texture": "#crow_bar" },
				"west": { "uv": [ 8, 15, 8.25, 16 ], "texture": "#crow_bar" },
				"east": { "uv": [ 8.25, 15, 8, 16 ], "texture": "#crow_bar" }
			}
		},
		{
			"__comment": "crow_bar41",
			"from": [ 7.5, -6, 7.5 ],
			"to": [ 8, -4, 8.5 ],
			"faces": {
				"down": { "uv": [ 7.75, 14.75, 8, 15 ], "texture": "#crow_bar" },
				"up": { "uv": [ 7.75, 14.25, 8, 14 ], "texture": "#crow_bar" },
				"north": { "uv": [ 8, 14, 7.75, 15 ], "texture": "#crow_bar" },
				"south": { "uv": [ 7.75, 14, 8, 15 ], "texture": "#crow_bar" },
				"west": { "uv": [ 7.75, 14, 8, 15 ], "texture": "#crow_bar" },
				"east": { "uv": [ 8, 14, 7.75, 15 ], "texture": "#crow_bar" }
			}
		},
		{
			"__comment": "crow_bar42",
			"from": [ 7, -4, 7.5 ],
			"to": [ 7.5, -2, 8.5 ],
			"faces": {
				"down": { "uv": [ 7.5, 13.75, 7.75, 14 ], "texture": "#crow_bar" },
				"up": { "uv": [ 7.5, 13.25, 7.75, 13 ], "texture": "#crow_bar" },
				"north": { "uv": [ 7.75, 13, 7.5, 14 ], "texture": "#crow_bar" },
				"south": { "uv": [ 7.5, 13, 7.75, 14 ], "texture": "#crow_bar" },
				"west": { "uv": [ 7.5, 13, 7.75, 14 ], "texture": "#crow_bar" },
				"east": { "uv": [ 7.75, 13, 7.5, 14 ], "texture": "#crow_bar" }
			}
		},
		{
			"__comment": "crow_bar43",
			"from": [ 6, -4, 7 ],
			"to": [ 7, -2, 9 ],
			"faces": {
				"down": { "uv": [ 7, 13.75, 7.5, 14 ], "texture": "#crow_bar" },
				"up": { "uv": [ 7, 13.25, 7.5, 13 ], "texture": "#crow_bar" },
				"north": { "uv": [ 7.5, 13, 7, 14 ], "texture": "#crow_bar" },
				"south": { "uv": [ 7, 13, 7.5, 14 ], "texture": "#crow_bar" },
				"west": { "uv": [ 7, 13, 7.25, 14 ], "texture": "#crow_bar" },
				"east": { "uv": [ 7.5, 13, 7.25, 14 ], "texture": "#crow_bar" }
			}
		},
		{
			"__comment": "crow_bar44",
			"from": [ 6.5, -5.5, 7 ],
			"to": [ 7.5, -4, 9 ],
			"faces": {
				"down": { "uv": [ 7.25, 14.5, 7.75, 14.75 ], "texture": "#crow_bar" },
				"up": { "uv": [ 7.25, 14.25, 7.75, 14 ], "texture": "#crow_bar" },
				"north": { "uv": [ 7.75, 14, 7.25, 14.75 ], "texture": "#crow_bar" },
				"south": { "uv": [ 7.25, 14, 7.75, 14.75 ], "texture": "#crow_bar" },
				"west": { "uv": [ 7.25, 14, 7.5, 14.75 ], "texture": "#crow_bar" },
				"east": { "uv": [ 7.75, 14, 7.5, 14.75 ], "texture": "#crow_bar" }
			}
		},
		{
			"__comment": "crow_bar45",
			"from": [ 7, -6.5, 7 ],
			"to": [ 7.5, -5.5, 9 ],
			"faces": {
				"down": { "uv": [ 7.5, 15, 7.75, 15.25 ], "texture": "#crow_bar" },
				"up": { "uv": [ 7.5, 15, 7.75, 14.75 ], "texture": "#crow_bar" },
				"north": { "uv": [ 7.75, 14.75, 7.5, 15.25 ], "texture": "#crow_bar" },
				"south": { "uv": [ 7.5, 14.75, 7.75, 15.25 ], "texture": "#crow_bar" },
				"west": { "uv": [ 7.5, 14.75, 7.75, 15.25 ], "texture": "#crow_bar" },
				"east": { "uv": [ 7.75, 14.75, 7.5, 15.25 ], "texture": "#crow_bar" }
			}
		},
		{
			"__comment": "crow_bar46",
			"from": [ 7.5, -7, 7 ],
			"to": [ 8, -6, 9 ],
			"faces": {
				"down": { "uv": [ 7.75, 15.25, 8, 15.5 ], "texture": "#crow_bar" },
				"up": { "uv": [ 7.75, 15.25, 8, 15 ], "texture": "#crow_bar" },
				"north": { "uv": [ 8, 15, 7.75, 15.5 ], "texture": "#crow_bar" },
				"south": { "uv": [ 7.75, 15, 8, 15.5 ], "texture": "#crow_bar" },
				"west": { "uv": [ 7.75, 15, 8, 15.5 ], "texture": "#crow_bar" },
				"east": { "uv": [ 8, 15, 7.75, 15.5 ], "texture": "#crow_bar" }
			}
		}
	],
	"display": {
		"thirdperson_righthand": {
			"rotation":  [ 0, -90, 0 ],
			"translation":  [ 0, 3, 1 ],
			"scale":  [ 0.75, 0.75, 0.75 ]
		},
		"thirdperson_lefthand": {
			"rotation":  [ -90, -180, 45 ],
			"translation":  [ -6, -6, 9 ],
			"scale":  [ 0.75, 0.75, 0.75 ]
		},
		"firstperson_righthand": {
			"rotation":  [ -90, -60, -90 ],
			"translation":  [ -3, 0, -3 ]
		},
		"firstperson_lefthand": {
			"scale":  [ 0.0001, 0.0001, 0.0001 ]
		},
		"gui": {
			"rotation":  [ 0, 0, -45 ],
			"scale":  [ 0.5, 0.5, 0.5 ]
		},
		"head": {
			"scale":  [ 0.0001, 0.0001, 0.0001 ]
		},
		"ground": {
			"rotation":  [ -90, 0, 90 ],
			"scale":  [ 0.75, 0.75, 0.75 ]
		},
		"fixed": {
			"rotation":  [ 0, 180, 0 ],
			"scale":  [ 1.5, 1.5, 1.5 ]
		}
	}
}