{
	"__comment": "Designed by Optimus0812 with Cubik Studio - https://cubik.studio",
	"textures": {
		"katana": "dayz/weapon/melee/katana",
		"particle": "blocks/particle"
	},
	"elements": [ 	 
		{
			"__comment": "katana1",
			"from": [ 7, -8, 7.5 ],
			"to": [ 7.5, 0, 8.5 ],
			"faces": {
				"down": { "uv": [ 7.5, 15.75, 7.75, 16 ], "texture": "#katana" },
				"up": { "uv": [ 7.5, 12.25, 7.75, 12 ], "texture": "#katana" },
				"north": { "uv": [ 7.75, 12, 7.5, 16 ], "texture": "#katana" },
				"south": { "uv": [ 7.5, 12, 7.75, 16 ], "texture": "#katana" },
				"west": { "uv": [ 7.5, 12, 7.75, 16 ], "texture": "#katana" },
				"east": { "uv": [ 7.75, 12, 7.5, 16 ], "texture": "#katana" }
			}
		},
		{
			"__comment": "katana2",
			"from": [ 7.5, -8, 7 ],
			"to": [ 8.5, 0, 9 ],
			"faces": {
				"down": { "uv": [ 7.75, 15.75, 8.25, 16 ], "texture": "#katana" },
				"up": { "uv": [ 7.75, 12.25, 8.25, 12 ], "texture": "#katana" },
				"north": { "uv": [ 8.25, 12, 7.75, 16 ], "texture": "#katana" },
				"south": { "uv": [ 7.75, 12, 8.25, 16 ], "texture": "#katana" },
				"west": { "uv": [ 7.75, 12, 8, 16 ], "texture": "#katana" },
				"east": { "uv": [ 8.25, 12, 8, 16 ], "texture": "#katana" }
			}
		},
		{
			"__comment": "katana3",
			"from": [ 8.5, -8, 7.5 ],
			"to": [ 9, 0, 8.5 ],
			"faces": {
				"down": { "uv": [ 8.25, 15.75, 8.5, 16 ], "texture": "#katana" },
				"up": { "uv": [ 8.25, 12.25, 8.5, 12 ], "texture": "#katana" },
				"north": { "uv": [ 8.5, 12, 8.25, 16 ], "texture": "#katana" },
				"south": { "uv": [ 8.25, 12, 8.5, 16 ], "texture": "#katana" },
				"west": { "uv": [ 8.25, 12, 8.5, 16 ], "texture": "#katana" },
				"east": { "uv": [ 8.5, 12, 8.25, 16 ], "texture": "#katana" }
			}
		},
		{
			"__comment": "katana4",
			"from": [ 11, 23.5, 7.75 ],
			"to": [ 13, 24, 8.25 ],
			"faces": {
				"down": { "uv": [ 9.5, 0, 10.5, 0.25 ], "texture": "#katana" },
				"up": { "uv": [ 9.5, 0.25, 10.5, 0 ], "texture": "#katana" },
				"north": { "uv": [ 10.5, 0, 9.5, 0.25 ], "texture": "#katana" },
				"south": { "uv": [ 9.5, 0, 10.5, 0.25 ], "texture": "#katana" },
				"west": { "uv": [ 9.5, 0, 9.75, 0.25 ], "texture": "#katana" },
				"east": { "uv": [ 10.5, 0, 10.25, 0.25 ], "texture": "#katana" }
			}
		},
		{
			"__comment": "katana5",
			"from": [ 10.5, 22.5, 7.75 ],
			"to": [ 12.5, 23.5, 8.25 ],
			"faces": {
				"down": { "uv": [ 9.25, 0.5, 10.25, 0.75 ], "texture": "#katana" },
				"up": { "uv": [ 9.25, 0.5, 10.25, 0.25 ], "texture": "#katana" },
				"north": { "uv": [ 10.25, 0.25, 9.25, 0.75 ], "texture": "#katana" },
				"south": { "uv": [ 9.25, 0.25, 10.25, 0.75 ], "texture": "#katana" },
				"west": { "uv": [ 9.25, 0.25, 9.5, 0.75 ], "texture": "#katana" },
				"east": { "uv": [ 10.25, 0.25, 10, 0.75 ], "texture": "#katana" }
			}
		},
		{
			"__comment": "katana6",
			"from": [ 10, 21, 7.75 ],
			"to": [ 12, 22.5, 8.25 ],
			"faces": {
				"down": { "uv": [ 9, 1.25, 10, 1.5 ], "texture": "#katana" },
				"up": { "uv": [ 9, 1, 10, 0.75 ], "texture": "#katana" },
				"north": { "uv": [ 10, 0.75, 9, 1.5 ], "texture": "#katana" },
				"south": { "uv": [ 9, 0.75, 10, 1.5 ], "texture": "#katana" },
				"west": { "uv": [ 9, 0.75, 9.25, 1.5 ], "texture": "#katana" },
				"east": { "uv": [ 10, 0.75, 9.75, 1.5 ], "texture": "#katana" }
			}
		},
		{
			"__comment": "katana7",
			"from": [ 9.5, 19, 7.75 ],
			"to": [ 11.5, 21, 8.25 ],
			"faces": {
				"down": { "uv": [ 8.75, 2.25, 9.75, 2.5 ], "texture": "#katana" },
				"up": { "uv": [ 8.75, 1.75, 9.75, 1.5 ], "texture": "#katana" },
				"north": { "uv": [ 9.75, 1.5, 8.75, 2.5 ], "texture": "#katana" },
				"south": { "uv": [ 8.75, 1.5, 9.75, 2.5 ], "texture": "#katana" },
				"west": { "uv": [ 8.75, 1.5, 9, 2.5 ], "texture": "#katana" },
				"east": { "uv": [ 9.75, 1.5, 9.5, 2.5 ], "texture": "#katana" }
			}
		},
		{
			"__comment": "katana8",
			"from": [ 9, 16.5, 7.75 ],
			"to": [ 11, 19, 8.25 ],
			"faces": {
				"down": { "uv": [ 8.5, 3.5, 9.5, 3.75 ], "texture": "#katana" },
				"up": { "uv": [ 8.5, 2.75, 9.5, 2.5 ], "texture": "#katana" },
				"north": { "uv": [ 9.5, 2.5, 8.5, 3.75 ], "texture": "#katana" },
				"south": { "uv": [ 8.5, 2.5, 9.5, 3.75 ], "texture": "#katana" },
				"west": { "uv": [ 8.5, 2.5, 8.75, 3.75 ], "texture": "#katana" },
				"east": { "uv": [ 9.5, 2.5, 9.25, 3.75 ], "texture": "#katana" }
			}
		},
		{
			"__comment": "katana9",
			"from": [ 8.5, 13.5, 7.75 ],
			"to": [ 10.5, 16.5, 8.25 ],
			"faces": {
				"down": { "uv": [ 8.25, 5, 9.25, 5.25 ], "texture": "#katana" },
				"up": { "uv": [ 8.25, 4, 9.25, 3.75 ], "texture": "#katana" },
				"north": { "uv": [ 9.25, 3.75, 8.25, 5.25 ], "texture": "#katana" },
				"south": { "uv": [ 8.25, 3.75, 9.25, 5.25 ], "texture": "#katana" },
				"west": { "uv": [ 8.25, 3.75, 8.5, 5.25 ], "texture": "#katana" },
				"east": { "uv": [ 9.25, 3.75, 9, 5.25 ], "texture": "#katana" }
			}
		},
		{
			"__comment": "katana10",
			"from": [ 8, 10, 7.75 ],
			"to": [ 10, 13.5, 8.25 ],
			"faces": {
				"down": { "uv": [ 8, 6.75, 9, 7 ], "texture": "#katana" },
				"up": { "uv": [ 8, 5.5, 9, 5.25 ], "texture": "#katana" },
				"north": { "uv": [ 9, 5.25, 8, 7 ], "texture": "#katana" },
				"south": { "uv": [ 8, 5.25, 9, 7 ], "texture": "#katana" },
				"west": { "uv": [ 8, 5.25, 8.25, 7 ], "texture": "#katana" },
				"east": { "uv": [ 9, 5.25, 8.75, 7 ], "texture": "#katana" }
			}
		},
		{
			"__comment": "katana11",
			"from": [ 7.5, 6, 7.75 ],
			"to": [ 9.5, 10, 8.25 ],
			"faces": {
				"down": { "uv": [ 7.75, 8.75, 8.75, 9 ], "texture": "#katana" },
				"up": { "uv": [ 7.75, 7.25, 8.75, 7 ], "texture": "#katana" },
				"north": { "uv": [ 8.75, 7, 7.75, 9 ], "texture": "#katana" },
				"south": { "uv": [ 7.75, 7, 8.75, 9 ], "texture": "#katana" },
				"west": { "uv": [ 7.75, 7, 8, 9 ], "texture": "#katana" },
				"east": { "uv": [ 8.75, 7, 8.5, 9 ], "texture": "#katana" }
			}
		},
		{
			"__comment": "katana12",
			"from": [ 7, 1.5, 7.75 ],
			"to": [ 9, 6, 8.25 ],
			"faces": {
				"down": { "uv": [ 7.5, 11, 8.5, 11.25 ], "texture": "#katana" },
				"up": { "uv": [ 7.5, 9.25, 8.5, 9 ], "texture": "#katana" },
				"north": { "uv": [ 8.5, 9, 7.5, 11.25 ], "texture": "#katana" },
				"south": { "uv": [ 7.5, 9, 8.5, 11.25 ], "texture": "#katana" },
				"west": { "uv": [ 7.5, 9, 7.75, 11.25 ], "texture": "#katana" },
				"east": { "uv": [ 8.5, 9, 8.25, 11.25 ], "texture": "#katana" }
			}
		},
		{
			"__comment": "katana13",
			"from": [ 7, 0, 7.75 ],
			"to": [ 9, 1.5, 8.25 ],
			"faces": {
				"down": { "uv": [ 7.5, 11.75, 8.5, 12 ], "texture": "#katana" },
				"up": { "uv": [ 7.5, 11.5, 8.5, 11.25 ], "texture": "#katana" },
				"north": { "uv": [ 8.5, 11.25, 7.5, 12 ], "texture": "#katana" },
				"south": { "uv": [ 7.5, 11.25, 8.5, 12 ], "texture": "#katana" },
				"west": { "uv": [ 7.5, 11.25, 7.75, 12 ], "texture": "#katana" },
				"east": { "uv": [ 8.5, 11.25, 8.25, 12 ], "texture": "#katana" }
			}
		},
		{
			"__comment": "katana14",
			"from": [ 7, -0.5, 6 ],
			"to": [ 9, 0, 6.5 ],
			"faces": {
				"down": { "uv": [ 0, 14.5, 0.25, 15.5 ], "texture": "#katana", "rotation": 270 },
				"up": { "uv": [ 0, 15.5, 0.25, 14.5 ], "texture": "#katana", "rotation": 90 },
				"north": { "uv": [ 0.25, 15.5, 0, 14.5 ], "texture": "#katana", "rotation": 270 },
				"south": { "uv": [ 0, 15.5, 0.25, 14.5 ], "texture": "#katana", "rotation": 90 },
				"west": { "uv": [ 0.25, 14.5, 0, 14.75 ], "texture": "#katana", "rotation": 180 },
				"east": { "uv": [ 0, 15.25, 0.25, 15.5 ], "texture": "#katana", "rotation": 180 }
			}
		},
		{
			"__comment": "katana15",
			"from": [ 8.5, -0.5, 6.5 ],
			"to": [ 9.5, 0, 7 ],
			"faces": {
				"down": { "uv": [ 0.25, 15.25, 0.5, 15.75 ], "texture": "#katana", "rotation": 270 },
				"up": { "uv": [ 0.25, 15.75, 0.5, 15.25 ], "texture": "#katana", "rotation": 90 },
				"north": { "uv": [ 0.5, 15.75, 0.25, 15.25 ], "texture": "#katana", "rotation": 270 },
				"south": { "uv": [ 0.25, 15.75, 0.5, 15.25 ], "texture": "#katana", "rotation": 90 },
				"west": { "uv": [ 0.5, 15.25, 0.25, 15.5 ], "texture": "#katana", "rotation": 180 },
				"east": { "uv": [ 0.25, 15.5, 0.5, 15.75 ], "texture": "#katana", "rotation": 180 }
			}
		},
		{
			"__comment": "katana16",
			"from": [ 6.5, -0.5, 6.5 ],
			"to": [ 7.5, 0, 7 ],
			"faces": {
				"down": { "uv": [ 0.25, 14.25, 0.5, 14.75 ], "texture": "#katana", "rotation": 270 },
				"up": { "uv": [ 0.25, 14.75, 0.5, 14.25 ], "texture": "#katana", "rotation": 90 },
				"north": { "uv": [ 0.5, 14.75, 0.25, 14.25 ], "texture": "#katana", "rotation": 270 },
				"south": { "uv": [ 0.25, 14.75, 0.5, 14.25 ], "texture": "#katana", "rotation": 90 },
				"west": { "uv": [ 0.5, 14.25, 0.25, 14.5 ], "texture": "#katana", "rotation": 180 },
				"east": { "uv": [ 0.25, 14.5, 0.5, 14.75 ], "texture": "#katana", "rotation": 180 }
			}
		},
		{
			"__comment": "katana17",
			"from": [ 6, -0.5, 7 ],
			"to": [ 7, 0, 7.5 ],
			"faces": {
				"down": { "uv": [ 0.5, 14, 0.75, 14.5 ], "texture": "#katana", "rotation": 270 },
				"up": { "uv": [ 0.5, 14.5, 0.75, 14 ], "texture": "#katana", "rotation": 90 },
				"north": { "uv": [ 0.75, 14.5, 0.5, 14 ], "texture": "#katana", "rotation": 270 },
				"south": { "uv": [ 0.5, 14.5, 0.75, 14 ], "texture": "#katana", "rotation": 90 },
				"west": { "uv": [ 0.75, 14, 0.5, 14.25 ], "texture": "#katana", "rotation": 180 },
				"east": { "uv": [ 0.5, 14.25, 0.75, 14.5 ], "texture": "#katana", "rotation": 180 }
			}
		},
		{
			"__comment": "katana18",
			"from": [ 6, -0.5, 8.5 ],
			"to": [ 7, 0, 9 ],
			"faces": {
				"down": { "uv": [ 1.25, 14, 1.5, 14.5 ], "texture": "#katana", "rotation": 270 },
				"up": { "uv": [ 1.25, 14.5, 1.5, 14 ], "texture": "#katana", "rotation": 90 },
				"north": { "uv": [ 1.5, 14.5, 1.25, 14 ], "texture": "#katana", "rotation": 270 },
				"south": { "uv": [ 1.25, 14.5, 1.5, 14 ], "texture": "#katana", "rotation": 90 },
				"west": { "uv": [ 1.5, 14, 1.25, 14.25 ], "texture": "#katana", "rotation": 180 },
				"east": { "uv": [ 1.25, 14.25, 1.5, 14.5 ], "texture": "#katana", "rotation": 180 }
			}
		},
		{
			"__comment": "katana19",
			"from": [ 6.5, -0.5, 9 ],
			"to": [ 7.5, 0, 9.5 ],
			"faces": {
				"down": { "uv": [ 1.5, 14.25, 1.75, 14.75 ], "texture": "#katana", "rotation": 270 },
				"up": { "uv": [ 1.5, 14.75, 1.75, 14.25 ], "texture": "#katana", "rotation": 90 },
				"north": { "uv": [ 1.75, 14.75, 1.5, 14.25 ], "texture": "#katana", "rotation": 270 },
				"south": { "uv": [ 1.5, 14.75, 1.75, 14.25 ], "texture": "#katana", "rotation": 90 },
				"west": { "uv": [ 1.75, 14.25, 1.5, 14.5 ], "texture": "#katana", "rotation": 180 },
				"east": { "uv": [ 1.5, 14.5, 1.75, 14.75 ], "texture": "#katana", "rotation": 180 }
			}
		},
		{
			"__comment": "katana20",
			"from": [ 8.5, -0.5, 9 ],
			"to": [ 9.5, 0, 9.5 ],
			"faces": {
				"down": { "uv": [ 1.5, 15.25, 1.75, 15.75 ], "texture": "#katana", "rotation": 270 },
				"up": { "uv": [ 1.5, 15.75, 1.75, 15.25 ], "texture": "#katana", "rotation": 90 },
				"north": { "uv": [ 1.75, 15.75, 1.5, 15.25 ], "texture": "#katana", "rotation": 270 },
				"south": { "uv": [ 1.5, 15.75, 1.75, 15.25 ], "texture": "#katana", "rotation": 90 },
				"west": { "uv": [ 1.75, 15.25, 1.5, 15.5 ], "texture": "#katana", "rotation": 180 },
				"east": { "uv": [ 1.5, 15.5, 1.75, 15.75 ], "texture": "#katana", "rotation": 180 }
			}
		},
		{
			"__comment": "katana21",
			"from": [ 9, -0.5, 8.5 ],
			"to": [ 10, 0, 9 ],
			"faces": {
				"down": { "uv": [ 1.25, 15.5, 1.5, 16 ], "texture": "#katana", "rotation": 270 },
				"up": { "uv": [ 1.25, 16, 1.5, 15.5 ], "texture": "#katana", "rotation": 90 },
				"north": { "uv": [ 1.5, 16, 1.25, 15.5 ], "texture": "#katana", "rotation": 270 },
				"south": { "uv": [ 1.25, 16, 1.5, 15.5 ], "texture": "#katana", "rotation": 90 },
				"west": { "uv": [ 1.5, 15.5, 1.25, 15.75 ], "texture": "#katana", "rotation": 180 },
				"east": { "uv": [ 1.25, 15.75, 1.5, 16 ], "texture": "#katana", "rotation": 180 }
			}
		},
		{
			"__comment": "katana22",
			"from": [ 9, -0.5, 7 ],
			"to": [ 10, 0, 7.5 ],
			"faces": {
				"down": { "uv": [ 0.5, 15.5, 0.75, 16 ], "texture": "#katana", "rotation": 270 },
				"up": { "uv": [ 0.5, 16, 0.75, 15.5 ], "texture": "#katana", "rotation": 90 },
				"north": { "uv": [ 0.75, 16, 0.5, 15.5 ], "texture": "#katana", "rotation": 270 },
				"south": { "uv": [ 0.5, 16, 0.75, 15.5 ], "texture": "#katana", "rotation": 90 },
				"west": { "uv": [ 0.75, 15.5, 0.5, 15.75 ], "texture": "#katana", "rotation": 180 },
				"east": { "uv": [ 0.5, 15.75, 0.75, 16 ], "texture": "#katana", "rotation": 180 }
			}
		},
		{
			"__comment": "katana23",
			"from": [ 6, -0.5, 7.5 ],
			"to": [ 6.5, 0, 8.5 ],
			"faces": {
				"down": { "uv": [ 0.75, 14, 1.25, 14.25 ], "texture": "#katana", "rotation": 270 },
				"up": { "uv": [ 0.75, 14.25, 1.25, 14 ], "texture": "#katana", "rotation": 90 },
				"north": { "uv": [ 1, 14.25, 0.75, 14 ], "texture": "#katana", "rotation": 270 },
				"south": { "uv": [ 1, 14.25, 1.25, 14 ], "texture": "#katana", "rotation": 90 },
				"west": { "uv": [ 1.25, 14, 0.75, 14.25 ], "texture": "#katana", "rotation": 180 },
				"east": { "uv": [ 0.75, 14, 1.25, 14.25 ], "texture": "#katana", "rotation": 180 }
			}
		},
		{
			"__comment": "katana24",
			"from": [ 9.5, -0.5, 7.5 ],
			"to": [ 10, 0, 8.5 ],
			"faces": {
				"down": { "uv": [ 0.75, 15.75, 1.25, 16 ], "texture": "#katana", "rotation": 270 },
				"up": { "uv": [ 0.75, 16, 1.25, 15.75 ], "texture": "#katana", "rotation": 90 },
				"north": { "uv": [ 1, 16, 0.75, 15.75 ], "texture": "#katana", "rotation": 270 },
				"south": { "uv": [ 1, 16, 1.25, 15.75 ], "texture": "#katana", "rotation": 90 },
				"west": { "uv": [ 1.25, 15.75, 0.75, 16 ], "texture": "#katana", "rotation": 180 },
				"east": { "uv": [ 0.75, 15.75, 1.25, 16 ], "texture": "#katana", "rotation": 180 }
			}
		},
		{
			"__comment": "katana",
			"from": [ 7, -0.5, 9.5 ],
			"to": [ 9, 0, 10 ],
			"faces": {
				"down": { "uv": [ 1.75, 14.5, 2, 15.5 ], "texture": "#katana", "rotation": 270 },
				"up": { "uv": [ 1.75, 15.5, 2, 14.5 ], "texture": "#katana", "rotation": 90 },
				"north": { "uv": [ 2, 15.5, 1.75, 14.5 ], "texture": "#katana", "rotation": 270 },
				"south": { "uv": [ 1.75, 15.5, 2, 14.5 ], "texture": "#katana", "rotation": 90 },
				"west": { "uv": [ 2, 14.5, 1.75, 14.75 ], "texture": "#katana", "rotation": 180 },
				"east": { "uv": [ 1.75, 15.25, 2, 15.5 ], "texture": "#katana", "rotation": 180 }
			}
		}
	],
	"display": {
		"thirdperson_righthand": {
			"rotation":  [ 0, -90, 0 ],
			"translation":  [ 0, 6.5, 1 ],
			"scale":  [ 0.75, 0.75, 0.75 ]
		},
		"thirdperson_lefthand": {
			"rotation":  [ -90, -180, 45 ],
			"translation":  [ -6, -6, 9 ],
			"scale":  [ 0.75, 0.75, 0.75 ]
		},
		"firstperson_righthand": {
			"rotation":  [ -90, -75, -90 ],
			"translation":  [ 0, 9, -3 ]
		},
		"firstperson_lefthand": {
			"scale":  [ 0.0001, 0.0001, 0.0001 ]
		},
		"gui": {
			"rotation":  [ 0, 0, -45 ],
			"scale":  [ 0.5, 0.5, 0.5 ]
		},
		"head": {
			"scale":  [ 0.0001, 0.0001, 0.0001 ]
		},
		"ground": {
			"rotation":  [ -90, 0, 90 ],
			"scale":  [ 0.75, 0.75, 0.75 ]
		},
		"fixed": {
			"rotation":  [ 0, 180, 0 ],
			"scale":  [ 1.5, 1.5, 1.5 ]
		}
	}
}