{
	"__comment": "Designed by Optimus0812 with Cubik Studio - https://cubik.studio",
	"textures": {
		"kitchen_knife": "dayz/weapon/melee/kitchen_knife",
		"particle": "blocks/particle"
	},
	"elements": [ 	 
		{
			"__comment": "kitchen_knfie",
			"from": [ 7, 0, 7.75 ],
			"to": [ 8, 0.5, 8.25 ],
			"faces": {
				"down": { "uv": [ 7, 15.5, 8, 16 ], "texture": "#kitchen_knife" },
				"up": { "uv": [ 7, 16, 8, 15.5 ], "texture": "#kitchen_knife" },
				"north": { "uv": [ 8, 15.5, 7, 16 ], "texture": "#kitchen_knife" },
				"south": { "uv": [ 7, 15.5, 8, 16 ], "texture": "#kitchen_knife" },
				"west": { "uv": [ 7, 15.5, 7.5, 16 ], "texture": "#kitchen_knife" },
				"east": { "uv": [ 8, 15.5, 7.5, 16 ], "texture": "#kitchen_knife" }
			}
		},
		{
			"__comment": "kitchen_knfie1",
			"from": [ 6.5, 0.5, 7.75 ],
			"to": [ 7, 2, 8.25 ],
			"faces": {
				"down": { "uv": [ 6.5, 15, 7, 15.5 ], "texture": "#kitchen_knife" },
				"up": { "uv": [ 6.5, 14.5, 7, 14 ], "texture": "#kitchen_knife" },
				"north": { "uv": [ 7, 14, 6.5, 15.5 ], "texture": "#kitchen_knife" },
				"south": { "uv": [ 6.5, 14, 7, 15.5 ], "texture": "#kitchen_knife" },
				"west": { "uv": [ 6.5, 14, 7, 15.5 ], "texture": "#kitchen_knife" },
				"east": { "uv": [ 7, 14, 6.5, 15.5 ], "texture": "#kitchen_knife" }
			}
		},
		{
			"__comment": "kitchen_knfie2",
			"from": [ 8, 0.5, 7.75 ],
			"to": [ 8.5, 6, 8.25 ],
			"faces": {
				"down": { "uv": [ 8, 15, 8.5, 15.5 ], "texture": "#kitchen_knife" },
				"up": { "uv": [ 8, 10.5, 8.5, 10 ], "texture": "#kitchen_knife" },
				"north": { "uv": [ 8.5, 10, 8, 15.5 ], "texture": "#kitchen_knife" },
				"south": { "uv": [ 8, 10, 8.5, 15.5 ], "texture": "#kitchen_knife" },
				"west": { "uv": [ 8, 10, 8.5, 15.5 ], "texture": "#kitchen_knife" },
				"east": { "uv": [ 8.5, 10, 8, 15.5 ], "texture": "#kitchen_knife" }
			}
		},
		{
			"__comment": "kitchen_knfie3",
			"from": [ 7, 0.5, 7.25 ],
			"to": [ 8, 2, 8.75 ],
			"faces": {
				"down": { "uv": [ 7, 15, 8, 15.5 ], "texture": "#kitchen_knife" },
				"up": { "uv": [ 7, 14.5, 8, 14 ], "texture": "#kitchen_knife" },
				"north": { "uv": [ 8, 14, 7, 15.5 ], "texture": "#kitchen_knife" },
				"south": { "uv": [ 7, 14, 8, 15.5 ], "texture": "#kitchen_knife" },
				"west": { "uv": [ 7, 14, 7.5, 15.5 ], "texture": "#kitchen_knife" },
				"east": { "uv": [ 8, 14, 7.5, 15.5 ], "texture": "#kitchen_knife" }
			}
		},
		{
			"__comment": "kitchen_knfie4",
			"from": [ 7, 2, 7.75 ],
			"to": [ 7.5, 6, 8.25 ],
			"faces": {
				"down": { "uv": [ 7, 13.5, 7.5, 14 ], "texture": "#kitchen_knife" },
				"up": { "uv": [ 7, 10.5, 7.5, 10 ], "texture": "#kitchen_knife" },
				"north": { "uv": [ 7.5, 10, 7, 14 ], "texture": "#kitchen_knife" },
				"south": { "uv": [ 7, 10, 7.5, 14 ], "texture": "#kitchen_knife" },
				"west": { "uv": [ 7, 10, 7.5, 14 ], "texture": "#kitchen_knife" },
				"east": { "uv": [ 7.5, 10, 7, 14 ], "texture": "#kitchen_knife" }
			}
		},
		{
			"__comment": "kitchen_knfie5",
			"from": [ 7.5, 2, 7.25 ],
			"to": [ 8, 6, 8.75 ],
			"faces": {
				"down": { "uv": [ 7.5, 13.5, 8, 14 ], "texture": "#kitchen_knife" },
				"up": { "uv": [ 7.5, 10.5, 8, 10 ], "texture": "#kitchen_knife" },
				"north": { "uv": [ 8, 10, 7.5, 14 ], "texture": "#kitchen_knife" },
				"south": { "uv": [ 7.5, 10, 8, 14 ], "texture": "#kitchen_knife" },
				"west": { "uv": [ 7.5, 10, 8, 14 ], "texture": "#kitchen_knife" },
				"east": { "uv": [ 8, 10, 7.5, 14 ], "texture": "#kitchen_knife" }
			}
		},
		{
			"__comment": "kitchen_knfie6",
			"from": [ 7, 6, 7.75 ],
			"to": [ 8.5, 6.5, 8.25 ],
			"faces": {
				"down": { "uv": [ 7, 9.5, 8.5, 10 ], "texture": "#kitchen_knife" },
				"up": { "uv": [ 7, 10, 8.5, 9.5 ], "texture": "#kitchen_knife" },
				"north": { "uv": [ 8.5, 9.5, 7, 10 ], "texture": "#kitchen_knife" },
				"south": { "uv": [ 7, 9.5, 8.5, 10 ], "texture": "#kitchen_knife" },
				"west": { "uv": [ 7, 9.5, 7.5, 10 ], "texture": "#kitchen_knife" },
				"east": { "uv": [ 8.5, 9.5, 8, 10 ], "texture": "#kitchen_knife" }
			}
		},
		{
			"__comment": "kitchen_knfie7",
			"from": [ 6.5, 6.5, 7.75 ],
			"to": [ 8.5, 7, 8.25 ],
			"faces": {
				"down": { "uv": [ 6.5, 9, 8.5, 9.5 ], "texture": "#kitchen_knife" },
				"up": { "uv": [ 6.5, 9.5, 8.5, 9 ], "texture": "#kitchen_knife" },
				"north": { "uv": [ 8.5, 9, 6.5, 9.5 ], "texture": "#kitchen_knife" },
				"south": { "uv": [ 6.5, 9, 8.5, 9.5 ], "texture": "#kitchen_knife" },
				"west": { "uv": [ 6.5, 9, 7, 9.5 ], "texture": "#kitchen_knife" },
				"east": { "uv": [ 8.5, 9, 8, 9.5 ], "texture": "#kitchen_knife" }
			}
		},
		{
			"__comment": "kitchen_knfie8",
			"from": [ 6, 7, 7.75 ],
			"to": [ 8.5, 7.5, 8.25 ],
			"faces": {
				"down": { "uv": [ 6, 8.5, 8.5, 9 ], "texture": "#kitchen_knife" },
				"up": { "uv": [ 6, 9, 8.5, 8.5 ], "texture": "#kitchen_knife" },
				"north": { "uv": [ 8.5, 8.5, 6, 9 ], "texture": "#kitchen_knife" },
				"south": { "uv": [ 6, 8.5, 8.5, 9 ], "texture": "#kitchen_knife" },
				"west": { "uv": [ 6, 8.5, 6.5, 9 ], "texture": "#kitchen_knife" },
				"east": { "uv": [ 8.5, 8.5, 8, 9 ], "texture": "#kitchen_knife" }
			}
		},
		{
			"__comment": "kitchen_knfie9",
			"from": [ 5.5, 7.5, 7.75 ],
			"to": [ 8.5, 11, 8.25 ],
			"faces": {
				"down": { "uv": [ 5.5, 8, 8.5, 8.5 ], "texture": "#kitchen_knife" },
				"up": { "uv": [ 5.5, 5.5, 8.5, 5 ], "texture": "#kitchen_knife" },
				"north": { "uv": [ 8.5, 5, 5.5, 8.5 ], "texture": "#kitchen_knife" },
				"south": { "uv": [ 5.5, 5, 8.5, 8.5 ], "texture": "#kitchen_knife" },
				"west": { "uv": [ 5.5, 5, 6, 8.5 ], "texture": "#kitchen_knife" },
				"east": { "uv": [ 8.5, 5, 8, 8.5 ], "texture": "#kitchen_knife" }
			}
		},
		{
			"__comment": "kitchen_knfie10",
			"from": [ 7.5, 15.5, 7.75 ],
			"to": [ 8, 16, 8.25 ],
			"faces": {
				"down": { "uv": [ 7.5, 0, 8, 0.5 ], "texture": "#kitchen_knife" },
				"up": { "uv": [ 7.5, 0.5, 8, 0 ], "texture": "#kitchen_knife" },
				"north": { "uv": [ 8, 0, 7.5, 0.5 ], "texture": "#kitchen_knife" },
				"south": { "uv": [ 7.5, 0, 8, 0.5 ], "texture": "#kitchen_knife" },
				"west": { "uv": [ 7.5, 0, 8, 0.5 ], "texture": "#kitchen_knife" },
				"east": { "uv": [ 8, 0, 7.5, 0.5 ], "texture": "#kitchen_knife" }
			}
		},
		{
			"__comment": "kitchen_knfie11",
			"from": [ 7, 14.5, 7.75 ],
			"to": [ 8, 15.5, 8.25 ],
			"faces": {
				"down": { "uv": [ 7, 1, 8, 1.5 ], "texture": "#kitchen_knife" },
				"up": { "uv": [ 7, 1, 8, 0.5 ], "texture": "#kitchen_knife" },
				"north": { "uv": [ 8, 0.5, 7, 1.5 ], "texture": "#kitchen_knife" },
				"south": { "uv": [ 7, 0.5, 8, 1.5 ], "texture": "#kitchen_knife" },
				"west": { "uv": [ 7, 0.5, 7.5, 1.5 ], "texture": "#kitchen_knife" },
				"east": { "uv": [ 8, 0.5, 7.5, 1.5 ], "texture": "#kitchen_knife" }
			}
		},
		{
			"__comment": "kitchen_knfie12",
			"from": [ 6.5, 14, 7.75 ],
			"to": [ 8, 14.5, 8.25 ],
			"faces": {
				"down": { "uv": [ 6.5, 1.5, 8, 2 ], "texture": "#kitchen_knife" },
				"up": { "uv": [ 6.5, 2, 8, 1.5 ], "texture": "#kitchen_knife" },
				"north": { "uv": [ 8, 1.5, 6.5, 2 ], "texture": "#kitchen_knife" },
				"south": { "uv": [ 6.5, 1.5, 8, 2 ], "texture": "#kitchen_knife" },
				"west": { "uv": [ 6.5, 1.5, 7, 2 ], "texture": "#kitchen_knife" },
				"east": { "uv": [ 8, 1.5, 7.5, 2 ], "texture": "#kitchen_knife" }
			}
		},
		{
			"__comment": "kitchen_knfie13",
			"from": [ 6.5, 13, 7.75 ],
			"to": [ 8.5, 14, 8.25 ],
			"faces": {
				"down": { "uv": [ 6.5, 2.5, 8.5, 3 ], "texture": "#kitchen_knife" },
				"up": { "uv": [ 6.5, 2.5, 8.5, 2 ], "texture": "#kitchen_knife" },
				"north": { "uv": [ 8.5, 2, 6.5, 3 ], "texture": "#kitchen_knife" },
				"south": { "uv": [ 6.5, 2, 8.5, 3 ], "texture": "#kitchen_knife" },
				"west": { "uv": [ 6.5, 2, 7, 3 ], "texture": "#kitchen_knife" },
				"east": { "uv": [ 8.5, 2, 8, 3 ], "texture": "#kitchen_knife" }
			}
		},
		{
			"__comment": "kitchen_knfie14",
			"from": [ 6, 11, 7.75 ],
			"to": [ 8.5, 13, 8.25 ],
			"faces": {
				"down": { "uv": [ 6, 4.5, 8.5, 5 ], "texture": "#kitchen_knife" },
				"up": { "uv": [ 6, 3.5, 8.5, 3 ], "texture": "#kitchen_knife" },
				"north": { "uv": [ 8.5, 3, 6, 5 ], "texture": "#kitchen_knife" },
				"south": { "uv": [ 6, 3, 8.5, 5 ], "texture": "#kitchen_knife" },
				"west": { "uv": [ 6, 3, 6.5, 5 ], "texture": "#kitchen_knife" },
				"east": { "uv": [ 8.5, 3, 8, 5 ], "texture": "#kitchen_knife" }
			}
		}
	],
	"display": {
		"thirdperson_righthand": {
			"rotation":  [ 0, -90, 0 ],
			"translation":  [ 0, 1, 1.125 ],
			"scale":  [ 0.75, 0.75, 0.75 ]
		},
		"thirdperson_lefthand": {
			"rotation":  [ -90, -90, 45 ],
			"translation":  [ -10.5, -1.5, 0 ],
			"scale":  [ 0.75, 0.75, 0.75 ]
		},
		"firstperson_righthand": {
			"rotation":  [ 0, -90, 15 ],
			"translation":  [ 0, 0, -6 ]
		},
		"firstperson_lefthand": {
			"scale":  [ 0.0001, 0.0001, 0.0001 ]
		},
		"gui": {
			"rotation":  [ 0, 0, -45 ]
		},
		"head": {
			"scale":  [ 0.0001, 0.0001, 0.0001 ]
		},
		"ground": {
			"rotation":  [ -90, 0, 90 ],
			"scale":  [ 0.75, 0.75, 0.75 ]
		},
		"fixed": {
			"rotation":  [ 0, 180, 0 ],
			"scale":  [ 1.5, 1.5, 1.5 ]
		}
	}
}