{
    "zcbm.zelenka.zuz":
	{"category": "master","sounds": [{"name": "zelenka/zuuuzz_1","stream": false},{"name": "zelenka/zuuuzz_2","stream": false},{"name": "zelenka/zuuuzz","stream": false}]},
		
    "zcbm.mechwalk":
	{"category": "master","sounds": [{"name": "zcbm/mechwalk","stream": false}]},
		
    "zcbm.mechjump":
	{"category": "master","sounds": [{"name": "zcbm/mechjump","stream": false}]},
		
    "zcbm.mechattack":
	{"category": "master","sounds": [{"name": "zcbm/mechattack","stream": false}]},
		
    "zcbm.mechthrow":
	{"category": "master","sounds": [{"name": "zcbm/mechthrow","stream": false}]},
	
    "hl3.gravitygun_drop":
	{"category":"master","sounds":[{"name":"hl3/gravitygun_drop","stream":false}]},
	
    "hl3.gravitygun_launch":
	{"category":"master","sounds":[{"name":"hl3/gravitygun_launch","stream":false}]},
	
    "hl3.gravitygun_pickup":
	{"category":"master","sounds":[{"name":"hl3/gravitygun_pickup","stream":false}]},
	
    "hl3.portalgun_fire_orange":
	{"category":"master","sounds":[{"name":"hl3/portalgun_fire_orange","stream":false}]},
	
    "hl3.portalgun_fire_blue":
	{"category":"master","sounds":[{"name":"hl3/portalgun_fire_blue","stream":false}]},
	
    "hl3.portal_enter":
	{"category":"master","sounds":[{"name":"hl3/portal_enter","stream":false}]},
	
    "hl3.portal_exit":
	{"category":"master","sounds":[{"name":"hl3/portal_exit","stream":false}]},
	
    "radiation.geiger0":
	{"category":"master","sounds":[{"name":"radiation/geiger0","stream":false}]},
	
    "radiation.geiger1":
	{"category":"master","sounds":[{"name":"radiation/geiger1","stream":false}]},
	
    "radiation.geiger2":
	{"category":"master","sounds":[{"name":"radiation/geiger2","stream":false}]},
	
	"super_important.sound_01":
	{"category":"master","sounds":[{"name":"super_important/sound_01","stream":false}]},
	
	"super_important.ora":
	{"category":"master","sounds":[{"name":"super_important/ora","stream":false}]},
	
	"super_important.yare":
	{"category":"master","sounds":[{"name":"super_important/yare","stream":false}]},
	
    "weapons.single_01":
	{"category":"master","sounds":[{"name":"weapons/single_01","stream":false}]},
	
    "weapons.single_02":
	{"category":"master","sounds":[{"name":"weapons/single_02","stream":false}]},
	
    "weapons.single_03":
	{"category":"master","sounds":[{"name":"weapons/single_03","stream":false}]},
	
    "weapons.single_04":
	{"category":"master","sounds":[{"name":"weapons/single_04","stream":false}]},
	
    "weapons.single_05":
	{"category":"master","sounds":[{"name":"weapons/single_05","stream":false}]},
	
    "weapons.single_06":
	{"category":"master","sounds":[{"name":"weapons/single_06","stream":false}]},
	
    "weapons.single_07":
	{"category":"master","sounds":[{"name":"weapons/single_07","stream":false}]},
	
    "weapons.single_08":
	{"category":"master","sounds":[{"name":"weapons/single_08","stream":false}]},
	
    "weapons.single_09":
	{"category":"master","sounds":[{"name":"weapons/single_09","stream":false}]},
	
    "weapons.single_10":
	{"category":"master","sounds":[{"name":"weapons/single_10","stream":false}]},
	
	"weapons.single_11":
	{"category":"master","sounds":[{"name":"weapons/single_11","stream":false}]},
	
	"weapons.single_12":
	{"category":"master","sounds":[{"name":"weapons/single_12","stream":false}]},
	
	"weapons.single_13":
	{"category":"master","sounds":[{"name":"weapons/single_13","stream":false}]},
	
	"weapons.single_14":
	{"category":"master","sounds":[{"name":"weapons/single_14","stream":false}]},
	
	"weapons.single_15":
	{"category":"master","sounds":[{"name":"weapons/single_15","stream":false}]},
	
	"weapons.single_16":
	{"category":"master","sounds":[{"name":"weapons/single_16","stream":false}]},
	
	"weapons.minigun_01":
	{"category":"master","sounds":[{"name":"weapons/minigun_01","stream":false}]},
	
	"weapons.minigun_02":
	{"category":"master","sounds":[{"name":"weapons/minigun_02","stream":false}]},
	
	"weapons.minigun_03":
	{"category":"master","sounds":[{"name":"weapons/minigun_03","stream":false}]},
	
	"weapons.reload_01":
	{"category":"master","sounds":[{"name":"weapons/reload_01","stream":false}]},
	
	"weapons.missile_01":
	{"category":"master","sounds":[{"name":"weapons/missile_01","stream":false}]},
	
	"weapons.missile_02":
	{"category":"master","sounds":[{"name":"weapons/missile_02","stream":false}]},
	
	"weapons.missile_03":
	{"category":"master","sounds":[{"name":"weapons/missile_03","stream":false}]},
	
	"weapons.m249reload":
	{"category":"master","sounds":[{"name":"weapons/m249reload","stream":false}]},
	
	"weapons.minigunwarmup":
	{"category":"master","sounds":[{"name":"weapons/minigunwarmup","stream":false}]},
	
	"weapons.minigunspin":
	{"category":"master","sounds":[{"name":"weapons/minigunspin","stream":false}]},
	
	"weapons.dry-fire":
	{"category":"master","sounds":[{"name":"weapons/dry-fire","stream":false}]},
	
	"weapons.rel_1":
	{"category":"master","sounds":[{"name":"weapons/rel_1","stream":false}]},
	
	"weapons.rel_2":
	{"category":"master","sounds":[{"name":"weapons/rel_2","stream":false}]},
	
	"weapons.rel_3":
	{"category":"master","sounds":[{"name":"weapons/rel_3","stream":false}]},
	
	"weapons.rel_4":
	{"category":"master","sounds":[{"name":"weapons/rel_4","stream":false}]},
	
	"weapons.rel_5":
	{"category":"master","sounds":[{"name":"weapons/rel_5","stream":false}]},
	
	"weapons.fire_1":
	{"category":"master","sounds":[{"name":"weapons/fire_1","stream":false}]},
	
	"weapons.fire_2":
	{"category":"master","sounds":[{"name":"weapons/fire_2","stream":false}]},
	
	"weapons.fire_3":
	{"category":"master","sounds":[{"name":"weapons/fire_3","stream":false}]},
	
	"weapons.fire_4":
	{"category":"master","sounds":[{"name":"weapons/fire_4","stream":false}]},
	
	"weapons.fire_5":
	{"category":"master","sounds":[{"name":"weapons/fire_5","stream":false}]},
	
	"weapons.fire_6":
	{"category":"master","sounds":[{"name":"weapons/fire_6","stream":false}]},
	
	"weapons.fire_7":
	{"category":"master","sounds":[{"name":"weapons/fire_7","stream":false}]},
	
	"weapons.fire_8":
	{"category":"master","sounds":[{"name":"weapons/fire_8","stream":false}]},
	
	"weapons.fire_9":
	{"category":"master","sounds":[{"name":"weapons/fire_9","stream":false}]},
	
	"weapons.fire_10":
	{"category":"master","sounds":[{"name":"weapons/fire_10","stream":false}]},
	
	"weapons.mini.minifire":
	{"category":"master","sounds":[{"name":"weapons/mini/minifire","stream":false}]},
	
	"weapons.mini.miniidle":
	{"category":"master","sounds":[{"name":"weapons/mini/miniidle","stream":false}]},
	
	"weapons.mini.mininoammo":
	{"category":"master","sounds":[{"name":"weapons/mini/mininoammo","stream":false}]},
	
	"weapons.mini.minispin":
	{"category":"master","sounds":[{"name":"weapons/mini/minispin","stream":false}]},
	
	"weapons.mini.ministop":
	{"category":"master","sounds":[{"name":"weapons/mini/ministop","stream":false}]},
	
	"weapons.rotate":
	{"category":"master","sounds":[{"name":"weapons/rotate","stream":false}]},
	
	"tools.wrench":
	{"category":"master","sounds":[{"name":"tools/wrench","stream":false}]},
	
	"za.grunt":
	{"category":"master","sounds":[{"name":"za/grunt1","stream":false},{"name":"za/grunt2","stream":false}]},
	
	"za.living":
	{"category":"master","sounds":[{"name":"za/living1","stream":false},{"name":"za/living2","stream":false},{"name":"za/living3","stream":false}]},
	
	"za.roar":
	{"category":"master","sounds":[{"name":"za/roar1","stream":false},{"name":"za/roar2","stream":false}]},
	
	"za.roarslow":
	{"category":"master","sounds":[{"name":"za/roarslow1","stream":false},{"name":"za/roarslow2","stream":false}]},
	
	"za.snarl":
	{"category":"master","sounds":[{"name":"za/snarl1","stream":false},{"name":"za/snarl2","stream":false}]},
	
	"glob":
	{"category":"master","sounds":[{"name":"glob","stream":false}]},
	
    "int.book":
	{"category": "master","sounds": [{"name": "int/book","stream": false}]},
	
	"int.medkit":
	{"category": "master","sounds": [{"name": "int/medkit","stream": false}]},
	
	"int.injector":
	{"category": "master","sounds": [{"name": "int/injector","stream": false}]},
	
	"int.rag":
	{"category": "master","sounds": [{"name": "int/rag","stream": false}]},
	
	"int.box":
	{"category": "master","sounds": [{"name": "int/box","stream": false}]},
	
	"int.fire":
	{"category": "master","sounds": [{"name": "int/fire","stream": false}]},
	
	"int.valve":
	{"category": "master","sounds": [{"name": "int/valve","stream": false}]},
	
	"int.lift":
	{"category": "master","sounds": [{"name": "int/lift","stream": false}]},
	
	"int.lift_crash":
	{"category": "master","sounds": [{"name": "int/lift_crash","stream": false}]},
	
	"int.lift_move":
	{"category": "master","sounds": [{"name": "int/lift_move","stream": false}]},
	
	"int.firetruck":
	{"category": "master","sounds": [{"name": "int/firetruck","stream": false}]},
	
	"int.train":
	{"category": "master","sounds": [{"name": "int/train","stream": false}]},
	
	"int.deagle":
	{"category": "master","sounds": [{"name": "int/deagle","stream": false}]},
	
	"int.heli":
	{"category": "master","sounds": [{"name": "int/heli","stream": false}]},
	
	"int.wind":
	{"category": "master","sounds": [{"name": "int/wind","stream": false}]},
	
	"int.bam":
	{"category": "master","sounds": [{"name": "int/bam","stream": false}]},
	
	"int.doom":
	{"category": "master","sounds": [{"name": "int/doom","stream": false}]},
	
	"int.jingle":
	{"category": "master","sounds": [{"name": "int/jingle","stream": false}]},
	
	"int.cassette":
	{"category": "master","sounds": [{"name": "int/cassette","stream": false}]}
}