{
	"credit": "https://www.youtube.com/c/ZeroCaty",
	"textures": {
		"1": "zcbm/peep",
		"4": "zcbm/weapons/browning",
		"particle": "zcbm/peep"
	},
	"elements": [
		{
			"from": [7.75826, 2.753, 3.444],
			"to": [8.25826, 3.253, 6.24],
			"faces": {
				"north": {"uv": [0, 0, 0.5, 0.5], "texture": "#4"},
				"east": {"uv": [0, 0, 2.796, 0.5], "texture": "#4"},
				"south": {"uv": [0, 0, 0.5, 0.5], "texture": "#4"},
				"west": {"uv": [0, 0, 2.796, 0.5], "texture": "#4"},
				"up": {"uv": [0, 0, 0.5, 2.796], "texture": "#4"},
				"down": {"uv": [0, 0, 0.5, 2.796], "texture": "#4"}
			}
		},
		{
			"from": [7.29826, 1.988, 10.208],
			"to": [8.79826, 3.988, 12.704],
			"faces": {
				"north": {"uv": [0, 0, 1.5, 2], "texture": "#4"},
				"east": {"uv": [0, 0, 5.496, 2], "texture": "#4"},
				"south": {"uv": [0, 0, 1.5, 2], "texture": "#4"},
				"west": {"uv": [0, 0, 5.496, 2], "texture": "#4"},
				"up": {"uv": [0, 0, 1.5, 2.496], "texture": "#4"},
				"down": {"uv": [0, 0, 1.5, 2.496], "texture": "#4"}
			}
		},
		{
			"from": [7.38326, 2.378, 6.744],
			"to": [8.63326, 3.628, 9.54],
			"faces": {
				"north": {"uv": [14.5, 9, 15.75, 10.25], "rotation": 90, "texture": "#4"},
				"east": {"uv": [8.75, 9.25, 15.045, 10.5], "texture": "#4"},
				"south": {"uv": [14.25, 8.25, 15.25, 9.6], "rotation": 90, "texture": "#4"},
				"west": {"uv": [8.75, 9.25, 15.045, 10.5], "texture": "#4"},
				"up": {"uv": [8.75, 9.25, 15.045, 10.5], "rotation": 90, "texture": "#4"},
				"down": {"uv": [8.75, 9.25, 15.045, 10.5], "rotation": 90, "texture": "#4"}
			}
		},
		{
			"from": [7.50826, 2.503, 6.16276],
			"to": [8.50826, 3.503, 10.30876],
			"faces": {
				"north": {"uv": [0, 0, 0.875, 0.875], "rotation": 90, "texture": "#4"},
				"east": {"uv": [0, 0, 4.546, 1], "texture": "#4"},
				"south": {"uv": [13, 7, 14, 8.35], "rotation": 90, "texture": "#4"},
				"west": {"uv": [0, 0, 4.546, 1], "texture": "#4"},
				"up": {"uv": [0, 0, 1, 4.546], "texture": "#4"},
				"down": {"uv": [0, 0, 1, 4.546], "texture": "#4"}
			}
		},
		{
			"from": [7.69576, 2.6905, 2.36276],
			"to": [8.32076, 3.3155, 3.45876],
			"faces": {
				"north": {"uv": [8, 0, 9.5, 1.5], "rotation": 90, "texture": "#4"},
				"east": {"uv": [0, 0, 1.096, 0.625], "texture": "#4"},
				"south": {"uv": [0, 0, 2.296, 0.625], "texture": "#4"},
				"west": {"uv": [0, 0, 1.096, 0.625], "texture": "#4"},
				"up": {"uv": [0, 0, 0.625, 1.096], "texture": "#4"},
				"down": {"uv": [0, 0, 0.625, 1.096], "texture": "#4"}
			}
		},
		{
			"from": [7.04826, -0.137, 10.779],
			"to": [7.29826, 2.013, 11.204],
			"faces": {
				"north": {"uv": [11.25, 13.25, 11.75, 13.75], "rotation": 180, "texture": "#4"},
				"east": {"uv": [11.25, 13.25, 11.75, 13.75], "rotation": 180, "texture": "#4"},
				"south": {"uv": [11.25, 13.25, 11.75, 13.75], "rotation": 180, "texture": "#4"},
				"west": {"uv": [11.25, 13.25, 11.75, 13.75], "rotation": 180, "texture": "#4"},
				"up": {"uv": [11.25, 13.25, 11.75, 13.75], "rotation": 180, "texture": "#4"},
				"down": {"uv": [11.25, 13.25, 11.75, 13.75], "rotation": 180, "texture": "#4"}
			}
		},
		{
			"from": [8.79826, -0.137, 10.779],
			"to": [9.04826, 2.013, 11.204],
			"faces": {
				"north": {"uv": [11.25, 13.25, 11.75, 13.75], "rotation": 180, "texture": "#4"},
				"east": {"uv": [11.25, 13.25, 11.75, 13.75], "rotation": 180, "texture": "#4"},
				"south": {"uv": [11.25, 13.25, 11.75, 13.75], "rotation": 180, "texture": "#4"},
				"west": {"uv": [11.25, 13.25, 11.75, 13.75], "rotation": 180, "texture": "#4"},
				"up": {"uv": [11.25, 13.25, 11.75, 13.75], "rotation": 180, "texture": "#4"},
				"down": {"uv": [11.25, 13.25, 11.75, 13.75], "rotation": 180, "texture": "#4"}
			}
		},
		{
			"from": [7.29826, 0.863, 10.779],
			"to": [8.79826, 1.0505, 11.204],
			"faces": {
				"north": {"uv": [11.25, 13.25, 11.75, 13.75], "rotation": 180, "texture": "#4"},
				"east": {"uv": [11.25, 13.25, 11.75, 13.75], "rotation": 180, "texture": "#4"},
				"south": {"uv": [11.25, 13.25, 11.75, 13.75], "rotation": 180, "texture": "#4"},
				"west": {"uv": [11.25, 13.25, 11.75, 13.75], "rotation": 180, "texture": "#4"},
				"up": {"uv": [11.25, 13.25, 11.75, 13.75], "rotation": 180, "texture": "#4"},
				"down": {"uv": [11.25, 13.25, 11.75, 13.75], "rotation": 180, "texture": "#4"}
			}
		},
		{
			"from": [5.39826, 1.988, 9.808],
			"to": [7.29826, 4.588, 13.104],
			"faces": {
				"north": {"uv": [0, 0, 1.9, 2.6], "rotation": 180, "texture": "#4"},
				"east": {"uv": [0, 0, 5.496, 2], "texture": "#4"},
				"south": {"uv": [0, 0, 1.9, 2.6], "texture": "#4"},
				"west": {"uv": [0, 0, 3.296, 2.6], "texture": "#4"},
				"up": {"uv": [0, 0, 1.9, 3.296], "texture": "#4"},
				"down": {"uv": [0, 0, 1.9, 3.296], "texture": "#4"}
			}
		},
		{
			"from": [8.79826, 1.988, 9.808],
			"to": [10.69826, 4.588, 13.104],
			"faces": {
				"north": {"uv": [0, 0, 1.9, 2.6], "rotation": 180, "texture": "#4"},
				"east": {"uv": [0, 0, 3.296, 2.6], "texture": "#4"},
				"south": {"uv": [0, 0, 1.9, 2.6], "texture": "#4"},
				"west": {"uv": [0, 0, 5.496, 2], "texture": "#4"},
				"up": {"uv": [0, 0, 1.9, 3.296], "texture": "#4"},
				"down": {"uv": [0, 0, 1.9, 3.296], "texture": "#4"}
			}
		},
		{
			"from": [7.69826, 3.988, 11.808],
			"to": [8.39826, 4.588, 12.704],
			"faces": {
				"north": {"uv": [0, 0, 0.7, 0.6], "texture": "#4"},
				"east": {"uv": [0, 0, 0.896, 0.6], "texture": "#4"},
				"south": {"uv": [0, 0, 0.7, 0.6], "texture": "#4"},
				"west": {"uv": [0, 0, 0.896, 0.6], "texture": "#4"},
				"up": {"uv": [0, 0, 0.7, 0.896], "texture": "#4"},
				"down": {"uv": [0, 0, 0.7, 0.896], "texture": "#4"}
			}
		},
		{
			"from": [7.59826, 4.588, 11.808],
			"to": [8.49826, 5.488, 13.208],
			"faces": {
				"north": {"uv": [7, 7, 9, 9], "texture": "#1"},
				"east": {"uv": [0, 0, 1.396, 0.9], "texture": "#4"},
				"south": {"uv": [0, 0, 0.9, 0.9], "texture": "#4"},
				"west": {"uv": [0, 0, 1.396, 0.9], "texture": "#4"},
				"up": {"uv": [0, 0, 0.9, 1.396], "texture": "#4"},
				"down": {"uv": [0, 0, 0.9, 1.396], "texture": "#4"}
			}
		},
		{
			"from": [8.34826, 4.588, 11.658],
			"to": [8.49826, 5.488, 11.808],
			"faces": {
				"north": {"uv": [0, 0, 0.15, 0.9], "texture": "#4"},
				"east": {"uv": [0, 0, 0.1, 0.9], "texture": "#4"},
				"south": {"uv": [0, 0, 0.15, 0.9], "texture": "#4"},
				"west": {"uv": [0, 0, 0.1, 0.9], "texture": "#4"},
				"up": {"uv": [0, 0, 0.15, 0.1], "texture": "#4"},
				"down": {"uv": [0, 0, 0.15, 0.1], "texture": "#4"}
			}
		},
		{
			"from": [7.59826, 4.588, 11.658],
			"to": [7.74826, 5.488, 11.808],
			"faces": {
				"north": {"uv": [0, 0, 0.15, 0.9], "texture": "#4"},
				"east": {"uv": [0, 0, 0.1, 0.9], "texture": "#4"},
				"south": {"uv": [0, 0, 0.15, 0.9], "texture": "#4"},
				"west": {"uv": [0, 0, 0.1, 0.9], "texture": "#4"},
				"up": {"uv": [0, 0, 0.15, 0.1], "texture": "#4"},
				"down": {"uv": [0, 0, 0.15, 0.1], "texture": "#4"}
			}
		},
		{
			"from": [7.74826, 5.388, 11.658],
			"to": [8.34826, 5.488, 11.808],
			"faces": {
				"north": {"uv": [0, 0, 0.6, 0.1], "texture": "#4"},
				"east": {"uv": [0, 0, 0.1, 0.1], "texture": "#4"},
				"south": {"uv": [0, 0, 0.6, 0.1], "texture": "#4"},
				"west": {"uv": [0, 0, 0.1, 0.1], "texture": "#4"},
				"up": {"uv": [0, 0, 0.6, 0.1], "texture": "#4"},
				"down": {"uv": [0, 0, 0.6, 0.1], "texture": "#4"}
			}
		},
		{
			"from": [7.74826, 4.588, 11.658],
			"to": [8.34826, 4.688, 11.808],
			"faces": {
				"north": {"uv": [0, 0, 0.6, 0.1], "texture": "#4"},
				"east": {"uv": [0, 0, 0.1, 0.1], "texture": "#4"},
				"south": {"uv": [0, 0, 0.6, 0.1], "texture": "#4"},
				"west": {"uv": [0, 0, 0.1, 0.1], "texture": "#4"},
				"up": {"uv": [0, 0, 0.6, 0.1], "texture": "#4"},
				"down": {"uv": [0, 0, 0.6, 0.1], "texture": "#4"}
			}
		}
	],
	"display": {
		"thirdperson_righthand": {
			"rotation": [0, -15, 0],
			"translation": [0.5, 9.5, -1.5],
			"scale": [1.5, 1.5, 1.5]
		},
		"thirdperson_lefthand": {
			"translation": [-0.5, 9.5, -1.5],
			"scale": [1.5, 1.5, 1.5]
		},
		"firstperson_righthand": {
			"rotation": [6, 3, 0],
			"translation": [7.5, 11.5, 5]
		},
		"ground": {
			"translation": [0, 4, 0]
		},
		"gui": {
			"rotation": [90, 50, -90],
			"translation": [2.75, 3.75, 0]
		},
		"head": {
			"translation": [0, 15.25, -8.75],
			"scale": [3, 3, 3]
		},
		"fixed": {
			"rotation": [90, 50, -90],
			"translation": [2.75, 3.25, 0]
		}
	}
}