{
	"credit": "https://www.youtube.com/c/ZeroCaty",
	"textures": {
		"7": "zcbm/weapons/stat"
	},
	"elements": [
		{
			"from": [4.4, 1, 4.4],
			"to": [11.6, 2, 11.6],
			"rotation": {"angle": 45, "axis": "y", "origin": [8, 8, 8]},
			"faces": {
				"north": {"uv": [0, 0, 5, 1], "texture": "#7"},
				"east": {"uv": [0, 0, 5, 1], "texture": "#7"},
				"south": {"uv": [0, 0, 5, 1], "texture": "#7"},
				"west": {"uv": [0, 0, 5, 1], "texture": "#7"},
				"up": {"uv": [0, 0, 5, 5], "texture": "#7"},
				"down": {"uv": [0, 0, 5, 5], "texture": "#7"}
			}
		},
		{
			"from": [7.1, 10, 7.1],
			"to": [8.9, 16, 8.9],
			"rotation": {"angle": 45, "axis": "y", "origin": [8, 8, 8]},
			"faces": {
				"north": {"uv": [0, 0, 3, 4], "texture": "#7"},
				"east": {"uv": [0, 5, 3, 9], "texture": "#7"},
				"south": {"uv": [0, 0, 3, 4], "texture": "#7"},
				"west": {"uv": [0, 0, 3, 4], "texture": "#7"},
				"up": {"uv": [0, 0, 3, 3], "texture": "#7"},
				"down": {"uv": [0, 0, 3, 3], "texture": "#7"}
			}
		},
		{
			"from": [6.5, 1.5, 6.5],
			"to": [9.5, 10.5, 6.55],
			"faces": {
				"north": {"uv": [0, 0, 5, 9], "texture": "#7"},
				"east": {"uv": [3, 0, 4, 9], "texture": "#7"},
				"south": {"uv": [0, 0, 5, 1], "texture": "#7"},
				"west": {"uv": [0, 0, 1, 9], "texture": "#7"},
				"up": {"uv": [0, 0, 5, 1], "texture": "#7"},
				"down": {"uv": [0, 0, 5, 5], "rotation": 90, "texture": "#7"}
			}
		},
		{
			"from": [6.5, 1.5, 9.45],
			"to": [9.5, 10.5, 9.5],
			"faces": {
				"north": {"uv": [0, 0, 5, 1], "texture": "#7"},
				"east": {"uv": [0, 0, 1, 9], "texture": "#7"},
				"south": {"uv": [0, 0, 5, 9], "texture": "#7"},
				"west": {"uv": [3, 0, 4, 9], "texture": "#7"},
				"up": {"uv": [0, 0, 5, 1], "texture": "#7"},
				"down": {"uv": [0, 0, 5, 5], "rotation": 90, "texture": "#7"}
			}
		},
		{
			"from": [6.5, 1.5, 6.55],
			"to": [6.55, 10.5, 9.45],
			"faces": {
				"north": {"uv": [0, 0, 5, 1], "texture": "#7"},
				"east": {"uv": [0, 0, 5, 1], "texture": "#7"},
				"south": {"uv": [0, 0, 5, 1], "texture": "#7"},
				"west": {"uv": [0, 0, 3, 9], "texture": "#7"},
				"up": {"uv": [0, 0, 1, 3], "texture": "#7"},
				"down": {"uv": [0, 0, 5, 5], "rotation": 90, "texture": "#7"}
			}
		},
		{
			"from": [9.45, 1.5, 6.55],
			"to": [9.5, 10.5, 9.45],
			"faces": {
				"north": {"uv": [0, 0, 5, 1], "texture": "#7"},
				"east": {"uv": [0, 0, 3, 9], "texture": "#7"},
				"south": {"uv": [0, 0, 5, 1], "texture": "#7"},
				"west": {"uv": [0, 0, 5, 1], "texture": "#7"},
				"up": {"uv": [0, 0, 1, 3], "texture": "#7"},
				"down": {"uv": [0, 0, 5, 5], "rotation": 90, "texture": "#7"}
			}
		},
		{
			"from": [6.25, 1.1, 7.15],
			"to": [9.7, 10.7, 8.9],
			"rotation": {"angle": 22.5, "axis": "x", "origin": [8, 7.7, 8]},
			"faces": {
				"north": {"uv": [0, 0, 3.8, 9.6], "texture": "#7"},
				"east": {"uv": [0, 5, 3, 9], "texture": "#7"},
				"south": {"uv": [0, 0, 3, 4], "texture": "#7"},
				"west": {"uv": [0, 0, 3, 4], "texture": "#7"},
				"up": {"uv": [0, 0, 3, 3], "texture": "#7"},
				"down": {"uv": [0, 0, 3, 3], "texture": "#7"}
			}
		},
		{
			"from": [6.3, 1.1, 7.1],
			"to": [9.75, 10.7, 8.9],
			"rotation": {"angle": -22.5, "axis": "x", "origin": [8, 7.7, 8]},
			"faces": {
				"north": {"uv": [0, 0, 3, 4], "texture": "#7"},
				"east": {"uv": [0, 5, 3, 9], "texture": "#7"},
				"south": {"uv": [0, 0, 3.8, 9.6], "texture": "#7"},
				"west": {"uv": [0, 0, 3, 4], "texture": "#7"},
				"up": {"uv": [0, 0, 3, 3], "texture": "#7"},
				"down": {"uv": [0, 0, 3, 3], "texture": "#7"}
			}
		},
		{
			"from": [7.1, 1.1, 6.25],
			"to": [8.9, 10.7, 9.75],
			"rotation": {"angle": 22.5, "axis": "z", "origin": [8, 7.7, 8]},
			"faces": {
				"north": {"uv": [0, 0, 3, 4], "texture": "#7"},
				"east": {"uv": [0, 0, 3.8, 9.6], "texture": "#7"},
				"south": {"uv": [0, 0, 3, 4], "texture": "#7"},
				"west": {"uv": [0, 0, 3, 4], "texture": "#7"},
				"up": {"uv": [0, 0, 3, 3], "texture": "#7"},
				"down": {"uv": [0, 0, 3, 3], "texture": "#7"}
			}
		},
		{
			"from": [7.1, 1.1, 6.2],
			"to": [8.9, 10.7, 9.8],
			"rotation": {"angle": -22.5, "axis": "z", "origin": [8, 7.7, 8]},
			"faces": {
				"north": {"uv": [0, 0, 3, 4], "texture": "#7"},
				"east": {"uv": [0, 5, 3, 9], "texture": "#7"},
				"south": {"uv": [0, 0, 3, 4], "texture": "#7"},
				"west": {"uv": [0, 0, 3.8, 9.6], "texture": "#7"},
				"up": {"uv": [0, 0, 3, 3], "texture": "#7"},
				"down": {"uv": [0, 0, 3, 3], "texture": "#7"}
			}
		},
		{
			"from": [7.1, 10.2, 7.1],
			"to": [8.9, 10.8, 8.9],
			"faces": {
				"north": {"uv": [0, 0, 1.8, 0.6], "texture": "#7"},
				"east": {"uv": [0, 0, 1.8, 0.6], "texture": "#7"},
				"south": {"uv": [0, 0, 1.8, 0.6], "texture": "#7"},
				"west": {"uv": [0, 0, 1.8, 0.6], "texture": "#7"},
				"up": {"uv": [0, 0, 1.8, 1.8], "texture": "#7"},
				"down": {"uv": [0, 0, 1.8, 1.8], "texture": "#7"}
			}
		},
		{
			"from": [7.1, 11.2, 7.1],
			"to": [8.9, 11.8, 8.9],
			"faces": {
				"north": {"uv": [0, 0, 1.8, 0.6], "texture": "#7"},
				"east": {"uv": [0, 0, 1.8, 0.6], "texture": "#7"},
				"south": {"uv": [0, 0, 1.8, 0.6], "texture": "#7"},
				"west": {"uv": [0, 0, 1.8, 0.6], "texture": "#7"},
				"up": {"uv": [0, 0, 1.8, 1.8], "texture": "#7"},
				"down": {"uv": [0, 0, 1.8, 1.8], "texture": "#7"}
			}
		},
		{
			"from": [7.1, 12.2, 7.1],
			"to": [8.9, 12.8, 8.9],
			"faces": {
				"north": {"uv": [0, 0, 1.8, 0.6], "texture": "#7"},
				"east": {"uv": [0, 0, 1.8, 0.6], "texture": "#7"},
				"south": {"uv": [0, 0, 1.8, 0.6], "texture": "#7"},
				"west": {"uv": [0, 0, 1.8, 0.6], "texture": "#7"},
				"up": {"uv": [0, 0, 1.8, 1.8], "texture": "#7"},
				"down": {"uv": [0, 0, 1.8, 1.8], "texture": "#7"}
			}
		},
		{
			"from": [7.1, 13.2, 7.1],
			"to": [8.9, 13.8, 8.9],
			"faces": {
				"north": {"uv": [0, 0, 1.8, 0.6], "texture": "#7"},
				"east": {"uv": [0, 0, 1.8, 0.6], "texture": "#7"},
				"south": {"uv": [0, 0, 1.8, 0.6], "texture": "#7"},
				"west": {"uv": [0, 0, 1.8, 0.6], "texture": "#7"},
				"up": {"uv": [0, 0, 1.8, 1.8], "texture": "#7"},
				"down": {"uv": [0, 0, 1.8, 1.8], "texture": "#7"}
			}
		},
		{
			"from": [7.1, 14.2, 7.1],
			"to": [8.9, 14.8, 8.9],
			"faces": {
				"north": {"uv": [0, 0, 1.8, 0.6], "texture": "#7"},
				"east": {"uv": [0, 0, 1.8, 0.6], "texture": "#7"},
				"south": {"uv": [0, 0, 1.8, 0.6], "texture": "#7"},
				"west": {"uv": [0, 0, 1.8, 0.6], "texture": "#7"},
				"up": {"uv": [0, 0, 1.8, 1.8], "texture": "#7"},
				"down": {"uv": [0, 0, 1.8, 1.8], "texture": "#7"}
			}
		},
		{
			"from": [7.1, 15.2, 7.1],
			"to": [8.9, 15.8, 8.9],
			"faces": {
				"north": {"uv": [0, 0, 1.8, 0.6], "texture": "#7"},
				"east": {"uv": [0, 0, 1.8, 0.6], "texture": "#7"},
				"south": {"uv": [0, 0, 1.8, 0.6], "texture": "#7"},
				"west": {"uv": [0, 0, 1.8, 0.6], "texture": "#7"},
				"up": {"uv": [0, 0, 1.8, 1.8], "texture": "#7"},
				"down": {"uv": [0, 0, 1.8, 1.8], "texture": "#7"}
			}
		}
	],
	"display": {
		"thirdperson_righthand": {
			"rotation": [75, 0, -10],
			"translation": [-7.32, -3.75, 3.25],
			"scale": [2.01, 2.01, 2.01]
		},
		"head": {
			"translation": [0, -30.5, 0],
			"scale": [1.61, 1.61, 1.61]
		}
	}
}