{
	"credit": "https://www.youtube.com/c/ZeroCaty",
	"textures": {
		"7": "zcbm/weapons/stat"
	},
	"elements": [
		{
			"from": [4.4, 1, 4.4],
			"to": [11.6, 2, 11.6],
			"faces": {
				"north": {"uv": [0, 0, 7.2, 1], "texture": "#7"},
				"east": {"uv": [0, 0, 7.2, 1], "texture": "#7"},
				"south": {"uv": [0, 0, 7.2, 1], "texture": "#7"},
				"west": {"uv": [0, 0, 7.2, 1], "texture": "#7"},
				"up": {"uv": [0, 0, 7.2, 7.2], "texture": "#7"},
				"down": {"uv": [0, 0, 7.2, 7.2], "texture": "#7"}
			}
		},
		{
			"from": [7.1, 2, 7.1],
			"to": [8.9, 16, 8.9],
			"rotation": {"angle": 45, "axis": "y", "origin": [8, 8, 8]},
			"faces": {
				"north": {"uv": [0, 0, 1.8, 14], "texture": "#7"},
				"east": {"uv": [0, 0, 1.8, 14], "texture": "#7"},
				"south": {"uv": [0, 0, 1.8, 14], "texture": "#7"},
				"west": {"uv": [0, 0, 1.8, 14], "texture": "#7"},
				"up": {"uv": [0, 0, 3, 3], "texture": "#7"},
				"down": {"uv": [0, 0, 3, 3], "texture": "#7"}
			}
		},
		{
			"from": [7.1, 10.2, 7.1],
			"to": [8.9, 10.8, 8.9],
			"faces": {
				"north": {"uv": [0, 0, 1.8, 0.6], "texture": "#7"},
				"east": {"uv": [0, 0, 1.8, 0.6], "texture": "#7"},
				"south": {"uv": [0, 0, 1.8, 0.6], "texture": "#7"},
				"west": {"uv": [0, 0, 1.8, 0.6], "texture": "#7"},
				"up": {"uv": [0, 0, 1.8, 1.8], "texture": "#7"},
				"down": {"uv": [0, 0, 1.8, 1.8], "texture": "#7"}
			}
		},
		{
			"from": [5.7, 11.2, 5.8],
			"to": [10.2, 11.6, 10.3],
			"faces": {
				"north": {"uv": [0, 0, 1.8, 0.6], "texture": "#7"},
				"east": {"uv": [0, 0, 1.8, 0.6], "texture": "#7"},
				"south": {"uv": [0, 0, 1.8, 0.6], "texture": "#7"},
				"west": {"uv": [0, 0, 1.8, 0.6], "texture": "#7"},
				"up": {"uv": [0, 0, 1.8, 1.8], "texture": "#7"},
				"down": {"uv": [0, 0, 1.8, 1.8], "texture": "#7"}
			}
		},
		{
			"from": [7.1, 12.2, 7.1],
			"to": [8.9, 12.8, 8.9],
			"faces": {
				"north": {"uv": [0, 0, 1.8, 0.6], "texture": "#7"},
				"east": {"uv": [0, 0, 1.8, 0.6], "texture": "#7"},
				"south": {"uv": [0, 0, 1.8, 0.6], "texture": "#7"},
				"west": {"uv": [0, 0, 1.8, 0.6], "texture": "#7"},
				"up": {"uv": [0, 0, 1.8, 1.8], "texture": "#7"},
				"down": {"uv": [0, 0, 1.8, 1.8], "texture": "#7"}
			}
		},
		{
			"from": [7.1, 13.2, 7.1],
			"to": [8.9, 13.8, 8.9],
			"faces": {
				"north": {"uv": [0, 0, 1.8, 0.6], "texture": "#7"},
				"east": {"uv": [0, 0, 1.8, 0.6], "texture": "#7"},
				"south": {"uv": [0, 0, 1.8, 0.6], "texture": "#7"},
				"west": {"uv": [0, 0, 1.8, 0.6], "texture": "#7"},
				"up": {"uv": [0, 0, 1.8, 1.8], "texture": "#7"},
				"down": {"uv": [0, 0, 1.8, 1.8], "texture": "#7"}
			}
		},
		{
			"from": [7.1, 14.2, 7.1],
			"to": [8.9, 14.8, 8.9],
			"faces": {
				"north": {"uv": [0, 0, 1.8, 0.6], "texture": "#7"},
				"east": {"uv": [0, 0, 1.8, 0.6], "texture": "#7"},
				"south": {"uv": [0, 0, 1.8, 0.6], "texture": "#7"},
				"west": {"uv": [0, 0, 1.8, 0.6], "texture": "#7"},
				"up": {"uv": [0, 0, 1.8, 1.8], "texture": "#7"},
				"down": {"uv": [0, 0, 1.8, 1.8], "texture": "#7"}
			}
		},
		{
			"from": [7.1, 15.2, 7.1],
			"to": [8.9, 15.8, 8.9],
			"faces": {
				"north": {"uv": [0, 0, 1.8, 0.6], "texture": "#7"},
				"east": {"uv": [0, 0, 1.8, 0.6], "texture": "#7"},
				"south": {"uv": [0, 0, 1.8, 0.6], "texture": "#7"},
				"west": {"uv": [0, 0, 1.8, 0.6], "texture": "#7"},
				"up": {"uv": [0, 0, 1.8, 1.8], "texture": "#7"},
				"down": {"uv": [0, 0, 1.8, 1.8], "texture": "#7"}
			}
		},
		{
			"from": [7.1, 9.2, 7.1],
			"to": [8.9, 9.8, 8.9],
			"faces": {
				"north": {"uv": [0, 0, 1.8, 0.6], "texture": "#7"},
				"east": {"uv": [0, 0, 1.8, 0.6], "texture": "#7"},
				"south": {"uv": [0, 0, 1.8, 0.6], "texture": "#7"},
				"west": {"uv": [0, 0, 1.8, 0.6], "texture": "#7"},
				"up": {"uv": [0, 0, 1.8, 1.8], "texture": "#7"},
				"down": {"uv": [0, 0, 1.8, 1.8], "texture": "#7"}
			}
		},
		{
			"from": [7.1, 8.2, 7.1],
			"to": [8.9, 8.8, 8.9],
			"faces": {
				"north": {"uv": [0, 0, 1.8, 0.6], "texture": "#7"},
				"east": {"uv": [0, 0, 1.8, 0.6], "texture": "#7"},
				"south": {"uv": [0, 0, 1.8, 0.6], "texture": "#7"},
				"west": {"uv": [0, 0, 1.8, 0.6], "texture": "#7"},
				"up": {"uv": [0, 0, 1.8, 1.8], "texture": "#7"},
				"down": {"uv": [0, 0, 1.8, 1.8], "texture": "#7"}
			}
		},
		{
			"from": [7.1, 6.2, 7.1],
			"to": [8.9, 6.8, 8.9],
			"faces": {
				"north": {"uv": [0, 0, 1.8, 0.6], "texture": "#7"},
				"east": {"uv": [0, 0, 1.8, 0.6], "texture": "#7"},
				"south": {"uv": [0, 0, 1.8, 0.6], "texture": "#7"},
				"west": {"uv": [0, 0, 1.8, 0.6], "texture": "#7"},
				"up": {"uv": [0, 0, 1.8, 1.8], "texture": "#7"},
				"down": {"uv": [0, 0, 1.8, 1.8], "texture": "#7"}
			}
		},
		{
			"from": [7.1, 5.2, 7.1],
			"to": [8.9, 5.8, 8.9],
			"faces": {
				"north": {"uv": [0, 0, 1.8, 0.6], "texture": "#7"},
				"east": {"uv": [0, 0, 1.8, 0.6], "texture": "#7"},
				"south": {"uv": [0, 0, 1.8, 0.6], "texture": "#7"},
				"west": {"uv": [0, 0, 1.8, 0.6], "texture": "#7"},
				"up": {"uv": [0, 0, 1.8, 1.8], "texture": "#7"},
				"down": {"uv": [0, 0, 1.8, 1.8], "texture": "#7"}
			}
		},
		{
			"from": [7.1, 4.2, 7.1],
			"to": [8.9, 4.8, 8.9],
			"faces": {
				"north": {"uv": [0, 0, 1.8, 0.6], "texture": "#7"},
				"east": {"uv": [0, 0, 1.8, 0.6], "texture": "#7"},
				"south": {"uv": [0, 0, 1.8, 0.6], "texture": "#7"},
				"west": {"uv": [0, 0, 1.8, 0.6], "texture": "#7"},
				"up": {"uv": [0, 0, 1.8, 1.8], "texture": "#7"},
				"down": {"uv": [0, 0, 1.8, 1.8], "texture": "#7"}
			}
		},
		{
			"from": [7.1, 3.2, 7.1],
			"to": [8.9, 3.8, 8.9],
			"faces": {
				"north": {"uv": [0, 0, 1.8, 0.6], "texture": "#7"},
				"east": {"uv": [0, 0, 1.8, 0.6], "texture": "#7"},
				"south": {"uv": [0, 0, 1.8, 0.6], "texture": "#7"},
				"west": {"uv": [0, 0, 1.8, 0.6], "texture": "#7"},
				"up": {"uv": [0, 0, 1.8, 1.8], "texture": "#7"},
				"down": {"uv": [0, 0, 1.8, 1.8], "texture": "#7"}
			}
		},
		{
			"from": [7.1, 2.2, 7.1],
			"to": [8.9, 2.8, 8.9],
			"faces": {
				"north": {"uv": [0, 0, 1.8, 0.6], "texture": "#7"},
				"east": {"uv": [0, 0, 1.8, 0.6], "texture": "#7"},
				"south": {"uv": [0, 0, 1.8, 0.6], "texture": "#7"},
				"west": {"uv": [0, 0, 1.8, 0.6], "texture": "#7"},
				"up": {"uv": [0, 0, 1.8, 1.8], "texture": "#7"},
				"down": {"uv": [0, 0, 1.8, 1.8], "texture": "#7"}
			}
		},
		{
			"from": [10.1, 2, 7.1],
			"to": [11.9, 7, 8.9],
			"rotation": {"angle": 45, "axis": "y", "origin": [8, 8, 8]},
			"faces": {
				"north": {"uv": [0, 0, 1.8, 5], "texture": "#7"},
				"east": {"uv": [0, 0, 1.8, 5], "texture": "#7"},
				"south": {"uv": [0, 0, 1.8, 5], "texture": "#7"},
				"west": {"uv": [0, 0, 1.8, 5], "texture": "#7"},
				"up": {"uv": [0, 0, 1.8, 1.8], "texture": "#7"},
				"down": {"uv": [0, 0, 1.8, 1.8], "texture": "#7"}
			}
		},
		{
			"from": [4.1, 2, 7.1],
			"to": [5.9, 7, 8.9],
			"rotation": {"angle": 45, "axis": "y", "origin": [8, 8, 8]},
			"faces": {
				"north": {"uv": [0, 0, 1.8, 5], "texture": "#7"},
				"east": {"uv": [0, 0, 1.8, 5], "texture": "#7"},
				"south": {"uv": [0, 0, 1.8, 5], "texture": "#7"},
				"west": {"uv": [0, 0, 1.8, 5], "texture": "#7"},
				"up": {"uv": [0, 0, 1.8, 1.8], "texture": "#7"},
				"down": {"uv": [0, 0, 1.8, 1.8], "texture": "#7"}
			}
		},
		{
			"from": [7.1, 2, 4.1],
			"to": [8.9, 7, 5.9],
			"rotation": {"angle": 45, "axis": "y", "origin": [8, 8, 8]},
			"faces": {
				"north": {"uv": [0, 0, 1.8, 5], "texture": "#7"},
				"east": {"uv": [0, 0, 1.8, 5], "texture": "#7"},
				"south": {"uv": [0, 0, 1.8, 5], "texture": "#7"},
				"west": {"uv": [0, 0, 1.8, 5], "texture": "#7"},
				"up": {"uv": [0, 0, 1.8, 1.8], "texture": "#7"},
				"down": {"uv": [0, 0, 1.8, 1.8], "texture": "#7"}
			}
		},
		{
			"from": [7.1, 2, 10.1],
			"to": [8.9, 7, 11.9],
			"rotation": {"angle": 45, "axis": "y", "origin": [8, 8, 8]},
			"faces": {
				"north": {"uv": [0, 0, 1.8, 5], "texture": "#7"},
				"east": {"uv": [0, 0, 1.8, 5], "texture": "#7"},
				"south": {"uv": [0, 0, 1.8, 5], "texture": "#7"},
				"west": {"uv": [0, 0, 1.8, 5], "texture": "#7"},
				"up": {"uv": [0, 0, 1.8, 1.8], "texture": "#7"},
				"down": {"uv": [0, 0, 1.8, 1.8], "texture": "#7"}
			}
		},
		{
			"from": [4.4, 7, 4.4],
			"to": [11.6, 8, 11.6],
			"faces": {
				"north": {"uv": [0, 0, 7.2, 1], "texture": "#7"},
				"east": {"uv": [0, 0, 7.2, 1], "texture": "#7"},
				"south": {"uv": [0, 0, 7.2, 1], "texture": "#7"},
				"west": {"uv": [0, 0, 7.2, 1], "texture": "#7"},
				"up": {"uv": [0, 0, 7.2, 7.2], "texture": "#7"},
				"down": {"uv": [0, 0, 7.2, 7.2], "texture": "#7"}
			}
		},
		{
			"from": [10.4, 8, 7.5],
			"to": [11.4, 11.5, 8.5],
			"rotation": {"angle": 45, "axis": "y", "origin": [8, 8, 8]},
			"faces": {
				"north": {"uv": [0, 0, 1, 3.5], "texture": "#7"},
				"east": {"uv": [0, 0, 1, 3.5], "texture": "#7"},
				"south": {"uv": [0, 0, 1, 3.5], "texture": "#7"},
				"west": {"uv": [0, 0, 1, 3.5], "texture": "#7"},
				"up": {"uv": [0, 0, 1, 1], "texture": "#7"},
				"down": {"uv": [0, 0, 1, 1], "texture": "#7"}
			}
		},
		{
			"from": [7.5, 8, 10.4],
			"to": [8.5, 11.5, 11.4],
			"rotation": {"angle": 45, "axis": "y", "origin": [8, 8, 8]},
			"faces": {
				"north": {"uv": [0, 0, 1, 3.5], "texture": "#7"},
				"east": {"uv": [0, 0, 1, 3.5], "texture": "#7"},
				"south": {"uv": [0, 0, 1, 3.5], "texture": "#7"},
				"west": {"uv": [0, 0, 1, 3.5], "texture": "#7"},
				"up": {"uv": [0, 0, 1, 1], "texture": "#7"},
				"down": {"uv": [0, 0, 1, 1], "texture": "#7"}
			}
		},
		{
			"from": [4.6, 8, 7.5],
			"to": [5.6, 11.5, 8.5],
			"rotation": {"angle": 45, "axis": "y", "origin": [8, 8, 8]},
			"faces": {
				"north": {"uv": [0, 0, 1, 3.5], "texture": "#7"},
				"east": {"uv": [0, 0, 1, 3.5], "texture": "#7"},
				"south": {"uv": [0, 0, 1, 3.5], "texture": "#7"},
				"west": {"uv": [0, 0, 1, 3.5], "texture": "#7"},
				"up": {"uv": [0, 0, 1, 1], "texture": "#7"},
				"down": {"uv": [0, 0, 1, 1], "texture": "#7"}
			}
		},
		{
			"from": [7.5, 8, 4.6],
			"to": [8.5, 11.5, 5.6],
			"rotation": {"angle": 45, "axis": "y", "origin": [8, 8, 8]},
			"faces": {
				"north": {"uv": [0, 0, 1, 3.5], "texture": "#7"},
				"east": {"uv": [0, 0, 1, 3.5], "texture": "#7"},
				"south": {"uv": [0, 0, 1, 3.5], "texture": "#7"},
				"west": {"uv": [0, 0, 1, 3.5], "texture": "#7"},
				"up": {"uv": [0, 0, 1, 1], "texture": "#7"},
				"down": {"uv": [0, 0, 1, 1], "texture": "#7"}
			}
		}
	],
	"display": {
		"thirdperson_righthand": {
			"rotation": [75, 0, -10],
			"translation": [-7.32, -3.75, 3.25],
			"scale": [2.01, 2.01, 2.01]
		},
		"head": {
			"translation": [0, -30.5, 0],
			"scale": [1.61, 1.61, 1.61]
		}
	}
}