{
	"credit": "https://www.youtube.com/c/ZeroCaty",
	"textures": {
		"1": "zcbm/peep",
		"2": "block/fire_0",
		"4": "zcbm/weapons/browning",
		"particle": "zcbm/peep"
	},
	"elements": [
		{
			"from": [6.6, 0, 9],
			"to": [9.6, 4, 15],
			"faces": {
				"north": {"uv": [0, 0, 1.5, 2], "texture": "#4"},
				"east": {"uv": [0, 0, 5.496, 2], "texture": "#4"},
				"south": {"uv": [0, 1.6, 1.5, 3.6], "texture": "#4"},
				"west": {"uv": [0, 0, 5.496, 2], "texture": "#4"},
				"up": {"uv": [0, 0, 1.5, 2.496], "texture": "#4"},
				"down": {"uv": [0, 0, 1.5, 2.496], "texture": "#4"}
			}
		},
		{
			"from": [7.29152, 1.281, -8.67448],
			"to": [8.74152, 2.731, -8.08248],
			"faces": {
				"north": {"uv": [8, 0, 9.5, 1.5], "rotation": 90, "texture": "#4"},
				"east": {"uv": [0, 0, 1.096, 0.625], "texture": "#4"},
				"south": {"uv": [0, 0, 2.296, 0.625], "texture": "#4"},
				"west": {"uv": [0, 0, 1.096, 0.625], "texture": "#4"},
				"up": {"uv": [0, 0, 0.625, 1.096], "texture": "#4"},
				"down": {"uv": [0, 0, 0.625, 1.096], "texture": "#4"}
			}
		},
		{
			"from": [7.2, 1.2, 7],
			"to": [8.8, 2.8, 9],
			"faces": {
				"north": {"uv": [0, 0, 0.8, 0.8], "rotation": 90, "texture": "#4"},
				"east": {"uv": [0, 0, 1, 0.8], "texture": "#4"},
				"south": {"uv": [0, 0, 0.8, 0.8], "rotation": 90, "texture": "#4"},
				"west": {"uv": [0, 0, 1, 0.8], "texture": "#4"},
				"up": {"uv": [0, 0, 0.8, 1], "texture": "#4"},
				"down": {"uv": [0, 0, 0.8, 1], "texture": "#4"}
			}
		},
		{
			"from": [7.5, 4, 10.1],
			"to": [8.7, 4.2, 10.4],
			"faces": {
				"north": {"uv": [0, 0, 0.6, 0.1], "texture": "#4"},
				"east": {"uv": [0, 0, 0.1, 0.1], "texture": "#4"},
				"south": {"uv": [0, 0, 0.6, 0.1], "texture": "#4"},
				"west": {"uv": [0, 0, 0.1, 0.1], "texture": "#4"},
				"up": {"uv": [0, 0, 0.6, 0.1], "texture": "#4"},
				"down": {"uv": [0, 0, 0.6, 0.1], "texture": "#4"}
			}
		},
		{
			"from": [7.2, 4, 10.1],
			"to": [7.5, 5.8, 10.4],
			"faces": {
				"north": {"uv": [0, 0, 0.15, 0.9], "texture": "#4"},
				"east": {"uv": [0, 0, 0.1, 0.9], "texture": "#4"},
				"south": {"uv": [0, 0, 0.15, 0.9], "texture": "#4"},
				"west": {"uv": [0, 0, 0.1, 0.9], "texture": "#4"},
				"up": {"uv": [0, 0, 0.15, 0.1], "texture": "#4"},
				"down": {"uv": [0, 0, 0.15, 0.1], "texture": "#4"}
			}
		},
		{
			"from": [7.2, 4, 10.4],
			"to": [9, 5.8, 13.2],
			"faces": {
				"north": {"uv": [7, 7, 9, 9], "texture": "#1"},
				"east": {"uv": [0, 0, 1.396, 0.9], "texture": "#4"},
				"south": {"uv": [0, 0, 0.9, 0.9], "texture": "#4"},
				"west": {"uv": [0, 0, 1.396, 0.9], "texture": "#4"},
				"up": {"uv": [0, 0, 0.9, 1.396], "texture": "#4"},
				"down": {"uv": [0, 0, 0.9, 1.396], "texture": "#4"}
			}
		},
		{
			"from": [7.5, 5.6, 10.1],
			"to": [8.7, 5.8, 10.4],
			"faces": {
				"north": {"uv": [0, 0, 0.6, 0.1], "texture": "#4"},
				"east": {"uv": [0, 0, 0.1, 0.1], "texture": "#4"},
				"south": {"uv": [0, 0, 0.6, 0.1], "texture": "#4"},
				"west": {"uv": [0, 0, 0.1, 0.1], "texture": "#4"},
				"up": {"uv": [0, 0, 0.6, 0.1], "texture": "#4"},
				"down": {"uv": [0, 0, 0.6, 0.1], "texture": "#4"}
			}
		},
		{
			"from": [8.7, 4, 10.1],
			"to": [9, 5.8, 10.4],
			"faces": {
				"north": {"uv": [0, 0, 0.15, 0.9], "texture": "#4"},
				"east": {"uv": [0, 0, 0.1, 0.9], "texture": "#4"},
				"south": {"uv": [0, 0, 0.15, 0.9], "texture": "#4"},
				"west": {"uv": [0, 0, 0.1, 0.9], "texture": "#4"},
				"up": {"uv": [0, 0, 0.15, 0.1], "texture": "#4"},
				"down": {"uv": [0, 0, 0.15, 0.1], "texture": "#4"}
			}
		},
		{
			"from": [6.6, 4, 11],
			"to": [9.6, 6.2, 12.4],
			"faces": {
				"north": {"uv": [0, 0, 0.7, 0.6], "texture": "#4"},
				"east": {"uv": [0, 0, 0.896, 0.6], "texture": "#4"},
				"south": {"uv": [0, 0, 1.5, 1.6], "texture": "#4"},
				"west": {"uv": [0, 0, 0.896, 0.6], "texture": "#4"},
				"up": {"uv": [0, 0, 0.7, 0.896], "texture": "#4"},
				"down": {"uv": [0, 0, 0.7, 0.896], "texture": "#4"}
			}
		},
		{
			"from": [6.3, 1.4, -6.2],
			"to": [8.6, 2.6, -5.8],
			"rotation": {"angle": 45, "axis": "z", "origin": [8.01652, 2.006, 2.684]},
			"faces": {
				"north": {"uv": [0, 0, 1.15, 0.6], "texture": "#4"},
				"east": {"uv": [0, 0, 0.196, 0.6], "texture": "#4"},
				"south": {"uv": [0, 0, 1.15, 0.6], "texture": "#4"},
				"west": {"uv": [0, 0, 0.196, 0.6], "texture": "#4"},
				"up": {"uv": [0, 0, 1.15, 0.196], "texture": "#4"},
				"down": {"uv": [0, 0, 1.15, 0.196], "texture": "#4"}
			}
		},
		{
			"from": [7.8, 0.7, -9.36],
			"to": [8.2, 1.1, -9.36],
			"rotation": {"angle": -45, "axis": "z", "origin": [8.01652, 2.006, 2.684]},
			"faces": {
				"north": {"uv": [0, 0, 16, 16], "texture": "#2"},
				"east": {"uv": [0, 0, 0.05, 0.05], "rotation": 90, "texture": "#4"},
				"south": {"uv": [0, 0, 16, 16], "texture": "#2"},
				"west": {"uv": [0, 0, 0.05, 0.05], "rotation": 90, "texture": "#4"},
				"up": {"uv": [0, 0, 0.1, 0.05], "rotation": 270, "texture": "#4"},
				"down": {"uv": [0, 0, 0.1, 0.05], "rotation": 90, "texture": "#4"}
			}
		},
		{
			"from": [7.6, 1.6, -8.2],
			"to": [8.4, 2.4, 7],
			"rotation": {"angle": 45, "axis": "z", "origin": [8, 2, 6]},
			"faces": {
				"north": {"uv": [0, 0, 0.8, 0.8], "rotation": 90, "texture": "#4"},
				"east": {"uv": [0, 0, 1, 0.8], "texture": "#4"},
				"south": {"uv": [0, 0, 0.8, 0.8], "rotation": 90, "texture": "#4"},
				"west": {"uv": [0, 0, 1, 0.8], "texture": "#4"},
				"up": {"uv": [0, 0, 0.8, 1], "texture": "#4"},
				"down": {"uv": [0, 0, 0.8, 1], "texture": "#4"}
			}
		},
		{
			"from": [6.3, 1.4, 1.8],
			"to": [8.6, 2.6, 2.2],
			"rotation": {"angle": 45, "axis": "z", "origin": [8.01652, 2.006, 2.684]},
			"faces": {
				"north": {"uv": [0, 0, 1.15, 0.6], "texture": "#4"},
				"east": {"uv": [0, 0, 0.196, 0.6], "texture": "#4"},
				"south": {"uv": [0, 0, 1.15, 0.6], "texture": "#4"},
				"west": {"uv": [0, 0, 0.196, 0.6], "texture": "#4"},
				"up": {"uv": [0, 0, 1.15, 0.196], "texture": "#4"},
				"down": {"uv": [0, 0, 1.15, 0.196], "texture": "#4"}
			}
		},
		{
			"from": [7.9, 2.8, -8.2],
			"to": [8.1, 2.9, 7],
			"rotation": {"angle": 45, "axis": "z", "origin": [8, 2, 6]},
			"faces": {
				"north": {"uv": [0, 0, 0.1, 0.05], "rotation": 90, "texture": "#4"},
				"east": {"uv": [0, 0, 7.6, 0.05], "texture": "#4"},
				"south": {"uv": [0, 0, 0.1, 0.05], "rotation": 90, "texture": "#4"},
				"west": {"uv": [0, 0, 7.6, 0.05], "texture": "#4"},
				"up": {"uv": [0, 0, 0.1, 7.6], "texture": "#4"},
				"down": {"uv": [0, 0, 0.1, 7.6], "texture": "#4"}
			}
		},
		{
			"from": [7.1, 1.9, -8.2],
			"to": [7.2, 2.1, 7],
			"rotation": {"angle": 45, "axis": "z", "origin": [8, 2, 6]},
			"faces": {
				"north": {"uv": [0, 0, 0.1, 0.05], "rotation": 180, "texture": "#4"},
				"east": {"uv": [0, 0, 0.1, 7.6], "rotation": 270, "texture": "#4"},
				"south": {"uv": [0, 0, 0.1, 0.05], "texture": "#4"},
				"west": {"uv": [0, 0, 0.1, 7.6], "rotation": 90, "texture": "#4"},
				"up": {"uv": [0, 0, 0.05, 7.6], "texture": "#4"},
				"down": {"uv": [0, 0, 7.6, 0.05], "rotation": 270, "texture": "#4"}
			}
		},
		{
			"from": [7.9, 1.1, -8.2],
			"to": [8.1, 1.2, 7],
			"rotation": {"angle": 45, "axis": "z", "origin": [8, 2, 6]},
			"faces": {
				"north": {"uv": [0, 0, 0.1, 0.05], "rotation": 270, "texture": "#4"},
				"east": {"uv": [0, 0, 7.6, 0.05], "texture": "#4"},
				"south": {"uv": [0, 0, 0.1, 0.05], "rotation": 270, "texture": "#4"},
				"west": {"uv": [0, 0, 7.6, 0.05], "texture": "#4"},
				"up": {"uv": [0, 0, 0.1, 7.6], "rotation": 180, "texture": "#4"},
				"down": {"uv": [0, 0, 0.1, 7.6], "texture": "#4"}
			}
		},
		{
			"from": [8.8, 1.9, -8.2],
			"to": [8.9, 2.1, 7],
			"rotation": {"angle": 45, "axis": "z", "origin": [8, 2, 6]},
			"faces": {
				"north": {"uv": [0, 0, 0.1, 0.05], "texture": "#4"},
				"east": {"uv": [0, 0, 7.6, 0.1], "texture": "#4"},
				"south": {"uv": [0, 0, 0.1, 0.05], "rotation": 180, "texture": "#4"},
				"west": {"uv": [0, 0, 0.1, 7.6], "rotation": 270, "texture": "#4"},
				"up": {"uv": [0, 0, 7.6, 0.05], "rotation": 90, "texture": "#4"},
				"down": {"uv": [0, 0, 0.05, 7.6], "texture": "#4"}
			}
		},
		{
			"from": [6.4, 1.9, -9.4],
			"to": [6.5, 2.1, 9],
			"rotation": {"angle": 45, "axis": "z", "origin": [8, 2, 6]},
			"faces": {
				"north": {"uv": [0, 0, 0.1, 0.05], "texture": "#4"},
				"east": {"uv": [0, 0, 0.1, 7.6], "rotation": 270, "texture": "#4"},
				"south": {"uv": [0, 0, 0.1, 0.05], "texture": "#4"},
				"west": {"uv": [0, 0, 8.2, 0.1], "texture": "#4"},
				"up": {"uv": [0, 0, 0.05, 8.2], "texture": "#4"},
				"down": {"uv": [0, 0, 7.6, 0.05], "rotation": 270, "texture": "#4"}
			}
		},
		{
			"from": [6.5, 1.8, -9.4],
			"to": [6.7, 2.2, -9.3],
			"rotation": {"angle": 45, "axis": "z", "origin": [8, 2, 6]},
			"faces": {
				"north": {"uv": [0, 0, 0.1, 0.2], "texture": "#4"},
				"east": {"uv": [0, 0, 0.05, 0.2], "texture": "#4"},
				"south": {"uv": [0, 0, 0.1, 0.2], "texture": "#4"},
				"west": {"uv": [0, 0, 0.05, 0.2], "texture": "#4"},
				"up": {"uv": [0, 0, 0.1, 0.05], "texture": "#4"},
				"down": {"uv": [0, 0, 0.1, 0.05], "texture": "#4"}
			}
		},
		{
			"from": [6.1, -3.2, 10.4],
			"to": [6.6, 0.2, 11.2],
			"rotation": {"angle": 22.5, "axis": "z", "origin": [6.35, 2.1, 10.8]},
			"faces": {
				"north": {"uv": [13.067, 13.8, 13.317, 16], "texture": "#4"},
				"east": {"uv": [11.134, 13.4, 11.534, 15.5], "texture": "#4"},
				"south": {"uv": [11.467, 13.4, 11.717, 15.5], "texture": "#4"},
				"west": {"uv": [10.2, 13.334, 10.6, 15.434], "texture": "#4"},
				"up": {"uv": [13.267, 13.067, 13.517, 13.467], "texture": "#4"},
				"down": {"uv": [11.667, 13.667, 11.917, 14.067], "texture": "#4"}
			}
		},
		{
			"from": [9.5, -3.2, 10.4],
			"to": [10, 0.2, 11.2],
			"rotation": {"angle": -22.5, "axis": "z", "origin": [9.75, 2.1, 10.8]},
			"faces": {
				"north": {"uv": [13.067, 13.8, 13.317, 16], "texture": "#4"},
				"east": {"uv": [11.134, 13.4, 11.534, 15.5], "texture": "#4"},
				"south": {"uv": [11.467, 13.4, 11.717, 15.5], "texture": "#4"},
				"west": {"uv": [10.2, 13.334, 10.6, 15.434], "texture": "#4"},
				"up": {"uv": [13.267, 13.067, 13.517, 13.467], "texture": "#4"},
				"down": {"uv": [11.667, 13.667, 11.917, 14.067], "texture": "#4"}
			}
		},
		{
			"from": [10.35, -4, 10.4],
			"to": [10.8, -0.1, 11.2],
			"rotation": {"angle": -22.5, "axis": "z", "origin": [10.55, 0.1, 10.8]},
			"faces": {
				"north": {"uv": [13.067, 13.8, 13.317, 16], "texture": "#4"},
				"east": {"uv": [11.134, 13.4, 11.534, 15.5], "texture": "#4"},
				"south": {"uv": [11.467, 13.4, 11.717, 15.5], "texture": "#4"},
				"west": {"uv": [10.2, 13.334, 10.6, 15.434], "texture": "#4"},
				"up": {"uv": [13.267, 13.067, 13.517, 13.467], "texture": "#4"},
				"down": {"uv": [11.667, 13.667, 11.917, 14.067], "texture": "#4"}
			}
		},
		{
			"from": [5.3, -4, 10.4],
			"to": [5.75, -0.1, 11.2],
			"rotation": {"angle": 22.5, "axis": "z", "origin": [5.55, 0.1, 10.8]},
			"faces": {
				"north": {"uv": [13.067, 13.8, 13.317, 16], "texture": "#4"},
				"east": {"uv": [11.134, 13.4, 11.534, 15.5], "texture": "#4"},
				"south": {"uv": [11.467, 13.4, 11.717, 15.5], "texture": "#4"},
				"west": {"uv": [10.2, 13.334, 10.6, 15.434], "texture": "#4"},
				"up": {"uv": [13.267, 13.067, 13.517, 13.467], "texture": "#4"},
				"down": {"uv": [11.667, 13.667, 11.917, 14.067], "texture": "#4"}
			}
		},
		{
			"from": [4.6, 0.7, 8.8],
			"to": [11.6, 2.1, 9],
			"faces": {
				"north": {"uv": [0, 0, 3.5, 0.7], "texture": "#4"},
				"east": {"uv": [0, 0, 0.1, 0.7], "texture": "#4"},
				"south": {"uv": [0, 0, 3.5, 0.7], "texture": "#4"},
				"west": {"uv": [0, 0, 0.1, 0.7], "texture": "#4"},
				"up": {"uv": [0, 0, 3.5, 0.1], "texture": "#4"},
				"down": {"uv": [0, 0, 3.5, 0.1], "texture": "#4"}
			}
		},
		{
			"from": [11.3, 0.6, 8.7],
			"to": [11.7, 1, 9],
			"faces": {
				"north": {"uv": [0, 0, 3.5, 0.7], "texture": "#4"},
				"east": {"uv": [0, 0, 0.1, 0.7], "texture": "#4"},
				"south": {"uv": [0, 0, 3.5, 0.7], "texture": "#4"},
				"west": {"uv": [0, 0, 0.1, 0.7], "texture": "#4"},
				"up": {"uv": [0, 0, 3.5, 0.1], "texture": "#4"},
				"down": {"uv": [0, 0, 3.5, 0.1], "texture": "#4"}
			}
		},
		{
			"from": [7.32, -2.02, 15],
			"to": [8.72, 4.98, 15.2],
			"faces": {
				"north": {"uv": [0, 0, 3.5, 0.7], "rotation": 90, "texture": "#4"},
				"east": {"uv": [0, 0, 3.5, 0.1], "rotation": 270, "texture": "#4"},
				"south": {"uv": [0, 0, 3.5, 0.7], "rotation": 270, "texture": "#4"},
				"west": {"uv": [0, 0, 3.5, 0.1], "rotation": 90, "texture": "#4"},
				"up": {"uv": [0, 0, 0.1, 0.7], "rotation": 270, "texture": "#4"},
				"down": {"uv": [0, 0, 0.1, 0.7], "rotation": 270, "texture": "#4"}
			}
		},
		{
			"from": [3.2, 3.2, 10.2],
			"to": [13, 3.4, 13.6],
			"faces": {
				"north": {"uv": [0, 0, 7.9, 0.2], "texture": "#4"},
				"east": {"uv": [0, 0, 3.4, 0.2], "texture": "#4"},
				"south": {"uv": [0, 0, 7.9, 0.2], "texture": "#4"},
				"west": {"uv": [0, 0, 3.4, 0.2], "texture": "#4"},
				"up": {"uv": [0, 0, 7.9, 3.4], "texture": "#4"},
				"down": {"uv": [0, 0, 7.8, 3.4], "texture": "#4"}
			}
		},
		{
			"from": [11.3, 1.8, 8.7],
			"to": [11.7, 2.2, 9],
			"faces": {
				"north": {"uv": [0, 0, 3.5, 0.7], "texture": "#4"},
				"east": {"uv": [0, 0, 0.1, 0.7], "texture": "#4"},
				"south": {"uv": [0, 0, 3.5, 0.7], "texture": "#4"},
				"west": {"uv": [0, 0, 0.1, 0.7], "texture": "#4"},
				"up": {"uv": [0, 0, 3.5, 0.1], "texture": "#4"},
				"down": {"uv": [0, 0, 3.5, 0.1], "texture": "#4"}
			}
		},
		{
			"from": [4.3, 1.8, 8.7],
			"to": [4.7, 2.2, 9],
			"faces": {
				"north": {"uv": [3.5, 0, 0, 0.7], "texture": "#4"},
				"east": {"uv": [0.1, 0, 0, 0.7], "texture": "#4"},
				"south": {"uv": [3.5, 0, 0, 0.7], "texture": "#4"},
				"west": {"uv": [0.1, 0, 0, 0.7], "texture": "#4"},
				"up": {"uv": [3.5, 0, 0, 0.1], "texture": "#4"},
				"down": {"uv": [3.5, 0, 0, 0.1], "texture": "#4"}
			}
		},
		{
			"from": [4.3, 0.6, 8.7],
			"to": [4.7, 1, 9],
			"faces": {
				"north": {"uv": [3.5, 0, 0, 0.7], "texture": "#4"},
				"east": {"uv": [0.1, 0, 0, 0.7], "texture": "#4"},
				"south": {"uv": [3.5, 0, 0, 0.7], "texture": "#4"},
				"west": {"uv": [0.1, 0, 0, 0.7], "texture": "#4"},
				"up": {"uv": [3.5, 0, 0, 0.1], "texture": "#4"},
				"down": {"uv": [3.5, 0, 0, 0.1], "texture": "#4"}
			}
		},
		{
			"from": [8.42, -2.32, 15],
			"to": [8.82, -1.92, 15.3],
			"faces": {
				"north": {"uv": [3.5, 0, 0, 0.7], "rotation": 90, "texture": "#4"},
				"east": {"uv": [3.5, 0, 0, 0.1], "rotation": 270, "texture": "#4"},
				"south": {"uv": [3.5, 0, 0, 0.7], "rotation": 270, "texture": "#4"},
				"west": {"uv": [3.5, 0, 0, 0.1], "rotation": 90, "texture": "#4"},
				"up": {"uv": [0.1, 0, 0, 0.7], "rotation": 270, "texture": "#4"},
				"down": {"uv": [0.1, 0, 0, 0.7], "rotation": 270, "texture": "#4"}
			}
		},
		{
			"from": [7.22, -2.32, 15],
			"to": [7.62, -1.92, 15.3],
			"faces": {
				"north": {"uv": [3.5, 0, 0, 0.7], "rotation": 90, "texture": "#4"},
				"east": {"uv": [3.5, 0, 0, 0.1], "rotation": 270, "texture": "#4"},
				"south": {"uv": [3.5, 0, 0, 0.7], "rotation": 270, "texture": "#4"},
				"west": {"uv": [3.5, 0, 0, 0.1], "rotation": 90, "texture": "#4"},
				"up": {"uv": [0.1, 0, 0, 0.7], "rotation": 270, "texture": "#4"},
				"down": {"uv": [0.1, 0, 0, 0.7], "rotation": 270, "texture": "#4"}
			}
		},
		{
			"from": [7.22, 4.68, 15],
			"to": [7.62, 5.08, 15.3],
			"faces": {
				"north": {"uv": [0, 0, 3.5, 0.7], "rotation": 90, "texture": "#4"},
				"east": {"uv": [0, 0, 3.5, 0.1], "rotation": 270, "texture": "#4"},
				"south": {"uv": [0, 0, 3.5, 0.7], "rotation": 270, "texture": "#4"},
				"west": {"uv": [0, 0, 3.5, 0.1], "rotation": 90, "texture": "#4"},
				"up": {"uv": [0, 0, 0.1, 0.7], "rotation": 270, "texture": "#4"},
				"down": {"uv": [0, 0, 0.1, 0.7], "rotation": 270, "texture": "#4"}
			}
		},
		{
			"from": [8.42, 4.68, 15],
			"to": [8.82, 5.08, 15.3],
			"faces": {
				"north": {"uv": [0, 0, 3.5, 0.7], "rotation": 90, "texture": "#4"},
				"east": {"uv": [0, 0, 3.5, 0.1], "rotation": 270, "texture": "#4"},
				"south": {"uv": [0, 0, 3.5, 0.7], "rotation": 270, "texture": "#4"},
				"west": {"uv": [0, 0, 3.5, 0.1], "rotation": 90, "texture": "#4"},
				"up": {"uv": [0, 0, 0.1, 0.7], "rotation": 270, "texture": "#4"},
				"down": {"uv": [0, 0, 0.1, 0.7], "rotation": 270, "texture": "#4"}
			}
		},
		{
			"from": [3.2, -0.2, 10.2],
			"to": [13, 0, 13.6],
			"faces": {
				"north": {"uv": [0, 0, 7.9, 0.2], "texture": "#4"},
				"east": {"uv": [0, 0, 3.4, 0.2], "texture": "#4"},
				"south": {"uv": [0, 0, 7.9, 0.2], "texture": "#4"},
				"west": {"uv": [0, 0, 3.4, 0.2], "texture": "#4"},
				"up": {"uv": [0, 0, 7.8, 3.4], "texture": "#4"},
				"down": {"uv": [0, 0, 7.8, 3.4], "texture": "#4"}
			}
		},
		{
			"from": [12.8, 0, 10.2],
			"to": [13, 3.2, 13.6],
			"faces": {
				"north": {"uv": [0, 0, 0.2, 3.2], "texture": "#4"},
				"east": {"uv": [0, 0, 3.4, 3.2], "texture": "#4"},
				"south": {"uv": [0, 0, 0.2, 3.2], "texture": "#4"},
				"west": {"uv": [0, 0, 3.4, 3.2], "texture": "#4"},
				"up": {"uv": [0, 0, 0.2, 3.4], "texture": "#4"},
				"down": {"uv": [0, 0, 0.2, 3.4], "texture": "#4"}
			}
		},
		{
			"from": [3.2, 0, 10.2],
			"to": [3.4, 3.2, 13.6],
			"faces": {
				"north": {"uv": [0, 0, 0.2, 3.2], "texture": "#4"},
				"east": {"uv": [0, 0, 3.4, 3.2], "texture": "#4"},
				"south": {"uv": [0, 0, 0.2, 3.2], "texture": "#4"},
				"west": {"uv": [0, 0, 3.4, 3.2], "texture": "#4"},
				"up": {"uv": [0, 0, 0.2, 3.4], "texture": "#4"},
				"down": {"uv": [0, 0, 0.2, 3.4], "texture": "#4"}
			}
		}
	],
	"display": {
		"thirdperson_righthand": {
			"rotation": [0, -15, 0],
			"translation": [0.5, 9.5, -1.5],
			"scale": [1.5, 1.5, 1.5]
		},
		"thirdperson_lefthand": {
			"translation": [-0.5, 9.5, -1.5],
			"scale": [1.5, 1.5, 1.5]
		},
		"firstperson_righthand": {
			"rotation": [6, 3, 0],
			"translation": [7.5, 11.5, 5]
		},
		"ground": {
			"translation": [0, 4, 0]
		},
		"gui": {
			"rotation": [90, 50, -90],
			"translation": [5.75, 2.25, 0],
			"scale": [0.75, 0.75, 0.75]
		},
		"head": {
			"translation": [0, 15.25, -8.75],
			"scale": [3, 3, 3]
		},
		"fixed": {
			"rotation": [90, 50, -90],
			"translation": [5, 2, 0],
			"scale": [0.75, 0.75, 0.75]
		}
	}
}