{
	"credit": "https://www.youtube.com/c/ZeroCaty",
	"textures": {
		"1": "zcbm/peep",
		"3": "animation/anim_19",
		"4": "zcbm/weapons/browning",
		"particle": "zcbm/peep"
	},
	"elements": [
		{
			"from": [4.6, 0, 9],
			"to": [11.4, 4, 15],
			"faces": {
				"north": {"uv": [0, 0, 6.8, 4], "texture": "#4"},
				"east": {"uv": [0, 0, 6, 4], "texture": "#4"},
				"south": {"uv": [0, 0, 6.8, 4], "texture": "#4"},
				"west": {"uv": [0, 0, 6, 4], "texture": "#4"},
				"up": {"uv": [0, 0, 6.8, 6], "texture": "#4"},
				"down": {"uv": [0, 0, 6.8, 6], "texture": "#4"}
			}
		},
		{
			"from": [7.29152, 1.281, -8.67448],
			"to": [8.74152, 2.731, -8.08248],
			"faces": {
				"north": {"uv": [8, 0, 9.5, 1.5], "texture": "#4"},
				"east": {"uv": [0, 0, 0.592, 1.45], "texture": "#4"},
				"south": {"uv": [0, 0, 1.45, 1.45], "texture": "#4"},
				"west": {"uv": [0, 0, 0.592, 1.45], "texture": "#4"},
				"up": {"uv": [0, 0, 1.45, 0.592], "texture": "#4"},
				"down": {"uv": [0, 0, 1.45, 0.592], "texture": "#4"}
			}
		},
		{
			"from": [6.2, 0.2, 7],
			"to": [9.8, 3.8, 9],
			"faces": {
				"north": {"uv": [0, 0, 3.6, 3.6], "texture": "#4"},
				"east": {"uv": [0, 0, 2, 3.6], "texture": "#4"},
				"south": {"uv": [0, 0, 3.6, 3.6], "texture": "#4"},
				"west": {"uv": [0, 0, 2, 3.6], "texture": "#4"},
				"up": {"uv": [0, 0, 3.6, 2], "texture": "#4"},
				"down": {"uv": [0, 0, 3.6, 2], "texture": "#4"}
			}
		},
		{
			"from": [7.5, 4, 10.1],
			"to": [8.7, 4.2, 10.4],
			"faces": {
				"north": {"uv": [0, 0, 0.6, 0.1], "texture": "#4"},
				"east": {"uv": [0, 0, 0.1, 0.1], "texture": "#4"},
				"south": {"uv": [0, 0, 0.6, 0.1], "texture": "#4"},
				"west": {"uv": [0, 0, 0.1, 0.1], "texture": "#4"},
				"up": {"uv": [0, 0, 0.6, 0.1], "texture": "#4"},
				"down": {"uv": [0, 0, 0.6, 0.1], "texture": "#4"}
			}
		},
		{
			"from": [7.2, 4, 10.1],
			"to": [7.5, 5.8, 10.4],
			"faces": {
				"north": {"uv": [0, 0, 0.15, 0.9], "texture": "#4"},
				"east": {"uv": [0, 0, 0.1, 0.9], "texture": "#4"},
				"south": {"uv": [0, 0, 0.15, 0.9], "texture": "#4"},
				"west": {"uv": [0, 0, 0.1, 0.9], "texture": "#4"},
				"up": {"uv": [0, 0, 0.15, 0.1], "texture": "#4"},
				"down": {"uv": [0, 0, 0.15, 0.1], "texture": "#4"}
			}
		},
		{
			"from": [7.2, 4, 10.4],
			"to": [9, 5.8, 13.2],
			"faces": {
				"north": {"uv": [7, 7, 9, 9], "texture": "#1"},
				"east": {"uv": [0, 0, 2.8, 1.8], "texture": "#4"},
				"south": {"uv": [0, 0, 1.8, 1.8], "texture": "#4"},
				"west": {"uv": [0, 0, 2.8, 1.8], "texture": "#4"},
				"up": {"uv": [0, 0, 1.8, 2.8], "texture": "#4"},
				"down": {"uv": [0, 0, 1.8, 2.8], "texture": "#4"}
			}
		},
		{
			"from": [7.5, 5.6, 10.1],
			"to": [8.7, 5.8, 10.4],
			"faces": {
				"north": {"uv": [0, 0, 0.6, 0.1], "texture": "#4"},
				"east": {"uv": [0, 0, 0.1, 0.1], "texture": "#4"},
				"south": {"uv": [0, 0, 0.6, 0.1], "texture": "#4"},
				"west": {"uv": [0, 0, 0.1, 0.1], "texture": "#4"},
				"up": {"uv": [0, 0, 0.6, 0.1], "texture": "#4"},
				"down": {"uv": [0, 0, 0.6, 0.1], "texture": "#4"}
			}
		},
		{
			"from": [8.7, 4, 10.1],
			"to": [9, 5.8, 10.4],
			"faces": {
				"north": {"uv": [0, 0, 0.15, 0.9], "texture": "#4"},
				"east": {"uv": [0, 0, 0.1, 0.9], "texture": "#4"},
				"south": {"uv": [0, 0, 0.15, 0.9], "texture": "#4"},
				"west": {"uv": [0, 0, 0.1, 0.9], "texture": "#4"},
				"up": {"uv": [0, 0, 0.15, 0.1], "texture": "#4"},
				"down": {"uv": [0, 0, 0.15, 0.1], "texture": "#4"}
			}
		},
		{
			"from": [6.6, 4, 11],
			"to": [9.6, 6.2, 12.4],
			"faces": {
				"north": {"uv": [0, 0, 3, 2.2], "texture": "#4"},
				"east": {"uv": [0, 0, 1.4, 2.2], "texture": "#4"},
				"south": {"uv": [0, 0, 3, 2.2], "texture": "#4"},
				"west": {"uv": [0, 0, 1.4, 2.2], "texture": "#4"},
				"up": {"uv": [0, 0, 3, 1.4], "texture": "#4"},
				"down": {"uv": [0, 0, 3, 1.4], "texture": "#4"}
			}
		},
		{
			"from": [7.6, 1.6, -8.2],
			"to": [8.4, 2.4, 7],
			"rotation": {"angle": 45, "axis": "z", "origin": [8, 2, 6]},
			"faces": {
				"north": {"uv": [0, 0, 16, 16], "texture": "#3"},
				"east": {"uv": [0, 0, 16, 16], "texture": "#3"},
				"south": {"uv": [0, 0, 16, 16], "texture": "#3"},
				"west": {"uv": [0, 0, 16, 16], "texture": "#3"},
				"up": {"uv": [0, 0, 16, 16], "texture": "#3"},
				"down": {"uv": [0, 0, 16, 16], "texture": "#3"}
			}
		},
		{
			"from": [8.8, 1.3, 1.2],
			"to": [9.1, 2.7, 7],
			"rotation": {"angle": 45, "axis": "z", "origin": [8, 2, 6]},
			"faces": {
				"north": {"uv": [0, 0, 0.3, 1.4], "texture": "#4"},
				"east": {"uv": [0, 0, 5.8, 1.4], "texture": "#4"},
				"south": {"uv": [0, 0, 0.3, 1.4], "texture": "#4"},
				"west": {"uv": [0, 0, 5.8, 1.4], "texture": "#4"},
				"up": {"uv": [0, 0, 0.3, 5.8], "texture": "#4"},
				"down": {"uv": [0, 0, 0.3, 5.8], "texture": "#4"}
			}
		},
		{
			"from": [7.3, 2.8, 1.2],
			"to": [8.7, 3.1, 7],
			"rotation": {"angle": 45, "axis": "z", "origin": [8, 2, 6]},
			"faces": {
				"north": {"uv": [0, 0, 1.4, 0.3], "texture": "#4"},
				"east": {"uv": [0, 0, 5.8, 0.3], "texture": "#4"},
				"south": {"uv": [0, 0, 1.4, 0.3], "texture": "#4"},
				"west": {"uv": [0, 0, 5.8, 0.3], "texture": "#4"},
				"up": {"uv": [0, 0, 1.4, 5.8], "texture": "#4"},
				"down": {"uv": [0, 0, 1.4, 5.8], "texture": "#4"}
			}
		},
		{
			"from": [6.9, 1.3, 1.2],
			"to": [7.2, 2.7, 7],
			"rotation": {"angle": 45, "axis": "z", "origin": [8, 2, 6]},
			"faces": {
				"north": {"uv": [0, 0, 0.3, 1.4], "texture": "#4"},
				"east": {"uv": [0, 0, 5.8, 1.4], "rotation": 270, "texture": "#4"},
				"south": {"uv": [0, 0, 0.3, 1.4], "texture": "#4"},
				"west": {"uv": [0, 0, 5.8, 1.4], "texture": "#4"},
				"up": {"uv": [0, 0, 0.3, 5.8], "rotation": 180, "texture": "#4"},
				"down": {"uv": [0, 0, 0.3, 5.8], "texture": "#4"}
			}
		},
		{
			"from": [7.3, 0.9, 1.2],
			"to": [8.7, 1.2, 7],
			"rotation": {"angle": 45, "axis": "z", "origin": [8, 2, 6]},
			"faces": {
				"north": {"uv": [0, 0, 1.4, 0.3], "texture": "#4"},
				"east": {"uv": [0, 0, 5.8, 0.3], "texture": "#4"},
				"south": {"uv": [0, 0, 1.4, 0.3], "texture": "#4"},
				"west": {"uv": [0, 0, 5.8, 0.3], "texture": "#4"},
				"up": {"uv": [0, 0, 1.4, 5.8], "rotation": 180, "texture": "#4"},
				"down": {"uv": [0, 0, 1.4, 5.8], "texture": "#4"}
			}
		},
		{
			"from": [7.5, 1.5, -8],
			"to": [8.5, 2.5, -6.3],
			"rotation": {"angle": 45, "axis": "z", "origin": [8, 2, 6]},
			"faces": {
				"north": {"uv": [0, 0, 1, 1], "texture": "#4"},
				"east": {"uv": [0, 0, 1.7, 1], "texture": "#4"},
				"south": {"uv": [0, 0, 1, 1], "texture": "#4"},
				"west": {"uv": [0, 0, 1.7, 1], "texture": "#4"},
				"up": {"uv": [0, 0, 1, 1.7], "texture": "#4"},
				"down": {"uv": [0, 0, 1, 1.7], "texture": "#4"}
			}
		},
		{
			"from": [7.5, 1.5, -6],
			"to": [8.5, 2.5, -4.3],
			"rotation": {"angle": 45, "axis": "z", "origin": [8, 2, 6]},
			"faces": {
				"north": {"uv": [0, 0, 1, 1], "texture": "#4"},
				"east": {"uv": [0, 0, 1.7, 1], "texture": "#4"},
				"south": {"uv": [0, 0, 1, 1], "texture": "#4"},
				"west": {"uv": [0, 0, 1.7, 1], "texture": "#4"},
				"up": {"uv": [0, 0, 1, 1.7], "texture": "#4"},
				"down": {"uv": [0, 0, 1, 1.7], "texture": "#4"}
			}
		},
		{
			"from": [7.5, 1.5, -4],
			"to": [8.5, 2.5, -2.3],
			"rotation": {"angle": 45, "axis": "z", "origin": [8, 2, 6]},
			"faces": {
				"north": {"uv": [0, 0, 1, 1], "texture": "#4"},
				"east": {"uv": [0, 0, 1.7, 1], "texture": "#4"},
				"south": {"uv": [0, 0, 1, 1], "texture": "#4"},
				"west": {"uv": [0, 0, 1.7, 1], "texture": "#4"},
				"up": {"uv": [0, 0, 1, 1.7], "texture": "#4"},
				"down": {"uv": [0, 0, 1, 1.7], "texture": "#4"}
			}
		},
		{
			"from": [7.5, 1.5, -2],
			"to": [8.5, 2.5, -0.3],
			"rotation": {"angle": 45, "axis": "z", "origin": [8, 2, 6]},
			"faces": {
				"north": {"uv": [0, 0, 1, 1], "texture": "#4"},
				"east": {"uv": [0, 0, 1.7, 1], "texture": "#4"},
				"south": {"uv": [0, 0, 1, 1], "texture": "#4"},
				"west": {"uv": [0, 0, 1.7, 1], "texture": "#4"},
				"up": {"uv": [0, 0, 1, 1.7], "texture": "#4"},
				"down": {"uv": [0, 0, 1, 1.7], "texture": "#4"}
			}
		},
		{
			"from": [7.5, 1.5, 0],
			"to": [8.5, 2.5, 1.7],
			"rotation": {"angle": 45, "axis": "z", "origin": [8, 2, 6]},
			"faces": {
				"north": {"uv": [0, 0, 1, 1], "texture": "#4"},
				"east": {"uv": [0, 0, 1.7, 1], "texture": "#4"},
				"south": {"uv": [0, 0, 1, 1], "texture": "#4"},
				"west": {"uv": [0, 0, 1.7, 1], "texture": "#4"},
				"up": {"uv": [0, 0, 1, 1.7], "texture": "#4"},
				"down": {"uv": [0, 0, 1, 1.7], "texture": "#4"}
			}
		},
		{
			"from": [7.5, 1.5, 2],
			"to": [8.5, 2.5, 3.7],
			"rotation": {"angle": 45, "axis": "z", "origin": [8, 2, 6]},
			"faces": {
				"north": {"uv": [0, 0, 0.8, 0.8], "rotation": 90, "texture": "#4"},
				"east": {"uv": [0, 0, 0.8, 15.2], "rotation": 90, "texture": "#4"},
				"south": {"uv": [0, 0, 0.8, 0.8], "rotation": 90, "texture": "#4"},
				"west": {"uv": [0, 0, 0.8, 15.2], "rotation": 90, "texture": "#4"},
				"up": {"uv": [0, 0, 0.8, 15.2], "texture": "#4"},
				"down": {"uv": [0, 0, 0.8, 15.2], "texture": "#4"}
			}
		},
		{
			"from": [7.5, 1.5, 4],
			"to": [8.5, 2.5, 5.7],
			"rotation": {"angle": 45, "axis": "z", "origin": [8, 2, 6]},
			"faces": {
				"north": {"uv": [0, 0, 0.8, 0.8], "rotation": 90, "texture": "#4"},
				"east": {"uv": [0, 0, 0.8, 15.2], "rotation": 90, "texture": "#4"},
				"south": {"uv": [0, 0, 0.8, 0.8], "rotation": 90, "texture": "#4"},
				"west": {"uv": [0, 0, 0.8, 15.2], "rotation": 90, "texture": "#4"},
				"up": {"uv": [0, 0, 0.8, 15.2], "texture": "#4"},
				"down": {"uv": [0, 0, 0.8, 15.2], "texture": "#4"}
			}
		},
		{
			"from": [1.6, 0, 9],
			"to": [2.6, 4, 15.1],
			"faces": {
				"north": {"uv": [0, 0, 1, 4], "texture": "#4"},
				"east": {"uv": [0, 0, 6.1, 4], "texture": "#4"},
				"south": {"uv": [0, 0, 1, 4], "texture": "#4"},
				"west": {"uv": [0, 0, 6.1, 4], "texture": "#4"},
				"up": {"uv": [0, 0, 0.1, 0.1], "texture": "#4"},
				"down": {"uv": [0, 0, 0.1, 0.1], "texture": "#4"}
			}
		},
		{
			"from": [2.6, 1, 11],
			"to": [13.6, 3, 13],
			"faces": {
				"north": {"uv": [0, 0, 8, 2], "texture": "#4"},
				"east": {"uv": [0, 0, 2, 2], "texture": "#4"},
				"south": {"uv": [0, 0, 8, 2], "texture": "#4"},
				"west": {"uv": [0, 0, 2, 2], "texture": "#4"},
				"up": {"uv": [0, 0, 8, 2], "texture": "#4"},
				"down": {"uv": [0, 0, 8, 2], "texture": "#4"}
			}
		},
		{
			"from": [2.2, 0, 6],
			"to": [3.2, 4, 9],
			"rotation": {"angle": -22.5, "axis": "y", "origin": [2.1, 2, 7.5]},
			"faces": {
				"north": {"uv": [0, 0, 1, 4], "texture": "#4"},
				"east": {"uv": [0, 0, 3, 4], "texture": "#4"},
				"south": {"uv": [0, 0, 1, 4], "texture": "#4"},
				"west": {"uv": [0, 0, 3, 4], "texture": "#4"},
				"up": {"uv": [0, 0, 0.1, 0.1], "texture": "#4"},
				"down": {"uv": [0, 0, 0.1, 0.1], "texture": "#4"}
			}
		},
		{
			"from": [2.3, 0, 14.8],
			"to": [3.3, 4, 18.1],
			"rotation": {"angle": 22.5, "axis": "y", "origin": [2.7, 2, 16.6]},
			"faces": {
				"north": {"uv": [0, 0, 1, 4], "texture": "#4"},
				"east": {"uv": [0, 0, 3.3, 4], "texture": "#4"},
				"south": {"uv": [0, 0, 1, 4], "texture": "#4"},
				"west": {"uv": [0, 0, 3.3, 4], "texture": "#4"},
				"up": {"uv": [0, 0, 0.1, 0.1], "texture": "#4"},
				"down": {"uv": [0, 0, 0.1, 0.1], "texture": "#4"}
			}
		},
		{
			"from": [7.6, 1, 15],
			"to": [8.6, 3, 18.3],
			"faces": {
				"north": {"uv": [0, 0, 7, 4], "texture": "#4"},
				"east": {"uv": [0, 0, 5.496, 2], "texture": "#4"},
				"south": {"uv": [0, 1.6, 1.5, 3.6], "texture": "#4"},
				"west": {"uv": [0, 0, 5.496, 2], "texture": "#4"},
				"up": {"uv": [0, 0, 1.5, 2.496], "texture": "#4"},
				"down": {"uv": [0, 0, 1.5, 2.496], "texture": "#4"}
			}
		},
		{
			"from": [2.7, 0, 17.1],
			"to": [5.8, 4, 18.1],
			"rotation": {"angle": -22.5, "axis": "y", "origin": [2.7, 2, 18.6]},
			"faces": {
				"north": {"uv": [0, 0, 3.1, 4], "texture": "#4"},
				"east": {"uv": [0, 0, 1, 4], "texture": "#4"},
				"south": {"uv": [0, 0, 3.1, 4], "texture": "#4"},
				"west": {"uv": [0, 0, 1, 4], "texture": "#4"},
				"up": {"uv": [0, 0, 0.1, 0.1], "rotation": 270, "texture": "#4"},
				"down": {"uv": [0, 0, 0.1, 0.1], "texture": "#4"}
			}
		},
		{
			"from": [12.7, 0, 14.8],
			"to": [13.7, 4, 18.1],
			"rotation": {"angle": -22.5, "axis": "y", "origin": [13.3, 2, 16.6]},
			"faces": {
				"north": {"uv": [0, 0, 1, 4], "texture": "#4"},
				"east": {"uv": [0, 0, 3.3, 4], "texture": "#4"},
				"south": {"uv": [0, 0, 1, 4], "texture": "#4"},
				"west": {"uv": [0, 0, 3.3, 4], "texture": "#4"},
				"up": {"uv": [0, 0, 0.1, 0.1], "texture": "#4"},
				"down": {"uv": [0, 0, 0.1, 0.1], "texture": "#4"}
			}
		},
		{
			"from": [13.4, 0, 9],
			"to": [14.4, 4, 15.1],
			"faces": {
				"north": {"uv": [0, 0, 1, 4], "texture": "#4"},
				"east": {"uv": [0, 0, 6.1, 4], "texture": "#4"},
				"south": {"uv": [0, 0, 1, 4], "texture": "#4"},
				"west": {"uv": [0, 0, 6.1, 4], "texture": "#4"},
				"up": {"uv": [0, 0, 0.1, 0.1], "texture": "#4"},
				"down": {"uv": [0, 0, 0.1, 0.1], "texture": "#4"}
			}
		},
		{
			"from": [12.8, 0, 6],
			"to": [13.8, 4, 9],
			"rotation": {"angle": 22.5, "axis": "y", "origin": [13.9, 2, 7.5]},
			"faces": {
				"north": {"uv": [0, 0, 1, 4], "texture": "#4"},
				"east": {"uv": [0, 0, 3, 4], "texture": "#4"},
				"south": {"uv": [0, 0, 1, 4], "texture": "#4"},
				"west": {"uv": [0, 0, 3, 4], "texture": "#4"},
				"up": {"uv": [0, 0, 0.1, 0.1], "texture": "#4"},
				"down": {"uv": [0, 0, 0.1, 0.1], "texture": "#4"}
			}
		},
		{
			"from": [5.8, 0, 18.3],
			"to": [10.2, 4, 19.3],
			"faces": {
				"north": {"uv": [0, 0, 4.4, 4], "texture": "#4"},
				"east": {"uv": [0, 0, 1, 4], "texture": "#4"},
				"south": {"uv": [0, 0, 4.4, 4], "texture": "#4"},
				"west": {"uv": [0, 0, 1, 4], "texture": "#4"},
				"up": {"uv": [0, 0, 0.1, 0.1], "rotation": 270, "texture": "#4"},
				"down": {"uv": [0, 0, 0.1, 0.1], "texture": "#4"}
			}
		},
		{
			"from": [10.2, 0, 17.1],
			"to": [13.3, 4, 18.1],
			"rotation": {"angle": 22.5, "axis": "y", "origin": [13.3, 2, 18.6]},
			"faces": {
				"north": {"uv": [0, 0, 3.1, 4], "texture": "#4"},
				"east": {"uv": [0, 0, 1, 4], "texture": "#4"},
				"south": {"uv": [0, 0, 3.1, 4], "texture": "#4"},
				"west": {"uv": [0, 0, 1, 4], "texture": "#4"},
				"up": {"uv": [0, 0, 0.1, 0.1], "rotation": 270, "texture": "#4"},
				"down": {"uv": [0, 0, 0.1, 0.1], "texture": "#4"}
			}
		},
		{
			"from": [12.4, 4, 9],
			"to": [13.4, 8, 15.1],
			"rotation": {"angle": 22.5, "axis": "z", "origin": [13.9, 6, 12.05]},
			"faces": {
				"north": {"uv": [0, 0, 1, 4], "texture": "#4"},
				"east": {"uv": [0, 0, 6.1, 4], "texture": "#4"},
				"south": {"uv": [0, 0, 1, 4], "texture": "#4"},
				"west": {"uv": [0, 0, 6.1, 4], "texture": "#4"},
				"up": {"uv": [0, 0, 0.1, 0.1], "texture": "#4"},
				"down": {"uv": [0, 0, 0.1, 0.1], "texture": "#4"}
			}
		},
		{
			"from": [2.6, 4, 9],
			"to": [3.6, 8, 15.1],
			"rotation": {"angle": -22.5, "axis": "z", "origin": [2.1, 6, 12.05]},
			"faces": {
				"north": {"uv": [0, 0, 1, 4], "texture": "#4"},
				"east": {"uv": [0, 0, 6.1, 4], "texture": "#4"},
				"south": {"uv": [0, 0, 1, 4], "texture": "#4"},
				"west": {"uv": [0, 0, 6.1, 4], "texture": "#4"},
				"up": {"uv": [0, 0, 0.1, 0.1], "texture": "#4"},
				"down": {"uv": [0, 0, 0.1, 0.1], "texture": "#4"}
			}
		},
		{
			"from": [5.8, 4, 17.5],
			"to": [10.2, 8, 18.5],
			"rotation": {"angle": -22.5, "axis": "x", "origin": [8, 6, 18.8]},
			"faces": {
				"north": {"uv": [0, 0, 4.4, 4], "texture": "#4"},
				"east": {"uv": [0, 0, 1, 4], "texture": "#4"},
				"south": {"uv": [0, 0, 4.4, 4], "texture": "#4"},
				"west": {"uv": [0, 0, 1, 4], "texture": "#4"},
				"up": {"uv": [0, 0, 0.1, 0.1], "rotation": 270, "texture": "#4"},
				"down": {"uv": [0, 0, 0.1, 0.1], "texture": "#4"}
			}
		},
		{
			"from": [2.7, 0, 17.1],
			"to": [5.8, 4, 18.1],
			"rotation": {"angle": -22.5, "axis": "y", "origin": [2.7, 2, 18.6]},
			"faces": {
				"north": {"uv": [0, 0, 3.1, 4], "texture": "#4"},
				"east": {"uv": [0, 0, 1, 4], "texture": "#4"},
				"south": {"uv": [0, 0, 3.1, 4], "texture": "#4"},
				"west": {"uv": [0, 0, 1, 4], "texture": "#4"},
				"up": {"uv": [0, 0, 0.1, 0.1], "rotation": 270, "texture": "#4"},
				"down": {"uv": [0, 0, 0.1, 0.1], "texture": "#4"}
			}
		},
		{
			"from": [2.6, -4, 9],
			"to": [3.6, 0, 15.1],
			"rotation": {"angle": 22.5, "axis": "z", "origin": [2.1, -2, 12.05]},
			"faces": {
				"north": {"uv": [0, 4, 1, 0], "texture": "#4"},
				"east": {"uv": [0, 4, 6.1, 0], "texture": "#4"},
				"south": {"uv": [0, 4, 1, 0], "texture": "#4"},
				"west": {"uv": [0, 4, 6.1, 0], "texture": "#4"},
				"up": {"uv": [0, 0.1, 0.1, 0], "texture": "#4"},
				"down": {"uv": [0, 0.1, 0.1, 0], "texture": "#4"}
			}
		},
		{
			"from": [12.4, -4, 9],
			"to": [13.4, 0, 15.1],
			"rotation": {"angle": -22.5, "axis": "z", "origin": [13.9, -2, 12.05]},
			"faces": {
				"north": {"uv": [0, 4, 1, 0], "texture": "#4"},
				"east": {"uv": [0, 4, 6.1, 0], "texture": "#4"},
				"south": {"uv": [0, 4, 1, 0], "texture": "#4"},
				"west": {"uv": [0, 4, 6.1, 0], "texture": "#4"},
				"up": {"uv": [0, 0.1, 0.1, 0], "texture": "#4"},
				"down": {"uv": [0, 0.1, 0.1, 0], "texture": "#4"}
			}
		},
		{
			"from": [5.8, -4, 17.5],
			"to": [10.2, 0, 18.5],
			"rotation": {"angle": 22.5, "axis": "x", "origin": [8, -2, 18.8]},
			"faces": {
				"north": {"uv": [0, 4, 4.4, 0], "texture": "#4"},
				"east": {"uv": [0, 4, 1, 0], "texture": "#4"},
				"south": {"uv": [0, 4, 4.4, 0], "texture": "#4"},
				"west": {"uv": [0, 4, 1, 0], "texture": "#4"},
				"up": {"uv": [0, 0.1, 0.1, 0], "texture": "#4"},
				"down": {"uv": [0, 0.1, 0.1, 0], "texture": "#4"}
			}
		},
		{
			"from": [8.2, 1.55, -8.1],
			"to": [8.45, 1.8, 7],
			"rotation": {"angle": 45, "axis": "z", "origin": [8, 2, -7.15]},
			"faces": {
				"north": {"uv": [0, 0, 1, 1], "texture": "#4"},
				"east": {"uv": [0, 0, 1.7, 1], "texture": "#4"},
				"south": {"uv": [0, 0, 1, 1], "texture": "#4"},
				"west": {"uv": [0, 0, 1.7, 1], "texture": "#4"},
				"up": {"uv": [0, 0, 1, 1.7], "texture": "#4"},
				"down": {"uv": [0, 0, 1, 1.7], "texture": "#4"}
			}
		},
		{
			"from": [7.55, 2.2, -8.1],
			"to": [7.8, 2.45, 7],
			"rotation": {"angle": 45, "axis": "z", "origin": [8, 2, -7.15]},
			"faces": {
				"north": {"uv": [0, 0, 1, 1], "rotation": 180, "texture": "#4"},
				"east": {"uv": [0, 0, 1.7, 1], "rotation": 180, "texture": "#4"},
				"south": {"uv": [0, 0, 1, 1], "rotation": 180, "texture": "#4"},
				"west": {"uv": [0, 0, 1.7, 1], "texture": "#4"},
				"up": {"uv": [0, 0, 1, 1.7], "rotation": 180, "texture": "#4"},
				"down": {"uv": [0, 0, 1, 1.7], "texture": "#4"}
			}
		},
		{
			"from": [7.55, 1.55, -8.1],
			"to": [7.8, 1.8, 7],
			"rotation": {"angle": 45, "axis": "z", "origin": [8, 2, -7.15]},
			"faces": {
				"north": {"uv": [0, 0, 1, 1], "rotation": 270, "texture": "#4"},
				"east": {"uv": [0, 0, 1, 1.7], "rotation": 270, "texture": "#4"},
				"south": {"uv": [0, 0, 1, 1], "rotation": 90, "texture": "#4"},
				"west": {"uv": [0, 0, 1, 1.7], "rotation": 270, "texture": "#4"},
				"up": {"uv": [0, 0, 1.7, 1], "rotation": 90, "texture": "#4"},
				"down": {"uv": [0, 0, 1.7, 1], "rotation": 270, "texture": "#4"}
			}
		},
		{
			"from": [8.2, 2.2, -8.1],
			"to": [8.45, 2.45, 7],
			"rotation": {"angle": 45, "axis": "z", "origin": [8, 2, -7.15]},
			"faces": {
				"north": {"uv": [0, 0, 1, 1], "rotation": 90, "texture": "#4"},
				"east": {"uv": [0, 0, 1, 1.7], "rotation": 90, "texture": "#4"},
				"south": {"uv": [0, 0, 1, 1], "rotation": 270, "texture": "#4"},
				"west": {"uv": [0, 0, 1, 1.7], "rotation": 270, "texture": "#4"},
				"up": {"uv": [0, 0, 1.7, 1], "rotation": 90, "texture": "#4"},
				"down": {"uv": [0, 0, 1.7, 1], "rotation": 90, "texture": "#4"}
			}
		}
	],
	"display": {
		"thirdperson_righthand": {
			"rotation": [0, -15, 0],
			"translation": [0.5, 9.5, -1.5],
			"scale": [1.5, 1.5, 1.5]
		},
		"thirdperson_lefthand": {
			"translation": [-0.5, 9.5, -1.5],
			"scale": [1.5, 1.5, 1.5]
		},
		"firstperson_righthand": {
			"rotation": [6, 3, 0],
			"translation": [7.5, 11.5, 5]
		},
		"ground": {
			"translation": [0, 4, 0]
		},
		"gui": {
			"rotation": [90, 50, -90],
			"translation": [3.25, 3.25, 0],
			"scale": [0.65, 0.65, 0.65]
		},
		"head": {
			"translation": [0, 15.25, -8.75],
			"scale": [3, 3, 3]
		},
		"fixed": {
			"rotation": [90, 50, -90],
			"translation": [3.25, 3.25, 0],
			"scale": [0.65, 0.65, 0.65]
		}
	}
}