{
	"credit": "https://www.youtube.com/c/ZeroCaty",
	"textures": {
		"1": "zcbm/weapons/minigun",
		"2": "zcbm/weapons/minigun_not_spinning",
		"particle": "zcbm/weapons/minigun_not_spinning"
	},
	"elements": [
		{
			"from": [7.125, 6.98552, 14.5],
			"to": [9.07813, 8.98552, 14.75],
			"faces": {
				"north": {"uv": [11.75, 11.25, 12, 11.5], "texture": "#1"},
				"east": {"uv": [0, 0, 1, 1], "texture": "#1"},
				"south": {"uv": [0, 0, 1, 1], "texture": "#1"},
				"west": {"uv": [0, 0, 1, 1], "texture": "#1"},
				"up": {"uv": [0, 0, 1, 1], "texture": "#1"},
				"down": {"uv": [0, 0, 1, 1], "texture": "#1"}
			}
		},
		{
			"from": [6.65625, 6.25114, 14.5],
			"to": [8, 7.40739, 14.75],
			"rotation": {"angle": 45, "axis": "z", "origin": [6.75, 7.04802, 14.625]},
			"faces": {
				"north": {"uv": [11.75, 11.25, 12, 11.5], "texture": "#1"},
				"east": {"uv": [0, 0, 1, 1], "texture": "#1"},
				"south": {"uv": [0, 0, 1, 1], "texture": "#1"},
				"west": {"uv": [11.75, 11.25, 12, 11.5], "texture": "#1"},
				"up": {"uv": [0, 0, 1, 1], "texture": "#1"},
				"down": {"uv": [0, 0, 1, 1], "texture": "#1"}
			}
		},
		{
			"from": [7.23438, 6.40739, 14.5],
			"to": [8.76563, 7.61052, 14.75],
			"faces": {
				"north": {"uv": [11.75, 11.25, 12, 11.5], "texture": "#1"},
				"east": {"uv": [0, 0, 1, 1], "rotation": 270, "texture": "#1"},
				"south": {"uv": [0, 0, 1, 1], "rotation": 90, "texture": "#1"},
				"west": {"uv": [0, 0, 1, 1], "rotation": 270, "texture": "#1"},
				"up": {"uv": [0, 0, 1, 1], "rotation": 270, "texture": "#1"},
				"down": {"uv": [11.75, 11.25, 12, 11.5], "texture": "#1"}
			}
		},
		{
			"from": [6.42188, 7.23552, 14.5],
			"to": [7.625, 8.73552, 14.75],
			"faces": {
				"north": {"uv": [11.75, 11.25, 12, 11.5], "texture": "#1"},
				"east": {"uv": [0, 0, 1, 1], "texture": "#1"},
				"south": {"uv": [0, 0, 1, 1], "texture": "#1"},
				"west": {"uv": [11.75, 11.25, 12, 11.5], "texture": "#1"},
				"up": {"uv": [0, 0, 1, 1], "texture": "#1"},
				"down": {"uv": [0, 0, 1, 1], "texture": "#1"}
			}
		},
		{
			"from": [6.65625, 8.54802, 14.5],
			"to": [8, 9.73552, 14.75],
			"rotation": {"angle": -45, "axis": "z", "origin": [6.75, 8.92302, 14.625]},
			"faces": {
				"north": {"uv": [11.75, 11.25, 12, 11.5], "texture": "#1"},
				"east": {"uv": [0, 0, 1, 1], "texture": "#1"},
				"south": {"uv": [0, 0, 1, 1], "texture": "#1"},
				"west": {"uv": [11.75, 11.25, 12, 11.5], "texture": "#1"},
				"up": {"uv": [0, 0, 1, 1], "texture": "#1"},
				"down": {"uv": [0, 0, 1, 1], "texture": "#1"}
			}
		},
		{
			"from": [7.25, 8.36052, 14.5],
			"to": [8.75, 9.56364, 14.75],
			"faces": {
				"north": {"uv": [11.75, 11.25, 12, 11.5], "texture": "#1"},
				"east": {"uv": [0, 0, 1, 1], "rotation": 270, "texture": "#1"},
				"south": {"uv": [0, 0, 1, 1], "rotation": 90, "texture": "#1"},
				"west": {"uv": [0, 0, 1, 1], "rotation": 270, "texture": "#1"},
				"up": {"uv": [11.75, 11.25, 12, 11.5], "texture": "#1"},
				"down": {"uv": [0, 0, 1, 1], "rotation": 270, "texture": "#1"}
			}
		},
		{
			"from": [8, 8.56364, 14.5],
			"to": [9.34375, 9.71989, 14.75],
			"rotation": {"angle": 45, "axis": "z", "origin": [9.25, 8.92302, 14.625]},
			"faces": {
				"north": {"uv": [11.75, 11.25, 12, 11.5], "texture": "#1"},
				"east": {"uv": [11.75, 11.25, 12, 11.5], "texture": "#1"},
				"south": {"uv": [0, 0, 1, 1], "texture": "#1"},
				"west": {"uv": [0, 0, 1, 1], "texture": "#1"},
				"up": {"uv": [0, 0, 1, 1], "texture": "#1"},
				"down": {"uv": [0, 0, 1, 1], "texture": "#1"}
			}
		},
		{
			"from": [8.375, 7.23552, 14.5],
			"to": [9.57813, 8.73552, 14.75],
			"faces": {
				"north": {"uv": [11.75, 11.25, 12, 11.5], "texture": "#1"},
				"east": {"uv": [11.75, 11.25, 12, 11.5], "texture": "#1"},
				"south": {"uv": [0, 0, 1, 1], "texture": "#1"},
				"west": {"uv": [0, 0, 1, 1], "texture": "#1"},
				"up": {"uv": [0, 0, 1, 1], "texture": "#1"},
				"down": {"uv": [0, 0, 1, 1], "texture": "#1"}
			}
		},
		{
			"from": [8, 6.23552, 14.5],
			"to": [9.34375, 7.42302, 14.75],
			"rotation": {"angle": -45, "axis": "z", "origin": [9.25, 7.04802, 14.625]},
			"faces": {
				"north": {"uv": [11.75, 11.25, 12, 11.5], "texture": "#1"},
				"east": {"uv": [11.75, 11.25, 12, 11.5], "texture": "#1"},
				"south": {"uv": [0, 0, 1, 1], "texture": "#1"},
				"west": {"uv": [0, 0, 1, 1], "texture": "#1"},
				"up": {"uv": [0, 0, 1, 1], "texture": "#1"},
				"down": {"uv": [0, 0, 1, 1], "texture": "#1"}
			}
		},
		{
			"from": [7.375, 7.23552, 20],
			"to": [8.82813, 8.73552, 20.25],
			"faces": {
				"north": {"uv": [11, 0, 12, 1], "texture": "#1"},
				"east": {"uv": [0, 0, 1, 1], "texture": "#1"},
				"south": {"uv": [11, 0, 12, 1], "texture": "#1"},
				"west": {"uv": [0, 0, 1, 1], "texture": "#1"},
				"up": {"uv": [0, 0, 1, 1], "texture": "#1"},
				"down": {"uv": [0, 0, 1, 1], "texture": "#1"}
			}
		},
		{
			"from": [6.5625, 6.25114, 14.75],
			"to": [8.0625, 7.42302, 15],
			"rotation": {"angle": 45, "axis": "z", "origin": [6.75, 7.04802, 14.875]},
			"faces": {
				"north": {"uv": [0, 0, 1, 1], "texture": "#1"},
				"east": {"uv": [0, 0, 1, 1], "texture": "#1"},
				"south": {"uv": [11, 0, 12, 1], "texture": "#1"},
				"west": {"uv": [0, 0, 0.25, 1.17188], "texture": "#1"},
				"up": {"uv": [0, 0, 1, 1], "texture": "#1"},
				"down": {"uv": [0, 0, 1, 1], "texture": "#1"}
			}
		},
		{
			"from": [7.17188, 6.34489, 14.75],
			"to": [8.82813, 7.67302, 15],
			"faces": {
				"north": {"uv": [0, 0, 1, 1], "texture": "#1"},
				"east": {"uv": [0, 0, 1, 1], "rotation": 270, "texture": "#1"},
				"south": {"uv": [11, 0, 12, 1], "texture": "#1"},
				"west": {"uv": [0, 0, 1, 1], "rotation": 270, "texture": "#1"},
				"up": {"uv": [0, 0, 1, 1], "rotation": 270, "texture": "#1"},
				"down": {"uv": [0, 0, 0.25, 1.17188], "texture": "#1"}
			}
		},
		{
			"from": [6.35938, 7.17302, 14.75],
			"to": [7.6875, 8.79802, 15],
			"faces": {
				"north": {"uv": [0, 0, 1, 1], "texture": "#1"},
				"east": {"uv": [0, 0, 1, 1], "texture": "#1"},
				"south": {"uv": [11, 0, 12, 1], "texture": "#1"},
				"west": {"uv": [0, 0, 0.25, 1.625], "texture": "#1"},
				"up": {"uv": [0, 0, 1, 1], "texture": "#1"},
				"down": {"uv": [0, 0, 1, 1], "texture": "#1"}
			}
		},
		{
			"from": [6.5625, 8.54802, 14.75],
			"to": [8.0625, 9.71989, 15],
			"rotation": {"angle": -45, "axis": "z", "origin": [6.75, 8.92302, 14.875]},
			"faces": {
				"north": {"uv": [0, 0, 1, 1], "texture": "#1"},
				"east": {"uv": [0, 0, 1, 1], "texture": "#1"},
				"south": {"uv": [11, 0, 12, 1], "texture": "#1"},
				"west": {"uv": [0, 0, 0.25, 1.17188], "texture": "#1"},
				"up": {"uv": [0, 0, 1, 1], "texture": "#1"},
				"down": {"uv": [0, 0, 1, 1], "texture": "#1"}
			}
		},
		{
			"from": [7.1875, 8.29802, 14.75],
			"to": [8.8125, 9.62614, 15],
			"faces": {
				"north": {"uv": [0, 0, 1, 1], "texture": "#1"},
				"east": {"uv": [0, 0, 1, 1], "rotation": 270, "texture": "#1"},
				"south": {"uv": [11, 0, 12, 1], "texture": "#1"},
				"west": {"uv": [0, 0, 1, 1], "rotation": 270, "texture": "#1"},
				"up": {"uv": [0, 0, 0.25, 1.17188], "rotation": 90, "texture": "#1"},
				"down": {"uv": [0, 0, 1, 1], "rotation": 270, "texture": "#1"}
			}
		},
		{
			"from": [7.9375, 8.57927, 14.75],
			"to": [9.4375, 9.71989, 15],
			"rotation": {"angle": 45, "axis": "z", "origin": [9.25, 8.92302, 14.875]},
			"faces": {
				"north": {"uv": [0, 0, 1, 1], "texture": "#1"},
				"east": {"uv": [0, 0, 0.25, 1.17188], "texture": "#1"},
				"south": {"uv": [11, 0, 12, 1], "texture": "#1"},
				"west": {"uv": [0, 0, 1, 1], "texture": "#1"},
				"up": {"uv": [0, 0, 1, 1], "texture": "#1"},
				"down": {"uv": [0, 0, 1, 1], "texture": "#1"}
			}
		},
		{
			"from": [8.3125, 7.17302, 14.75],
			"to": [9.64063, 8.79802, 15],
			"faces": {
				"north": {"uv": [0, 0, 1, 1], "texture": "#1"},
				"east": {"uv": [0, 0, 0.25, 1.17188], "texture": "#1"},
				"south": {"uv": [11, 0, 12, 1], "texture": "#1"},
				"west": {"uv": [0, 0, 1, 1], "texture": "#1"},
				"up": {"uv": [0, 0, 1, 1], "texture": "#1"},
				"down": {"uv": [0, 0, 1, 1], "texture": "#1"}
			}
		},
		{
			"from": [7.9375, 6.23552, 14.75],
			"to": [9.4375, 7.42302, 15],
			"rotation": {"angle": -45, "axis": "z", "origin": [9.25, 7.04802, 14.875]},
			"faces": {
				"north": {"uv": [0, 0, 1, 1], "texture": "#1"},
				"east": {"uv": [0, 0, 0.25, 1.17188], "texture": "#1"},
				"south": {"uv": [11, 0, 12, 1], "texture": "#1"},
				"west": {"uv": [0, 0, 1, 1], "texture": "#1"},
				"up": {"uv": [0, 0, 1, 1], "texture": "#1"},
				"down": {"uv": [0, 0, 1, 1], "texture": "#1"}
			}
		},
		{
			"from": [8.4375, 6.42302, 16],
			"to": [8.875, 7.29802, 20.25],
			"rotation": {"angle": -45, "axis": "z", "origin": [9.25, 7.04802, 16.125]},
			"faces": {
				"north": {"uv": [0, 0, 0.25, 1.17188], "texture": "#1"},
				"east": {"uv": [2, 0, 6.25, 0.73438], "texture": "#1"},
				"south": {"uv": [11, 0, 12, 1], "texture": "#1"},
				"west": {"uv": [0, 0, 0.25, 1.17188], "texture": "#1"},
				"up": {"uv": [0, 0, 0.25, 1.17188], "texture": "#1"},
				"down": {"uv": [0, 0, 0.25, 1.17188], "texture": "#1"}
			}
		},
		{
			"from": [8.5625, 7.48552, 16],
			"to": [9.17188, 8.48552, 20.25],
			"faces": {
				"north": {"uv": [0, 0, 0.25, 1.17188], "texture": "#1"},
				"east": {"uv": [2, 0, 6.25, 1], "texture": "#1"},
				"south": {"uv": [11, 0, 12, 1], "texture": "#1"},
				"west": {"uv": [0, 0, 0.25, 1.17188], "texture": "#1"},
				"up": {"uv": [0, 0, 0.25, 1.17188], "texture": "#1"},
				"down": {"uv": [0, 0, 0.25, 1.17188], "texture": "#1"}
			}
		},
		{
			"from": [8.4375, 8.67302, 16],
			"to": [8.89063, 9.53239, 20.25],
			"rotation": {"angle": 45, "axis": "z", "origin": [9.25, 8.92302, 16.125]},
			"faces": {
				"north": {"uv": [0, 0, 0.25, 1.17188], "texture": "#1"},
				"east": {"uv": [2, 0, 6.25, 0.73438], "texture": "#1"},
				"south": {"uv": [11, 0, 12, 1], "texture": "#1"},
				"west": {"uv": [0, 0, 0.25, 1.17188], "texture": "#1"},
				"up": {"uv": [0, 0, 0.25, 1.17188], "texture": "#1"},
				"down": {"uv": [0, 0, 0.25, 1.17188], "texture": "#1"}
			}
		},
		{
			"from": [7.4375, 8.54802, 16],
			"to": [8.5625, 9.09489, 20.25],
			"faces": {
				"north": {"uv": [0, 0, 0.25, 1.17188], "texture": "#1"},
				"east": {"uv": [0, 0, 0.25, 1.17188], "rotation": 270, "texture": "#1"},
				"south": {"uv": [11, 0, 12, 1], "texture": "#1"},
				"west": {"uv": [0, 0, 0.25, 1.17188], "texture": "#1"},
				"up": {"uv": [2, 0, 6.25, 1], "rotation": 90, "texture": "#1"},
				"down": {"uv": [0, 0, 0.25, 1.17188], "rotation": 270, "texture": "#1"}
			}
		},
		{
			"from": [7.10938, 8.67302, 16],
			"to": [7.5625, 9.53239, 20.25],
			"rotation": {"angle": -45, "axis": "z", "origin": [6.75, 8.92302, 16.125]},
			"faces": {
				"north": {"uv": [0.25, 0, 0, 1.17188], "texture": "#1"},
				"east": {"uv": [0.25, 0, 0, 1.17188], "texture": "#1"},
				"south": {"uv": [11, 0, 12, 1], "texture": "#1"},
				"west": {"uv": [2, 0, 6.25, 0.73438], "texture": "#1"},
				"up": {"uv": [0.25, 0, 0, 1.17188], "texture": "#1"},
				"down": {"uv": [0.25, 0, 0, 1.17188], "texture": "#1"}
			}
		},
		{
			"from": [6.82813, 7.50114, 16],
			"to": [7.6875, 8.50114, 20.25],
			"faces": {
				"north": {"uv": [0.25, 0, 0, 1.17188], "texture": "#1"},
				"east": {"uv": [0.25, 0, 0, 1.17188], "texture": "#1"},
				"south": {"uv": [11, 0, 12, 1], "texture": "#1"},
				"west": {"uv": [2, 0, 6.25, 1], "texture": "#1"},
				"up": {"uv": [0.25, 0, 0, 1.17188], "texture": "#1"},
				"down": {"uv": [0.25, 0, 0, 1.17188], "texture": "#1"}
			}
		},
		{
			"from": [7.125, 6.42302, 16],
			"to": [7.5625, 7.29802, 20.25],
			"rotation": {"angle": 45, "axis": "z", "origin": [6.75, 7.04802, 16.125]},
			"faces": {
				"north": {"uv": [0.25, 0, 0, 1.17188], "texture": "#1"},
				"east": {"uv": [0.25, 0, 0, 1.17188], "texture": "#1"},
				"south": {"uv": [11, 0, 12, 1], "texture": "#1"},
				"west": {"uv": [2, 0, 6.25, 0.73438], "texture": "#1"},
				"up": {"uv": [0.25, 0, 0, 1.17188], "texture": "#1"},
				"down": {"uv": [0.25, 0, 0, 1.17188], "texture": "#1"}
			}
		},
		{
			"from": [7.45313, 6.87614, 16],
			"to": [8.54688, 7.42302, 20.25],
			"faces": {
				"north": {"uv": [0, 0, 0.25, 1.17188], "texture": "#1"},
				"east": {"uv": [0, 0, 0.25, 1.17188], "rotation": 270, "texture": "#1"},
				"south": {"uv": [11, 0, 12, 1], "texture": "#1"},
				"west": {"uv": [0, 0, 0.25, 1.17188], "texture": "#1"},
				"up": {"uv": [2, 0, 6.25, 1.5], "rotation": 90, "texture": "#1"},
				"down": {"uv": [2, 0, 6.25, 1], "rotation": 90, "texture": "#1"}
			}
		},
		{
			"from": [7.10938, 8.67302, 16],
			"to": [7.5625, 9.53239, 20.25],
			"rotation": {"angle": -45, "axis": "z", "origin": [6.75, 8.92302, 16.125]},
			"faces": {
				"north": {"uv": [0.25, 0, 0, 1.17188], "texture": "#1"},
				"east": {"uv": [0.25, 0, 0, 1.17188], "texture": "#1"},
				"south": {"uv": [11, 0, 12, 1], "texture": "#1"},
				"west": {"uv": [5.25, 0, 2, 1.1875], "texture": "#1"},
				"up": {"uv": [0.25, 0, 0, 1.17188], "texture": "#1"},
				"down": {"uv": [0.25, 0, 0, 1.17188], "texture": "#1"}
			}
		},
		{
			"from": [6.67188, 7.23552, 15],
			"to": [7.375, 8.73552, 16],
			"faces": {
				"north": {"uv": [0, 0, 0.25, 1.17188], "texture": "#1"},
				"east": {"uv": [0, 0, 0.25, 1.17188], "texture": "#1"},
				"south": {"uv": [11, 0, 12, 1], "texture": "#1"},
				"west": {"uv": [3, 0, 4, 1.5], "texture": "#1"},
				"up": {"uv": [0, 0, 0.25, 1.17188], "texture": "#1"},
				"down": {"uv": [0, 0, 0.25, 1.17188], "texture": "#1"}
			}
		},
		{
			"from": [6.71875, 6.31364, 15],
			"to": [7.9375, 7.34489, 16],
			"rotation": {"angle": 45, "axis": "z", "origin": [6.75, 7.04802, 15.125]},
			"faces": {
				"north": {"uv": [0, 0, 0.25, 1.17188], "texture": "#1"},
				"east": {"uv": [0, 0, 0.25, 1.17188], "texture": "#1"},
				"south": {"uv": [11, 0, 12, 1], "texture": "#1"},
				"west": {"uv": [3, 0, 4, 1.1875], "texture": "#1"},
				"up": {"uv": [0, 0, 0.25, 1.17188], "texture": "#1"},
				"down": {"uv": [0, 0, 0.25, 1.17188], "texture": "#1"}
			}
		},
		{
			"from": [7.23438, 6.65739, 15],
			"to": [8.76563, 7.36052, 16],
			"faces": {
				"north": {"uv": [0, 0, 0.25, 1.17188], "texture": "#1"},
				"east": {"uv": [0, 0, 0.25, 1.17188], "rotation": 270, "texture": "#1"},
				"south": {"uv": [11, 0, 12, 1], "texture": "#1"},
				"west": {"uv": [0, 0, 0.25, 1.17188], "texture": "#1"},
				"up": {"uv": [0, 0, 0.25, 1.17188], "rotation": 270, "texture": "#1"},
				"down": {"uv": [3, 0, 4, 1.5], "rotation": 90, "texture": "#1"}
			}
		},
		{
			"from": [8.0625, 6.29802, 15],
			"to": [9.28125, 7.36052, 16],
			"rotation": {"angle": -45, "axis": "z", "origin": [9.25, 7.04802, 15.125]},
			"faces": {
				"north": {"uv": [0, 0, 0.25, 1.17188], "texture": "#1"},
				"east": {"uv": [3, 0, 4, 1.1875], "texture": "#1"},
				"south": {"uv": [11, 0, 12, 1], "texture": "#1"},
				"west": {"uv": [0, 0, 0.25, 1.17188], "texture": "#1"},
				"up": {"uv": [0, 0, 0.25, 1.17188], "texture": "#1"},
				"down": {"uv": [0, 0, 0.25, 1.17188], "texture": "#1"}
			}
		},
		{
			"from": [8.625, 7.23552, 15],
			"to": [9.32813, 8.73552, 16],
			"faces": {
				"north": {"uv": [0, 0, 0.25, 1.17188], "texture": "#1"},
				"east": {"uv": [3, 0, 4, 1.5], "texture": "#1"},
				"south": {"uv": [11, 0, 12, 1], "texture": "#1"},
				"west": {"uv": [0, 0, 0.25, 1.17188], "texture": "#1"},
				"up": {"uv": [0, 0, 0.25, 1.17188], "texture": "#1"},
				"down": {"uv": [0, 0, 0.25, 1.17188], "texture": "#1"}
			}
		},
		{
			"from": [8.0625, 8.62614, 15],
			"to": [9.28125, 9.65739, 16],
			"rotation": {"angle": 45, "axis": "z", "origin": [9.25, 8.92302, 15.125]},
			"faces": {
				"north": {"uv": [0, 0, 0.25, 1.17188], "texture": "#1"},
				"east": {"uv": [3, 0, 4, 1.1875], "texture": "#1"},
				"south": {"uv": [11, 0, 12, 1], "texture": "#1"},
				"west": {"uv": [0, 0, 0.25, 1.17188], "texture": "#1"},
				"up": {"uv": [0, 0, 0.25, 1.17188], "texture": "#1"},
				"down": {"uv": [0, 0, 0.25, 1.17188], "texture": "#1"}
			}
		},
		{
			"from": [7.25, 8.61052, 15],
			"to": [8.75, 9.31364, 16],
			"faces": {
				"north": {"uv": [0, 0, 0.25, 1.17188], "texture": "#1"},
				"east": {"uv": [0, 0, 0.25, 1.17188], "rotation": 270, "texture": "#1"},
				"south": {"uv": [11, 0, 12, 1], "texture": "#1"},
				"west": {"uv": [0, 0, 0.25, 1.17188], "texture": "#1"},
				"up": {"uv": [3, 0, 4, 1.5], "rotation": 90, "texture": "#1"},
				"down": {"uv": [0, 0, 0.25, 1.17188], "rotation": 270, "texture": "#1"}
			}
		},
		{
			"from": [6.71875, 8.61052, 15],
			"to": [7.9375, 9.67302, 16],
			"rotation": {"angle": -45, "axis": "z", "origin": [6.75, 8.92302, 15.125]},
			"faces": {
				"north": {"uv": [0, 0, 0.25, 1.17188], "texture": "#1"},
				"east": {"uv": [0, 0, 0.25, 1.17188], "texture": "#1"},
				"south": {"uv": [11, 0, 12, 1], "texture": "#1"},
				"west": {"uv": [3, 0, 4, 1.1875], "texture": "#1"},
				"up": {"uv": [0, 0, 0.25, 1.17188], "texture": "#1"},
				"down": {"uv": [0, 0, 0.25, 1.17188], "texture": "#1"}
			}
		},
		{
			"from": [5.22869, 9.36307, 14.125],
			"to": [5.47869, 9.61307, 15.125],
			"rotation": {"angle": -22.5, "axis": "z", "origin": [6.65056, 9.33182, 15.5]},
			"faces": {
				"north": {"uv": [0, 0, 0.25, 1.17188], "texture": "#1"},
				"east": {"uv": [0, 0, 0.25, 1.17188], "rotation": 180, "texture": "#1"},
				"south": {"uv": [11, 0, 12, 1], "texture": "#1"},
				"west": {"uv": [2.25, 4.75, 3.25, 5.9375], "rotation": 180, "texture": "#1"},
				"up": {"uv": [0, 0, 0.25, 1.17188], "rotation": 180, "texture": "#1"},
				"down": {"uv": [0, 0, 0.25, 1.17188], "rotation": 180, "texture": "#1"}
			}
		},
		{
			"from": [5.10369, 9.23807, 14.625],
			"to": [5.60369, 9.73807, 15.4375],
			"rotation": {"angle": -22.5, "axis": "z", "origin": [6.65056, 9.33182, 15.5]},
			"faces": {
				"north": {"uv": [0, 0, 0.25, 1.17188], "texture": "#1"},
				"east": {"uv": [0, 0, 0.25, 1.17188], "rotation": 180, "texture": "#1"},
				"south": {"uv": [11, 0, 12, 1], "texture": "#1"},
				"west": {"uv": [5.25, 5, 6.25, 6.1875], "rotation": 180, "texture": "#1"},
				"up": {"uv": [0, 0, 0.25, 1.17188], "rotation": 180, "texture": "#1"},
				"down": {"uv": [0, 0, 0.25, 1.17188], "rotation": 180, "texture": "#1"}
			}
		},
		{
			"from": [5.1372, 9.59746, 15.4375],
			"to": [5.8872, 10.34746, 15.6875],
			"rotation": {"angle": -22.5, "axis": "z", "origin": [5.5122, 9.97246, 15.5625]},
			"faces": {
				"north": {"uv": [0, 0, 0.25, 1.17188], "texture": "#1"},
				"east": {"uv": [0, 0, 0.25, 1.17188], "texture": "#1"},
				"south": {"uv": [3.75, 6.25, 4.75, 7.25], "texture": "#1"},
				"west": {"uv": [5.25, 5, 6.25, 6.1875], "texture": "#1"},
				"up": {"uv": [0, 0, 0.25, 1.17188], "texture": "#1"},
				"down": {"uv": [6, 8, 6.25, 9.17188], "texture": "#1"}
			}
		},
		{
			"from": [5.8872, 9.65996, 15.4375],
			"to": [7.3872, 10.09746, 15.6875],
			"rotation": {"angle": -22.5, "axis": "z", "origin": [5.5122, 9.97246, 15.5625]},
			"faces": {
				"north": {"uv": [0, 0, 0.25, 1.17188], "texture": "#1"},
				"east": {"uv": [0, 0, 0.25, 1.17188], "texture": "#1"},
				"south": {"uv": [3.75, 6.25, 4.75, 7.25], "texture": "#1"},
				"west": {"uv": [5.25, 5, 6.25, 6.1875], "texture": "#1"},
				"up": {"uv": [0, 0, 0.25, 1.17188], "texture": "#1"},
				"down": {"uv": [6, 8, 6.25, 9.17188], "texture": "#1"}
			}
		},
		{
			"from": [8.6128, 9.65996, 15.4375],
			"to": [10.1128, 10.09746, 15.6875],
			"rotation": {"angle": 22.5, "axis": "z", "origin": [10.4878, 9.97246, 15.5625]},
			"faces": {
				"north": {"uv": [0.25, 0, 0, 1.17188], "texture": "#1"},
				"east": {"uv": [6.25, 5, 5.25, 6.1875], "texture": "#1"},
				"south": {"uv": [4.75, 6.25, 3.75, 7.25], "texture": "#1"},
				"west": {"uv": [0.25, 0, 0, 1.17188], "texture": "#1"},
				"up": {"uv": [0.25, 0, 0, 1.17188], "texture": "#1"},
				"down": {"uv": [6.25, 8, 6, 9.17188], "texture": "#1"}
			}
		},
		{
			"from": [10.1128, 9.59746, 15.4375],
			"to": [10.8628, 10.34746, 15.6875],
			"rotation": {"angle": 22.5, "axis": "z", "origin": [10.4878, 9.97246, 15.5625]},
			"faces": {
				"north": {"uv": [0.25, 0, 0, 1.17188], "texture": "#1"},
				"east": {"uv": [6.25, 5, 5.25, 6.1875], "texture": "#1"},
				"south": {"uv": [4.75, 6.25, 3.75, 7.25], "texture": "#1"},
				"west": {"uv": [0.25, 0, 0, 1.17188], "texture": "#1"},
				"up": {"uv": [0.25, 0, 0, 1.17188], "texture": "#1"},
				"down": {"uv": [6.25, 8, 6, 9.17188], "texture": "#1"}
			}
		},
		{
			"from": [10.39631, 9.23807, 14.625],
			"to": [10.89631, 9.73807, 15.4375],
			"rotation": {"angle": 22.5, "axis": "z", "origin": [9.34944, 9.33182, 15.5]},
			"faces": {
				"north": {"uv": [0.25, 0, 0, 1.17188], "texture": "#1"},
				"east": {"uv": [6.25, 5, 5.25, 6.1875], "rotation": 180, "texture": "#1"},
				"south": {"uv": [12, 0, 11, 1], "texture": "#1"},
				"west": {"uv": [0.25, 0, 0, 1.17188], "rotation": 180, "texture": "#1"},
				"up": {"uv": [0.25, 0, 0, 1.17188], "rotation": 180, "texture": "#1"},
				"down": {"uv": [0.25, 0, 0, 1.17188], "rotation": 180, "texture": "#1"}
			}
		},
		{
			"from": [10.52131, 9.36307, 14.125],
			"to": [10.77131, 9.61307, 15.125],
			"rotation": {"angle": 22.5, "axis": "z", "origin": [9.34944, 9.33182, 15.5]},
			"faces": {
				"north": {"uv": [0.25, 0, 0, 1.17188], "texture": "#1"},
				"east": {"uv": [3.25, 4.75, 2.25, 5.9375], "rotation": 180, "texture": "#1"},
				"south": {"uv": [12, 0, 11, 1], "texture": "#1"},
				"west": {"uv": [0.25, 0, 0, 1.17188], "rotation": 180, "texture": "#1"},
				"up": {"uv": [0.25, 0, 0, 1.17188], "rotation": 180, "texture": "#1"},
				"down": {"uv": [0.25, 0, 0, 1.17188], "rotation": 180, "texture": "#1"}
			}
		},
		{
			"from": [7.8125, 6.80284, -2.75],
			"to": [8.1875, 7.17784, 14.75],
			"rotation": {"angle": -22.5, "axis": "z", "origin": [8, 8, 7]},
			"faces": {
				"north": {"uv": [0.25, 0, 1.25, 1], "texture": "#2"},
				"east": {"uv": [0, 0, 0.25, 16], "rotation": 90, "texture": "#2"},
				"south": {"uv": [0.25, 0, 1.25, 1], "texture": "#2"},
				"west": {"uv": [0, 0, 0.25, 16], "rotation": 90, "texture": "#2"},
				"up": {"uv": [0, 0, 0.25, 16], "texture": "#2"},
				"down": {"uv": [0, 0, 0.25, 16], "texture": "#2"}
			}
		},
		{
			"from": [7.8125, 8.80284, -2.75],
			"to": [8.1875, 9.17784, 14.75],
			"rotation": {"angle": 22.5, "axis": "z", "origin": [8, 8, 7]},
			"faces": {
				"north": {"uv": [0.25, 0, 1.25, 1], "texture": "#2"},
				"east": {"uv": [0, 0, 0.25, 16], "rotation": 90, "texture": "#2"},
				"south": {"uv": [0.25, 0, 1.25, 1], "texture": "#2"},
				"west": {"uv": [0, 0, 0.25, 16], "rotation": 90, "texture": "#2"},
				"up": {"uv": [0, 0, 0.25, 16], "texture": "#2"},
				"down": {"uv": [0, 0, 0.25, 16], "texture": "#2"}
			}
		},
		{
			"from": [7.8125, 8.80284, -2.75],
			"to": [8.1875, 9.17784, 14.75],
			"rotation": {"angle": -22.5, "axis": "z", "origin": [8, 8, 7]},
			"faces": {
				"north": {"uv": [0.25, 0, 1.25, 1], "texture": "#2"},
				"east": {"uv": [0, 0, 0.25, 16], "rotation": 90, "texture": "#2"},
				"south": {"uv": [0.25, 0, 1.25, 1], "texture": "#2"},
				"west": {"uv": [0, 0, 0.25, 16], "rotation": 90, "texture": "#2"},
				"up": {"uv": [0, 0, 0.25, 16], "texture": "#2"},
				"down": {"uv": [0, 0, 0.25, 16], "texture": "#2"}
			}
		},
		{
			"from": [7.8125, 6.80284, -2.75],
			"to": [8.1875, 7.17784, 14.75],
			"rotation": {"angle": 22.5, "axis": "z", "origin": [8, 8, 7]},
			"faces": {
				"north": {"uv": [0.25, 0, 1.25, 1], "texture": "#2"},
				"east": {"uv": [0, 0, 0.25, 16], "rotation": 90, "texture": "#2"},
				"south": {"uv": [0.25, 0, 1.25, 1], "texture": "#2"},
				"west": {"uv": [0, 0, 0.25, 16], "rotation": 90, "texture": "#2"},
				"up": {"uv": [0, 0, 0.25, 16], "texture": "#2"},
				"down": {"uv": [0, 0, 0.25, 16], "texture": "#2"}
			}
		},
		{
			"from": [6.82216, 7.8125, -2.75],
			"to": [7.19716, 8.1875, 14.75],
			"rotation": {"angle": -22.5, "axis": "z", "origin": [8, 8, 7]},
			"faces": {
				"north": {"uv": [0.25, 0, 1.25, 1], "rotation": 90, "texture": "#2"},
				"east": {"uv": [0, 0, 0.25, 16], "rotation": 90, "texture": "#2"},
				"south": {"uv": [0.25, 0, 1.25, 1], "texture": "#2"},
				"west": {"uv": [0, 0, 0.25, 16], "rotation": 90, "texture": "#2"},
				"up": {"uv": [0, 0, 0.25, 16], "texture": "#2"},
				"down": {"uv": [0, 0, 0.25, 16], "texture": "#2"}
			}
		},
		{
			"from": [6.82216, 7.8125, -2.75],
			"to": [7.19716, 8.1875, 14.75],
			"rotation": {"angle": 22.5, "axis": "z", "origin": [8, 8, 7]},
			"faces": {
				"north": {"uv": [0.25, 0, 1.25, 1], "rotation": 90, "texture": "#2"},
				"east": {"uv": [0, 0, 0.25, 16], "rotation": 90, "texture": "#2"},
				"south": {"uv": [0.25, 0, 1.25, 1], "texture": "#2"},
				"west": {"uv": [0, 0, 0.25, 16], "rotation": 90, "texture": "#2"},
				"up": {"uv": [0, 0, 0.25, 16], "texture": "#2"},
				"down": {"uv": [0, 0, 0.25, 16], "texture": "#2"}
			}
		},
		{
			"from": [8.80284, 7.8125, -2.75],
			"to": [9.17784, 8.1875, 14.75],
			"rotation": {"angle": 22.5, "axis": "z", "origin": [8, 8, 7]},
			"faces": {
				"north": {"uv": [0.25, 0, 1.25, 1], "rotation": 270, "texture": "#2"},
				"east": {"uv": [0, 0, 0.25, 16], "rotation": 90, "texture": "#2"},
				"south": {"uv": [0.25, 0, 1.25, 1], "texture": "#2"},
				"west": {"uv": [0, 0, 0.25, 16], "rotation": 90, "texture": "#2"},
				"up": {"uv": [0, 0, 0.25, 16], "texture": "#2"},
				"down": {"uv": [0, 0, 0.25, 16], "texture": "#2"}
			}
		},
		{
			"from": [8.80284, 7.8125, -2.75],
			"to": [9.17784, 8.1875, 14.75],
			"rotation": {"angle": -22.5, "axis": "z", "origin": [8, 8, 7]},
			"faces": {
				"north": {"uv": [0.25, 0, 1.25, 1], "rotation": 270, "texture": "#2"},
				"east": {"uv": [0, 0, 0.25, 16], "rotation": 90, "texture": "#2"},
				"south": {"uv": [0.25, 0, 1.25, 1], "texture": "#2"},
				"west": {"uv": [0, 0, 0.25, 16], "rotation": 90, "texture": "#2"},
				"up": {"uv": [0, 0, 0.25, 16], "texture": "#2"},
				"down": {"uv": [0, 0, 0.25, 16], "texture": "#2"}
			}
		},
		{
			"from": [7.375, 7.23552, -1.95],
			"to": [8.72813, 8.73552, -1.7],
			"faces": {
				"north": {"uv": [0.25, 14.75, 0.5, 15], "rotation": 180, "texture": "#2"},
				"east": {"uv": [0.25, 14.75, 0.5, 15], "rotation": 180, "texture": "#2"},
				"south": {"uv": [0.25, 14.75, 0.5, 15], "rotation": 180, "texture": "#2"},
				"west": {"uv": [0.25, 14.75, 0.5, 15], "rotation": 180, "texture": "#2"},
				"up": {"uv": [0.25, 14.75, 0.5, 15], "rotation": 180, "texture": "#2"},
				"down": {"uv": [0.25, 14.75, 0.5, 15], "rotation": 180, "texture": "#2"}
			}
		},
		{
			"from": [6.67188, 7.48552, -1.95],
			"to": [7.375, 8.48552, -1.7],
			"faces": {
				"north": {"uv": [0.25, 14.75, 0.5, 15], "rotation": 180, "texture": "#2"},
				"east": {"uv": [0.25, 14.75, 0.5, 15], "rotation": 180, "texture": "#2"},
				"south": {"uv": [0.25, 14.75, 0.5, 15], "rotation": 180, "texture": "#2"},
				"west": {"uv": [0.25, 14.75, 0.5, 15], "rotation": 180, "texture": "#2"},
				"up": {"uv": [0.25, 14.75, 0.5, 15], "rotation": 180, "texture": "#2"},
				"down": {"uv": [0.25, 14.75, 0.5, 15], "rotation": 180, "texture": "#2"}
			}
		},
		{
			"from": [7, 6.25114, -1.95],
			"to": [7.75, 7.40739, -1.7],
			"rotation": {"angle": 45, "axis": "z", "origin": [6.75, 7.04802, -1.825]},
			"faces": {
				"north": {"uv": [0.25, 14.75, 0.5, 15], "rotation": 180, "texture": "#2"},
				"east": {"uv": [0.25, 14.75, 0.5, 15], "rotation": 180, "texture": "#2"},
				"south": {"uv": [0.25, 14.75, 0.5, 15], "rotation": 180, "texture": "#2"},
				"west": {"uv": [0.25, 14.75, 0.5, 15], "rotation": 180, "texture": "#2"},
				"up": {"uv": [0.25, 14.75, 0.5, 15], "rotation": 180, "texture": "#2"},
				"down": {"uv": [0.25, 14.75, 0.5, 15], "rotation": 180, "texture": "#2"}
			}
		},
		{
			"from": [7.48438, 6.65739, -1.95],
			"to": [8.51563, 7.36052, -1.7],
			"faces": {
				"north": {"uv": [0.25, 14.75, 0.5, 15], "rotation": 180, "texture": "#2"},
				"east": {"uv": [0.25, 14.75, 0.5, 15], "rotation": 180, "texture": "#2"},
				"south": {"uv": [0.25, 14.75, 0.5, 15], "rotation": 180, "texture": "#2"},
				"west": {"uv": [0.25, 14.75, 0.5, 15], "rotation": 180, "texture": "#2"},
				"up": {"uv": [0.25, 14.75, 0.5, 15], "rotation": 180, "texture": "#2"},
				"down": {"uv": [0.25, 14.75, 0.5, 15], "rotation": 180, "texture": "#2"}
			}
		},
		{
			"from": [8.25, 6.25114, -1.95],
			"to": [9, 7.40739, -1.7],
			"rotation": {"angle": -45, "axis": "z", "origin": [9.25, 7.04802, -1.825]},
			"faces": {
				"north": {"uv": [0.25, 14.75, 0.5, 15], "rotation": 180, "texture": "#2"},
				"east": {"uv": [0.25, 14.75, 0.5, 15], "rotation": 180, "texture": "#2"},
				"south": {"uv": [0.25, 14.75, 0.5, 15], "rotation": 180, "texture": "#2"},
				"west": {"uv": [0.25, 14.75, 0.5, 15], "rotation": 180, "texture": "#2"},
				"up": {"uv": [0.25, 14.75, 0.5, 15], "rotation": 180, "texture": "#2"},
				"down": {"uv": [0.25, 14.75, 0.5, 15], "rotation": 180, "texture": "#2"}
			}
		},
		{
			"from": [8.625, 7.48552, -1.95],
			"to": [9.32813, 8.48552, -1.7],
			"faces": {
				"north": {"uv": [0.25, 14.75, 0.5, 15], "rotation": 180, "texture": "#2"},
				"east": {"uv": [0.25, 14.75, 0.5, 15], "rotation": 180, "texture": "#2"},
				"south": {"uv": [0.25, 14.75, 0.5, 15], "rotation": 180, "texture": "#2"},
				"west": {"uv": [0.25, 14.75, 0.5, 15], "rotation": 180, "texture": "#2"},
				"up": {"uv": [0.25, 14.75, 0.5, 15], "rotation": 180, "texture": "#2"},
				"down": {"uv": [0.25, 14.75, 0.5, 15], "rotation": 180, "texture": "#2"}
			}
		},
		{
			"from": [8.25, 8.56364, -1.95],
			"to": [9, 9.71989, -1.7],
			"rotation": {"angle": 45, "axis": "z", "origin": [9.25, 8.92302, -1.825]},
			"faces": {
				"north": {"uv": [0.25, 14.75, 0.5, 15], "rotation": 180, "texture": "#2"},
				"east": {"uv": [0.25, 14.75, 0.5, 15], "rotation": 180, "texture": "#2"},
				"south": {"uv": [0.25, 14.75, 0.5, 15], "rotation": 180, "texture": "#2"},
				"west": {"uv": [0.25, 14.75, 0.5, 15], "rotation": 180, "texture": "#2"},
				"up": {"uv": [0.25, 14.75, 0.5, 15], "rotation": 180, "texture": "#2"},
				"down": {"uv": [0.25, 14.75, 0.5, 15], "rotation": 180, "texture": "#2"}
			}
		},
		{
			"from": [7.5, 8.61052, -1.95],
			"to": [8.5, 9.31364, -1.7],
			"faces": {
				"north": {"uv": [0.25, 14.75, 0.5, 15], "rotation": 180, "texture": "#2"},
				"east": {"uv": [0.25, 14.75, 0.5, 15], "rotation": 180, "texture": "#2"},
				"south": {"uv": [0.25, 14.75, 0.5, 15], "rotation": 180, "texture": "#2"},
				"west": {"uv": [0.25, 14.75, 0.5, 15], "rotation": 180, "texture": "#2"},
				"up": {"uv": [0.25, 14.75, 0.5, 15], "rotation": 180, "texture": "#2"},
				"down": {"uv": [0.25, 14.75, 0.5, 15], "rotation": 180, "texture": "#2"}
			}
		},
		{
			"from": [7, 8.56364, -1.95],
			"to": [7.75, 9.71989, -1.7],
			"rotation": {"angle": -45, "axis": "z", "origin": [6.75, 8.92302, -1.825]},
			"faces": {
				"north": {"uv": [0.25, 14.75, 0.5, 15], "rotation": 180, "texture": "#2"},
				"east": {"uv": [0.25, 14.75, 0.5, 15], "rotation": 180, "texture": "#2"},
				"south": {"uv": [0.25, 14.75, 0.5, 15], "rotation": 180, "texture": "#2"},
				"west": {"uv": [0.25, 14.75, 0.5, 15], "rotation": 180, "texture": "#2"},
				"up": {"uv": [0.25, 14.75, 0.5, 15], "rotation": 180, "texture": "#2"},
				"down": {"uv": [0.25, 14.75, 0.5, 15], "rotation": 180, "texture": "#2"}
			}
		},
		{
			"from": [7.375, 7.23552, -1.95],
			"to": [8.72813, 8.73552, -1.7],
			"faces": {
				"north": {"uv": [0.25, 14.75, 0.5, 15], "rotation": 180, "texture": "#2"},
				"east": {"uv": [0.25, 14.75, 0.5, 15], "rotation": 180, "texture": "#2"},
				"south": {"uv": [0.25, 14.75, 0.5, 15], "rotation": 180, "texture": "#2"},
				"west": {"uv": [0.25, 14.75, 0.5, 15], "rotation": 180, "texture": "#2"},
				"up": {"uv": [0.25, 14.75, 0.5, 15], "rotation": 180, "texture": "#2"},
				"down": {"uv": [0.25, 14.75, 0.5, 15], "rotation": 180, "texture": "#2"}
			}
		},
		{
			"from": [6.67188, 7.48552, -1.95],
			"to": [7.375, 8.48552, -1.7],
			"faces": {
				"north": {"uv": [0.25, 14.75, 0.5, 15], "rotation": 180, "texture": "#2"},
				"east": {"uv": [0.25, 14.75, 0.5, 15], "rotation": 180, "texture": "#2"},
				"south": {"uv": [0.25, 14.75, 0.5, 15], "rotation": 180, "texture": "#2"},
				"west": {"uv": [0.25, 14.75, 0.5, 15], "rotation": 180, "texture": "#2"},
				"up": {"uv": [0.25, 14.75, 0.5, 15], "rotation": 180, "texture": "#2"},
				"down": {"uv": [0.25, 14.75, 0.5, 15], "rotation": 180, "texture": "#2"}
			}
		},
		{
			"from": [7, 6.25114, -1.95],
			"to": [7.75, 7.40739, -1.7],
			"rotation": {"angle": 45, "axis": "z", "origin": [6.75, 7.04802, -1.825]},
			"faces": {
				"north": {"uv": [0.25, 14.75, 0.5, 15], "rotation": 180, "texture": "#2"},
				"east": {"uv": [0.25, 14.75, 0.5, 15], "rotation": 180, "texture": "#2"},
				"south": {"uv": [0.25, 14.75, 0.5, 15], "rotation": 180, "texture": "#2"},
				"west": {"uv": [0.25, 14.75, 0.5, 15], "rotation": 180, "texture": "#2"},
				"up": {"uv": [0.25, 14.75, 0.5, 15], "rotation": 180, "texture": "#2"},
				"down": {"uv": [0.25, 14.75, 0.5, 15], "rotation": 180, "texture": "#2"}
			}
		},
		{
			"from": [7.48438, 6.65739, -1.95],
			"to": [8.51563, 7.36052, -1.7],
			"faces": {
				"north": {"uv": [0.25, 14.75, 0.5, 15], "rotation": 180, "texture": "#2"},
				"east": {"uv": [0.25, 14.75, 0.5, 15], "rotation": 180, "texture": "#2"},
				"south": {"uv": [0.25, 14.75, 0.5, 15], "rotation": 180, "texture": "#2"},
				"west": {"uv": [0.25, 14.75, 0.5, 15], "rotation": 180, "texture": "#2"},
				"up": {"uv": [0.25, 14.75, 0.5, 15], "rotation": 180, "texture": "#2"},
				"down": {"uv": [0.25, 14.75, 0.5, 15], "rotation": 180, "texture": "#2"}
			}
		},
		{
			"from": [8.25, 6.25114, -1.95],
			"to": [9, 7.40739, -1.7],
			"rotation": {"angle": -45, "axis": "z", "origin": [9.25, 7.04802, -1.825]},
			"faces": {
				"north": {"uv": [0.25, 14.75, 0.5, 15], "rotation": 180, "texture": "#2"},
				"east": {"uv": [0.25, 14.75, 0.5, 15], "rotation": 180, "texture": "#2"},
				"south": {"uv": [0.25, 14.75, 0.5, 15], "rotation": 180, "texture": "#2"},
				"west": {"uv": [0.25, 14.75, 0.5, 15], "rotation": 180, "texture": "#2"},
				"up": {"uv": [0.25, 14.75, 0.5, 15], "rotation": 180, "texture": "#2"},
				"down": {"uv": [0.25, 14.75, 0.5, 15], "rotation": 180, "texture": "#2"}
			}
		},
		{
			"from": [8.625, 7.48552, -1.95],
			"to": [9.32813, 8.48552, -1.7],
			"faces": {
				"north": {"uv": [0.25, 14.75, 0.5, 15], "rotation": 180, "texture": "#2"},
				"east": {"uv": [0.25, 14.75, 0.5, 15], "rotation": 180, "texture": "#2"},
				"south": {"uv": [0.25, 14.75, 0.5, 15], "rotation": 180, "texture": "#2"},
				"west": {"uv": [0.25, 14.75, 0.5, 15], "rotation": 180, "texture": "#2"},
				"up": {"uv": [0.25, 14.75, 0.5, 15], "rotation": 180, "texture": "#2"},
				"down": {"uv": [0.25, 14.75, 0.5, 15], "rotation": 180, "texture": "#2"}
			}
		},
		{
			"from": [8.25, 8.56364, -1.95],
			"to": [9, 9.71989, -1.7],
			"rotation": {"angle": 45, "axis": "z", "origin": [9.25, 8.92302, -1.825]},
			"faces": {
				"north": {"uv": [0.25, 14.75, 0.5, 15], "rotation": 180, "texture": "#2"},
				"east": {"uv": [0.25, 14.75, 0.5, 15], "rotation": 180, "texture": "#2"},
				"south": {"uv": [0.25, 14.75, 0.5, 15], "rotation": 180, "texture": "#2"},
				"west": {"uv": [0.25, 14.75, 0.5, 15], "rotation": 180, "texture": "#2"},
				"up": {"uv": [0.25, 14.75, 0.5, 15], "rotation": 180, "texture": "#2"},
				"down": {"uv": [0.25, 14.75, 0.5, 15], "rotation": 180, "texture": "#2"}
			}
		},
		{
			"from": [7.5, 8.61052, -1.95],
			"to": [8.5, 9.31364, -1.7],
			"faces": {
				"north": {"uv": [0.25, 14.75, 0.5, 15], "rotation": 180, "texture": "#2"},
				"east": {"uv": [0.25, 14.75, 0.5, 15], "rotation": 180, "texture": "#2"},
				"south": {"uv": [0.25, 14.75, 0.5, 15], "rotation": 180, "texture": "#2"},
				"west": {"uv": [0.25, 14.75, 0.5, 15], "rotation": 180, "texture": "#2"},
				"up": {"uv": [0.25, 14.75, 0.5, 15], "rotation": 180, "texture": "#2"},
				"down": {"uv": [0.25, 14.75, 0.5, 15], "rotation": 180, "texture": "#2"}
			}
		},
		{
			"from": [7, 8.56364, -1.95],
			"to": [7.75, 9.71989, -1.7],
			"rotation": {"angle": -45, "axis": "z", "origin": [6.75, 8.92302, -1.825]},
			"faces": {
				"north": {"uv": [0.25, 14.75, 0.5, 15], "rotation": 180, "texture": "#2"},
				"east": {"uv": [0.25, 14.75, 0.5, 15], "rotation": 180, "texture": "#2"},
				"south": {"uv": [0.25, 14.75, 0.5, 15], "rotation": 180, "texture": "#2"},
				"west": {"uv": [0.25, 14.75, 0.5, 15], "rotation": 180, "texture": "#2"},
				"up": {"uv": [0.25, 14.75, 0.5, 15], "rotation": 180, "texture": "#2"},
				"down": {"uv": [0.25, 14.75, 0.5, 15], "rotation": 180, "texture": "#2"}
			}
		},
		{
			"from": [7.375, 7.23552, 0.05],
			"to": [8.72813, 8.73552, 0.3],
			"faces": {
				"north": {"uv": [0.25, 14.75, 0.5, 15], "rotation": 180, "texture": "#2"},
				"east": {"uv": [0.25, 14.75, 0.5, 15], "rotation": 180, "texture": "#2"},
				"south": {"uv": [0.25, 14.75, 0.5, 15], "rotation": 180, "texture": "#2"},
				"west": {"uv": [0.25, 14.75, 0.5, 15], "rotation": 180, "texture": "#2"},
				"up": {"uv": [0.25, 14.75, 0.5, 15], "rotation": 180, "texture": "#2"},
				"down": {"uv": [0.25, 14.75, 0.5, 15], "rotation": 180, "texture": "#2"}
			}
		},
		{
			"from": [6.67188, 7.48552, 0.05],
			"to": [7.375, 8.48552, 0.3],
			"faces": {
				"north": {"uv": [0.25, 14.75, 0.5, 15], "rotation": 180, "texture": "#2"},
				"east": {"uv": [0.25, 14.75, 0.5, 15], "rotation": 180, "texture": "#2"},
				"south": {"uv": [0.25, 14.75, 0.5, 15], "rotation": 180, "texture": "#2"},
				"west": {"uv": [0.25, 14.75, 0.5, 15], "rotation": 180, "texture": "#2"},
				"up": {"uv": [0.25, 14.75, 0.5, 15], "rotation": 180, "texture": "#2"},
				"down": {"uv": [0.25, 14.75, 0.5, 15], "rotation": 180, "texture": "#2"}
			}
		},
		{
			"from": [7, 6.25114, 0.05],
			"to": [7.75, 7.40739, 0.3],
			"rotation": {"angle": 45, "axis": "z", "origin": [6.75, 7.04802, 0.175]},
			"faces": {
				"north": {"uv": [0.25, 14.75, 0.5, 15], "rotation": 180, "texture": "#2"},
				"east": {"uv": [0.25, 14.75, 0.5, 15], "rotation": 180, "texture": "#2"},
				"south": {"uv": [0.25, 14.75, 0.5, 15], "rotation": 180, "texture": "#2"},
				"west": {"uv": [0.25, 14.75, 0.5, 15], "rotation": 180, "texture": "#2"},
				"up": {"uv": [0.25, 14.75, 0.5, 15], "rotation": 180, "texture": "#2"},
				"down": {"uv": [0.25, 14.75, 0.5, 15], "rotation": 180, "texture": "#2"}
			}
		},
		{
			"from": [7.48438, 6.65739, 0.05],
			"to": [8.51563, 7.36052, 0.3],
			"faces": {
				"north": {"uv": [0.25, 14.75, 0.5, 15], "rotation": 180, "texture": "#2"},
				"east": {"uv": [0.25, 14.75, 0.5, 15], "rotation": 180, "texture": "#2"},
				"south": {"uv": [0.25, 14.75, 0.5, 15], "rotation": 180, "texture": "#2"},
				"west": {"uv": [0.25, 14.75, 0.5, 15], "rotation": 180, "texture": "#2"},
				"up": {"uv": [0.25, 14.75, 0.5, 15], "rotation": 180, "texture": "#2"},
				"down": {"uv": [0.25, 14.75, 0.5, 15], "rotation": 180, "texture": "#2"}
			}
		},
		{
			"from": [8.25, 6.25114, 0.05],
			"to": [9, 7.40739, 0.3],
			"rotation": {"angle": -45, "axis": "z", "origin": [9.25, 7.04802, 0.175]},
			"faces": {
				"north": {"uv": [0.25, 14.75, 0.5, 15], "rotation": 180, "texture": "#2"},
				"east": {"uv": [0.25, 14.75, 0.5, 15], "rotation": 180, "texture": "#2"},
				"south": {"uv": [0.25, 14.75, 0.5, 15], "rotation": 180, "texture": "#2"},
				"west": {"uv": [0.25, 14.75, 0.5, 15], "rotation": 180, "texture": "#2"},
				"up": {"uv": [0.25, 14.75, 0.5, 15], "rotation": 180, "texture": "#2"},
				"down": {"uv": [0.25, 14.75, 0.5, 15], "rotation": 180, "texture": "#2"}
			}
		},
		{
			"from": [8.625, 7.48552, 0.05],
			"to": [9.32813, 8.48552, 0.3],
			"faces": {
				"north": {"uv": [0.25, 14.75, 0.5, 15], "rotation": 180, "texture": "#2"},
				"east": {"uv": [0.25, 14.75, 0.5, 15], "rotation": 180, "texture": "#2"},
				"south": {"uv": [0.25, 14.75, 0.5, 15], "rotation": 180, "texture": "#2"},
				"west": {"uv": [0.25, 14.75, 0.5, 15], "rotation": 180, "texture": "#2"},
				"up": {"uv": [0.25, 14.75, 0.5, 15], "rotation": 180, "texture": "#2"},
				"down": {"uv": [0.25, 14.75, 0.5, 15], "rotation": 180, "texture": "#2"}
			}
		},
		{
			"from": [8.25, 8.56364, 0.05],
			"to": [9, 9.71989, 0.3],
			"rotation": {"angle": 45, "axis": "z", "origin": [9.25, 8.92302, 0.175]},
			"faces": {
				"north": {"uv": [0.25, 14.75, 0.5, 15], "rotation": 180, "texture": "#2"},
				"east": {"uv": [0.25, 14.75, 0.5, 15], "rotation": 180, "texture": "#2"},
				"south": {"uv": [0.25, 14.75, 0.5, 15], "rotation": 180, "texture": "#2"},
				"west": {"uv": [0.25, 14.75, 0.5, 15], "rotation": 180, "texture": "#2"},
				"up": {"uv": [0.25, 14.75, 0.5, 15], "rotation": 180, "texture": "#2"},
				"down": {"uv": [0.25, 14.75, 0.5, 15], "rotation": 180, "texture": "#2"}
			}
		},
		{
			"from": [7.5, 8.61052, 0.05],
			"to": [8.5, 9.31364, 0.3],
			"faces": {
				"north": {"uv": [0.25, 14.75, 0.5, 15], "rotation": 180, "texture": "#2"},
				"east": {"uv": [0.25, 14.75, 0.5, 15], "rotation": 180, "texture": "#2"},
				"south": {"uv": [0.25, 14.75, 0.5, 15], "rotation": 180, "texture": "#2"},
				"west": {"uv": [0.25, 14.75, 0.5, 15], "rotation": 180, "texture": "#2"},
				"up": {"uv": [0.25, 14.75, 0.5, 15], "rotation": 180, "texture": "#2"},
				"down": {"uv": [0.25, 14.75, 0.5, 15], "rotation": 180, "texture": "#2"}
			}
		},
		{
			"from": [7, 8.56364, 0.05],
			"to": [7.75, 9.71989, 0.3],
			"rotation": {"angle": -45, "axis": "z", "origin": [6.75, 8.92302, 0.175]},
			"faces": {
				"north": {"uv": [0.25, 14.75, 0.5, 15], "rotation": 180, "texture": "#2"},
				"east": {"uv": [0.25, 14.75, 0.5, 15], "rotation": 180, "texture": "#2"},
				"south": {"uv": [0.25, 14.75, 0.5, 15], "rotation": 180, "texture": "#2"},
				"west": {"uv": [0.25, 14.75, 0.5, 15], "rotation": 180, "texture": "#2"},
				"up": {"uv": [0.25, 14.75, 0.5, 15], "rotation": 180, "texture": "#2"},
				"down": {"uv": [0.25, 14.75, 0.5, 15], "rotation": 180, "texture": "#2"}
			}
		},
		{
			"from": [7.375, 7.23552, 0.05],
			"to": [8.72813, 8.73552, 0.3],
			"faces": {
				"north": {"uv": [0.25, 14.75, 0.5, 15], "rotation": 180, "texture": "#2"},
				"east": {"uv": [0.25, 14.75, 0.5, 15], "rotation": 180, "texture": "#2"},
				"south": {"uv": [0.25, 14.75, 0.5, 15], "rotation": 180, "texture": "#2"},
				"west": {"uv": [0.25, 14.75, 0.5, 15], "rotation": 180, "texture": "#2"},
				"up": {"uv": [0.25, 14.75, 0.5, 15], "rotation": 180, "texture": "#2"},
				"down": {"uv": [0.25, 14.75, 0.5, 15], "rotation": 180, "texture": "#2"}
			}
		},
		{
			"from": [6.67188, 7.48552, 0.05],
			"to": [7.375, 8.48552, 0.3],
			"faces": {
				"north": {"uv": [0.25, 14.75, 0.5, 15], "rotation": 180, "texture": "#2"},
				"east": {"uv": [0.25, 14.75, 0.5, 15], "rotation": 180, "texture": "#2"},
				"south": {"uv": [0.25, 14.75, 0.5, 15], "rotation": 180, "texture": "#2"},
				"west": {"uv": [0.25, 14.75, 0.5, 15], "rotation": 180, "texture": "#2"},
				"up": {"uv": [0.25, 14.75, 0.5, 15], "rotation": 180, "texture": "#2"},
				"down": {"uv": [0.25, 14.75, 0.5, 15], "rotation": 180, "texture": "#2"}
			}
		},
		{
			"from": [7, 6.25114, 0.05],
			"to": [7.75, 7.40739, 0.3],
			"rotation": {"angle": 45, "axis": "z", "origin": [6.75, 7.04802, 0.175]},
			"faces": {
				"north": {"uv": [0.25, 14.75, 0.5, 15], "rotation": 180, "texture": "#2"},
				"east": {"uv": [0.25, 14.75, 0.5, 15], "rotation": 180, "texture": "#2"},
				"south": {"uv": [0.25, 14.75, 0.5, 15], "rotation": 180, "texture": "#2"},
				"west": {"uv": [0.25, 14.75, 0.5, 15], "rotation": 180, "texture": "#2"},
				"up": {"uv": [0.25, 14.75, 0.5, 15], "rotation": 180, "texture": "#2"},
				"down": {"uv": [0.25, 14.75, 0.5, 15], "rotation": 180, "texture": "#2"}
			}
		},
		{
			"from": [7.48438, 6.65739, 0.05],
			"to": [8.51563, 7.36052, 0.3],
			"faces": {
				"north": {"uv": [0.25, 14.75, 0.5, 15], "rotation": 180, "texture": "#2"},
				"east": {"uv": [0.25, 14.75, 0.5, 15], "rotation": 180, "texture": "#2"},
				"south": {"uv": [0.25, 14.75, 0.5, 15], "rotation": 180, "texture": "#2"},
				"west": {"uv": [0.25, 14.75, 0.5, 15], "rotation": 180, "texture": "#2"},
				"up": {"uv": [0.25, 14.75, 0.5, 15], "rotation": 180, "texture": "#2"},
				"down": {"uv": [0.25, 14.75, 0.5, 15], "rotation": 180, "texture": "#2"}
			}
		},
		{
			"from": [8.25, 6.25114, 0.05],
			"to": [9, 7.40739, 0.3],
			"rotation": {"angle": -45, "axis": "z", "origin": [9.25, 7.04802, 0.175]},
			"faces": {
				"north": {"uv": [0.25, 14.75, 0.5, 15], "rotation": 180, "texture": "#2"},
				"east": {"uv": [0.25, 14.75, 0.5, 15], "rotation": 180, "texture": "#2"},
				"south": {"uv": [0.25, 14.75, 0.5, 15], "rotation": 180, "texture": "#2"},
				"west": {"uv": [0.25, 14.75, 0.5, 15], "rotation": 180, "texture": "#2"},
				"up": {"uv": [0.25, 14.75, 0.5, 15], "rotation": 180, "texture": "#2"},
				"down": {"uv": [0.25, 14.75, 0.5, 15], "rotation": 180, "texture": "#2"}
			}
		},
		{
			"from": [8.625, 7.48552, 0.05],
			"to": [9.32813, 8.48552, 0.3],
			"faces": {
				"north": {"uv": [0.25, 14.75, 0.5, 15], "rotation": 180, "texture": "#2"},
				"east": {"uv": [0.25, 14.75, 0.5, 15], "rotation": 180, "texture": "#2"},
				"south": {"uv": [0.25, 14.75, 0.5, 15], "rotation": 180, "texture": "#2"},
				"west": {"uv": [0.25, 14.75, 0.5, 15], "rotation": 180, "texture": "#2"},
				"up": {"uv": [0.25, 14.75, 0.5, 15], "rotation": 180, "texture": "#2"},
				"down": {"uv": [0.25, 14.75, 0.5, 15], "rotation": 180, "texture": "#2"}
			}
		},
		{
			"from": [8.25, 8.56364, 0.05],
			"to": [9, 9.71989, 0.3],
			"rotation": {"angle": 45, "axis": "z", "origin": [9.25, 8.92302, 0.175]},
			"faces": {
				"north": {"uv": [0.25, 14.75, 0.5, 15], "rotation": 180, "texture": "#2"},
				"east": {"uv": [0.25, 14.75, 0.5, 15], "rotation": 180, "texture": "#2"},
				"south": {"uv": [0.25, 14.75, 0.5, 15], "rotation": 180, "texture": "#2"},
				"west": {"uv": [0.25, 14.75, 0.5, 15], "rotation": 180, "texture": "#2"},
				"up": {"uv": [0.25, 14.75, 0.5, 15], "rotation": 180, "texture": "#2"},
				"down": {"uv": [0.25, 14.75, 0.5, 15], "rotation": 180, "texture": "#2"}
			}
		},
		{
			"from": [7.5, 8.61052, 0.05],
			"to": [8.5, 9.31364, 0.3],
			"faces": {
				"north": {"uv": [0.25, 14.75, 0.5, 15], "rotation": 180, "texture": "#2"},
				"east": {"uv": [0.25, 14.75, 0.5, 15], "rotation": 180, "texture": "#2"},
				"south": {"uv": [0.25, 14.75, 0.5, 15], "rotation": 180, "texture": "#2"},
				"west": {"uv": [0.25, 14.75, 0.5, 15], "rotation": 180, "texture": "#2"},
				"up": {"uv": [0.25, 14.75, 0.5, 15], "rotation": 180, "texture": "#2"},
				"down": {"uv": [0.25, 14.75, 0.5, 15], "rotation": 180, "texture": "#2"}
			}
		},
		{
			"from": [7, 8.56364, 0.05],
			"to": [7.75, 9.71989, 0.3],
			"rotation": {"angle": -45, "axis": "z", "origin": [6.75, 8.92302, 0.175]},
			"faces": {
				"north": {"uv": [0.25, 14.75, 0.5, 15], "rotation": 180, "texture": "#2"},
				"east": {"uv": [0.25, 14.75, 0.5, 15], "rotation": 180, "texture": "#2"},
				"south": {"uv": [0.25, 14.75, 0.5, 15], "rotation": 180, "texture": "#2"},
				"west": {"uv": [0.25, 14.75, 0.5, 15], "rotation": 180, "texture": "#2"},
				"up": {"uv": [0.25, 14.75, 0.5, 15], "rotation": 180, "texture": "#2"},
				"down": {"uv": [0.25, 14.75, 0.5, 15], "rotation": 180, "texture": "#2"}
			}
		},
		{
			"from": [7.375, 7.23552, -0.95],
			"to": [8.72813, 8.73552, -0.7],
			"faces": {
				"north": {"uv": [0.25, 14.75, 0.5, 15], "rotation": 180, "texture": "#2"},
				"east": {"uv": [0.25, 14.75, 0.5, 15], "rotation": 180, "texture": "#2"},
				"south": {"uv": [0.25, 14.75, 0.5, 15], "rotation": 180, "texture": "#2"},
				"west": {"uv": [0.25, 14.75, 0.5, 15], "rotation": 180, "texture": "#2"},
				"up": {"uv": [0.25, 14.75, 0.5, 15], "rotation": 180, "texture": "#2"},
				"down": {"uv": [0.25, 14.75, 0.5, 15], "rotation": 180, "texture": "#2"}
			}
		},
		{
			"from": [6.67188, 7.48552, -0.95],
			"to": [7.375, 8.48552, -0.7],
			"faces": {
				"north": {"uv": [0.25, 14.75, 0.5, 15], "rotation": 180, "texture": "#2"},
				"east": {"uv": [0.25, 14.75, 0.5, 15], "rotation": 180, "texture": "#2"},
				"south": {"uv": [0.25, 14.75, 0.5, 15], "rotation": 180, "texture": "#2"},
				"west": {"uv": [0.25, 14.75, 0.5, 15], "rotation": 180, "texture": "#2"},
				"up": {"uv": [0.25, 14.75, 0.5, 15], "rotation": 180, "texture": "#2"},
				"down": {"uv": [0.25, 14.75, 0.5, 15], "rotation": 180, "texture": "#2"}
			}
		},
		{
			"from": [7, 6.25114, -0.95],
			"to": [7.75, 7.40739, -0.7],
			"rotation": {"angle": 45, "axis": "z", "origin": [6.75, 7.04802, -0.825]},
			"faces": {
				"north": {"uv": [0.25, 14.75, 0.5, 15], "rotation": 180, "texture": "#2"},
				"east": {"uv": [0.25, 14.75, 0.5, 15], "rotation": 180, "texture": "#2"},
				"south": {"uv": [0.25, 14.75, 0.5, 15], "rotation": 180, "texture": "#2"},
				"west": {"uv": [0.25, 14.75, 0.5, 15], "rotation": 180, "texture": "#2"},
				"up": {"uv": [0.25, 14.75, 0.5, 15], "rotation": 180, "texture": "#2"},
				"down": {"uv": [0.25, 14.75, 0.5, 15], "rotation": 180, "texture": "#2"}
			}
		},
		{
			"from": [7.48438, 6.65739, -0.95],
			"to": [8.51563, 7.36052, -0.7],
			"faces": {
				"north": {"uv": [0.25, 14.75, 0.5, 15], "rotation": 180, "texture": "#2"},
				"east": {"uv": [0.25, 14.75, 0.5, 15], "rotation": 180, "texture": "#2"},
				"south": {"uv": [0.25, 14.75, 0.5, 15], "rotation": 180, "texture": "#2"},
				"west": {"uv": [0.25, 14.75, 0.5, 15], "rotation": 180, "texture": "#2"},
				"up": {"uv": [0.25, 14.75, 0.5, 15], "rotation": 180, "texture": "#2"},
				"down": {"uv": [0.25, 14.75, 0.5, 15], "rotation": 180, "texture": "#2"}
			}
		},
		{
			"from": [8.25, 6.25114, -0.95],
			"to": [9, 7.40739, -0.7],
			"rotation": {"angle": -45, "axis": "z", "origin": [9.25, 7.04802, -0.825]},
			"faces": {
				"north": {"uv": [0.25, 14.75, 0.5, 15], "rotation": 180, "texture": "#2"},
				"east": {"uv": [0.25, 14.75, 0.5, 15], "rotation": 180, "texture": "#2"},
				"south": {"uv": [0.25, 14.75, 0.5, 15], "rotation": 180, "texture": "#2"},
				"west": {"uv": [0.25, 14.75, 0.5, 15], "rotation": 180, "texture": "#2"},
				"up": {"uv": [0.25, 14.75, 0.5, 15], "rotation": 180, "texture": "#2"},
				"down": {"uv": [0.25, 14.75, 0.5, 15], "rotation": 180, "texture": "#2"}
			}
		},
		{
			"from": [8.625, 7.48552, -0.95],
			"to": [9.32813, 8.48552, -0.7],
			"faces": {
				"north": {"uv": [0.25, 14.75, 0.5, 15], "rotation": 180, "texture": "#2"},
				"east": {"uv": [0.25, 14.75, 0.5, 15], "rotation": 180, "texture": "#2"},
				"south": {"uv": [0.25, 14.75, 0.5, 15], "rotation": 180, "texture": "#2"},
				"west": {"uv": [0.25, 14.75, 0.5, 15], "rotation": 180, "texture": "#2"},
				"up": {"uv": [0.25, 14.75, 0.5, 15], "rotation": 180, "texture": "#2"},
				"down": {"uv": [0.25, 14.75, 0.5, 15], "rotation": 180, "texture": "#2"}
			}
		},
		{
			"from": [8.25, 8.56364, -0.95],
			"to": [9, 9.71989, -0.7],
			"rotation": {"angle": 45, "axis": "z", "origin": [9.25, 8.92302, -0.825]},
			"faces": {
				"north": {"uv": [0.25, 14.75, 0.5, 15], "rotation": 180, "texture": "#2"},
				"east": {"uv": [0.25, 14.75, 0.5, 15], "rotation": 180, "texture": "#2"},
				"south": {"uv": [0.25, 14.75, 0.5, 15], "rotation": 180, "texture": "#2"},
				"west": {"uv": [0.25, 14.75, 0.5, 15], "rotation": 180, "texture": "#2"},
				"up": {"uv": [0.25, 14.75, 0.5, 15], "rotation": 180, "texture": "#2"},
				"down": {"uv": [0.25, 14.75, 0.5, 15], "rotation": 180, "texture": "#2"}
			}
		},
		{
			"from": [7.5, 8.61052, -0.95],
			"to": [8.5, 9.31364, -0.7],
			"faces": {
				"north": {"uv": [0.25, 14.75, 0.5, 15], "rotation": 180, "texture": "#2"},
				"east": {"uv": [0.25, 14.75, 0.5, 15], "rotation": 180, "texture": "#2"},
				"south": {"uv": [0.25, 14.75, 0.5, 15], "rotation": 180, "texture": "#2"},
				"west": {"uv": [0.25, 14.75, 0.5, 15], "rotation": 180, "texture": "#2"},
				"up": {"uv": [0.25, 14.75, 0.5, 15], "rotation": 180, "texture": "#2"},
				"down": {"uv": [0.25, 14.75, 0.5, 15], "rotation": 180, "texture": "#2"}
			}
		},
		{
			"from": [7, 8.56364, -0.95],
			"to": [7.75, 9.71989, -0.7],
			"rotation": {"angle": -45, "axis": "z", "origin": [6.75, 8.92302, -0.825]},
			"faces": {
				"north": {"uv": [0.25, 14.75, 0.5, 15], "rotation": 180, "texture": "#2"},
				"east": {"uv": [0.25, 14.75, 0.5, 15], "rotation": 180, "texture": "#2"},
				"south": {"uv": [0.25, 14.75, 0.5, 15], "rotation": 180, "texture": "#2"},
				"west": {"uv": [0.25, 14.75, 0.5, 15], "rotation": 180, "texture": "#2"},
				"up": {"uv": [0.25, 14.75, 0.5, 15], "rotation": 180, "texture": "#2"},
				"down": {"uv": [0.25, 14.75, 0.5, 15], "rotation": 180, "texture": "#2"}
			}
		},
		{
			"from": [7.375, 7.23552, -0.95],
			"to": [8.72813, 8.73552, -0.7],
			"faces": {
				"north": {"uv": [0.25, 14.75, 0.5, 15], "rotation": 180, "texture": "#2"},
				"east": {"uv": [0.25, 14.75, 0.5, 15], "rotation": 180, "texture": "#2"},
				"south": {"uv": [0.25, 14.75, 0.5, 15], "rotation": 180, "texture": "#2"},
				"west": {"uv": [0.25, 14.75, 0.5, 15], "rotation": 180, "texture": "#2"},
				"up": {"uv": [0.25, 14.75, 0.5, 15], "rotation": 180, "texture": "#2"},
				"down": {"uv": [0.25, 14.75, 0.5, 15], "rotation": 180, "texture": "#2"}
			}
		},
		{
			"from": [6.67188, 7.48552, -0.95],
			"to": [7.375, 8.48552, -0.7],
			"faces": {
				"north": {"uv": [0.25, 14.75, 0.5, 15], "rotation": 180, "texture": "#2"},
				"east": {"uv": [0.25, 14.75, 0.5, 15], "rotation": 180, "texture": "#2"},
				"south": {"uv": [0.25, 14.75, 0.5, 15], "rotation": 180, "texture": "#2"},
				"west": {"uv": [0.25, 14.75, 0.5, 15], "rotation": 180, "texture": "#2"},
				"up": {"uv": [0.25, 14.75, 0.5, 15], "rotation": 180, "texture": "#2"},
				"down": {"uv": [0.25, 14.75, 0.5, 15], "rotation": 180, "texture": "#2"}
			}
		},
		{
			"from": [7, 6.25114, -0.95],
			"to": [7.75, 7.40739, -0.7],
			"rotation": {"angle": 45, "axis": "z", "origin": [6.75, 7.04802, -0.825]},
			"faces": {
				"north": {"uv": [0.25, 14.75, 0.5, 15], "rotation": 180, "texture": "#2"},
				"east": {"uv": [0.25, 14.75, 0.5, 15], "rotation": 180, "texture": "#2"},
				"south": {"uv": [0.25, 14.75, 0.5, 15], "rotation": 180, "texture": "#2"},
				"west": {"uv": [0.25, 14.75, 0.5, 15], "rotation": 180, "texture": "#2"},
				"up": {"uv": [0.25, 14.75, 0.5, 15], "rotation": 180, "texture": "#2"},
				"down": {"uv": [0.25, 14.75, 0.5, 15], "rotation": 180, "texture": "#2"}
			}
		},
		{
			"from": [7.48438, 6.65739, -0.95],
			"to": [8.51563, 7.36052, -0.7],
			"faces": {
				"north": {"uv": [0.25, 14.75, 0.5, 15], "rotation": 180, "texture": "#2"},
				"east": {"uv": [0.25, 14.75, 0.5, 15], "rotation": 180, "texture": "#2"},
				"south": {"uv": [0.25, 14.75, 0.5, 15], "rotation": 180, "texture": "#2"},
				"west": {"uv": [0.25, 14.75, 0.5, 15], "rotation": 180, "texture": "#2"},
				"up": {"uv": [0.25, 14.75, 0.5, 15], "rotation": 180, "texture": "#2"},
				"down": {"uv": [0.25, 14.75, 0.5, 15], "rotation": 180, "texture": "#2"}
			}
		},
		{
			"from": [8.25, 6.25114, -0.95],
			"to": [9, 7.40739, -0.7],
			"rotation": {"angle": -45, "axis": "z", "origin": [9.25, 7.04802, -0.825]},
			"faces": {
				"north": {"uv": [0.25, 14.75, 0.5, 15], "rotation": 180, "texture": "#2"},
				"east": {"uv": [0.25, 14.75, 0.5, 15], "rotation": 180, "texture": "#2"},
				"south": {"uv": [0.25, 14.75, 0.5, 15], "rotation": 180, "texture": "#2"},
				"west": {"uv": [0.25, 14.75, 0.5, 15], "rotation": 180, "texture": "#2"},
				"up": {"uv": [0.25, 14.75, 0.5, 15], "rotation": 180, "texture": "#2"},
				"down": {"uv": [0.25, 14.75, 0.5, 15], "rotation": 180, "texture": "#2"}
			}
		},
		{
			"from": [8.625, 7.48552, -0.95],
			"to": [9.32813, 8.48552, -0.7],
			"faces": {
				"north": {"uv": [0.25, 14.75, 0.5, 15], "rotation": 180, "texture": "#2"},
				"east": {"uv": [0.25, 14.75, 0.5, 15], "rotation": 180, "texture": "#2"},
				"south": {"uv": [0.25, 14.75, 0.5, 15], "rotation": 180, "texture": "#2"},
				"west": {"uv": [0.25, 14.75, 0.5, 15], "rotation": 180, "texture": "#2"},
				"up": {"uv": [0.25, 14.75, 0.5, 15], "rotation": 180, "texture": "#2"},
				"down": {"uv": [0.25, 14.75, 0.5, 15], "rotation": 180, "texture": "#2"}
			}
		},
		{
			"from": [8.25, 8.56364, -0.95],
			"to": [9, 9.71989, -0.7],
			"rotation": {"angle": 45, "axis": "z", "origin": [9.25, 8.92302, -0.825]},
			"faces": {
				"north": {"uv": [0.25, 14.75, 0.5, 15], "rotation": 180, "texture": "#2"},
				"east": {"uv": [0.25, 14.75, 0.5, 15], "rotation": 180, "texture": "#2"},
				"south": {"uv": [0.25, 14.75, 0.5, 15], "rotation": 180, "texture": "#2"},
				"west": {"uv": [0.25, 14.75, 0.5, 15], "rotation": 180, "texture": "#2"},
				"up": {"uv": [0.25, 14.75, 0.5, 15], "rotation": 180, "texture": "#2"},
				"down": {"uv": [0.25, 14.75, 0.5, 15], "rotation": 180, "texture": "#2"}
			}
		},
		{
			"from": [7.5, 8.61052, -0.95],
			"to": [8.5, 9.31364, -0.7],
			"faces": {
				"north": {"uv": [0.25, 14.75, 0.5, 15], "rotation": 180, "texture": "#2"},
				"east": {"uv": [0.25, 14.75, 0.5, 15], "rotation": 180, "texture": "#2"},
				"south": {"uv": [0.25, 14.75, 0.5, 15], "rotation": 180, "texture": "#2"},
				"west": {"uv": [0.25, 14.75, 0.5, 15], "rotation": 180, "texture": "#2"},
				"up": {"uv": [0.25, 14.75, 0.5, 15], "rotation": 180, "texture": "#2"},
				"down": {"uv": [0.25, 14.75, 0.5, 15], "rotation": 180, "texture": "#2"}
			}
		},
		{
			"from": [7, 8.56364, -0.95],
			"to": [7.75, 9.71989, -0.7],
			"rotation": {"angle": -45, "axis": "z", "origin": [6.75, 8.92302, -0.825]},
			"faces": {
				"north": {"uv": [0.25, 14.75, 0.5, 15], "rotation": 180, "texture": "#2"},
				"east": {"uv": [0.25, 14.75, 0.5, 15], "rotation": 180, "texture": "#2"},
				"south": {"uv": [0.25, 14.75, 0.5, 15], "rotation": 180, "texture": "#2"},
				"west": {"uv": [0.25, 14.75, 0.5, 15], "rotation": 180, "texture": "#2"},
				"up": {"uv": [0.25, 14.75, 0.5, 15], "rotation": 180, "texture": "#2"},
				"down": {"uv": [0.25, 14.75, 0.5, 15], "rotation": 180, "texture": "#2"}
			}
		},
		{
			"from": [7.375, 7.23552, 6.05],
			"to": [8.72813, 8.73552, 9.3],
			"faces": {
				"north": {"uv": [0.25, 14.75, 0.5, 15], "rotation": 180, "texture": "#2"},
				"east": {"uv": [0.25, 14.75, 0.5, 15], "rotation": 180, "texture": "#2"},
				"south": {"uv": [0.25, 14.75, 0.5, 15], "rotation": 180, "texture": "#2"},
				"west": {"uv": [0.25, 14.75, 0.5, 15], "rotation": 180, "texture": "#2"},
				"up": {"uv": [0.25, 14.75, 0.5, 15], "rotation": 180, "texture": "#2"},
				"down": {"uv": [0.25, 14.75, 0.5, 15], "rotation": 180, "texture": "#2"}
			}
		},
		{
			"from": [6.67188, 7.48552, 6.05],
			"to": [7.375, 8.48552, 9.3],
			"faces": {
				"north": {"uv": [0.25, 14.75, 0.5, 15], "rotation": 180, "texture": "#2"},
				"east": {"uv": [0.25, 14.75, 0.5, 15], "rotation": 180, "texture": "#2"},
				"south": {"uv": [0.25, 14.75, 0.5, 15], "rotation": 180, "texture": "#2"},
				"west": {"uv": [0.25, 14.75, 0.5, 15], "rotation": 180, "texture": "#2"},
				"up": {"uv": [0.25, 14.75, 0.5, 15], "rotation": 180, "texture": "#2"},
				"down": {"uv": [0.25, 14.75, 0.5, 15], "rotation": 180, "texture": "#2"}
			}
		},
		{
			"from": [7, 6.25114, 6.05],
			"to": [7.75, 7.40739, 9.3],
			"rotation": {"angle": 45, "axis": "z", "origin": [6.75, 7.04802, 6.175]},
			"faces": {
				"north": {"uv": [0.25, 14.75, 0.5, 15], "rotation": 180, "texture": "#2"},
				"east": {"uv": [0.25, 14.75, 0.5, 15], "rotation": 180, "texture": "#2"},
				"south": {"uv": [0.25, 14.75, 0.5, 15], "rotation": 180, "texture": "#2"},
				"west": {"uv": [0.25, 14.75, 0.5, 15], "rotation": 180, "texture": "#2"},
				"up": {"uv": [0.25, 14.75, 0.5, 15], "rotation": 180, "texture": "#2"},
				"down": {"uv": [0.25, 14.75, 0.5, 15], "rotation": 180, "texture": "#2"}
			}
		},
		{
			"from": [7.48438, 6.65739, 6.05],
			"to": [8.51563, 7.36052, 9.3],
			"faces": {
				"north": {"uv": [0.25, 14.75, 0.5, 15], "rotation": 180, "texture": "#2"},
				"east": {"uv": [0.25, 14.75, 0.5, 15], "rotation": 180, "texture": "#2"},
				"south": {"uv": [0.25, 14.75, 0.5, 15], "rotation": 180, "texture": "#2"},
				"west": {"uv": [0.25, 14.75, 0.5, 15], "rotation": 180, "texture": "#2"},
				"up": {"uv": [0.25, 14.75, 0.5, 15], "rotation": 180, "texture": "#2"},
				"down": {"uv": [0.25, 14.75, 0.5, 15], "rotation": 180, "texture": "#2"}
			}
		},
		{
			"from": [8.25, 6.25114, 6.05],
			"to": [9, 7.40739, 9.3],
			"rotation": {"angle": -45, "axis": "z", "origin": [9.25, 7.04802, 6.175]},
			"faces": {
				"north": {"uv": [0.25, 14.75, 0.5, 15], "rotation": 180, "texture": "#2"},
				"east": {"uv": [0.25, 14.75, 0.5, 15], "rotation": 180, "texture": "#2"},
				"south": {"uv": [0.25, 14.75, 0.5, 15], "rotation": 180, "texture": "#2"},
				"west": {"uv": [0.25, 14.75, 0.5, 15], "rotation": 180, "texture": "#2"},
				"up": {"uv": [0.25, 14.75, 0.5, 15], "rotation": 180, "texture": "#2"},
				"down": {"uv": [0.25, 14.75, 0.5, 15], "rotation": 180, "texture": "#2"}
			}
		},
		{
			"from": [8.625, 7.48552, 6.05],
			"to": [9.32813, 8.48552, 9.3],
			"faces": {
				"north": {"uv": [0.25, 14.75, 0.5, 15], "rotation": 180, "texture": "#2"},
				"east": {"uv": [0.25, 14.75, 0.5, 15], "rotation": 180, "texture": "#2"},
				"south": {"uv": [0.25, 14.75, 0.5, 15], "rotation": 180, "texture": "#2"},
				"west": {"uv": [0.25, 14.75, 0.5, 15], "rotation": 180, "texture": "#2"},
				"up": {"uv": [0.25, 14.75, 0.5, 15], "rotation": 180, "texture": "#2"},
				"down": {"uv": [0.25, 14.75, 0.5, 15], "rotation": 180, "texture": "#2"}
			}
		},
		{
			"from": [8.25, 8.56364, 6.05],
			"to": [9, 9.71989, 9.3],
			"rotation": {"angle": 45, "axis": "z", "origin": [9.25, 8.92302, 6.175]},
			"faces": {
				"north": {"uv": [0.25, 14.75, 0.5, 15], "rotation": 180, "texture": "#2"},
				"east": {"uv": [0.25, 14.75, 0.5, 15], "rotation": 180, "texture": "#2"},
				"south": {"uv": [0.25, 14.75, 0.5, 15], "rotation": 180, "texture": "#2"},
				"west": {"uv": [0.25, 14.75, 0.5, 15], "rotation": 180, "texture": "#2"},
				"up": {"uv": [0.25, 14.75, 0.5, 15], "rotation": 180, "texture": "#2"},
				"down": {"uv": [0.25, 14.75, 0.5, 15], "rotation": 180, "texture": "#2"}
			}
		},
		{
			"from": [7.5, 8.61052, 6.05],
			"to": [8.5, 9.31364, 9.3],
			"faces": {
				"north": {"uv": [0.25, 14.75, 0.5, 15], "rotation": 180, "texture": "#2"},
				"east": {"uv": [0.25, 14.75, 0.5, 15], "rotation": 180, "texture": "#2"},
				"south": {"uv": [0.25, 14.75, 0.5, 15], "rotation": 180, "texture": "#2"},
				"west": {"uv": [0.25, 14.75, 0.5, 15], "rotation": 180, "texture": "#2"},
				"up": {"uv": [0.25, 14.75, 0.5, 15], "rotation": 180, "texture": "#2"},
				"down": {"uv": [0.25, 14.75, 0.5, 15], "rotation": 180, "texture": "#2"}
			}
		},
		{
			"from": [7, 8.56364, 6.05],
			"to": [7.75, 9.71989, 9.3],
			"rotation": {"angle": -45, "axis": "z", "origin": [6.75, 8.92302, 6.175]},
			"faces": {
				"north": {"uv": [0.25, 14.75, 0.5, 15], "rotation": 180, "texture": "#2"},
				"east": {"uv": [0.25, 14.75, 0.5, 15], "rotation": 180, "texture": "#2"},
				"south": {"uv": [0.25, 14.75, 0.5, 15], "rotation": 180, "texture": "#2"},
				"west": {"uv": [0.25, 14.75, 0.5, 15], "rotation": 180, "texture": "#2"},
				"up": {"uv": [0.25, 14.75, 0.5, 15], "rotation": 180, "texture": "#2"},
				"down": {"uv": [0.25, 14.75, 0.5, 15], "rotation": 180, "texture": "#2"}
			}
		},
		{
			"from": [7.375, 7.23552, 6.05],
			"to": [8.72813, 8.73552, 9.3],
			"faces": {
				"north": {"uv": [0.25, 14.75, 0.5, 15], "rotation": 180, "texture": "#2"},
				"east": {"uv": [0.25, 14.75, 0.5, 15], "rotation": 180, "texture": "#2"},
				"south": {"uv": [0.25, 14.75, 0.5, 15], "rotation": 180, "texture": "#2"},
				"west": {"uv": [0.25, 14.75, 0.5, 15], "rotation": 180, "texture": "#2"},
				"up": {"uv": [0.25, 14.75, 0.5, 15], "rotation": 180, "texture": "#2"},
				"down": {"uv": [0.25, 14.75, 0.5, 15], "rotation": 180, "texture": "#2"}
			}
		},
		{
			"from": [6.67188, 7.48552, 6.05],
			"to": [7.375, 8.48552, 9.3],
			"faces": {
				"north": {"uv": [0.25, 14.75, 0.5, 15], "rotation": 180, "texture": "#2"},
				"east": {"uv": [0.25, 14.75, 0.5, 15], "rotation": 180, "texture": "#2"},
				"south": {"uv": [0.25, 14.75, 0.5, 15], "rotation": 180, "texture": "#2"},
				"west": {"uv": [0.25, 14.75, 0.5, 15], "rotation": 180, "texture": "#2"},
				"up": {"uv": [0.25, 14.75, 0.5, 15], "rotation": 180, "texture": "#2"},
				"down": {"uv": [0.25, 14.75, 0.5, 15], "rotation": 180, "texture": "#2"}
			}
		},
		{
			"from": [7, 6.25114, 6.05],
			"to": [7.75, 7.40739, 9.3],
			"rotation": {"angle": 45, "axis": "z", "origin": [6.75, 7.04802, 6.175]},
			"faces": {
				"north": {"uv": [0.25, 14.75, 0.5, 15], "rotation": 180, "texture": "#2"},
				"east": {"uv": [0.25, 14.75, 0.5, 15], "rotation": 180, "texture": "#2"},
				"south": {"uv": [0.25, 14.75, 0.5, 15], "rotation": 180, "texture": "#2"},
				"west": {"uv": [0.25, 14.75, 0.5, 15], "rotation": 180, "texture": "#2"},
				"up": {"uv": [0.25, 14.75, 0.5, 15], "rotation": 180, "texture": "#2"},
				"down": {"uv": [0.25, 14.75, 0.5, 15], "rotation": 180, "texture": "#2"}
			}
		},
		{
			"from": [7.48438, 6.65739, 6.05],
			"to": [8.51563, 7.36052, 9.3],
			"faces": {
				"north": {"uv": [0.25, 14.75, 0.5, 15], "rotation": 180, "texture": "#2"},
				"east": {"uv": [0.25, 14.75, 0.5, 15], "rotation": 180, "texture": "#2"},
				"south": {"uv": [0.25, 14.75, 0.5, 15], "rotation": 180, "texture": "#2"},
				"west": {"uv": [0.25, 14.75, 0.5, 15], "rotation": 180, "texture": "#2"},
				"up": {"uv": [0.25, 14.75, 0.5, 15], "rotation": 180, "texture": "#2"},
				"down": {"uv": [0.25, 14.75, 0.5, 15], "rotation": 180, "texture": "#2"}
			}
		},
		{
			"from": [8.25, 6.25114, 6.05],
			"to": [9, 7.40739, 9.3],
			"rotation": {"angle": -45, "axis": "z", "origin": [9.25, 7.04802, 6.175]},
			"faces": {
				"north": {"uv": [0.25, 14.75, 0.5, 15], "rotation": 180, "texture": "#2"},
				"east": {"uv": [0.25, 14.75, 0.5, 15], "rotation": 180, "texture": "#2"},
				"south": {"uv": [0.25, 14.75, 0.5, 15], "rotation": 180, "texture": "#2"},
				"west": {"uv": [0.25, 14.75, 0.5, 15], "rotation": 180, "texture": "#2"},
				"up": {"uv": [0.25, 14.75, 0.5, 15], "rotation": 180, "texture": "#2"},
				"down": {"uv": [0.25, 14.75, 0.5, 15], "rotation": 180, "texture": "#2"}
			}
		},
		{
			"from": [8.625, 7.48552, 6.05],
			"to": [9.32813, 8.48552, 9.3],
			"faces": {
				"north": {"uv": [0.25, 14.75, 0.5, 15], "rotation": 180, "texture": "#2"},
				"east": {"uv": [0.25, 14.75, 0.5, 15], "rotation": 180, "texture": "#2"},
				"south": {"uv": [0.25, 14.75, 0.5, 15], "rotation": 180, "texture": "#2"},
				"west": {"uv": [0.25, 14.75, 0.5, 15], "rotation": 180, "texture": "#2"},
				"up": {"uv": [0.25, 14.75, 0.5, 15], "rotation": 180, "texture": "#2"},
				"down": {"uv": [0.25, 14.75, 0.5, 15], "rotation": 180, "texture": "#2"}
			}
		},
		{
			"from": [8.25, 8.56364, 6.05],
			"to": [9, 9.71989, 9.3],
			"rotation": {"angle": 45, "axis": "z", "origin": [9.25, 8.92302, 6.175]},
			"faces": {
				"north": {"uv": [0.25, 14.75, 0.5, 15], "rotation": 180, "texture": "#2"},
				"east": {"uv": [0.25, 14.75, 0.5, 15], "rotation": 180, "texture": "#2"},
				"south": {"uv": [0.25, 14.75, 0.5, 15], "rotation": 180, "texture": "#2"},
				"west": {"uv": [0.25, 14.75, 0.5, 15], "rotation": 180, "texture": "#2"},
				"up": {"uv": [0.25, 14.75, 0.5, 15], "rotation": 180, "texture": "#2"},
				"down": {"uv": [0.25, 14.75, 0.5, 15], "rotation": 180, "texture": "#2"}
			}
		},
		{
			"from": [7.5, 8.61052, 6.05],
			"to": [8.5, 9.31364, 9.3],
			"faces": {
				"north": {"uv": [0.25, 14.75, 0.5, 15], "rotation": 180, "texture": "#2"},
				"east": {"uv": [0.25, 14.75, 0.5, 15], "rotation": 180, "texture": "#2"},
				"south": {"uv": [0.25, 14.75, 0.5, 15], "rotation": 180, "texture": "#2"},
				"west": {"uv": [0.25, 14.75, 0.5, 15], "rotation": 180, "texture": "#2"},
				"up": {"uv": [0.25, 14.75, 0.5, 15], "rotation": 180, "texture": "#2"},
				"down": {"uv": [0.25, 14.75, 0.5, 15], "rotation": 180, "texture": "#2"}
			}
		},
		{
			"from": [7, 8.56364, 6.05],
			"to": [7.75, 9.71989, 9.3],
			"rotation": {"angle": -45, "axis": "z", "origin": [6.75, 8.92302, 6.175]},
			"faces": {
				"north": {"uv": [0.25, 14.75, 0.5, 15], "rotation": 180, "texture": "#2"},
				"east": {"uv": [0.25, 14.75, 0.5, 15], "rotation": 180, "texture": "#2"},
				"south": {"uv": [0.25, 14.75, 0.5, 15], "rotation": 180, "texture": "#2"},
				"west": {"uv": [0.25, 14.75, 0.5, 15], "rotation": 180, "texture": "#2"},
				"up": {"uv": [0.25, 14.75, 0.5, 15], "rotation": 180, "texture": "#2"},
				"down": {"uv": [0.25, 14.75, 0.5, 15], "rotation": 180, "texture": "#2"}
			}
		},
		{
			"from": [7.375, 7.23552, 14.25],
			"to": [8.72813, 8.73552, 14.5],
			"faces": {
				"north": {"uv": [0.25, 14.75, 0.5, 15], "rotation": 180, "texture": "#2"},
				"east": {"uv": [0.25, 14.75, 0.5, 15], "rotation": 180, "texture": "#2"},
				"south": {"uv": [0.25, 14.75, 0.5, 15], "rotation": 180, "texture": "#2"},
				"west": {"uv": [0.25, 14.75, 0.5, 15], "rotation": 180, "texture": "#2"},
				"up": {"uv": [0.25, 14.75, 0.5, 15], "rotation": 180, "texture": "#2"},
				"down": {"uv": [0.25, 14.75, 0.5, 15], "rotation": 180, "texture": "#2"}
			}
		},
		{
			"from": [6.67188, 7.48552, 14.25],
			"to": [7.375, 8.48552, 14.5],
			"faces": {
				"north": {"uv": [0.25, 14.75, 0.5, 15], "rotation": 180, "texture": "#2"},
				"east": {"uv": [0.25, 14.75, 0.5, 15], "rotation": 180, "texture": "#2"},
				"south": {"uv": [0.25, 14.75, 0.5, 15], "rotation": 180, "texture": "#2"},
				"west": {"uv": [0.25, 14.75, 0.5, 15], "rotation": 180, "texture": "#2"},
				"up": {"uv": [0.25, 14.75, 0.5, 15], "rotation": 180, "texture": "#2"},
				"down": {"uv": [0.25, 14.75, 0.5, 15], "rotation": 180, "texture": "#2"}
			}
		},
		{
			"from": [7, 6.25114, 14.25],
			"to": [7.75, 7.40739, 14.5],
			"rotation": {"angle": 45, "axis": "z", "origin": [6.75, 7.04802, 11.375]},
			"faces": {
				"north": {"uv": [0.25, 14.75, 0.5, 15], "rotation": 180, "texture": "#2"},
				"east": {"uv": [0.25, 14.75, 0.5, 15], "rotation": 180, "texture": "#2"},
				"south": {"uv": [0.25, 14.75, 0.5, 15], "rotation": 180, "texture": "#2"},
				"west": {"uv": [0.25, 14.75, 0.5, 15], "rotation": 180, "texture": "#2"},
				"up": {"uv": [0.25, 14.75, 0.5, 15], "rotation": 180, "texture": "#2"},
				"down": {"uv": [0.25, 14.75, 0.5, 15], "rotation": 180, "texture": "#2"}
			}
		},
		{
			"from": [7.48438, 6.65739, 14.25],
			"to": [8.51563, 7.36052, 14.5],
			"faces": {
				"north": {"uv": [0.25, 14.75, 0.5, 15], "rotation": 180, "texture": "#2"},
				"east": {"uv": [0.25, 14.75, 0.5, 15], "rotation": 180, "texture": "#2"},
				"south": {"uv": [0.25, 14.75, 0.5, 15], "rotation": 180, "texture": "#2"},
				"west": {"uv": [0.25, 14.75, 0.5, 15], "rotation": 180, "texture": "#2"},
				"up": {"uv": [0.25, 14.75, 0.5, 15], "rotation": 180, "texture": "#2"},
				"down": {"uv": [0.25, 14.75, 0.5, 15], "rotation": 180, "texture": "#2"}
			}
		},
		{
			"from": [8.25, 6.25114, 14.25],
			"to": [9, 7.40739, 14.5],
			"rotation": {"angle": -45, "axis": "z", "origin": [9.25, 7.04802, 11.375]},
			"faces": {
				"north": {"uv": [0.25, 14.75, 0.5, 15], "rotation": 180, "texture": "#2"},
				"east": {"uv": [0.25, 14.75, 0.5, 15], "rotation": 180, "texture": "#2"},
				"south": {"uv": [0.25, 14.75, 0.5, 15], "rotation": 180, "texture": "#2"},
				"west": {"uv": [0.25, 14.75, 0.5, 15], "rotation": 180, "texture": "#2"},
				"up": {"uv": [0.25, 14.75, 0.5, 15], "rotation": 180, "texture": "#2"},
				"down": {"uv": [0.25, 14.75, 0.5, 15], "rotation": 180, "texture": "#2"}
			}
		},
		{
			"from": [8.625, 7.48552, 14.25],
			"to": [9.32813, 8.48552, 14.5],
			"faces": {
				"north": {"uv": [0.25, 14.75, 0.5, 15], "rotation": 180, "texture": "#2"},
				"east": {"uv": [0.25, 14.75, 0.5, 15], "rotation": 180, "texture": "#2"},
				"south": {"uv": [0.25, 14.75, 0.5, 15], "rotation": 180, "texture": "#2"},
				"west": {"uv": [0.25, 14.75, 0.5, 15], "rotation": 180, "texture": "#2"},
				"up": {"uv": [0.25, 14.75, 0.5, 15], "rotation": 180, "texture": "#2"},
				"down": {"uv": [0.25, 14.75, 0.5, 15], "rotation": 180, "texture": "#2"}
			}
		},
		{
			"from": [8.25, 8.56364, 14.25],
			"to": [9, 9.71989, 14.5],
			"rotation": {"angle": 45, "axis": "z", "origin": [9.25, 8.92302, 11.375]},
			"faces": {
				"north": {"uv": [0.25, 14.75, 0.5, 15], "rotation": 180, "texture": "#2"},
				"east": {"uv": [0.25, 14.75, 0.5, 15], "rotation": 180, "texture": "#2"},
				"south": {"uv": [0.25, 14.75, 0.5, 15], "rotation": 180, "texture": "#2"},
				"west": {"uv": [0.25, 14.75, 0.5, 15], "rotation": 180, "texture": "#2"},
				"up": {"uv": [0.25, 14.75, 0.5, 15], "rotation": 180, "texture": "#2"},
				"down": {"uv": [0.25, 14.75, 0.5, 15], "rotation": 180, "texture": "#2"}
			}
		},
		{
			"from": [7.5, 8.61052, 14.25],
			"to": [8.5, 9.31364, 14.5],
			"faces": {
				"north": {"uv": [0.25, 14.75, 0.5, 15], "rotation": 180, "texture": "#2"},
				"east": {"uv": [0.25, 14.75, 0.5, 15], "rotation": 180, "texture": "#2"},
				"south": {"uv": [0.25, 14.75, 0.5, 15], "rotation": 180, "texture": "#2"},
				"west": {"uv": [0.25, 14.75, 0.5, 15], "rotation": 180, "texture": "#2"},
				"up": {"uv": [0.25, 14.75, 0.5, 15], "rotation": 180, "texture": "#2"},
				"down": {"uv": [0.25, 14.75, 0.5, 15], "rotation": 180, "texture": "#2"}
			}
		},
		{
			"from": [7, 8.56364, 14.25],
			"to": [7.75, 9.71989, 14.5],
			"rotation": {"angle": -45, "axis": "z", "origin": [6.75, 8.92302, 11.375]},
			"faces": {
				"north": {"uv": [0.25, 14.75, 0.5, 15], "rotation": 180, "texture": "#2"},
				"east": {"uv": [0.25, 14.75, 0.5, 15], "rotation": 180, "texture": "#2"},
				"south": {"uv": [0.25, 14.75, 0.5, 15], "rotation": 180, "texture": "#2"},
				"west": {"uv": [0.25, 14.75, 0.5, 15], "rotation": 180, "texture": "#2"},
				"up": {"uv": [0.25, 14.75, 0.5, 15], "rotation": 180, "texture": "#2"},
				"down": {"uv": [0.25, 14.75, 0.5, 15], "rotation": 180, "texture": "#2"}
			}
		},
		{
			"from": [7.375, 7.23552, 14.25],
			"to": [8.72813, 8.73552, 14.5],
			"faces": {
				"north": {"uv": [0.25, 14.75, 0.5, 15], "rotation": 180, "texture": "#2"},
				"east": {"uv": [0.25, 14.75, 0.5, 15], "rotation": 180, "texture": "#2"},
				"south": {"uv": [0.25, 14.75, 0.5, 15], "rotation": 180, "texture": "#2"},
				"west": {"uv": [0.25, 14.75, 0.5, 15], "rotation": 180, "texture": "#2"},
				"up": {"uv": [0.25, 14.75, 0.5, 15], "rotation": 180, "texture": "#2"},
				"down": {"uv": [0.25, 14.75, 0.5, 15], "rotation": 180, "texture": "#2"}
			}
		},
		{
			"from": [6.67188, 7.48552, 14.25],
			"to": [7.375, 8.48552, 14.5],
			"faces": {
				"north": {"uv": [0.25, 14.75, 0.5, 15], "rotation": 180, "texture": "#2"},
				"east": {"uv": [0.25, 14.75, 0.5, 15], "rotation": 180, "texture": "#2"},
				"south": {"uv": [0.25, 14.75, 0.5, 15], "rotation": 180, "texture": "#2"},
				"west": {"uv": [0.25, 14.75, 0.5, 15], "rotation": 180, "texture": "#2"},
				"up": {"uv": [0.25, 14.75, 0.5, 15], "rotation": 180, "texture": "#2"},
				"down": {"uv": [0.25, 14.75, 0.5, 15], "rotation": 180, "texture": "#2"}
			}
		},
		{
			"from": [7, 6.25114, 14.25],
			"to": [7.75, 7.40739, 14.5],
			"rotation": {"angle": 45, "axis": "z", "origin": [6.75, 7.04802, 11.375]},
			"faces": {
				"north": {"uv": [0.25, 14.75, 0.5, 15], "rotation": 180, "texture": "#2"},
				"east": {"uv": [0.25, 14.75, 0.5, 15], "rotation": 180, "texture": "#2"},
				"south": {"uv": [0.25, 14.75, 0.5, 15], "rotation": 180, "texture": "#2"},
				"west": {"uv": [0.25, 14.75, 0.5, 15], "rotation": 180, "texture": "#2"},
				"up": {"uv": [0.25, 14.75, 0.5, 15], "rotation": 180, "texture": "#2"},
				"down": {"uv": [0.25, 14.75, 0.5, 15], "rotation": 180, "texture": "#2"}
			}
		},
		{
			"from": [7.48438, 6.65739, 14.25],
			"to": [8.51563, 7.36052, 14.5],
			"faces": {
				"north": {"uv": [0.25, 14.75, 0.5, 15], "rotation": 180, "texture": "#2"},
				"east": {"uv": [0.25, 14.75, 0.5, 15], "rotation": 180, "texture": "#2"},
				"south": {"uv": [0.25, 14.75, 0.5, 15], "rotation": 180, "texture": "#2"},
				"west": {"uv": [0.25, 14.75, 0.5, 15], "rotation": 180, "texture": "#2"},
				"up": {"uv": [0.25, 14.75, 0.5, 15], "rotation": 180, "texture": "#2"},
				"down": {"uv": [0.25, 14.75, 0.5, 15], "rotation": 180, "texture": "#2"}
			}
		},
		{
			"from": [8.25, 6.25114, 14.25],
			"to": [9, 7.40739, 14.5],
			"rotation": {"angle": -45, "axis": "z", "origin": [9.25, 7.04802, 11.375]},
			"faces": {
				"north": {"uv": [0.25, 14.75, 0.5, 15], "rotation": 180, "texture": "#2"},
				"east": {"uv": [0.25, 14.75, 0.5, 15], "rotation": 180, "texture": "#2"},
				"south": {"uv": [0.25, 14.75, 0.5, 15], "rotation": 180, "texture": "#2"},
				"west": {"uv": [0.25, 14.75, 0.5, 15], "rotation": 180, "texture": "#2"},
				"up": {"uv": [0.25, 14.75, 0.5, 15], "rotation": 180, "texture": "#2"},
				"down": {"uv": [0.25, 14.75, 0.5, 15], "rotation": 180, "texture": "#2"}
			}
		},
		{
			"from": [8.625, 7.48552, 14.25],
			"to": [9.32813, 8.48552, 14.5],
			"faces": {
				"north": {"uv": [0.25, 14.75, 0.5, 15], "rotation": 180, "texture": "#2"},
				"east": {"uv": [0.25, 14.75, 0.5, 15], "rotation": 180, "texture": "#2"},
				"south": {"uv": [0.25, 14.75, 0.5, 15], "rotation": 180, "texture": "#2"},
				"west": {"uv": [0.25, 14.75, 0.5, 15], "rotation": 180, "texture": "#2"},
				"up": {"uv": [0.25, 14.75, 0.5, 15], "rotation": 180, "texture": "#2"},
				"down": {"uv": [0.25, 14.75, 0.5, 15], "rotation": 180, "texture": "#2"}
			}
		},
		{
			"from": [8.25, 8.56364, 14.25],
			"to": [9, 9.71989, 14.5],
			"rotation": {"angle": 45, "axis": "z", "origin": [9.25, 8.92302, 11.375]},
			"faces": {
				"north": {"uv": [0.25, 14.75, 0.5, 15], "rotation": 180, "texture": "#2"},
				"east": {"uv": [0.25, 14.75, 0.5, 15], "rotation": 180, "texture": "#2"},
				"south": {"uv": [0.25, 14.75, 0.5, 15], "rotation": 180, "texture": "#2"},
				"west": {"uv": [0.25, 14.75, 0.5, 15], "rotation": 180, "texture": "#2"},
				"up": {"uv": [0.25, 14.75, 0.5, 15], "rotation": 180, "texture": "#2"},
				"down": {"uv": [0.25, 14.75, 0.5, 15], "rotation": 180, "texture": "#2"}
			}
		},
		{
			"from": [7.5, 8.61052, 14.25],
			"to": [8.5, 9.31364, 14.5],
			"faces": {
				"north": {"uv": [0.25, 14.75, 0.5, 15], "rotation": 180, "texture": "#2"},
				"east": {"uv": [0.25, 14.75, 0.5, 15], "rotation": 180, "texture": "#2"},
				"south": {"uv": [0.25, 14.75, 0.5, 15], "rotation": 180, "texture": "#2"},
				"west": {"uv": [0.25, 14.75, 0.5, 15], "rotation": 180, "texture": "#2"},
				"up": {"uv": [0.25, 14.75, 0.5, 15], "rotation": 180, "texture": "#2"},
				"down": {"uv": [0.25, 14.75, 0.5, 15], "rotation": 180, "texture": "#2"}
			}
		},
		{
			"from": [7, 8.56364, 14.25],
			"to": [7.75, 9.71989, 14.5],
			"rotation": {"angle": -45, "axis": "z", "origin": [6.75, 8.92302, 11.375]},
			"faces": {
				"north": {"uv": [0.25, 14.75, 0.5, 15], "rotation": 180, "texture": "#2"},
				"east": {"uv": [0.25, 14.75, 0.5, 15], "rotation": 180, "texture": "#2"},
				"south": {"uv": [0.25, 14.75, 0.5, 15], "rotation": 180, "texture": "#2"},
				"west": {"uv": [0.25, 14.75, 0.5, 15], "rotation": 180, "texture": "#2"},
				"up": {"uv": [0.25, 14.75, 0.5, 15], "rotation": 180, "texture": "#2"},
				"down": {"uv": [0.25, 14.75, 0.5, 15], "rotation": 180, "texture": "#2"}
			}
		}
	],
	"display": {
		"thirdperson_righthand": {
			"rotation": [0, -15, 0],
			"translation": [2.25, -6, -10.5]
		},
		"thirdperson_lefthand": {
			"rotation": [65, 0, 0],
			"translation": [-1.5, 0.5, 4],
			"scale": [1.5, 1.5, 1.5]
		},
		"firstperson_righthand": {
			"rotation": [8, -4, 0],
			"translation": [8, 0.75, 3.25]
		},
		"firstperson_lefthand": {
			"scale": [0, 0, 0]
		},
		"ground": {
			"translation": [0, 5, 0]
		},
		"gui": {
			"rotation": [90, 42, -90],
			"translation": [-1.25, 0.75, 0],
			"scale": [0.6, 0.6, 0.7]
		},
		"head": {
			"translation": [0, 1.5, -18],
			"scale": [2.25, 2.25, 2.25]
		},
		"fixed": {
			"rotation": [90, 42, -90],
			"translation": [-1.25, 0.75, 0],
			"scale": [0.8, 0.8, 0.8]
		}
	},
	"groups": [
		{
			"name": "base0",
			"children": [0, 1, 2, 3, 4, 5, 6, 7, 8, 9]
		},
		{
			"name": "base2",
			"children": [10, 11, 12, 13, 14, 15, 16, 17]
		},
		{
			"name": "group",
			"children": [18, 19, 20, 21, 22, 23, 24, 25, 26]
		},
		{
			"name": "group2",
			"children": [27, 28, 29, 30, 31, 32, 33, 34, 35, 36, 37, 38, 39, 40, 41, 42]
		},
		{
			"name": "Стволы",
			"children": [
				{
					"name": "b2",
					"children": [43, 44, 45, 46, 47, 48, 49, 50]
				}
			]
		},
		{
			"name": "r1 1",
			"children": [51, 52, 53, 54, 55, 56, 57, 58, 59, 60, 61, 62, 63, 64, 65, 66, 67, 68]
		},
		{
			"name": "r1 2",
			"children": [69, 70, 71, 72, 73, 74, 75, 76, 77, 78, 79, 80, 81, 82, 83, 84, 85, 86]
		},
		{
			"name": "r1 3",
			"children": [87, 88, 89, 90, 91, 92, 93, 94, 95, 96, 97, 98, 99, 100, 101, 102, 103, 104]
		},
		{
			"name": "r1 4",
			"children": [105, 106, 107, 108, 109, 110, 111, 112, 113, 114, 115, 116, 117, 118, 119, 120, 121, 122]
		},
		{
			"name": "r1 5",
			"children": [123, 124, 125, 126, 127, 128, 129, 130, 131, 132, 133, 134, 135, 136, 137, 138, 139, 140]
		}
	]
}