{
	"credit": "https://www.youtube.com/c/ZeroCaty",
	"textures": {
		"7": "zcbm/weapons/stat"
	},
	"elements": [
		{
			"from": [6.5, 2, 6.5],
			"to": [9.5, 6, 9.5],
			"rotation": {"angle": 45, "axis": "y", "origin": [8, 8, 8]},
			"faces": {
				"north": {"uv": [0, 0, 3, 4], "texture": "#7"},
				"east": {"uv": [0, 0, 3, 4], "texture": "#7"},
				"south": {"uv": [0, 0, 3, 4], "texture": "#7"},
				"west": {"uv": [0, 0, 3, 4], "texture": "#7"},
				"up": {"uv": [0, 0, 3, 3], "texture": "#7"},
				"down": {"uv": [0, 0, 3, 3], "texture": "#7"}
			}
		},
		{
			"from": [5.5, 1, 5.5],
			"to": [10.5, 2, 10.5],
			"rotation": {"angle": 45, "axis": "y", "origin": [8, 8, 8]},
			"faces": {
				"north": {"uv": [0, 0, 5, 1], "texture": "#7"},
				"east": {"uv": [0, 0, 5, 1], "texture": "#7"},
				"south": {"uv": [0, 0, 5, 1], "texture": "#7"},
				"west": {"uv": [0, 0, 5, 1], "texture": "#7"},
				"up": {"uv": [0, 0, 5, 5], "texture": "#7"},
				"down": {"uv": [0, 0, 5, 5], "texture": "#7"}
			}
		},
		{
			"from": [6.5, 1, 4.5],
			"to": [9.5, 2, 5.5],
			"rotation": {"angle": 45, "axis": "y", "origin": [8, 8, 8]},
			"faces": {
				"north": {"uv": [0, 0, 3, 1], "texture": "#7"},
				"east": {"uv": [0, 0, 1, 1], "texture": "#7"},
				"south": {"uv": [0, 0, 3, 1], "texture": "#7"},
				"west": {"uv": [0, 0, 1, 1], "texture": "#7"},
				"up": {"uv": [0, 0, 3, 1], "texture": "#7"},
				"down": {"uv": [0, 0, 3, 1], "texture": "#7"}
			}
		},
		{
			"from": [6.5, 1, 10.5],
			"to": [9.5, 2, 11.5],
			"rotation": {"angle": 45, "axis": "y", "origin": [8, 8, 8]},
			"faces": {
				"north": {"uv": [0, 0, 3, 1], "texture": "#7"},
				"east": {"uv": [0, 0, 1, 1], "texture": "#7"},
				"south": {"uv": [0, 0, 3, 1], "texture": "#7"},
				"west": {"uv": [0, 0, 1, 1], "texture": "#7"},
				"up": {"uv": [0, 0, 3, 1], "texture": "#7"},
				"down": {"uv": [0, 0, 3, 1], "texture": "#7"}
			}
		},
		{
			"from": [10.5, 1, 6.5],
			"to": [11.5, 2, 9.5],
			"rotation": {"angle": 45, "axis": "y", "origin": [8, 8, 8]},
			"faces": {
				"north": {"uv": [0, 0, 1, 1], "texture": "#7"},
				"east": {"uv": [0, 0, 3, 1], "texture": "#7"},
				"south": {"uv": [0, 0, 1, 1], "texture": "#7"},
				"west": {"uv": [0, 0, 3, 1], "texture": "#7"},
				"up": {"uv": [0, 0, 1, 3], "texture": "#7"},
				"down": {"uv": [0, 0, 1, 3], "texture": "#7"}
			}
		},
		{
			"from": [4.5, 1, 6.5],
			"to": [5.5, 2, 9.5],
			"rotation": {"angle": 45, "axis": "y", "origin": [8, 8, 8]},
			"faces": {
				"north": {"uv": [0, 0, 1, 1], "texture": "#7"},
				"east": {"uv": [0, 0, 3, 1], "texture": "#7"},
				"south": {"uv": [0, 0, 1, 1], "texture": "#7"},
				"west": {"uv": [0, 0, 3, 1], "texture": "#7"},
				"up": {"uv": [0, 0, 1, 3], "texture": "#7"},
				"down": {"uv": [0, 0, 1, 3], "texture": "#7"}
			}
		},
		{
			"from": [7.9, 2, 4.9],
			"to": [8.1, 2.1, 5.1],
			"faces": {
				"north": {"uv": [0, 0, 0.2, 0.1], "texture": "#7"},
				"east": {"uv": [0, 0, 0.2, 0.1], "texture": "#7"},
				"south": {"uv": [0, 0, 0.2, 0.1], "texture": "#7"},
				"west": {"uv": [0, 0, 0.2, 0.1], "texture": "#7"},
				"up": {"uv": [0, 0, 0.2, 0.2], "texture": "#7"},
				"down": {"uv": [0, 0, 0.2, 0.2], "texture": "#7"}
			}
		},
		{
			"from": [7.9, 2, 10.9],
			"to": [8.1, 2.1, 11.1],
			"faces": {
				"north": {"uv": [0, 0, 0.2, 0.1], "texture": "#7"},
				"east": {"uv": [0, 0, 0.2, 0.1], "texture": "#7"},
				"south": {"uv": [0, 0, 0.2, 0.1], "texture": "#7"},
				"west": {"uv": [0, 0, 0.2, 0.1], "texture": "#7"},
				"up": {"uv": [0, 0, 0.2, 0.2], "texture": "#7"},
				"down": {"uv": [0, 0, 0.2, 0.2], "texture": "#7"}
			}
		},
		{
			"from": [4.9, 2, 7.9],
			"to": [5.1, 2.1, 8.1],
			"faces": {
				"north": {"uv": [0, 0, 0.2, 0.1], "texture": "#7"},
				"east": {"uv": [0, 0, 0.2, 0.1], "texture": "#7"},
				"south": {"uv": [0, 0, 0.2, 0.1], "texture": "#7"},
				"west": {"uv": [0, 0, 0.2, 0.1], "texture": "#7"},
				"up": {"uv": [0, 0, 0.2, 0.2], "texture": "#7"},
				"down": {"uv": [0, 0, 0.2, 0.2], "texture": "#7"}
			}
		},
		{
			"from": [10.9, 2, 7.9],
			"to": [11.1, 2.1, 8.1],
			"faces": {
				"north": {"uv": [0, 0, 0.2, 0.1], "texture": "#7"},
				"east": {"uv": [0, 0, 0.2, 0.1], "texture": "#7"},
				"south": {"uv": [0, 0, 0.2, 0.1], "texture": "#7"},
				"west": {"uv": [0, 0, 0.2, 0.1], "texture": "#7"},
				"up": {"uv": [0, 0, 0.2, 0.2], "texture": "#7"},
				"down": {"uv": [0, 0, 0.2, 0.2], "texture": "#7"}
			}
		},
		{
			"from": [10.9, 2, 6.5],
			"to": [11.1, 2.1, 6.7],
			"faces": {
				"north": {"uv": [0, 0, 0.2, 0.1], "texture": "#7"},
				"east": {"uv": [0, 0, 0.2, 0.1], "texture": "#7"},
				"south": {"uv": [0, 0, 0.2, 0.1], "texture": "#7"},
				"west": {"uv": [0, 0, 0.2, 0.1], "texture": "#7"},
				"up": {"uv": [0, 0, 0.2, 0.2], "texture": "#7"},
				"down": {"uv": [0, 0, 0.2, 0.2], "texture": "#7"}
			}
		},
		{
			"from": [4.9, 2, 6.5],
			"to": [5.1, 2.1, 6.7],
			"faces": {
				"north": {"uv": [0, 0, 0.2, 0.1], "texture": "#7"},
				"east": {"uv": [0, 0, 0.2, 0.1], "texture": "#7"},
				"south": {"uv": [0, 0, 0.2, 0.1], "texture": "#7"},
				"west": {"uv": [0, 0, 0.2, 0.1], "texture": "#7"},
				"up": {"uv": [0, 0, 0.2, 0.2], "texture": "#7"},
				"down": {"uv": [0, 0, 0.2, 0.2], "texture": "#7"}
			}
		},
		{
			"from": [4.9, 2, 9.3],
			"to": [5.1, 2.1, 9.5],
			"faces": {
				"north": {"uv": [0, 0, 0.2, 0.1], "texture": "#7"},
				"east": {"uv": [0, 0, 0.2, 0.1], "texture": "#7"},
				"south": {"uv": [0, 0, 0.2, 0.1], "texture": "#7"},
				"west": {"uv": [0, 0, 0.2, 0.1], "texture": "#7"},
				"up": {"uv": [0, 0, 0.2, 0.2], "texture": "#7"},
				"down": {"uv": [0, 0, 0.2, 0.2], "texture": "#7"}
			}
		},
		{
			"from": [10.9, 2, 9.3],
			"to": [11.1, 2.1, 9.5],
			"faces": {
				"north": {"uv": [0, 0, 0.2, 0.1], "texture": "#7"},
				"east": {"uv": [0, 0, 0.2, 0.1], "texture": "#7"},
				"south": {"uv": [0, 0, 0.2, 0.1], "texture": "#7"},
				"west": {"uv": [0, 0, 0.2, 0.1], "texture": "#7"},
				"up": {"uv": [0, 0, 0.2, 0.2], "texture": "#7"},
				"down": {"uv": [0, 0, 0.2, 0.2], "texture": "#7"}
			}
		},
		{
			"from": [9.3, 2, 10.9],
			"to": [9.5, 2.1, 11.1],
			"faces": {
				"north": {"uv": [0, 0, 0.2, 0.1], "texture": "#7"},
				"east": {"uv": [0, 0, 0.2, 0.1], "texture": "#7"},
				"south": {"uv": [0, 0, 0.2, 0.1], "texture": "#7"},
				"west": {"uv": [0, 0, 0.2, 0.1], "texture": "#7"},
				"up": {"uv": [0, 0, 0.2, 0.2], "texture": "#7"},
				"down": {"uv": [0, 0, 0.2, 0.2], "texture": "#7"}
			}
		},
		{
			"from": [9.3, 2, 4.9],
			"to": [9.5, 2.1, 5.1],
			"faces": {
				"north": {"uv": [0, 0, 0.2, 0.1], "texture": "#7"},
				"east": {"uv": [0, 0, 0.2, 0.1], "texture": "#7"},
				"south": {"uv": [0, 0, 0.2, 0.1], "texture": "#7"},
				"west": {"uv": [0, 0, 0.2, 0.1], "texture": "#7"},
				"up": {"uv": [0, 0, 0.2, 0.2], "texture": "#7"},
				"down": {"uv": [0, 0, 0.2, 0.2], "texture": "#7"}
			}
		},
		{
			"from": [6.5, 2, 4.9],
			"to": [6.7, 2.1, 5.1],
			"faces": {
				"north": {"uv": [0, 0, 0.2, 0.1], "texture": "#7"},
				"east": {"uv": [0, 0, 0.2, 0.1], "texture": "#7"},
				"south": {"uv": [0, 0, 0.2, 0.1], "texture": "#7"},
				"west": {"uv": [0, 0, 0.2, 0.1], "texture": "#7"},
				"up": {"uv": [0, 0, 0.2, 0.2], "texture": "#7"},
				"down": {"uv": [0, 0, 0.2, 0.2], "texture": "#7"}
			}
		},
		{
			"from": [6.5, 2, 10.9],
			"to": [6.7, 2.1, 11.1],
			"faces": {
				"north": {"uv": [0, 0, 0.2, 0.1], "texture": "#7"},
				"east": {"uv": [0, 0, 0.2, 0.1], "texture": "#7"},
				"south": {"uv": [0, 0, 0.2, 0.1], "texture": "#7"},
				"west": {"uv": [0, 0, 0.2, 0.1], "texture": "#7"},
				"up": {"uv": [0, 0, 0.2, 0.2], "texture": "#7"},
				"down": {"uv": [0, 0, 0.2, 0.2], "texture": "#7"}
			}
		},
		{
			"from": [7, 6, 7],
			"to": [9, 10, 9],
			"rotation": {"angle": 45, "axis": "y", "origin": [8, 8, 8]},
			"faces": {
				"north": {"uv": [0, 0, 3, 4], "texture": "#7"},
				"east": {"uv": [0, 5, 3, 9], "texture": "#7"},
				"south": {"uv": [0, 0, 3, 4], "texture": "#7"},
				"west": {"uv": [0, 0, 3, 4], "texture": "#7"},
				"up": {"uv": [0, 0, 3, 3], "texture": "#7"},
				"down": {"uv": [0, 0, 3, 3], "texture": "#7"}
			}
		},
		{
			"from": [7.6, 6, 6.75],
			"to": [8.4, 8, 7],
			"rotation": {"angle": 45, "axis": "y", "origin": [8, 8, 8]},
			"faces": {
				"north": {"uv": [0, 0, 0.8, 2], "texture": "#7"},
				"east": {"uv": [0, 0, 0.25, 2], "texture": "#7"},
				"south": {"uv": [0, 0, 0.8, 2], "texture": "#7"},
				"west": {"uv": [0, 0, 0.25, 2], "texture": "#7"},
				"up": {"uv": [0, 0, 0.8, 0.25], "texture": "#7"},
				"down": {"uv": [0, 0, 0.8, 0.25], "texture": "#7"}
			}
		},
		{
			"from": [7.6, 6, 9],
			"to": [8.4, 8, 9.25],
			"rotation": {"angle": 45, "axis": "y", "origin": [8, 8, 8]},
			"faces": {
				"north": {"uv": [0, 0, 0.8, 2], "texture": "#7"},
				"east": {"uv": [0, 0, 0.25, 2], "texture": "#7"},
				"south": {"uv": [0, 0, 0.8, 2], "texture": "#7"},
				"west": {"uv": [0, 0, 0.25, 2], "texture": "#7"},
				"up": {"uv": [0, 0, 0.8, 0.25], "texture": "#7"},
				"down": {"uv": [0, 0, 0.8, 0.25], "texture": "#7"}
			}
		},
		{
			"from": [9, 6, 7.6],
			"to": [9.25, 8, 8.4],
			"rotation": {"angle": 45, "axis": "y", "origin": [8, 8, 8]},
			"faces": {
				"north": {"uv": [0, 0, 0.25, 2], "texture": "#7"},
				"east": {"uv": [0, 0, 0.8, 2], "texture": "#7"},
				"south": {"uv": [0, 0, 0.25, 2], "texture": "#7"},
				"west": {"uv": [0, 0, 0.8, 2], "texture": "#7"},
				"up": {"uv": [0, 0, 0.8, 0.25], "rotation": 270, "texture": "#7"},
				"down": {"uv": [0, 0, 0.8, 0.25], "rotation": 90, "texture": "#7"}
			}
		},
		{
			"from": [6.75, 6, 7.6],
			"to": [7, 8, 8.4],
			"rotation": {"angle": 45, "axis": "y", "origin": [8, 8, 8]},
			"faces": {
				"north": {"uv": [0, 0, 0.25, 2], "texture": "#7"},
				"east": {"uv": [0, 0, 0.8, 2], "texture": "#7"},
				"south": {"uv": [0, 0, 0.25, 2], "texture": "#7"},
				"west": {"uv": [0, 0, 0.8, 2], "texture": "#7"},
				"up": {"uv": [0, 0, 0.8, 0.25], "rotation": 270, "texture": "#7"},
				"down": {"uv": [0, 0, 0.8, 0.25], "rotation": 90, "texture": "#7"}
			}
		},
		{
			"from": [7.1, 10, 7.1],
			"to": [8.9, 16, 8.9],
			"rotation": {"angle": 45, "axis": "y", "origin": [8, 8, 8]},
			"faces": {
				"north": {"uv": [0, 0, 3, 4], "texture": "#7"},
				"east": {"uv": [0, 5, 3, 9], "texture": "#7"},
				"south": {"uv": [0, 0, 3, 4], "texture": "#7"},
				"west": {"uv": [0, 0, 3, 4], "texture": "#7"},
				"up": {"uv": [0, 0, 3, 3], "texture": "#7"},
				"down": {"uv": [0, 0, 3, 3], "texture": "#7"}
			}
		}
	],
	"display": {
		"thirdperson_righthand": {
			"rotation": [75, 0, -10],
			"translation": [-7.32, -3.75, 3.25],
			"scale": [2.01, 2.01, 2.01]
		},
		"head": {
			"translation": [0, -30.5, 0],
			"scale": [1.61, 1.61, 1.61]
		}
	}
}