{
	"parent": "item/generated",
	"textures": {
		"layer0": "item/carrot_on_a_stick"
	},
	"overrides": [
		{ "predicate": { "custom_model_data": 1 }, "model": "item/heal"},
		{ "predicate": { "custom_model_data": 2 }, "model": "item/cyan_dye"},
		{ "predicate": { "custom_model_data": 3 }, "model": "item/dark_oak_leaves"},
		{ "predicate": { "custom_model_data": 4 }, "model": "item/black_dye"},
		{ "predicate": { "custom_model_data": 5 }, "model": "item/unlocker"},
		{ "predicate": { "custom_model_data": 6 }, "model": "item/green_dye"},
		{ "predicate": { "custom_model_data": 7 }, "model": "item/book"},
		{ "predicate": { "custom_model_data": 8 }, "model": "item/enchanted_book"},
		{ "predicate": { "custom_model_data": 9 }, "model": "item/white_dye"},
		{ "predicate": { "custom_model_data": 10 }, "model": "item/door"},
		{ "predicate": { "custom_model_data": 11 }, "model": "item/fire_extinguisher"},
		{ "predicate": { "custom_model_data": 12 }, "model": "item/radio"},
		{ "predicate": { "custom_model_data": 13 }, "model": "item/gas"},
		{ "predicate": { "custom_model_data": 14 }, "model": "item/ammo_box"},
		{ "predicate": { "custom_model_data": 15 }, "model": "item/brown_dye"},
		{ "predicate": { "custom_model_data": 16 }, "model": "item/valve"},
		{ "predicate": { "custom_model_data": 17 }, "model": "item/purple_dye"},
		{ "predicate": { "custom_model_data": 18 }, "model": "item/medkit"},
		
		
		{ "predicate": { "custom_model_data": 501 }, "model": "item/man"},
		{ "predicate": { "custom_model_data": 502 }, "model": "item/girl"},
		{ "predicate": { "custom_model_data": 503 }, "model": "item/grandpa"},
		{ "predicate": { "custom_model_data": 504 }, "model": "item/grandpa_dead"},
		{ "predicate": { "custom_model_data": 505 }, "model": "item/survivalist"},
		{ "predicate": { "custom_model_data": 506 }, "model": "item/swat/swat1"},
		{ "predicate": { "custom_model_data": 507 }, "model": "item/swat/swat2"},
		{ "predicate": { "custom_model_data": 508 }, "model": "item/swat/swat3"},
		{ "predicate": { "custom_model_data": 509 }, "model": "item/swat/swat4"},
		{ "predicate": { "custom_model_data": 510 }, "model": "item/swat/swat5"},
		{ "predicate": { "custom_model_data": 511 }, "model": "item/swat/pilot"},
		{ "predicate": { "custom_model_data": 512 }, "model": "item/swat/swat5_dead"},
		{ "predicate": { "custom_model_data": 513 }, "model": "item/swat/swat3_dead"},
		{ "predicate": { "custom_model_data": 514 }, "model": "item/swat/swat4_heli"},
		{ "predicate": { "custom_model_data": 515 }, "model": "item/swat/pilot_heli"},
		{ "predicate": { "custom_model_data": 516 }, "model": "item/swat/swat1_stand"},
		{ "predicate": { "custom_model_data": 517 }, "model": "item/swat/swat2_heli_2"},
		{ "predicate": { "custom_model_data": 518 }, "model": "item/swat/swat2_heli_3"},
		{ "predicate": { "custom_model_data": 519 }, "model": "item/swat/swat2_heli_4"},
		{ "predicate": { "custom_model_data": 520 }, "model": "item/swat/swat2_heli_5"},
		{ "predicate": { "custom_model_data": 521 }, "model": "item/swat/swat2_heli_6"},
		{ "predicate": { "custom_model_data": 522 }, "model": "item/swat/swat2_heli_7"},
		{ "predicate": { "custom_model_data": 523 }, "model": "item/swat/swat2_heli_8"},
		{ "predicate": { "custom_model_data": 524 }, "model": "item/swat/swat2_heli_9"},
		{ "predicate": { "custom_model_data": 525 }, "model": "item/swat/swat2_heli_10"},
		{ "predicate": { "custom_model_data": 526 }, "model": "item/gg_heli"},
		
		
		
		{"predicate": {"custom_model_data":1000}, "model": "item/hotelblocks/tv"},
		{"predicate": {"custom_model_data":1001}, "model": "item/hotelblocks/green_bottle"},
		{"predicate": {"custom_model_data":1002}, "model": "item/hotelblocks/white_bottle"},
		{"predicate": {"custom_model_data":1003}, "model": "item/hotelblocks/plate"},
		{"predicate": {"custom_model_data":1004}, "model": "item/hotelblocks/wineglass"},
		{"predicate": {"custom_model_data":1005}, "model": "item/hotelblocks/wineglass_filled"},
		{"predicate": {"custom_model_data":1006}, "model": "item/hotelblocks/fork"},
		{"predicate": {"custom_model_data":1007}, "model": "item/hotelblocks/knife"},
		{"predicate": {"custom_model_data":1008}, "model": "item/hotelblocks/pc"},
		{"predicate": {"custom_model_data":1009}, "model": "item/hotelblocks/wallpc"},
		{"predicate": {"custom_model_data":1010}, "model": "item/hotelblocks/normalglass"},
		{"predicate": {"custom_model_data":1011}, "model": "item/hotelblocks/normalglass_filled"},
		{"predicate": {"custom_model_data":1012}, "model": "item/hotelblocks/paper"},
		{"predicate": {"custom_model_data":1013}, "model": "item/hotelblocks/flowerpot"},
		{"predicate": {"custom_model_data":1015}, "model": "item/hotelblocks/painting/spruce/painting1"},
		{"predicate": {"custom_model_data":1016}, "model": "item/hotelblocks/painting/spruce/painting2"},
		{"predicate": {"custom_model_data":1017}, "model": "item/hotelblocks/painting/spruce/painting3"},
		{"predicate": {"custom_model_data":1018}, "model": "item/hotelblocks/painting/spruce/painting4"},
		{"predicate": {"custom_model_data":1019}, "model": "item/hotelblocks/painting/oak/painting1"},
		{"predicate": {"custom_model_data":1020}, "model": "item/hotelblocks/painting/oak/painting2"},
		{"predicate": {"custom_model_data":1021}, "model": "item/hotelblocks/painting/oak/painting3"},
		{"predicate": {"custom_model_data":1022}, "model": "item/hotelblocks/painting/oak/painting4"},
		{"predicate": {"custom_model_data":1023}, "model": "item/hotelblocks/painting/darkoak/painting1"},
		{"predicate": {"custom_model_data":1024}, "model": "item/hotelblocks/painting/darkoak/painting2"},
		{"predicate": {"custom_model_data":1025}, "model": "item/hotelblocks/painting/darkoak/painting3"},
		{"predicate": {"custom_model_data":1026}, "model": "item/hotelblocks/painting/darkoak/painting4"},
		{"predicate": {"custom_model_data":1027}, "model": "item/hotelblocks/painting/birch/painting1"},
		{"predicate": {"custom_model_data":1028}, "model": "item/hotelblocks/painting/birch/painting2"},
		{"predicate": {"custom_model_data":1029}, "model": "item/hotelblocks/painting/birch/painting3"},
		{"predicate": {"custom_model_data":1030}, "model": "item/hotelblocks/painting/birch/painting4"},
		{"predicate": {"custom_model_data":1031}, "model": "item/hotelblocks/rotation/gauntlet"},
		{"predicate": {"custom_model_data":1032}, "model": "item/hotelblocks/rotation/base"},
		{"predicate": {"custom_model_data":1033}, "model": "item/hotelblocks/nerdstuff/cube"},
		{"predicate": {"custom_model_data":1034}, "model": "item/hotelblocks/rotation/cube"},
		{"predicate": {"custom_model_data":1035}, "model": "item/hotelblocks/basket/empty"},
		{"predicate": {"custom_model_data":1036}, "model": "item/hotelblocks/nerdstuff/xwing"},
		{"predicate": {"custom_model_data":1037}, "model": "item/hotelblocks/nerdstuff/ironman"},
		{"predicate": {"custom_model_data":1038}, "model": "item/hotelblocks/halloween/candle"},
		{"predicate": {"custom_model_data":1039}, "model": "item/hotelblocks/halloween/candlesmall"},
		{"predicate": {"custom_model_data":1040}, "model": "item/hotelblocks/halloween/candlebig"},
		{"predicate": {"custom_model_data":1041}, "model": "item/hotelblocks/office/chair1"},
		{"predicate": {"custom_model_data":1042}, "model": "item/hotelblocks/christmas/tree"},
		{"predicate": {"custom_model_data":1043}, "model": "item/hotelblocks/christmas/present1"},
		{"predicate": {"custom_model_data":1044}, "model": "item/hotelblocks/christmas/present2"},
		{"predicate": {"custom_model_data":1045}, "model": "item/hotelblocks/christmas/present3"},
		{"predicate": {"custom_model_data":1046}, "model": "item/hotelblocks/christmas/present4"},
		{"predicate": {"custom_model_data":1047}, "model": "item/hotelblocks/christmas/orn1"},
		{"predicate": {"custom_model_data":1048}, "model": "item/hotelblocks/christmas/orn2"},
		{"predicate": {"custom_model_data":1049}, "model": "item/hotelblocks/christmas/orn3"},
		{"predicate": {"custom_model_data":1050}, "model": "item/hotelblocks/christmas/orn4"},
		{"predicate": {"custom_model_data":1051}, "model": "item/hotelblocks/christmas/orn5"},
		{"predicate": {"custom_model_data":1052}, "model": "item/hotelblocks/christmas/orn6"},
		{"predicate": {"custom_model_data":1053}, "model": "item/hotelblocks/christmas/sleigh"},
		{"predicate": {"custom_model_data":1054}, "model": "item/hotelblocks/christmas/teddy"},
	    {"predicate": {"custom_model_data":1055}, "model": "item/hotelblocks/halloween/candlelit"},
		{"predicate": {"custom_model_data":1056}, "model": "item/hotelblocks/halloween/candlelitsmall"},
		{"predicate": {"custom_model_data":1057}, "model": "item/hotelblocks/halloween/candlelitbig"},
		{"predicate": {"custom_model_data":1057}, "model": "item/hotelblocks/desklamp"},
		{"predicate": {"custom_model_data":1058}, "model": "item/hotelblocks/empty"},
		{"predicate": {"custom_model_data":1059}, "model": "item/hotelblocks/lighting/bar"},
		{"predicate": {"custom_model_data":1060}, "model": "item/hotelblocks/lighting/bar2"},
		{"predicate": {"custom_model_data":1061}, "model": "item/hotelblocks/lighting/bar3"},
		{"predicate": {"custom_model_data":1062}, "model": "item/hotelblocks/lighting/bar4"},
		
		{ "predicate": { "damaged": 0, "damage": 0.04 }, "model": "item/knowledge_book" },
		{ "predicate": { "damaged": 0, "damage": 0.08 }, "model": "furniture/chair1" },
		{ "predicate": { "damaged": 0, "damage": 0.12 }, "model": "furniture/chair2" },
		{ "predicate": { "damaged": 0, "damage": 0.16 }, "model": "furniture/stool" },
		{ "predicate": { "damaged": 0, "damage": 0.2 }, "model": "furniture/stool2" },
		{ "predicate": { "damaged": 0, "damage": 0.24 }, "model": "furniture/couch" },
		{ "predicate": { "damaged": 0, "damage": 0.28 }, "model": "furniture/seat" },
		{ "predicate": { "damaged": 0, "damage": 0.32 }, "model": "furniture/table1" },
		{ "predicate": { "damaged": 0, "damage": 0.36 }, "model": "furniture/table2" },
		{ "predicate": { "damaged": 0, "damage": 0.4 }, "model": "furniture/glass_table" },
		{ "predicate": { "damaged": 0, "damage": 0.44 }, "model": "furniture/glass_table2" },
		{ "predicate": { "damaged": 0, "damage": 0.48 }, "model": "furniture/cabnet" },
		{ "predicate": { "damaged": 0, "damage": 0.52 }, "model": "furniture/lamp" },
		{ "predicate": { "damaged": 0, "damage": 0.56 }, "model": "furniture/lamp2" },
		{ "predicate": { "damaged": 0, "damage": 0.6 }, "model": "furniture/lamp3" },
		{ "predicate": { "damaged": 0, "damage": 0.64 }, "model": "furniture/chair3" },
		{ "predicate": { "damaged": 0, "damage": 0.68 }, "model": "furniture/carrot_on_a_stick17" },
		{ "predicate": { "damaged": 0, "damage": 0.72 }, "model": "item/carrot_on_a_stick18" },
		{ "predicate": { "damaged": 0, "damage": 0.76 }, "model": "item/carrot_on_a_stick19" },
		{ "predicate": { "damaged": 0, "damage": 0.8 }, "model": "item/carrot_on_a_stick20" },
		{ "predicate": { "damaged": 0, "damage": 0.84 }, "model": "item/carrot_on_a_stick21" },
		{ "predicate": { "damaged": 0, "damage": 0.88 }, "model": "item/carrot_on_a_stick22" },
		{ "predicate": { "damaged": 0, "damage": 0.92 }, "model": "item/carrot_on_a_stick23" },
		{ "predicate": { "damaged": 0, "damage": 0.96 }, "model": "item/carrot_on_a_stick24" }
		
		
		
		
		
	
		
	
	]
}