{
	"parent": "item/generated",
	"textures": {
		"layer0": "item/crossbow_standby"
	},
	"display": {
        "thirdperson_righthand": {
            "rotation": [ -90, 0, -60 ],
            "translation": [ 2, 0.1, -3 ],
            "scale": [ 0.9, 0.9, 0.9 ]
        },
        "thirdperson_lefthand": {
            "rotation": [ -90, 0, 30 ],
            "translation": [ 2, 0.1, -3 ],
            "scale": [ 0.9, 0.9, 0.9 ]
        },
        "firstperson_righthand": {
            "rotation": [ -90, 0, -55 ],
            "translation": [ 1.13, 3.2, 1.13],
            "scale": [ 0.68, 0.68, 0.68 ]
        },
        "firstperson_lefthand": {
            "rotation": [ -90, 0, 35 ],
            "translation": [ 1.13, 3.2, 1.13],
            "scale": [ 0.68, 0.68, 0.68 ]
        }
    },
	"overrides": [
	
		{ "predicate": { "pulling": 1 }, "model": "item/crossbow_pulling_0"},
		{ "predicate": { "pulling": 1, "pull": 0.58 }, "model": "item/crossbow_pulling_1"},
		{ "predicate": { "pulling": 1, "pull": 1.0 }, "model": "item/crossbow_pulling_2"},
		{ "predicate": { "charged": 1 }, "model": "item/crossbow_arrow"},
		{ "predicate": { "charged": 1, "firework": 1 }, "model": "item/crossbow_firework"},
		
		{ "predicate": { "custom_model_data": 1000 }, "model": "item/guns/pistol1"},
		{ "predicate": { "custom_model_data": 1001 }, "model": "item/guns/pistol1_na"},
		{ "predicate": { "custom_model_data": 1005 }, "model": "item/guns/pistol2"},
		{ "predicate": { "custom_model_data": 1006 }, "model": "item/guns/pistol2_na"},
		{ "predicate": { "custom_model_data": 1010 }, "model": "item/guns/pistol3"},
		{ "predicate": { "custom_model_data": 1011 }, "model": "item/guns/pistol3_na"},
		{ "predicate": { "custom_model_data": 1015 }, "model": "item/guns/pistol4"},
		{ "predicate": { "custom_model_data": 1020 }, "model": "item/guns/pistol5"},
		{ "predicate": { "custom_model_data": 1025 }, "model": "item/guns/pistol6"},
		{ "predicate": { "custom_model_data": 1030 }, "model": "item/guns/pistol7"},
		{ "predicate": { "custom_model_data": 1031 }, "model": "item/guns/pistol7_na"},
		
		{ "predicate": { "custom_model_data": 1050 }, "model": "item/guns/shotgun1"},
		{ "predicate": { "custom_model_data": 1055 }, "model": "item/guns/shotgun2"},
		{ "predicate": { "custom_model_data": 1060 }, "model": "item/guns/shotgun3"},
		{ "predicate": { "custom_model_data": 1061 }, "model": "item/guns/shotgun3_na"},
		{ "predicate": { "custom_model_data": 1065 }, "model": "item/guns/shotgun4"},
		{ "predicate": { "custom_model_data": 1070 }, "model": "item/guns/shotgun5"},
		{ "predicate": { "custom_model_data": 1075 }, "model": "item/guns/shotgun6"},
		{ "predicate": { "custom_model_data": 1080 }, "model": "item/guns/shotgun7"},
		
		{ "predicate": { "custom_model_data": 1100 }, "model": "item/guns/machine1"},
		{ "predicate": { "custom_model_data": 1101 }, "model": "item/guns/machine1_na"},
		{ "predicate": { "custom_model_data": 1105 }, "model": "item/guns/machine2"},
		{ "predicate": { "custom_model_data": 1106 }, "model": "item/guns/machine2_na"},
		{ "predicate": { "custom_model_data": 1110 }, "model": "item/guns/machine3"},
		{ "predicate": { "custom_model_data": 1111 }, "model": "item/guns/machine3_na"},
		{ "predicate": { "custom_model_data": 1115 }, "model": "item/guns/machine4"},
		{ "predicate": { "custom_model_data": 1116 }, "model": "item/guns/machine4_na"},
		{ "predicate": { "custom_model_data": 1120 }, "model": "item/guns/machine5"},
		{ "predicate": { "custom_model_data": 1121 }, "model": "item/guns/machine5_na"},
		{ "predicate": { "custom_model_data": 1125 }, "model": "item/guns/machine6"},
		{ "predicate": { "custom_model_data": 1126 }, "model": "item/guns/machine6_na"},
		{ "predicate": { "custom_model_data": 1130 }, "model": "item/guns/machine7"},
		{ "predicate": { "custom_model_data": 1131 }, "model": "item/guns/machine7_na"},
		{ "predicate": { "custom_model_data": 1135 }, "model": "item/guns/machine8"},
		{ "predicate": { "custom_model_data": 1136 }, "model": "item/guns/machine8_na"},
		{ "predicate": { "custom_model_data": 1140 }, "model": "item/guns/machine9"},
		{ "predicate": { "custom_model_data": 1141 }, "model": "item/guns/machine9_na"},
		{ "predicate": { "custom_model_data": 1145 }, "model": "item/guns/machine10"},
		{ "predicate": { "custom_model_data": 1146 }, "model": "item/guns/machine10_na"},
		
		{ "predicate": { "custom_model_data": 1150 }, "model": "item/guns/machine_gun1"},
		{ "predicate": { "custom_model_data": 1151 }, "model": "item/guns/machine_gun1_na"},
		{ "predicate": { "custom_model_data": 1155 }, "model": "item/guns/machine_gun2"},
		{ "predicate": { "custom_model_data": 1156 }, "model": "item/guns/machine_gun2_na"},
		{ "predicate": { "custom_model_data": 1180 }, "model": "item/guns/machine_gun7"},
		{ "predicate": { "custom_model_data": 1182 }, "model": "item/guns/machine_gun7_spinning"},
		
		{ "predicate": { "custom_model_data": 1200 }, "model": "item/guns/rifle1"},
		{ "predicate": { "custom_model_data": 1201 }, "model": "item/guns/rifle1_na"},
		{ "predicate": { "custom_model_data": 1205 }, "model": "item/guns/rifle2"},
		{ "predicate": { "custom_model_data": 1206 }, "model": "item/guns/rifle2_na"},
		{ "predicate": { "custom_model_data": 1210 }, "model": "item/guns/rifle3"},
		{ "predicate": { "custom_model_data": 1215 }, "model": "item/guns/rifle4"},
		{ "predicate": { "custom_model_data": 1220 }, "model": "item/guns/rifle5"},
		{ "predicate": { "custom_model_data": 1225 }, "model": "item/guns/rifle6"},
		{ "predicate": { "custom_model_data": 1230 }, "model": "item/guns/rifle7"},
		{ "predicate": { "custom_model_data": 1231 }, "model": "item/guns/rifle7_re"},
		{ "predicate": { "custom_model_data": 1232 }, "model": "item/guns/rifle7_na"},
		
		{ "predicate": { "custom_model_data": 1250 }, "model": "item/guns/explosive1"},
		{ "predicate": { "custom_model_data": 1251 }, "model": "item/guns/explosive1_re"},
		{ "predicate": { "custom_model_data": 1255 }, "model": "item/guns/explosive2"},
		{ "predicate": { "custom_model_data": 1260 }, "model": "item/guns/explosive3"},
		{ "predicate": { "custom_model_data": 1265 }, "model": "item/guns/explosive4"},
		{ "predicate": { "custom_model_data": 1270 }, "model": "item/guns/explosive5"},
		{ "predicate": { "custom_model_data": 1275 }, "model": "item/guns/explosive6"},
		{ "predicate": { "custom_model_data": 1280 }, "model": "item/guns/explosive7"},
		{ "predicate": { "custom_model_data": 1281 }, "model": "item/guns/explosive7_na"},
		
		{ "predicate": { "custom_model_data": 1300 }, "model": "item/guns/grenade1"},
		{ "predicate": { "custom_model_data": 1305 }, "model": "item/guns/grenade2"},
		{ "predicate": { "custom_model_data": 1310 }, "model": "item/guns/grenade3"},
		{ "predicate": { "custom_model_data": 1315 }, "model": "item/guns/grenade4"},
		{ "predicate": { "custom_model_data": 1320 }, "model": "item/guns/grenade5"},
		{ "predicate": { "custom_model_data": 1325 }, "model": "item/guns/grenade6"},
		{ "predicate": { "custom_model_data": 1330 }, "model": "item/guns/grenade7"},
		
		{ "predicate": { "custom_model_data": 1350 }, "model": "item/guns/laser1"},
		{ "predicate": { "custom_model_data": 1355 }, "model": "item/guns/laser2"},
		{ "predicate": { "custom_model_data": 1360 }, "model": "item/guns/laser3"},
		{ "predicate": { "custom_model_data": 1365 }, "model": "item/guns/laser4"},
		{ "predicate": { "custom_model_data": 1370 }, "model": "item/guns/laser5"},
		{ "predicate": { "custom_model_data": 1375 }, "model": "item/guns/laser6"},
		{ "predicate": { "custom_model_data": 1380 }, "model": "item/guns/laser7"},

		{ "predicate": { "custom_model_data": 1995 }, "model": "item/guns/ammo_fire"},
		{ "predicate": { "custom_model_data": 1996 }, "model": "item/guns/ammo_laser"},
		{ "predicate": { "custom_model_data": 1997 }, "model": "item/guns/ammo_small"},
		{ "predicate": { "custom_model_data": 1998 }, "model": "item/guns/ammo_medium"},
		{ "predicate": { "custom_model_data": 1999 }, "model": "item/guns/ammo_large"},

		{ "predicate": { "custom_model_data": 2001 }, "model": "item/lambda/gravitygun"},
		{ "predicate": { "custom_model_data": 2002 }, "model": "item/lambda/physicgun"},
		{ "predicate": { "custom_model_data": 2003 }, "model": "item/lambda/portalgun_o"},
		{ "predicate": { "custom_model_data": 2004 }, "model": "item/lambda/portalgun_b" },
		
		{ "predicate": { "custom_model_data": 4001 }, "model": "item/more_mobs/dark_golem/dark_golem" },
		{ "predicate": { "custom_model_data": 4002 }, "model": "item/more_mobs/dark_golem/dark_golem_fire" },
		{ "predicate": { "custom_model_data": 4003 }, "model": "item/more_mobs/dark_golem/big_dark_golem" },
		{ "predicate": { "custom_model_data": 4004 }, "model": "item/more_mobs/dark_golem/big_dark_golem_fire" },
		{ "predicate": { "custom_model_data": 4005 }, "model": "item/more_mobs/dark_golem/dark_spider_golem" },
		{ "predicate": { "custom_model_data": 4006 }, "model": "item/more_mobs/dark_golem/dark_spider_golem_fire" },
		{ "predicate": { "custom_model_data": 4016 }, "model": "item/more_mobs/infenior/afrit" },
		
		{ "predicate": { "custom_model_data": 4501 }, "model": "item/more_mobs/afrit_heart" },
		{ "predicate": { "custom_model_data": 4502 }, "model": "item/more_mobs/dark_golem_fragment" },
		
		{ "predicate": { "custom_model_data": 5000 }, "model": "item/core/wrench" },
		{ "predicate": { "custom_model_data": 5001 }, "model": "item/core/steel" },
		{ "predicate": { "custom_model_data": 5002 }, "model": "item/core/hsteel" },
		{ "predicate": { "custom_model_data": 5003 }, "model": "item/core/microcircuit" },
		{ "predicate": { "custom_model_data": 5004 }, "model": "item/core/advanced_microcircuit" },
		{ "predicate": { "custom_model_data": 5005 }, "model": "item/core/ai_microcircuit" },
		{ "predicate": { "custom_model_data": 5006 }, "model": "item/core/ruby" },
		{ "predicate": { "custom_model_data": 5007 }, "model": "item/core/saphire" },
		{ "predicate": { "custom_model_data": 5008 }, "model": "item/core/green_saphire" },
		{ "predicate": { "custom_model_data": 5009 }, "model": "item/core/tin" },
		{ "predicate": { "custom_model_data": 5010 }, "model": "item/core/lead" },
		{ "predicate": { "custom_model_data": 5011 }, "model": "item/core/copper" },
		{ "predicate": { "custom_model_data": 5012 }, "model": "item/core/remote_control" },
		
		{ "predicate": { "custom_model_data": 5501 }, "model": "item/radiation/geiger_counter" },
		
		{ "predicate": { "custom_model_data": 6001 }, "model": "item/enviromine/obs_apple" },
		{ "predicate": { "custom_model_data": 6002 }, "model": "item/enviromine/qua_apple" },
		
		{ "predicate": { "custom_model_data": 7001 }, "model": "item/combat/black_sword"},
		{ "predicate": { "custom_model_data": 7002 }, "model": "item/combat/blaze_sword"},
		{ "predicate": { "custom_model_data": 7003 }, "model": "item/combat/blood_sword"},
		{ "predicate": { "custom_model_data": 7004 }, "model": "item/combat/diamond_sword_big"},
		{ "predicate": { "custom_model_data": 7005 }, "model": "item/combat/emerald_axe"},
		{ "predicate": { "custom_model_data": 7006 }, "model": "item/combat/emerald_hoe"},
		{ "predicate": { "custom_model_data": 7007 }, "model": "item/combat/emerald_pickaxe"},
		{ "predicate": { "custom_model_data": 7008 }, "model": "item/combat/emerald_shovel"},
		{ "predicate": { "custom_model_data": 7009 }, "model": "item/combat/emerald_sword"},
		{ "predicate": { "custom_model_data": 7010 }, "model": "item/combat/emerald_sword_big"},
		{ "predicate": { "custom_model_data": 7011 }, "model": "item/combat/fire_sword"},
		{ "predicate": { "custom_model_data": 7012 }, "model": "item/combat/fire_sword_big"},
		{ "predicate": { "custom_model_data": 7013 }, "model": "item/combat/golden_sword_big"},
		{ "predicate": { "custom_model_data": 7014 }, "model": "item/combat/stone_sword_big"},
		{ "predicate": { "custom_model_data": 7015 }, "model": "item/combat/wooden_sword_big"},
		{ "predicate": { "custom_model_data": 7016 }, "model": "item/combat/iron_sword_big"},
		
		{ "predicate": { "custom_model_data": 7017 }, "model": "item/combat/bows/blaze_bow" },
		{ "predicate": { "custom_model_data": 7018 }, "model": "item/combat/bows/ender_bow" },
		{ "predicate": { "custom_model_data": 7019 }, "model": "item/combat/bows/wither_bow" },
		{ "predicate": { "custom_model_data": 7020 }, "model": "item/combat/bows/ice_bow" },
		{ "predicate": { "custom_model_data": 7021 }, "model": "item/combat/bows/boom_bow" },
		{ "predicate": { "custom_model_data": 7022 }, "model": "item/combat/bows/boom2_bow" },
		{ "predicate": { "custom_model_data": 7023 }, "model": "item/combat/bows/torch_bow" },
		{ "predicate": { "custom_model_data": 7024 }, "model": "item/combat/bows/multi_bow" },
		{ "predicate": { "custom_model_data": 7025 }, "model": "item/combat/bows/punch_bow" },
		{ "predicate": { "custom_model_data": 7026 }, "model": "item/combat/bows/unstable_bow" },
		{ "predicate": { "custom_model_data": 7027 }, "model": "item/combat/bows/frostfire_bow" },
		{ "predicate": { "custom_model_data": 7028 }, "model": "item/combat/bows/kairui_bow" },
		{ "predicate": { "custom_model_data": 7029 }, "model": "item/combat/bows/lighting_bow" },
		{ "predicate": { "custom_model_data": 7030 }, "model": "item/combat/boom_boots" },
		{ "predicate": { "custom_model_data": 7031 }, "model": "item/combat/magnite_boots" },
		{ "predicate": { "custom_model_data": 7032 }, "model": "item/combat/fire_boots" },
		{ "predicate": { "custom_model_data": 7033 }, "model": "item/combat/tnt_helmet" },
		{ "predicate": { "custom_model_data": 7034 }, "model": "item/combat/rainbow_armor"},
		
		{ "predicate": { "custom_model_data": 8001 }, "model": "item/vehicle/wheel" },
		
		{ "predicate": { "custom_model_data": 9000 }, "model": "item/za/zombie_giant" },
		{ "predicate": { "custom_model_data": 9001 }, "model": "item/za/zombie_giant_walk" },
		{ "predicate": { "custom_model_data": 9002 }, "model": "item/za/zombie_giant_roar" },
		{ "predicate": { "custom_model_data": 9003 }, "model": "item/za/zombie_giant_lies" },
		{ "predicate": { "custom_model_data": 9004 }, "model": "item/za/zombie_giant_jump" },
		{ "predicate": { "custom_model_data": 9005 }, "model": "item/za/zombie_giant_after_jump" },
		
		{ "predicate": { "custom_model_data": 9010 }, "model": "item/za/damage/zombie_giant" },
		{ "predicate": { "custom_model_data": 9011 }, "model": "item/za/damage/zombie_giant_walk" },
		{ "predicate": { "custom_model_data": 9012 }, "model": "item/za/damage/zombie_giant_roar" },
		{ "predicate": { "custom_model_data": 9013 }, "model": "item/za/damage/zombie_giant_lies" },
		{ "predicate": { "custom_model_data": 9014 }, "model": "item/za/damage/zombie_giant_jump" },
		{ "predicate": { "custom_model_data": 9015 }, "model": "item/za/damage/zombie_giant_after_jump" },
		
		{ "predicate": { "custom_model_data": 9020 }, "model": "item/za/nether/zombie_giant" },
		{ "predicate": { "custom_model_data": 9021 }, "model": "item/za/nether/zombie_giant_walk" },
		{ "predicate": { "custom_model_data": 9022 }, "model": "item/za/nether/zombie_giant_roar" },
		{ "predicate": { "custom_model_data": 9023 }, "model": "item/za/nether/zombie_giant_lies" },
		{ "predicate": { "custom_model_data": 9024 }, "model": "item/za/nether/zombie_giant_jump" },
		{ "predicate": { "custom_model_data": 9025 }, "model": "item/za/nether/zombie_giant_after_jump" },
		
		{ "predicate": { "custom_model_data": 9040 }, "model": "item/za/end/zombie_giant" },
		{ "predicate": { "custom_model_data": 9041 }, "model": "item/za/end/zombie_giant_walk" },
		{ "predicate": { "custom_model_data": 9042 }, "model": "item/za/end/zombie_giant_roar" },
		{ "predicate": { "custom_model_data": 9043 }, "model": "item/za/end/zombie_giant_lies" },
		{ "predicate": { "custom_model_data": 9044 }, "model": "item/za/end/zombie_giant_jump" },
		{ "predicate": { "custom_model_data": 9045 }, "model": "item/za/end/zombie_giant_after_jump" },
		
		{ "predicate": { "custom_model_data": 10000 }, "model": "item/magic/item/ancient/crafter_nodata" },
		{ "predicate": { "custom_model_data": 10001 }, "model": "item/magic/item/ancient/crafter_data" },
		{ "predicate": { "custom_model_data": 10002 }, "model": "item/magic/item/ancient/gear" },
		{ "predicate": { "custom_model_data": 10003 }, "model": "item/gui/lower_section_zcbm_magictech" },
		{ "predicate": { "custom_model_data": 10004 }, "model": "item/gui/upper_section_zcbm_magictech" },
		{ "predicate": { "custom_model_data": 10010 }, "model": "item/magic/item/ancient/collector_1" },
		{ "predicate": { "custom_model_data": 10011 }, "model": "item/magic/item/ancient/collector_1_rings" },
		{ "predicate": { "custom_model_data": 10016 }, "model": "item/magic/item/ancient/furnace" },
		{ "predicate": { "custom_model_data": 10017 }, "model": "item/magic/item/ancient/furnace_actived" },
		{ "predicate": { "custom_model_data": 10018 }, "model": "item/gui/upper_section_zcbm_furnace_noenergy" },
		{ "predicate": { "custom_model_data": 10019 }, "model": "item/gui/upper_section_zcbm_furnace_energy" },
		{ "predicate": { "custom_model_data": 10020 }, "model": "item/gui/upper_section_zcbm_science" },
		{ "predicate": { "custom_model_data": 10021 }, "model": "item/gui/lower_section_zcbm_science" },
		{ "predicate": { "custom_model_data": 10022 }, "model": "item/magic/item/ancient/block_breaker_stat" },
		{ "predicate": { "custom_model_data": 10023 }, "model": "item/magic/item/ancient/block_breaker_active" },
		{ "predicate": { "custom_model_data": 10024 }, "model": "item/magic/item/ancient/science_machine_stand" },
		{ "predicate": { "custom_model_data": 10025 }, "model": "item/magic/item/ancient/science_machine_work" },
		{ "predicate": { "custom_model_data": 10026 }, "model": "item/magic/item/ancient/crystallizer" },
		{ "predicate": { "custom_model_data": 10027 }, "model": "item/magic/item/ancient/crystal" },
		{ "predicate": { "custom_model_data": 10028 }, "model": "item/magic/item/ancient/mechanical_platform" },
		{ "predicate": { "custom_model_data": 10029 }, "model": "item/magic/item/ancient/charger_on" },
		{ "predicate": { "custom_model_data": 10030 }, "model": "item/magic/item/ancient/charger_off" },
		
		{ "predicate": { "custom_model_data": 10050 }, "model": "item/gui/progress/00" },
		{ "predicate": { "custom_model_data": 10051 }, "model": "item/gui/progress/01" },
		{ "predicate": { "custom_model_data": 10052 }, "model": "item/gui/progress/02" },
		{ "predicate": { "custom_model_data": 10053 }, "model": "item/gui/progress/03" },
		{ "predicate": { "custom_model_data": 10054 }, "model": "item/gui/progress/04" },
		{ "predicate": { "custom_model_data": 10055 }, "model": "item/gui/progress/05" },
		{ "predicate": { "custom_model_data": 10056 }, "model": "item/gui/progress/06" },
		{ "predicate": { "custom_model_data": 10057 }, "model": "item/gui/progress/07" },
		{ "predicate": { "custom_model_data": 10058 }, "model": "item/gui/progress/08" },
		{ "predicate": { "custom_model_data": 10059 }, "model": "item/gui/progress/09" },
		{ "predicate": { "custom_model_data": 10060 }, "model": "item/gui/progress/10" },
		{ "predicate": { "custom_model_data": 10061 }, "model": "item/gui/progress/11" },
		
		{ "predicate": { "custom_model_data": 10063 }, "model": "item/magic/item/ancient/furnace_crystals/0" },
		{ "predicate": { "custom_model_data": 10064 }, "model": "item/magic/item/ancient/furnace_crystals/1" },
		{ "predicate": { "custom_model_data": 10065 }, "model": "item/magic/item/ancient/furnace_crystals/2" },
		{ "predicate": { "custom_model_data": 10066 }, "model": "item/magic/item/ancient/furnace_crystals/3" },
		{ "predicate": { "custom_model_data": 10067 }, "model": "item/magic/item/ancient/furnace_crystals/4" },
		{ "predicate": { "custom_model_data": 10068 }, "model": "item/magic/item/ancient/furnace_crystals/5" },
		{ "predicate": { "custom_model_data": 10069 }, "model": "item/magic/item/ancient/furnace_crystals/6" },
		{ "predicate": { "custom_model_data": 10070 }, "model": "item/magic/item/ancient/furnace_crystals/7" },
		
		{ "predicate": { "custom_model_data": 10072 }, "model": "item/magic/item/ancient/mechclaw/head" },
		{ "predicate": { "custom_model_data": 10073 }, "model": "item/magic/item/ancient/mechclaw/body" },
		{ "predicate": { "custom_model_data": 10074 }, "model": "item/magic/item/ancient/mechclaw/arm_left" },
		{ "predicate": { "custom_model_data": 10075 }, "model": "item/magic/item/ancient/mechclaw/arm_right" },
		{ "predicate": { "custom_model_data": 10076 }, "model": "item/magic/item/ancient/mechclaw/leg_left" },
		{ "predicate": { "custom_model_data": 10077 }, "model": "item/magic/item/ancient/mechclaw/leg_right" },
		
		{ "predicate": { "custom_model_data": 10078 }, "model": "item/magic/item/ancient/cells/memorycell_empty" },
		{ "predicate": { "custom_model_data": 10079 }, "model": "item/magic/item/ancient/cells/memorycell_encrypted" },
		
		{ "predicate": { "custom_model_data": 10080 }, "model": "item/magic/item/ancient/cells/memorycell_common" },
		{ "predicate": { "custom_model_data": 10081 }, "model": "item/magic/item/ancient/cells/memorycell_uncommon" },
		{ "predicate": { "custom_model_data": 10082 }, "model": "item/magic/item/ancient/cells/memorycell_rare" },
		{ "predicate": { "custom_model_data": 10083 }, "model": "item/magic/item/ancient/cells/memorycell_ultrarare" },
		{ "predicate": { "custom_model_data": 10084 }, "model": "item/magic/item/ancient/cells/in_table/memorycell_common" },
		{ "predicate": { "custom_model_data": 10085 }, "model": "item/magic/item/ancient/cells/in_table/memorycell_uncommon" },
		{ "predicate": { "custom_model_data": 10086 }, "model": "item/magic/item/ancient/cells/in_table/memorycell_rare" },
		{ "predicate": { "custom_model_data": 10087 }, "model": "item/magic/item/ancient/cells/in_table/memorycell_ultrarare" },
		
		{ "predicate": { "custom_model_data": 10100 }, "model": "item/magic/item/ancient/table_in_hand/crafter_nodata" },
		{ "predicate": { "custom_model_data": 10110 }, "model": "item/magic/item/ancient/table_in_hand/collectort_1" },
		{ "predicate": { "custom_model_data": 10116 }, "model": "item/magic/item/ancient/table_in_hand/furnace" },
		{ "predicate": { "custom_model_data": 10122 }, "model": "item/magic/item/ancient/table_in_hand/block_breaker_stat" },
		{ "predicate": { "custom_model_data": 10125 }, "model": "item/magic/item/ancient/table_in_hand/science_machine_work" },
		{ "predicate": { "custom_model_data": 10126 }, "model": "item/magic/item/ancient/table_in_hand/crystallizer" },
		{ "predicate": { "custom_model_data": 10128 }, "model": "item/magic/item/ancient/table_in_hand/mechanical_platform" },
		{ "predicate": { "custom_model_data": 10130 }, "model": "item/magic/item/ancient/table_in_hand/charger_off" },
		
		{ "predicate": { "custom_model_data": 10300 }, "model": "item/magic/item/ancient/cells/recipe/000" },
		{ "predicate": { "custom_model_data": 10301 }, "model": "item/magic/item/ancient/cells/recipe/001" },
		{ "predicate": { "custom_model_data": 10302 }, "model": "item/magic/item/ancient/cells/recipe/002" },
		{ "predicate": { "custom_model_data": 10303 }, "model": "item/magic/item/ancient/cells/recipe/003" },
		{ "predicate": { "custom_model_data": 10304 }, "model": "item/magic/item/ancient/cells/recipe/004" },
		{ "predicate": { "custom_model_data": 10305 }, "model": "item/magic/item/ancient/cells/recipe/005" },
		
		{ "predicate": { "custom_model_data": 10400 }, "model": "item/magic/item/ancient/iron" },
		{ "predicate": { "custom_model_data": 10401 }, "model": "item/magic/item/ancient/gold" },
		{ "predicate": { "custom_model_data": 10402 }, "model": "item/magic/item/ancient/gold_part" },
		{ "predicate": { "custom_model_data": 10403 }, "model": "item/magic/item/ancient/pickaxe_off" },
		{ "predicate": { "custom_model_data": 10404 }, "model": "item/magic/item/ancient/pickaxe" },
		{ "predicate": { "custom_model_data": 10405 }, "model": "item/magic/item/ancient/sword_off" },
		{ "predicate": { "custom_model_data": 10406 }, "model": "item/magic/item/ancient/sword" },
		{ "predicate": { "custom_model_data": 10407 }, "model": "item/magic/item/ancient/motor" },
		{ "predicate": { "custom_model_data": 10408 }, "model": "item/magic/item/ancient/iron_sword" },
		{ "predicate": { "custom_model_data": 10409 }, "model": "item/magic/item/ancient/iron_pickaxe" },
		{ "predicate": { "custom_model_data": 10410 }, "model": "item/magic/item/ancient/iron_axe" },
		{ "predicate": { "custom_model_data": 10411 }, "model": "item/magic/item/ancient/iron_shovel" },
		{ "predicate": { "custom_model_data": 10412 }, "model": "item/magic/item/ancient/iron_xye" },
		{ "predicate": { "custom_model_data": 10413 }, "model": "item/magic/item/ancient/golden_sword" },
		{ "predicate": { "custom_model_data": 10414 }, "model": "item/magic/item/ancient/golden_pickaxe" },
		{ "predicate": { "custom_model_data": 10415 }, "model": "item/magic/item/ancient/golden_axe" },
		{ "predicate": { "custom_model_data": 10416 }, "model": "item/magic/item/ancient/golden_shovel" },
		{ "predicate": { "custom_model_data": 10417 }, "model": "item/magic/item/ancient/golden_xye" },
		{ "predicate": { "custom_model_data": 10418 }, "model": "item/magic/item/ancient/crystal_shard" },
		{ "predicate": { "custom_model_data": 10419 }, "model": "item/magic/item/ancient/iron_part" },
		{ "predicate": { "custom_model_data": 10420 }, "model": "item/magic/item/ancient/detector" },
		{ "predicate": { "custom_model_data": 10421 }, "model": "item/magic/item/ancient/detector_on" },
		{ "predicate": { "custom_model_data": 10498 }, "model": "item/magic/item/ancient/pistol" },
		{ "predicate": { "custom_model_data": 10499 }, "model": "item/magic/item/ancient/railgun" },
		
		{ "predicate": { "custom_model_data": 10500 }, "model": "item/gui/progress_science/00" },
		{ "predicate": { "custom_model_data": 10501 }, "model": "item/gui/progress_science/01" },
		{ "predicate": { "custom_model_data": 10502 }, "model": "item/gui/progress_science/02" },
		{ "predicate": { "custom_model_data": 10503 }, "model": "item/gui/progress_science/03" },
		{ "predicate": { "custom_model_data": 10504 }, "model": "item/gui/progress_science/04" },
		{ "predicate": { "custom_model_data": 10505 }, "model": "item/gui/progress_science/05" },
		{ "predicate": { "custom_model_data": 10506 }, "model": "item/gui/progress_science/06" },
		{ "predicate": { "custom_model_data": 10507 }, "model": "item/gui/progress_science/07" },
		{ "predicate": { "custom_model_data": 10508 }, "model": "item/gui/progress_science/08" },
		{ "predicate": { "custom_model_data": 10509 }, "model": "item/gui/progress_science/09" },
		{ "predicate": { "custom_model_data": 10510 }, "model": "item/gui/progress_science/10" },
		{ "predicate": { "custom_model_data": 10511 }, "model": "item/gui/progress_science/11" },
		{ "predicate": { "custom_model_data": 10512 }, "model": "item/gui/progress_science/12" },
		{ "predicate": { "custom_model_data": 10513 }, "model": "item/gui/progress_science/13" },
		{ "predicate": { "custom_model_data": 10514 }, "model": "item/gui/progress_science/14" },
		{ "predicate": { "custom_model_data": 10515 }, "model": "item/gui/progress_science/15" },
		{ "predicate": { "custom_model_data": 10516 }, "model": "item/gui/progress_science/16" },
		{ "predicate": { "custom_model_data": 10517 }, "model": "item/gui/progress_science/17" },
		{ "predicate": { "custom_model_data": 10518 }, "model": "item/gui/progress_science/18" },
		{ "predicate": { "custom_model_data": 10519 }, "model": "item/gui/progress_science/19" },
		{ "predicate": { "custom_model_data": 10520 }, "model": "item/gui/progress_science/20" },
		{ "predicate": { "custom_model_data": 10521 }, "model": "item/gui/progress_science/21" },
		{ "predicate": { "custom_model_data": 10522 }, "model": "item/gui/progress_science/22" },
		{ "predicate": { "custom_model_data": 10523 }, "model": "item/gui/progress_science/23" },
		{ "predicate": { "custom_model_data": 10524 }, "model": "item/gui/progress_science/24" },
		{ "predicate": { "custom_model_data": 10525 }, "model": "item/gui/progress_science/25" },
		{ "predicate": { "custom_model_data": 10526 }, "model": "item/gui/progress_science/26" },
		{ "predicate": { "custom_model_data": 10527 }, "model": "item/gui/progress_science/27" },
		{ "predicate": { "custom_model_data": 10528 }, "model": "item/gui/progress_science/28" },
		{ "predicate": { "custom_model_data": 10529 }, "model": "item/gui/progress_science/29" },
		{ "predicate": { "custom_model_data": 10530 }, "model": "item/gui/progress_science/30" },
		{ "predicate": { "custom_model_data": 10531 }, "model": "item/gui/progress_science/31" },
		{ "predicate": { "custom_model_data": 10532 }, "model": "item/gui/progress_science/32" },
		{ "predicate": { "custom_model_data": 10533 }, "model": "item/gui/progress_science/33" },
		{ "predicate": { "custom_model_data": 10534 }, "model": "item/gui/progress_science/34" },
		{ "predicate": { "custom_model_data": 10535 }, "model": "item/gui/progress_science/35" },
		{ "predicate": { "custom_model_data": 10536 }, "model": "item/gui/progress_science/36" },
		{ "predicate": { "custom_model_data": 10537 }, "model": "item/gui/progress_science/37" },
		{ "predicate": { "custom_model_data": 10538 }, "model": "item/gui/progress_science/38" },
		{ "predicate": { "custom_model_data": 10539 }, "model": "item/gui/progress_science/39" },
		{ "predicate": { "custom_model_data": 10540 }, "model": "item/gui/progress_science/40" },
		{ "predicate": { "custom_model_data": 10541 }, "model": "item/gui/progress_science/41" },
		{ "predicate": { "custom_model_data": 10542 }, "model": "item/gui/progress_science/42" },
		{ "predicate": { "custom_model_data": 10543 }, "model": "item/gui/progress_science/43" },
		{ "predicate": { "custom_model_data": 10544 }, "model": "item/gui/progress_science/44" },
		{ "predicate": { "custom_model_data": 10545 }, "model": "item/gui/progress_science/45" },
		{ "predicate": { "custom_model_data": 10546 }, "model": "item/gui/progress_science/46" },
		{ "predicate": { "custom_model_data": 10547 }, "model": "item/gui/progress_science/47" },
		{ "predicate": { "custom_model_data": 10548 }, "model": "item/gui/progress_science/48" },
		{ "predicate": { "custom_model_data": 10549 }, "model": "item/gui/progress_science/49" },
		{ "predicate": { "custom_model_data": 10550 }, "model": "item/gui/progress_science/50" },
		{ "predicate": { "custom_model_data": 10551 }, "model": "item/gui/progress_science/51" },
		{ "predicate": { "custom_model_data": 10552 }, "model": "item/gui/progress_science/52" },
		
		{ "predicate": { "custom_model_data": 10600 }, "model": "item/magic/item/ancient/mobs/spider_blow" },
		{ "predicate": { "custom_model_data": 10601 }, "model": "item/magic/item/ancient/mobs/spider_railgun" },
		{ "predicate": { "custom_model_data": 10602 }, "model": "item/magic/item/ancient/mobs/spider_melee" },
		{ "predicate": { "custom_model_data": 999999 }, "model": "item/guns/shotgun2_reload" }
		
	]
}