{
	"parent": "item/handheld",
	"textures": {
		"layer0": "item/diamond_hoe"
	},
	"overrides": [
		{ "predicate": { "damage": 0 }, "model": "item/diamond_hoe" },
		{ "predicate": { "damaged": 0, "damage": 0.000640614990391 }, "model": "furniture/chairs/oak_chair" },
		{ "predicate": { "damaged": 0, "damage": 0.001281229980782 }, "model": "furniture/chairs/oak_chair2" },
		{ "predicate": { "damaged": 0, "damage": 0.001921844971172 }, "model": "furniture/chairs/birch_chair" },
		{ "predicate": { "damaged": 0, "damage": 0.002562459961563 }, "model": "furniture/chairs/birch_chair2" },
		{ "predicate": { "damaged": 0, "damage": 0.003203074951954 }, "model": "furniture/chairs/spruce_chair" },
		{ "predicate": { "damaged": 0, "damage": 0.003843689942345 }, "model": "furniture/chairs/spruce_chair2" },
		{ "predicate": { "damaged": 0, "damage": 0.004484304932735 }, "model": "furniture/chairs/dark_oak_chair" },
		{ "predicate": { "damaged": 0, "damage": 0.005124919923126 }, "model": "furniture/chairs/dark_oak_chair2" },
		{ "predicate": { "damaged": 0, "damage": 0.005765534913517 }, "model": "furniture/chairs/acacia_chair" },
		{ "predicate": { "damaged": 0, "damage": 0.006406149903908 }, "model": "furniture/chairs/acacia_chair2" },
		{ "predicate": { "damaged": 0, "damage": 0.007046764894299 }, "model": "furniture/chairs/iron_chair" },
		{ "predicate": { "damaged": 0, "damage": 0.007687379884689 }, "model": "furniture/chairs/iron_chair2" },
		{ "predicate": { "damaged": 0, "damage": 0.00832799487508 }, "model": "furniture/chairs/oak_stool" },
		{ "predicate": { "damaged": 0, "damage": 0.008968609865471 }, "model": "furniture/chairs/birch_stool" },
		{ "predicate": { "damaged": 0, "damage": 0.009609224855862 }, "model": "furniture/chairs/spruce_stool" },
		{ "predicate": { "damaged": 0, "damage": 0.010249839846252 }, "model": "furniture/chairs/dark_oak_stool" },
		{ "predicate": { "damaged": 0, "damage": 0.010890454836643 }, "model": "furniture/chairs/acacia_stool" },
		{ "predicate": { "damaged": 0, "damage": 0.011531069827034 }, "model": "furniture/chairs/iron_stool" },
		{ "predicate": { "damaged": 0, "damage": 0.012171684817425 }, "model": "furniture/tables/oak_table" },
		{ "predicate": { "damaged": 0, "damage": 0.012812299807816 }, "model": "furniture/tables/oak_table_half" },
		{ "predicate": { "damaged": 0, "damage": 0.013452914798206 }, "model": "furniture/tables/oak_table2" },
		{ "predicate": { "damaged": 0, "damage": 0.014093529788597 }, "model": "furniture/tables/oak_table2_r" },
		{ "predicate": { "damaged": 0, "damage": 0.014734144778988 }, "model": "furniture/tables/oak_table2_l" },
		{ "predicate": { "damaged": 0, "damage": 0.015374759769379 }, "model": "furniture/tables/birch_table" },
		{ "predicate": { "damaged": 0, "damage": 0.016015374759769 }, "model": "furniture/tables/birch_table_half" },
		{ "predicate": { "damaged": 0, "damage": 0.01665598975016 }, "model": "furniture/tables/birch_table2" },
		{ "predicate": { "damaged": 0, "damage": 0.017296604740551 }, "model": "furniture/tables/birch_table2_r" },
		{ "predicate": { "damaged": 0, "damage": 0.017937219730942 }, "model": "furniture/tables/birch_table2_l" },
		{ "predicate": { "damaged": 0, "damage": 0.018577834721332 }, "model": "furniture/tables/spruce_table" },
		{ "predicate": { "damaged": 0, "damage": 0.019218449711723 }, "model": "furniture/tables/spruce_table_half" },
		{ "predicate": { "damaged": 0, "damage": 0.019859064702114 }, "model": "furniture/tables/spruce_table2" },
		{ "predicate": { "damaged": 0, "damage": 0.020499679692505 }, "model": "furniture/tables/spruce_table2_r" },
		{ "predicate": { "damaged": 0, "damage": 0.021140294682896 }, "model": "furniture/tables/spruce_table2_l" },
		{ "predicate": { "damaged": 0, "damage": 0.021780909673286 }, "model": "furniture/tables/dark_oak_table" },
		{ "predicate": { "damaged": 0, "damage": 0.022421524663677 }, "model": "furniture/tables/dark_oak_table_half" },
		{ "predicate": { "damaged": 0, "damage": 0.023062139654068 }, "model": "furniture/tables/dark_oak_table2" },
		{ "predicate": { "damaged": 0, "damage": 0.023702754644459 }, "model": "furniture/tables/dark_oak_table2_r" },
		{ "predicate": { "damaged": 0, "damage": 0.024343369634849 }, "model": "furniture/tables/dark_oak_table2_l" },
		{ "predicate": { "damaged": 0, "damage": 0.02498398462524 }, "model": "furniture/tables/acacia_table" },
		{ "predicate": { "damaged": 0, "damage": 0.025624599615631 }, "model": "furniture/tables/acacia_table_half" },
		{ "predicate": { "damaged": 0, "damage": 0.026265214606022 }, "model": "furniture/tables/acacia_table2" },
		{ "predicate": { "damaged": 0, "damage": 0.026905829596413 }, "model": "furniture/tables/acacia_table2_r" },
		{ "predicate": { "damaged": 0, "damage": 0.027546444586803 }, "model": "furniture/tables/acacia_table2_l" },
		{ "predicate": { "damaged": 0, "damage": 0.028187059577194 }, "model": "furniture/tables/glass_table" },
		{ "predicate": { "damaged": 0, "damage": 0.028827674567585 }, "model": "furniture/tables/glass_table_half" },
		{ "predicate": { "damaged": 0, "damage": 0.029468289557976 }, "model": "furniture/tables/glass_table2" },
		{ "predicate": { "damaged": 0, "damage": 0.030108904548366 }, "model": "furniture/tables/oak_cabnet" },
		{ "predicate": { "damaged": 0, "damage": 0.030749519538757 }, "model": "furniture/tables/birch_cabnet" },
		{ "predicate": { "damaged": 0, "damage": 0.031390134529148 }, "model": "furniture/tables/spruce_cabnet" },
		{ "predicate": { "damaged": 0, "damage": 0.032030749519539 }, "model": "furniture/tables/dark_oak_cabnet" },
		{ "predicate": { "damaged": 0, "damage": 0.03267136450993 }, "model": "furniture/tables/acacia_cabnet" },
		{ "predicate": { "damaged": 0, "damage": 0.03331197950032 }, "model": "furniture/tables/iron_cabnet" },
		{ "predicate": { "damaged": 0, "damage": 0.033952594490711 }, "model": "furniture/couches/white_single_light" },
		{ "predicate": { "damaged": 0, "damage": 0.034593209481102 }, "model": "furniture/couches/white_left_light" },
		{ "predicate": { "damaged": 0, "damage": 0.035233824471493 }, "model": "furniture/couches/white_right_light" },
		{ "predicate": { "damaged": 0, "damage": 0.035874439461883 }, "model": "furniture/couches/white_middel_light" },
		{ "predicate": { "damaged": 0, "damage": 0.036515054452274 }, "model": "furniture/couches/white_ottoman_light" },
		{ "predicate": { "damaged": 0, "damage": 0.037155669442665 }, "model": "furniture/couches/orange_single_light" },
		{ "predicate": { "damaged": 0, "damage": 0.037796284433056 }, "model": "furniture/couches/orange_left_light" },
		{ "predicate": { "damaged": 0, "damage": 0.038436899423447 }, "model": "furniture/couches/orange_right_light" },
		{ "predicate": { "damaged": 0, "damage": 0.039077514413837 }, "model": "furniture/couches/orange_middel_light" },
		{ "predicate": { "damaged": 0, "damage": 0.039718129404228 }, "model": "furniture/couches/orange_ottoman_light" },
		{ "predicate": { "damaged": 0, "damage": 0.040358744394619 }, "model": "furniture/couches/magenta_single_light" },
		{ "predicate": { "damaged": 0, "damage": 0.04099935938501 }, "model": "furniture/couches/magenta_left_light" },
		{ "predicate": { "damaged": 0, "damage": 0.0416399743754 }, "model": "furniture/couches/magenta_right_light" },
		{ "predicate": { "damaged": 0, "damage": 0.042280589365791 }, "model": "furniture/couches/magenta_middel_light" },
		{ "predicate": { "damaged": 0, "damage": 0.042921204356182 }, "model": "furniture/couches/magenta_ottoman_light" },
		{ "predicate": { "damaged": 0, "damage": 0.043561819346573 }, "model": "furniture/couches/lblue_single_light" },
		{ "predicate": { "damaged": 0, "damage": 0.044202434336963 }, "model": "furniture/couches/lblue_left_light" },
		{ "predicate": { "damaged": 0, "damage": 0.044843049327354 }, "model": "furniture/couches/lblue_right_light" },
		{ "predicate": { "damaged": 0, "damage": 0.045483664317745 }, "model": "furniture/couches/lblue_middel_light" },
		{ "predicate": { "damaged": 0, "damage": 0.046124279308136 }, "model": "furniture/couches/lblue_ottoman_light" },
		{ "predicate": { "damaged": 0, "damage": 0.046764894298527 }, "model": "furniture/couches/yellow_single_light" },
		{ "predicate": { "damaged": 0, "damage": 0.047405509288917 }, "model": "furniture/couches/yellow_left_light" },
		{ "predicate": { "damaged": 0, "damage": 0.048046124279308 }, "model": "furniture/couches/yellow_right_light" },
		{ "predicate": { "damaged": 0, "damage": 0.048686739269699 }, "model": "furniture/couches/yellow_middel_light" },
		{ "predicate": { "damaged": 0, "damage": 0.04932735426009 }, "model": "furniture/couches/yellow_ottoman_light" },
		{ "predicate": { "damaged": 0, "damage": 0.04996796925048 }, "model": "furniture/couches/lime_single_light" },
		{ "predicate": { "damaged": 0, "damage": 0.050608584240871 }, "model": "furniture/couches/lime_left_light" },
		{ "predicate": { "damaged": 0, "damage": 0.051249199231262 }, "model": "furniture/couches/lime_right_light" },
		{ "predicate": { "damaged": 0, "damage": 0.051889814221653 }, "model": "furniture/couches/lime_middel_light" },
		{ "predicate": { "damaged": 0, "damage": 0.052530429212044 }, "model": "furniture/couches/lime_ottoman_light" },
		{ "predicate": { "damaged": 0, "damage": 0.053171044202434 }, "model": "furniture/couches/pink_single_light" },
		{ "predicate": { "damaged": 0, "damage": 0.053811659192825 }, "model": "furniture/couches/pink_left_light" },
		{ "predicate": { "damaged": 0, "damage": 0.054452274183216 }, "model": "furniture/couches/pink_right_light" },
		{ "predicate": { "damaged": 0, "damage": 0.055092889173607 }, "model": "furniture/couches/pink_middel_light" },
		{ "predicate": { "damaged": 0, "damage": 0.055733504163997 }, "model": "furniture/couches/pink_ottoman_light" },
		{ "predicate": { "damaged": 0, "damage": 0.056374119154388 }, "model": "furniture/couches/gray_single_light" },
		{ "predicate": { "damaged": 0, "damage": 0.057014734144779 }, "model": "furniture/couches/gray_left_light" },
		{ "predicate": { "damaged": 0, "damage": 0.05765534913517 }, "model": "furniture/couches/gray_right_light" },
		{ "predicate": { "damaged": 0, "damage": 0.058295964125561 }, "model": "furniture/couches/gray_middel_light" },
		{ "predicate": { "damaged": 0, "damage": 0.058936579115951 }, "model": "furniture/couches/gray_ottoman_light" },
		{ "predicate": { "damaged": 0, "damage": 0.059577194106342 }, "model": "furniture/couches/lgray_single_light" },
		{ "predicate": { "damaged": 0, "damage": 0.060217809096733 }, "model": "furniture/couches/lgray_left_light" },
		{ "predicate": { "damaged": 0, "damage": 0.060858424087124 }, "model": "furniture/couches/lgray_right_light" },
		{ "predicate": { "damaged": 0, "damage": 0.061499039077514 }, "model": "furniture/couches/lgray_middel_light" },
		{ "predicate": { "damaged": 0, "damage": 0.062139654067905 }, "model": "furniture/couches/lgray_ottoman_light" },
		{ "predicate": { "damaged": 0, "damage": 0.062780269058296 }, "model": "furniture/couches/cyan_single_light" },
		{ "predicate": { "damaged": 0, "damage": 0.063420884048687 }, "model": "furniture/couches/cyan_left_light" },
		{ "predicate": { "damaged": 0, "damage": 0.064061499039078 }, "model": "furniture/couches/cyan_right_light" },
		{ "predicate": { "damaged": 0, "damage": 0.064702114029468 }, "model": "furniture/couches/cyan_middel_light" },
		{ "predicate": { "damaged": 0, "damage": 0.065342729019859 }, "model": "furniture/couches/cyan_ottoman_light" },
		{ "predicate": { "damaged": 0, "damage": 0.06598334401025 }, "model": "furniture/couches/purple_single_light" },
		{ "predicate": { "damaged": 0, "damage": 0.066623959000641 }, "model": "furniture/couches/purple_left_light" },
		{ "predicate": { "damaged": 0, "damage": 0.067264573991031 }, "model": "furniture/couches/purple_right_light" },
		{ "predicate": { "damaged": 0, "damage": 0.067905188981422 }, "model": "furniture/couches/purple_middel_light" },
		{ "predicate": { "damaged": 0, "damage": 0.068545803971813 }, "model": "furniture/couches/purple_ottoman_light" },
		{ "predicate": { "damaged": 0, "damage": 0.069186418962204 }, "model": "furniture/couches/blue_single_light" },
		{ "predicate": { "damaged": 0, "damage": 0.069827033952594 }, "model": "furniture/couches/blue_left_light" },
		{ "predicate": { "damaged": 0, "damage": 0.070467648942985 }, "model": "furniture/couches/blue_right_light" },
		{ "predicate": { "damaged": 0, "damage": 0.071108263933376 }, "model": "furniture/couches/blue_middel_light" },
		{ "predicate": { "damaged": 0, "damage": 0.071748878923767 }, "model": "furniture/couches/blue_ottoman_light" },
		{ "predicate": { "damaged": 0, "damage": 0.072389493914158 }, "model": "furniture/couches/brown_single_light" },
		{ "predicate": { "damaged": 0, "damage": 0.073030108904548 }, "model": "furniture/couches/brown_left_light" },
		{ "predicate": { "damaged": 0, "damage": 0.073670723894939 }, "model": "furniture/couches/brown_right_light" },
		{ "predicate": { "damaged": 0, "damage": 0.07431133888533 }, "model": "furniture/couches/brown_middel_light" },
		{ "predicate": { "damaged": 0, "damage": 0.074951953875721 }, "model": "furniture/couches/brown_ottoman_light" },
		{ "predicate": { "damaged": 0, "damage": 0.075592568866111 }, "model": "furniture/couches/green_single_light" },
		{ "predicate": { "damaged": 0, "damage": 0.076233183856502 }, "model": "furniture/couches/green_left_light" },
		{ "predicate": { "damaged": 0, "damage": 0.076873798846893 }, "model": "furniture/couches/green_right_light" },
		{ "predicate": { "damaged": 0, "damage": 0.077514413837284 }, "model": "furniture/couches/green_middel_light" },
		{ "predicate": { "damaged": 0, "damage": 0.078155028827675 }, "model": "furniture/couches/green_ottoman_light" },
		{ "predicate": { "damaged": 0, "damage": 0.078795643818065 }, "model": "furniture/couches/red_single_light" },
		{ "predicate": { "damaged": 0, "damage": 0.079436258808456 }, "model": "furniture/couches/red_left_light" },
		{ "predicate": { "damaged": 0, "damage": 0.080076873798847 }, "model": "furniture/couches/red_right_light" },
		{ "predicate": { "damaged": 0, "damage": 0.080717488789238 }, "model": "furniture/couches/red_middel_light" },
		{ "predicate": { "damaged": 0, "damage": 0.081358103779628 }, "model": "furniture/couches/red_ottoman_light" },
		{ "predicate": { "damaged": 0, "damage": 0.081998718770019 }, "model": "furniture/couches/black_single_light" },
		{ "predicate": { "damaged": 0, "damage": 0.08263933376041 }, "model": "furniture/couches/black_left_light" },
		{ "predicate": { "damaged": 0, "damage": 0.083279948750801 }, "model": "furniture/couches/black_right_light" },
		{ "predicate": { "damaged": 0, "damage": 0.083920563741192 }, "model": "furniture/couches/black_middel_light" },
		{ "predicate": { "damaged": 0, "damage": 0.084561178731582 }, "model": "furniture/couches/black_ottoman_light" },
		{ "predicate": { "damaged": 0, "damage": 0.085201793721973 }, "model": "furniture/couches/white_single_dark" },
		{ "predicate": { "damaged": 0, "damage": 0.085842408712364 }, "model": "furniture/couches/white_left_dark" },
		{ "predicate": { "damaged": 0, "damage": 0.086483023702755 }, "model": "furniture/couches/white_right_dark" },
		{ "predicate": { "damaged": 0, "damage": 0.087123638693145 }, "model": "furniture/couches/white_middel_dark" },
		{ "predicate": { "damaged": 0, "damage": 0.087764253683536 }, "model": "furniture/couches/white_ottoman_dark" },
		{ "predicate": { "damaged": 0, "damage": 0.088404868673927 }, "model": "furniture/couches/orange_single_dark" },
		{ "predicate": { "damaged": 0, "damage": 0.089045483664318 }, "model": "furniture/couches/orange_left_dark" },
		{ "predicate": { "damaged": 0, "damage": 0.089686098654709 }, "model": "furniture/couches/orange_right_dark" },
		{ "predicate": { "damaged": 0, "damage": 0.090326713645099 }, "model": "furniture/couches/orange_middel_dark" },
		{ "predicate": { "damaged": 0, "damage": 0.09096732863549 }, "model": "furniture/couches/orange_ottoman_dark" },
		{ "predicate": { "damaged": 0, "damage": 0.091607943625881 }, "model": "furniture/couches/magenta_single_dark" },
		{ "predicate": { "damaged": 0, "damage": 0.092248558616272 }, "model": "furniture/couches/magenta_left_dark" },
		{ "predicate": { "damaged": 0, "damage": 0.092889173606662 }, "model": "furniture/couches/magenta_right_dark" },
		{ "predicate": { "damaged": 0, "damage": 0.093529788597053 }, "model": "furniture/couches/magenta_middel_dark" },
		{ "predicate": { "damaged": 0, "damage": 0.094170403587444 }, "model": "furniture/couches/magenta_ottoman_dark" },
		{ "predicate": { "damaged": 0, "damage": 0.094811018577835 }, "model": "furniture/couches/lblue_single_dark" },
		{ "predicate": { "damaged": 0, "damage": 0.095451633568225 }, "model": "furniture/couches/lblue_left_dark" },
		{ "predicate": { "damaged": 0, "damage": 0.096092248558616 }, "model": "furniture/couches/lblue_right_dark" },
		{ "predicate": { "damaged": 0, "damage": 0.096732863549007 }, "model": "furniture/couches/lblue_middel_dark" },
		{ "predicate": { "damaged": 0, "damage": 0.097373478539398 }, "model": "furniture/couches/lblue_ottoman_dark" },
		{ "predicate": { "damaged": 0, "damage": 0.098014093529789 }, "model": "furniture/couches/yellow_single_dark" },
		{ "predicate": { "damaged": 0, "damage": 0.098654708520179 }, "model": "furniture/couches/yellow_left_dark" },
		{ "predicate": { "damaged": 0, "damage": 0.09929532351057 }, "model": "furniture/couches/yellow_right_dark" },
		{ "predicate": { "damaged": 0, "damage": 0.099935938500961 }, "model": "furniture/couches/yellow_middel_dark" },
		{ "predicate": { "damaged": 0, "damage": 0.100576553491352 }, "model": "furniture/couches/yellow_ottoman_dark" },
		{ "predicate": { "damaged": 0, "damage": 0.101217168481742 }, "model": "furniture/couches/lime_single_dark" },
		{ "predicate": { "damaged": 0, "damage": 0.101857783472133 }, "model": "furniture/couches/lime_left_dark" },
		{ "predicate": { "damaged": 0, "damage": 0.102498398462524 }, "model": "furniture/couches/lime_right_dark" },
		{ "predicate": { "damaged": 0, "damage": 0.103139013452915 }, "model": "furniture/couches/lime_middel_dark" },
		{ "predicate": { "damaged": 0, "damage": 0.103779628443306 }, "model": "furniture/couches/lime_ottoman_dark" },
		{ "predicate": { "damaged": 0, "damage": 0.104420243433696 }, "model": "furniture/couches/pink_single_dark" },
		{ "predicate": { "damaged": 0, "damage": 0.105060858424087 }, "model": "furniture/couches/pink_left_dark" },
		{ "predicate": { "damaged": 0, "damage": 0.105701473414478 }, "model": "furniture/couches/pink_right_dark" },
		{ "predicate": { "damaged": 0, "damage": 0.106342088404869 }, "model": "furniture/couches/pink_middel_dark" },
		{ "predicate": { "damaged": 0, "damage": 0.106982703395259 }, "model": "furniture/couches/pink_ottoman_dark" },
		{ "predicate": { "damaged": 0, "damage": 0.10762331838565 }, "model": "furniture/couches/gray_single_dark" },
		{ "predicate": { "damaged": 0, "damage": 0.108263933376041 }, "model": "furniture/couches/gray_left_dark" },
		{ "predicate": { "damaged": 0, "damage": 0.108904548366432 }, "model": "furniture/couches/gray_right_dark" },
		{ "predicate": { "damaged": 0, "damage": 0.109545163356823 }, "model": "furniture/couches/gray_middel_dark" },
		{ "predicate": { "damaged": 0, "damage": 0.110185778347213 }, "model": "furniture/couches/gray_ottoman_dark" },
		{ "predicate": { "damaged": 0, "damage": 0.110826393337604 }, "model": "furniture/couches/lgray_single_dark" },
		{ "predicate": { "damaged": 0, "damage": 0.111467008327995 }, "model": "furniture/couches/lgray_left_dark" },
		{ "predicate": { "damaged": 0, "damage": 0.112107623318386 }, "model": "furniture/couches/lgray_right_dark" },
		{ "predicate": { "damaged": 0, "damage": 0.112748238308776 }, "model": "furniture/couches/lgray_middel_dark" },
		{ "predicate": { "damaged": 0, "damage": 0.113388853299167 }, "model": "furniture/couches/lgray_ottoman_dark" },
		{ "predicate": { "damaged": 0, "damage": 0.114029468289558 }, "model": "furniture/couches/cyan_single_dark" },
		{ "predicate": { "damaged": 0, "damage": 0.114670083279949 }, "model": "furniture/couches/cyan_left_dark" },
		{ "predicate": { "damaged": 0, "damage": 0.11531069827034 }, "model": "furniture/couches/cyan_right_dark" },
		{ "predicate": { "damaged": 0, "damage": 0.11595131326073 }, "model": "furniture/couches/cyan_middel_dark" },
		{ "predicate": { "damaged": 0, "damage": 0.116591928251121 }, "model": "furniture/couches/cyan_ottoman_dark" },
		{ "predicate": { "damaged": 0, "damage": 0.117232543241512 }, "model": "furniture/couches/purple_single_dark" },
		{ "predicate": { "damaged": 0, "damage": 0.117873158231903 }, "model": "furniture/couches/purple_left_dark" },
		{ "predicate": { "damaged": 0, "damage": 0.118513773222293 }, "model": "furniture/couches/purple_right_dark" },
		{ "predicate": { "damaged": 0, "damage": 0.119154388212684 }, "model": "furniture/couches/purple_middel_dark" },
		{ "predicate": { "damaged": 0, "damage": 0.119795003203075 }, "model": "furniture/couches/purple_ottoman_dark" },
		{ "predicate": { "damaged": 0, "damage": 0.120435618193466 }, "model": "furniture/couches/blue_single_dark" },
		{ "predicate": { "damaged": 0, "damage": 0.121076233183856 }, "model": "furniture/couches/blue_left_dark" },
		{ "predicate": { "damaged": 0, "damage": 0.121716848174247 }, "model": "furniture/couches/blue_right_dark" },
		{ "predicate": { "damaged": 0, "damage": 0.122357463164638 }, "model": "furniture/couches/blue_middel_dark" },
		{ "predicate": { "damaged": 0, "damage": 0.122998078155029 }, "model": "furniture/couches/blue_ottoman_dark" },
		{ "predicate": { "damaged": 0, "damage": 0.12363869314542 }, "model": "furniture/couches/brown_single_dark" },
		{ "predicate": { "damaged": 0, "damage": 0.12427930813581 }, "model": "furniture/couches/brown_left_dark" },
		{ "predicate": { "damaged": 0, "damage": 0.124919923126201 }, "model": "furniture/couches/brown_right_dark" },
		{ "predicate": { "damaged": 0, "damage": 0.125560538116592 }, "model": "furniture/couches/brown_middel_dark" },
		{ "predicate": { "damaged": 0, "damage": 0.126201153106983 }, "model": "furniture/couches/brown_ottoman_dark" },
		{ "predicate": { "damaged": 0, "damage": 0.126841768097373 }, "model": "furniture/couches/green_single_dark" },
		{ "predicate": { "damaged": 0, "damage": 0.127482383087764 }, "model": "furniture/couches/green_left_dark" },
		{ "predicate": { "damaged": 0, "damage": 0.128122998078155 }, "model": "furniture/couches/green_right_dark" },
		{ "predicate": { "damaged": 0, "damage": 0.128763613068546 }, "model": "furniture/couches/green_middel_dark" },
		{ "predicate": { "damaged": 0, "damage": 0.129404228058937 }, "model": "furniture/couches/green_ottoman_dark" },
		{ "predicate": { "damaged": 0, "damage": 0.130044843049327 }, "model": "furniture/couches/red_single_dark" },
		{ "predicate": { "damaged": 0, "damage": 0.130685458039718 }, "model": "furniture/couches/red_left_dark" },
		{ "predicate": { "damaged": 0, "damage": 0.131326073030109 }, "model": "furniture/couches/red_right_dark" },
		{ "predicate": { "damaged": 0, "damage": 0.1319666880205 }, "model": "furniture/couches/red_middel_dark" },
		{ "predicate": { "damaged": 0, "damage": 0.13260730301089 }, "model": "furniture/couches/red_ottoman_dark" },
		{ "predicate": { "damaged": 0, "damage": 0.133247918001281 }, "model": "furniture/couches/black_single_dark" },
		{ "predicate": { "damaged": 0, "damage": 0.133888532991672 }, "model": "furniture/couches/black_left_dark" },
		{ "predicate": { "damaged": 0, "damage": 0.134529147982063 }, "model": "furniture/couches/black_right_dark" },
		{ "predicate": { "damaged": 0, "damage": 0.135169762972454 }, "model": "furniture/couches/black_middel_dark" },
		{ "predicate": { "damaged": 0, "damage": 0.135810377962844 }, "model": "furniture/couches/black_ottoman_dark" },
		{ "predicate": { "damaged": 0, "damage": 0.136450992953235 }, "model": "furniture/other/iron_lamp" },
		{ "predicate": { "damaged": 0, "damage": 0.137091607943626 }, "model": "furniture/other/wood_lamp_2" },
		{ "predicate": { "damaged": 0, "damage": 0.137732222934017 }, "model": "furniture/other/wood_lamp" },
		{ "predicate": { "damaged": 0, "damage": 0.138372837924407 }, "model": "furniture/other/wood_lamp_on" },
		{ "predicate": { "damaged": 0, "damage": 0.139013452914798 }, "model": "furniture/other/wood_lamp2_on" },
		{ "predicate": { "damaged": 0, "damage": 0.139654067905189 }, "model": "furniture/other/iron_lamp_on" },
		{ "predicate": { "damaged": 0, "damage": 0.14029468289558 }, "model": "furniture/tables/oak_table_center" },
		{ "predicate": { "damaged": 0, "damage": 0.140935297885971 }, "model": "furniture/tables/birch_table_center" },
		{ "predicate": { "damaged": 0, "damage": 0.141575912876361 }, "model": "furniture/tables/spruce_table_center" },
		{ "predicate": { "damaged": 0, "damage": 0.142216527866752 }, "model": "furniture/tables/dark_oak_table_center" },
		{ "predicate": { "damaged": 0, "damage": 0.142857142857143 }, "model": "furniture/tables/acacia_table_center" },
		{ "predicate": { "damaged": 0, "damage": 0.143497757847534 }, "model": "furniture/tables/oak_table_corner" },
		{ "predicate": { "damaged": 0, "damage": 0.144138372837924 }, "model": "furniture/tables/birch_table_corner" },
		{ "predicate": { "damaged": 0, "damage": 0.144778987828315 }, "model": "furniture/tables/spruce_table_corner" },
		{ "predicate": { "damaged": 0, "damage": 0.145419602818706 }, "model": "furniture/tables/dark_oak_table_corner" },
		{ "predicate": { "damaged": 0, "damage": 0.146060217809097 }, "model": "furniture/tables/acacia_table_corner" },
		{ "predicate": { "damaged": 0, "damage": 0.146700832799488 }, "model": "furniture/tables/oak_table2_center" },
		{ "predicate": { "damaged": 0, "damage": 0.147341447789878 }, "model": "furniture/tables/birch_table2_center" },
		{ "predicate": { "damaged": 0, "damage": 0.147982062780269 }, "model": "furniture/tables/spruce_table2_center" },
		{ "predicate": { "damaged": 0, "damage": 0.14862267777066 }, "model": "furniture/tables/dark_oak_table2_center" },
		{ "predicate": { "damaged": 0, "damage": 0.149263292761051 }, "model": "furniture/tables/acacia_table2_center" },
		{ "predicate": { "damaged": 0, "damage": 0.149903907751441 }, "model": "furniture/diamond234" },
		{ "predicate": { "damaged": 0, "damage": 0.150544522741832 }, "model": "furniture/diamond235" },
		{ "predicate": { "damaged": 0, "damage": 0.151185137732223 }, "model": "furniture/diamond236" },
		{ "predicate": { "damaged": 0, "damage": 0.151825752722614 }, "model": "furniture/diamond237" },
		{ "predicate": { "damaged": 0, "damage": 0.152466367713004 }, "model": "furniture/diamond238" },
		{ "predicate": { "damaged": 0, "damage": 0.153106982703395 }, "model": "furniture/diamond239" },
		{ "predicate": { "damaged": 0, "damage": 0.153747597693786 }, "model": "furniture/diamond240" },
		{ "predicate": { "damaged": 0, "damage": 0.154388212684177 }, "model": "furniture/diamond241" },
		{ "predicate": { "damaged": 0, "damage": 0.155028827674568 }, "model": "furniture/diamond242" },
		{ "predicate": { "damaged": 0, "damage": 0.155669442664958 }, "model": "furniture/diamond243" },
		{ "predicate": { "damaged": 0, "damage": 0.156310057655349 }, "model": "furniture/diamond244" },
		{ "predicate": { "damaged": 0, "damage": 0.15695067264574 }, "model": "furniture/diamond245" },
		{ "predicate": { "damaged": 0, "damage": 0.157591287636131 }, "model": "furniture/diamond246" },
		{ "predicate": { "damaged": 0, "damage": 0.158231902626521 }, "model": "furniture/diamond247" },
		{ "predicate": { "damaged": 0, "damage": 0.158872517616912 }, "model": "furniture/diamond248" },
		{ "predicate": { "damaged": 0, "damage": 0.159513132607303 }, "model": "furniture/diamond249" },
		{ "predicate": { "damaged": 0, "damage": 0.160153747597694 }, "model": "furniture/diamond250" },
		{ "predicate": { "damaged": 0, "damage": 0.160794362588085 }, "model": "furniture/diamond251" },
		{ "predicate": { "damaged": 0, "damage": 0.161434977578475 }, "model": "furniture/diamond252" },
		{ "predicate": { "damaged": 0, "damage": 0.162075592568866 }, "model": "furniture/diamond253" },
		{ "predicate": { "damaged": 0, "damage": 0.162716207559257 }, "model": "furniture/diamond254" },
		{ "predicate": { "damaged": 0, "damage": 0.163356822549648 }, "model": "furniture/diamond255" },
		{ "predicate": { "damaged": 0, "damage": 0.163997437540038 }, "model": "furniture/diamond256" },
		{ "predicate": { "damaged": 0, "damage": 0.164638052530429 }, "model": "furniture/diamond257" },
		{ "predicate": { "damaged": 0, "damage": 0.16527866752082 }, "model": "furniture/diamond258" },
		{ "predicate": { "damaged": 0, "damage": 0.165919282511211 }, "model": "furniture/diamond259" },
		{ "predicate": { "damaged": 0, "damage": 0.166559897501602 }, "model": "furniture/diamond260" },
		{ "predicate": { "damaged": 0, "damage": 0.167200512491992 }, "model": "furniture/diamond261" },
		{ "predicate": { "damaged": 0, "damage": 0.167841127482383 }, "model": "furniture/diamond262" },
		{ "predicate": { "damaged": 0, "damage": 0.168481742472774 }, "model": "furniture/diamond263" },
		{ "predicate": { "damaged": 0, "damage": 0.169122357463165 }, "model": "furniture/diamond264" },
		{ "predicate": { "damaged": 0, "damage": 0.169762972453555 }, "model": "furniture/diamond265" },
		{ "predicate": { "damaged": 0, "damage": 0.170403587443946 }, "model": "furniture/diamond266" },
		{ "predicate": { "damaged": 0, "damage": 0.171044202434337 }, "model": "furniture/diamond267" },
		{ "predicate": { "damaged": 0, "damage": 0.171684817424728 }, "model": "furniture/diamond268" },
		{ "predicate": { "damaged": 0, "damage": 0.172325432415119 }, "model": "furniture/diamond269" },
		{ "predicate": { "damaged": 0, "damage": 0.172966047405509 }, "model": "furniture/diamond270" },
		{ "predicate": { "damaged": 0, "damage": 0.1736066623959 }, "model": "furniture/diamond271" },
		{ "predicate": { "damaged": 0, "damage": 0.174247277386291 }, "model": "furniture/diamond272" },
		{ "predicate": { "damaged": 0, "damage": 0.174887892376682 }, "model": "furniture/diamond273" },
		{ "predicate": { "damaged": 0, "damage": 0.175528507367072 }, "model": "furniture/diamond274" },
		{ "predicate": { "damaged": 0, "damage": 0.176169122357463 }, "model": "furniture/diamond275" },
		{ "predicate": { "damaged": 0, "damage": 0.176809737347854 }, "model": "furniture/diamond276" },
		{ "predicate": { "damaged": 0, "damage": 0.177450352338245 }, "model": "furniture/diamond277" },
		{ "predicate": { "damaged": 0, "damage": 0.178090967328635 }, "model": "furniture/diamond278" },
		{ "predicate": { "damaged": 0, "damage": 0.178731582319026 }, "model": "furniture/diamond279" },
		{ "predicate": { "damaged": 0, "damage": 0.179372197309417 }, "model": "furniture/diamond280" },
		{ "predicate": { "damaged": 0, "damage": 0.180012812299808 }, "model": "furniture/diamond281" },
		{ "predicate": { "damaged": 0, "damage": 0.180653427290199 }, "model": "furniture/diamond282" },
		{ "predicate": { "damaged": 0, "damage": 0.181294042280589 }, "model": "furniture/diamond283" },
		{ "predicate": { "damaged": 1 }, "model": "item/diamond_hoe" }
	]
}