{
	"__comment": "Designed by Optimus0812 with Cubik Studio - https://cubik.studio",
	"textures": {
		"first_aid_kit": "dayz/equipment/container/first_aid_kit"
	},
	"elements": [ 	 
		{
			"__comment": "first_aid_kit9",
			"from": [ 0, 3.5, 4.5 ],
			"to": [ 16, 11.5, 11.5 ],
			"faces": {
				"down": { "uv": [ 3.5, 9.5, 11.5, 13 ], "texture": "#first_aid_kit" },
				"up": { "uv": [ 3.5, 0, 11.5, 3.5 ], "texture": "#first_aid_kit" },
				"north": { "uv": [ 3.5, 4.5, 11.5, 8.5 ], "texture": "#first_aid_kit" },
				"south": { "uv": [ 3.5, 4.5, 11.5, 8.5 ], "texture": "#first_aid_kit" },
				"west": { "uv": [ 0, 4.5, 3.5, 8.5 ], "texture": "#first_aid_kit" },
				"east": { "uv": [ 11.5, 4.5, 15, 8.5 ], "texture": "#first_aid_kit" }
			}
		},
		{
			"__comment": "first_aid_kit",
			"from": [ 0, 11.5, 5.5 ],
			"to": [ 16, 12.5, 10.5 ],
			"faces": {
				"down": { "uv": [ 3.5, 0.5, 11.5, 3 ], "texture": "#first_aid_kit" },
				"up": { "uv": [ 3.5, 0.5, 11.5, 3 ], "texture": "#first_aid_kit" },
				"north": { "uv": [ 3.5, 0.5, 11.5, 1 ], "texture": "#first_aid_kit" },
				"south": { "uv": [ 3.5, 2.5, 11.5, 3 ], "texture": "#first_aid_kit" },
				"west": { "uv": [ 0.5, 4, 3, 4.5 ], "texture": "#first_aid_kit" },
				"east": { "uv": [ 0.5, 4, 3, 4.5 ], "texture": "#first_aid_kit" }
			}
		},
		{
			"__comment": "first_aid_kit1",
			"from": [ 1, 11.5, 10.5 ],
			"to": [ 15, 12.5, 11.5 ],
			"faces": {
				"down": { "uv": [ 4, 4, 11, 4.5 ], "texture": "#first_aid_kit" },
				"up": { "uv": [ 4, 4.5, 11, 4 ], "texture": "#first_aid_kit" },
				"north": { "uv": [ 11, 4, 4, 4.5 ], "texture": "#first_aid_kit" },
				"south": { "uv": [ 4, 4, 11, 4.5 ], "texture": "#first_aid_kit" },
				"west": { "uv": [ 4, 4, 4.5, 4.5 ], "texture": "#first_aid_kit" },
				"east": { "uv": [ 11, 4, 10.5, 4.5 ], "texture": "#first_aid_kit" }
			}
		},
		{
			"__comment": "first_aid_kit2",
			"from": [ 1, 11.5, 4.5 ],
			"to": [ 15, 12.5, 5.5 ],
			"faces": {
				"down": { "uv": [ 4, 4, 11, 4.5 ], "texture": "#first_aid_kit" },
				"up": { "uv": [ 4, 4.5, 11, 4 ], "texture": "#first_aid_kit" },
				"north": { "uv": [ 11, 4, 4, 4.5 ], "texture": "#first_aid_kit" },
				"south": { "uv": [ 4, 4, 11, 4.5 ], "texture": "#first_aid_kit" },
				"west": { "uv": [ 4, 4, 4.5, 4.5 ], "texture": "#first_aid_kit" },
				"east": { "uv": [ 11, 4, 10.5, 4.5 ], "texture": "#first_aid_kit" }
			}
		},
		{
			"__comment": "first_aid_kit10",
			"from": [ 0, 2.5, 5.5 ],
			"to": [ 16, 3.5, 10.5 ],
			"faces": {
				"down": { "uv": [ 3.5, 10, 11.5, 12.5 ], "texture": "#first_aid_kit" },
				"up": { "uv": [ 3.5, 10, 11.5, 12.5 ], "texture": "#first_aid_kit" },
				"north": { "uv": [ 3.5, 8.5, 11.5, 9 ], "texture": "#first_aid_kit" },
				"south": { "uv": [ 3.5, 8.5, 11.5, 9 ], "texture": "#first_aid_kit" },
				"west": { "uv": [ 0.5, 8.5, 3, 9 ], "texture": "#first_aid_kit" },
				"east": { "uv": [ 12, 8.5, 14.5, 9 ], "texture": "#first_aid_kit" }
			}
		},
		{
			"__comment": "first_aid_kit11",
			"from": [ 1, 2.5, 10.5 ],
			"to": [ 15, 3.5, 11.5 ],
			"faces": {
				"down": { "uv": [ 4, 8.5, 11, 9 ], "texture": "#first_aid_kit" },
				"up": { "uv": [ 4, 9, 11, 8.5 ], "texture": "#first_aid_kit" },
				"north": { "uv": [ 11, 8.5, 4, 9 ], "texture": "#first_aid_kit" },
				"south": { "uv": [ 4, 8.5, 11, 9 ], "texture": "#first_aid_kit" },
				"west": { "uv": [ 4, 8.5, 4.5, 9 ], "texture": "#first_aid_kit" },
				"east": { "uv": [ 11, 8.5, 10.5, 9 ], "texture": "#first_aid_kit" }
			}
		},
		{
			"__comment": "first_aid_kit12",
			"from": [ 1, 2.5, 4.5 ],
			"to": [ 15, 3.5, 5.5 ],
			"faces": {
				"down": { "uv": [ 4, 8.5, 11, 9 ], "texture": "#first_aid_kit" },
				"up": { "uv": [ 4, 9, 11, 8.5 ], "texture": "#first_aid_kit" },
				"north": { "uv": [ 11, 8.5, 4, 9 ], "texture": "#first_aid_kit" },
				"south": { "uv": [ 4, 8.5, 11, 9 ], "texture": "#first_aid_kit" },
				"west": { "uv": [ 4, 8.5, 4.5, 9 ], "texture": "#first_aid_kit" },
				"east": { "uv": [ 11, 8.5, 10.5, 9 ], "texture": "#first_aid_kit" }
			}
		},
		{
			"__comment": "first_aid_kit3",
			"from": [ 1, 12.5, 5.5 ],
			"to": [ 15, 13.5, 10.5 ],
			"faces": {
				"down": { "uv": [ 4, 0.5, 11, 3 ], "texture": "#first_aid_kit" },
				"up": { "uv": [ 4, 0.5, 11, 3 ], "texture": "#first_aid_kit" },
				"north": { "uv": [ 4, 3.5, 11, 4 ], "texture": "#first_aid_kit" },
				"south": { "uv": [ 4, 3.5, 11, 4 ], "texture": "#first_aid_kit" },
				"west": { "uv": [ 0.5, 4, 3, 4.5 ], "texture": "#first_aid_kit" },
				"east": { "uv": [ 12, 4, 14.5, 4.5 ], "texture": "#first_aid_kit" }
			}
		},
		{
			"__comment": "first_aid_kit13",
			"from": [ 1, 1.5, 5.5 ],
			"to": [ 15, 2.5, 10.5 ],
			"faces": {
				"down": { "uv": [ 4, 10, 11, 12.5 ], "texture": "#first_aid_kit" },
				"up": { "uv": [ 4, 9.999999, 11, 12.5 ], "texture": "#first_aid_kit" },
				"north": { "uv": [ 4, 9, 11, 9.5 ], "texture": "#first_aid_kit" },
				"south": { "uv": [ 4, 9, 11, 9.5 ], "texture": "#first_aid_kit" },
				"west": { "uv": [ 3.5, 10, 4, 12.5 ], "texture": "#first_aid_kit", "rotation": 90 },
				"east": { "uv": [ 11, 10, 11.5, 12.5 ], "texture": "#first_aid_kit", "rotation": 90 }
			}
		},
		{
			"__comment": "first_aid_kit4",
			"from": [ 3, 12.5, 10.5 ],
			"to": [ 13, 13.5, 11.5 ],
			"faces": {
				"down": { "uv": [ 5, 3, 10, 3.5 ], "texture": "#first_aid_kit" },
				"up": { "uv": [ 5, 3.5, 10, 3 ], "texture": "#first_aid_kit" },
				"north": { "uv": [ 10, 4, 5, 3.5 ], "texture": "#first_aid_kit" },
				"south": { "uv": [ 5, 3.5, 10, 4 ], "texture": "#first_aid_kit" },
				"west": { "uv": [ 5, 3.5, 5.5, 3 ], "texture": "#first_aid_kit", "rotation": 270 },
				"east": { "uv": [ 10, 3.5, 9.5, 3 ], "texture": "#first_aid_kit", "rotation": 90 }
			}
		},
		{
			"__comment": "first_aid_kit5",
			"from": [ 3, 12.5, 4.5 ],
			"to": [ 13, 13.5, 5.5 ],
			"faces": {
				"down": { "uv": [ 5, 0, 10, 0.5 ], "texture": "#first_aid_kit" },
				"up": { "uv": [ 5, 0.5, 10, 0 ], "texture": "#first_aid_kit" },
				"north": { "uv": [ 10, 4, 5, 3.5 ], "texture": "#first_aid_kit" },
				"south": { "uv": [ 5, 3.5, 10, 4 ], "texture": "#first_aid_kit" },
				"west": { "uv": [ 5, 0.5, 5.5, 0 ], "texture": "#first_aid_kit", "rotation": 270 },
				"east": { "uv": [ 10, 0.5, 9.5, 0 ], "texture": "#first_aid_kit", "rotation": 90 }
			}
		},
		{
			"__comment": "first_aid_kit6",
			"from": [ 3, 13.5, 5.5 ],
			"to": [ 13, 14.5, 10.5 ],
			"faces": {
				"down": { "uv": [ 5, 3, 10, 0.5 ], "texture": "#first_aid_kit" },
				"up": { "uv": [ 5, 0.5, 10, 3 ], "texture": "#first_aid_kit" },
				"north": { "uv": [ 10, 0.5, 5, 0 ], "texture": "#first_aid_kit" },
				"south": { "uv": [ 5, 3, 10, 3.5 ], "texture": "#first_aid_kit" },
				"west": { "uv": [ 5, 0.5, 5.5, 3 ], "texture": "#first_aid_kit", "rotation": 270 },
				"east": { "uv": [ 10, 0.5, 9.5, 3 ], "texture": "#first_aid_kit", "rotation": 90 }
			}
		}
	],
	"display": {
		"thirdperson_righthand": {
			"rotation":  [ 30, -30, 0 ],
			"translation":  [ -3, 3, 0 ],
			"scale":  [ 0.5, 0.5, 0.5 ]
		},
		"thirdperson_lefthand": {
			"rotation":  [ 90, 0, 45 ],
			"translation":  [ -6, -6, 7.5 ],
			"scale":  [ 0.5, 0.5, 0.5 ]
		},
		"firstperson_righthand": {
			"translation":  [ -8.95, 3, 0 ],
			"scale":  [ 0.75, 0.75, 0.75 ]
		},
		"firstperson_lefthand": {
			"scale":  [ 0.0001, 0.0001, 0.0001 ]
		},
		"gui": {
			"rotation":  [ 30, -45, 0 ],
			"scale":  [ 0.625, 0.625, 0.625 ]
		},
		"head": {
			"scale":  [ 0.0001, 0.0001, 0.0001 ]
		},
		"ground": {
			"rotation":  [ -90, 0, 0 ],
			"scale":  [ 0.5, 0.5, 0.5 ]
		}
	}
}