{
	"credit": "Made with Blockbench",
	"textures": {
		"0": "blocks/man2"
	},
	"elements": [
		{
			"name": "steve_right_leg",
			"from": [3, -0.5, 5.9],
			"to": [7, 11.5, 9.9],
			"rotation": {"angle": -22.5, "axis": "z", "origin": [8, 8, 8]},
			"faces": {
				"north": {"uv": [3.01, 5.01, 3.99, 7.99], "texture": "#0"},
				"east": {"uv": [2.01, 5.01, 2.99, 7.99], "texture": "#0"},
				"south": {"uv": [1.01, 5.01, 1.99, 7.99], "texture": "#0"},
				"west": {"uv": [0.01, 5.01, 0.99, 7.99], "texture": "#0"},
				"up": {"uv": [1.01, 4.01, 1.99, 4.99], "texture": "#0"},
				"down": {"uv": [2.01, 4.01, 2.99, 4.99], "rotation": 180, "texture": "#0"}
			}
		},
		{
			"name": "steve_left_leg",
			"from": [8, -0.5, 6],
			"to": [12, 11.5, 10],
			"faces": {
				"north": {"uv": [8, 13.01, 6.98, 15.99], "texture": "#0"},
				"east": {"uv": [6, 13.01, 6.98, 15.99], "texture": "#0"},
				"south": {"uv": [5, 13.01, 5.98, 15.99], "texture": "#0"},
				"west": {"uv": [4, 13.01, 4.98, 15.99], "texture": "#0"},
				"up": {"uv": [5.01, 12.01, 5.99, 12.99], "texture": "#0"},
				"down": {"uv": [6, 12.01, 6.98, 12.99], "rotation": 180, "texture": "#0"}
			}
		},
		{
			"name": "steve_body",
			"from": [4, 11.5, 6],
			"to": [12, 23.5, 10],
			"faces": {
				"north": {"uv": [8.01, 5.01, 9.99, 7.99], "texture": "#0"},
				"east": {"uv": [7.01, 5.01, 7.99, 7.99], "texture": "#0"},
				"south": {"uv": [5.01, 5.01, 6.99, 7.99], "texture": "#0"},
				"west": {"uv": [4.01, 5.01, 4.99, 7.99], "texture": "#0"},
				"up": {"uv": [5.01, 4.01, 6.99, 4.99], "texture": "#0"},
				"down": {"uv": [7.01, 4.01, 8.99, 4.99], "texture": "#0"}
			}
		},
		{
			"name": "steve_head",
			"from": [3, 23.5, 3],
			"to": [11, 31.5, 11],
			"rotation": {"angle": 0, "axis": "y", "origin": [8, 8, 7]},
			"faces": {
				"north": {"uv": [0.01, 2.01, 1.99, 3.99], "texture": "#0"},
				"east": {"uv": [6.01, 2.01, 6.99, 3.99], "texture": "#0"},
				"south": {"uv": [4.01, 2.01, 5.99, 3.99], "texture": "#0"},
				"west": {"uv": [2.01, 2.01, 3.99, 3.99], "texture": "#0"},
				"up": {"uv": [2.01, 0.01, 3.99, 1.99], "rotation": 90, "texture": "#0"},
				"down": {"uv": [4.01, 0.01, 5.99, 1.99], "rotation": 90, "texture": "#0"}
			}
		},
		{
			"name": "steve_right_arm",
			"from": [-4, 8.5, 5.5],
			"to": [0, 20.5, 9.5],
			"rotation": {"angle": -22.5, "axis": "z", "origin": [8, 5, 8]},
			"faces": {
				"north": {"uv": [13.01, 5.01, 13.99, 7.99], "texture": "#0"},
				"east": {"uv": [10.01, 5.01, 10.99, 7.99], "texture": "#0"},
				"south": {"uv": [11.01, 5.01, 11.99, 7.99], "texture": "#0"},
				"west": {"uv": [12.01, 5.01, 12.99, 7.99], "texture": "#0"},
				"up": {"uv": [11.01, 4.01, 11.99, 4.99], "texture": "#0"},
				"down": {"uv": [12.01, 4.01, 12.99, 4.99], "texture": "#0"}
			}
		},
		{
			"name": "steve_left_arm",
			"from": [13, 17.5, 5.5],
			"to": [17, 29.5, 9.5],
			"rotation": {"angle": -22.5, "axis": "z", "origin": [18, 27, 8]},
			"faces": {
				"north": {"uv": [9.01, 13.01, 9.99, 15.99], "rotation": 180, "texture": "#0"},
				"east": {"uv": [8.01, 13.01, 8.99, 15.99], "rotation": 180, "texture": "#0"},
				"south": {"uv": [11.01, 13.01, 11.99, 15.99], "rotation": 180, "texture": "#0"},
				"west": {"uv": [10.01, 13.01, 10.99, 15.99], "rotation": 180, "texture": "#0"},
				"up": {"uv": [10.01, 12.01, 10.99, 12.99], "texture": "#0"},
				"down": {"uv": [9.01, 12.01, 9.99, 12.99], "texture": "#0"}
			}
		},
		{
			"name": "steve_head_2nd_layer",
			"from": [2.5, 23, 2.5],
			"to": [11.5, 32, 11.5],
			"rotation": {"angle": 0, "axis": "y", "origin": [8, 8, 7]},
			"faces": {
				"north": {"uv": [8.01, 2.01, 9.99, 3.99], "texture": "#0"},
				"east": {"uv": [14.01, 2.01, 15.99, 3.99], "texture": "#0"},
				"south": {"uv": [12.01, 2.01, 13.99, 3.99], "texture": "#0"},
				"west": {"uv": [10.01, 2.01, 11.99, 3.99], "texture": "#0"},
				"up": {"uv": [10.01, 0.01, 11.99, 1.99], "rotation": 90, "texture": "#0"},
				"down": {"uv": [12.01, 0.01, 13.99, 1.99], "rotation": 90, "texture": "#0"}
			}
		},
		{
			"name": "steve_body_2nd_layer",
			"from": [4, 11.02, 5.51],
			"to": [12, 24.03, 10.51],
			"faces": {
				"north": {"uv": [8.01, 9.01, 9.99, 11.99], "texture": "#0"},
				"east": {"uv": [7.01, 9.01, 7.99, 11.99], "texture": "#0"},
				"south": {"uv": [5.01, 9.01, 6.99, 11.99], "texture": "#0"},
				"west": {"uv": [4.01, 9.01, 4.99, 11.99], "texture": "#0"},
				"up": {"uv": [5.01, 8.01, 6.99, 8.99], "texture": "#0"},
				"down": {"uv": [7.01, 8.01, 8.99, 8.99], "texture": "#0"}
			}
		},
		{
			"name": "steve_right_arm_2nd_layer",
			"from": [-4.5, 8, 5.5],
			"to": [0.49, 20, 10.5],
			"rotation": {"angle": -22.5, "axis": "z", "origin": [8, 5, 8]},
			"faces": {
				"north": {"uv": [13.01, 9.01, 13.99, 11.99], "texture": "#0"},
				"east": {"uv": [10.01, 9.01, 10.99, 11.99], "texture": "#0"},
				"south": {"uv": [11.01, 9.01, 11.99, 11.99], "texture": "#0"},
				"west": {"uv": [10.01, 9.01, 10.99, 11.99], "texture": "#0"},
				"up": {"uv": [11.01, 8.01, 11.99, 8.99], "texture": "#0"},
				"down": {"uv": [12.01, 8.01, 12.99, 8.99], "rotation": 180, "texture": "#0"}
			}
		},
		{
			"name": "steve_left_arm_2nd_layer",
			"from": [12.5, 17, 5.5],
			"to": [17.5, 30, 10.5],
			"rotation": {"angle": -22.5, "axis": "z", "origin": [18, 27, 8]},
			"faces": {
				"north": {"uv": [13.01, 13.01, 13.99, 15.99], "rotation": 180, "texture": "#0"},
				"east": {"uv": [12.01, 13.01, 12.99, 15.99], "rotation": 180, "texture": "#0"},
				"south": {"uv": [15.01, 13.01, 15.99, 15.99], "rotation": 180, "texture": "#0"},
				"west": {"uv": [14.01, 13.01, 14.99, 15.99], "rotation": 180, "texture": "#0"},
				"up": {"uv": [14.01, 12.01, 14.99, 12.99], "texture": "#0"},
				"down": {"uv": [13.01, 12.01, 13.99, 12.99], "texture": "#0"}
			}
		},
		{
			"name": "steve_right_leg_2nd_layer",
			"from": [2.5, -1, 5.5],
			"to": [7.5, 12, 10.5],
			"rotation": {"angle": -22.5, "axis": "z", "origin": [8, 8, 8]},
			"faces": {
				"north": {"uv": [3.01, 9.01, 3.99, 11.99], "texture": "#0"},
				"east": {"uv": [2.01, 9.01, 2.99, 11.99], "texture": "#0"},
				"south": {"uv": [1.01, 9.01, 1.99, 11.99], "texture": "#0"},
				"west": {"uv": [0.01, 9.01, 0.99, 11.99], "texture": "#0"},
				"up": {"uv": [0, 0, 1, 1], "texture": "#0"},
				"down": {"uv": [2.01, 9.01, 2.99, 7.99], "texture": "#0"}
			}
		},
		{
			"name": "steve_left_leg_2nd_layer",
			"from": [7.5, -1, 5.5],
			"to": [12.5, 12, 10.5],
			"faces": {
				"north": {"uv": [3.01, 13.01, 3.99, 15.99], "texture": "#0"},
				"east": {"uv": [2.01, 13.01, 2.99, 15.99], "texture": "#0"},
				"south": {"uv": [1.01, 13.01, 1.99, 15.99], "texture": "#0"},
				"west": {"uv": [0.01, 13.01, 0.99, 15.99], "texture": "#0"},
				"up": {"uv": [0, 0, 1, 1], "texture": "#0"},
				"down": {"uv": [2.01, 13.01, 2.99, 11.99], "texture": "#0"}
			}
		}
	],
	"display": {
		"head": {
			"rotation": [0, 180, 0],
			"translation": [0, -33.37, 0],
			"scale": [1.75, 1.75, 1.75]
		}
	}
}