{
	"credit": "Made with Blockbench",
	"textures": {
		"radio": "dayz/equipment/device/radio"
	},
	"elements": [
		{
			"name": "radio",
			"from": [2, 4, 7],
			"to": [14, 12.5, 8.5],
			"faces": {
				"north": {"uv": [8.75, 1, 14.75, 5.25], "texture": "#radio"},
				"east": {"uv": [7.75, 1, 8.5, 5.25], "texture": "#radio"},
				"south": {"uv": [8.75, 1, 14.75, 5.25], "texture": "#radio"},
				"west": {"uv": [0, 1, 0.75, 5.25], "texture": "#radio"},
				"up": {"uv": [1.25, 0, 7.25, 0.75], "texture": "#radio"},
				"down": {"uv": [1.25, 5.5, 7.25, 6.25], "texture": "#radio"}
			}
		},
		{
			"name": "radio1",
			"from": [1.5, 4.5, 7],
			"to": [2, 12, 9],
			"faces": {
				"north": {"uv": [0, 1.25, 0.25, 5], "texture": "#radio"},
				"east": {"uv": [1, 1.25, 0, 5], "texture": "#radio"},
				"south": {"uv": [1, 1.25, 0.75, 5], "texture": "#radio"},
				"west": {"uv": [0, 1.25, 1, 5], "texture": "#radio"},
				"up": {"uv": [0, 1.5, 1, 1.25], "rotation": 90, "texture": "#radio"},
				"down": {"uv": [0, 4.75, 1, 5], "rotation": 270, "texture": "#radio"}
			}
		},
		{
			"name": "radio2",
			"from": [14, 4.5, 7],
			"to": [14.5, 12, 9],
			"faces": {
				"north": {"uv": [7.5, 1.25, 7.75, 5], "texture": "#radio"},
				"east": {"uv": [8.5, 1.25, 7.5, 5], "texture": "#radio"},
				"south": {"uv": [8.5, 1.25, 8.25, 5], "texture": "#radio"},
				"west": {"uv": [7.5, 1.25, 8.5, 5], "texture": "#radio"},
				"up": {"uv": [7.5, 1.5, 8.5, 1.25], "rotation": 90, "texture": "#radio"},
				"down": {"uv": [7.5, 4.75, 8.5, 5], "rotation": 270, "texture": "#radio"}
			}
		},
		{
			"name": "radio3",
			"from": [2, 9.5, 9],
			"to": [14, 12, 9.5],
			"faces": {
				"north": {"uv": [7.25, 1.25, 1.25, 2.5], "texture": "#radio"},
				"east": {"uv": [7.25, 1.25, 7, 2.5], "texture": "#radio"},
				"south": {"uv": [1.25, 1.25, 7.25, 2.5], "texture": "#radio"},
				"west": {"uv": [1.25, 1.25, 1.5, 2.5], "texture": "#radio"},
				"up": {"uv": [1.25, 1.5, 7.25, 1.25], "texture": "#radio"},
				"down": {"uv": [1.25, 2.25, 7.25, 2.5], "texture": "#radio"}
			}
		},
		{
			"name": "radio4",
			"from": [2.5, 6.5, 9],
			"to": [6.5, 8.5, 9.5],
			"faces": {
				"north": {"uv": [3.5, 3, 1.5, 4], "texture": "#radio"},
				"east": {"uv": [3.5, 3, 3.25, 4], "texture": "#radio"},
				"south": {"uv": [1.5, 3, 3.5, 4], "texture": "#radio"},
				"west": {"uv": [1.5, 3, 1.75, 4], "texture": "#radio"},
				"up": {"uv": [1.5, 3.25, 3.5, 3], "texture": "#radio"},
				"down": {"uv": [1.5, 3.75, 3.5, 4], "texture": "#radio"}
			}
		},
		{
			"name": "radio5",
			"from": [12.5, 5, 8.5],
			"to": [13.5, 5.5, 9],
			"faces": {
				"north": {"uv": [7, 4.5, 6.5, 4.75], "texture": "#radio"},
				"east": {"uv": [7, 4.5, 6.75, 4.75], "texture": "#radio"},
				"south": {"uv": [6.5, 4.5, 7, 4.75], "texture": "#radio"},
				"west": {"uv": [6.5, 4.5, 6.75, 4.75], "texture": "#radio"},
				"up": {"uv": [6.5, 4.75, 7, 4.5], "texture": "#radio"},
				"down": {"uv": [6.5, 4.5, 7, 4.75], "texture": "#radio"}
			}
		},
		{
			"name": "radio6",
			"from": [11, 5, 8.5],
			"to": [12, 5.5, 9],
			"faces": {
				"north": {"uv": [6.25, 4.5, 5.75, 4.75], "texture": "#radio"},
				"east": {"uv": [6.25, 4.5, 6, 4.75], "texture": "#radio"},
				"south": {"uv": [5.75, 4.5, 6.25, 4.75], "texture": "#radio"},
				"west": {"uv": [5.75, 4.5, 6, 4.75], "texture": "#radio"},
				"up": {"uv": [5.75, 4.75, 6.25, 4.5], "texture": "#radio"},
				"down": {"uv": [5.75, 4.5, 6.25, 4.75], "texture": "#radio"}
			}
		},
		{
			"name": "radio7",
			"from": [9.5, 5, 8.5],
			"to": [10.5, 5.5, 9],
			"faces": {
				"north": {"uv": [5.5, 4.5, 5, 4.75], "texture": "#radio"},
				"east": {"uv": [5.5, 4.5, 5.25, 4.75], "texture": "#radio"},
				"south": {"uv": [5, 4.5, 5.5, 4.75], "texture": "#radio"},
				"west": {"uv": [5, 4.5, 5.25, 4.75], "texture": "#radio"},
				"up": {"uv": [5, 4.75, 5.5, 4.5], "texture": "#radio"},
				"down": {"uv": [5, 4.5, 5.5, 4.75], "texture": "#radio"}
			}
		},
		{
			"name": "radio8",
			"from": [8, 5, 8.5],
			"to": [9, 5.5, 9],
			"faces": {
				"north": {"uv": [4.75, 4.5, 4.25, 4.75], "texture": "#radio"},
				"east": {"uv": [4.75, 4.5, 4.5, 4.75], "texture": "#radio"},
				"south": {"uv": [4.25, 4.5, 4.75, 4.75], "texture": "#radio"},
				"west": {"uv": [4.25, 4.5, 4.5, 4.75], "texture": "#radio"},
				"up": {"uv": [4.25, 4.75, 4.75, 4.5], "texture": "#radio"},
				"down": {"uv": [4.25, 4.5, 4.75, 4.75], "texture": "#radio"}
			}
		},
		{
			"name": "radio9",
			"from": [8, 6, 8.5],
			"to": [9, 6.5, 9],
			"faces": {
				"north": {"uv": [4.75, 4, 4.25, 4.25], "texture": "#radio"},
				"east": {"uv": [4.75, 4, 4.5, 4.25], "texture": "#radio"},
				"south": {"uv": [4.25, 4, 4.75, 4.25], "texture": "#radio"},
				"west": {"uv": [4.25, 4, 4.5, 4.25], "texture": "#radio"},
				"up": {"uv": [4.25, 4.25, 4.75, 4], "texture": "#radio"},
				"down": {"uv": [4.25, 4, 4.75, 4.25], "texture": "#radio"}
			}
		},
		{
			"name": "radio10",
			"from": [9.5, 6, 8.5],
			"to": [10.5, 6.5, 9],
			"faces": {
				"north": {"uv": [5.5, 4, 5, 4.25], "texture": "#radio"},
				"east": {"uv": [5.5, 4, 5.25, 4.25], "texture": "#radio"},
				"south": {"uv": [5, 4, 5.5, 4.25], "texture": "#radio"},
				"west": {"uv": [5, 4, 5.25, 4.25], "texture": "#radio"},
				"up": {"uv": [5, 4.25, 5.5, 4], "texture": "#radio"},
				"down": {"uv": [5, 4, 5.5, 4.25], "texture": "#radio"}
			}
		},
		{
			"name": "radio11",
			"from": [11, 6, 8.5],
			"to": [12, 6.5, 9],
			"faces": {
				"north": {"uv": [6.25, 4, 5.75, 4.25], "texture": "#radio"},
				"east": {"uv": [6.25, 4, 6, 4.25], "texture": "#radio"},
				"south": {"uv": [5.75, 4, 6.25, 4.25], "texture": "#radio"},
				"west": {"uv": [5.75, 4, 6, 4.25], "texture": "#radio"},
				"up": {"uv": [5.75, 4.25, 6.25, 4], "texture": "#radio"},
				"down": {"uv": [5.75, 4, 6.25, 4.25], "texture": "#radio"}
			}
		},
		{
			"name": "radio12",
			"from": [12.5, 6, 8.5],
			"to": [13.5, 6.5, 9],
			"faces": {
				"north": {"uv": [7, 4, 6.5, 4.25], "texture": "#radio"},
				"east": {"uv": [7, 4, 6.75, 4.25], "texture": "#radio"},
				"south": {"uv": [6.5, 4, 7, 4.25], "texture": "#radio"},
				"west": {"uv": [6.5, 4, 6.75, 4.25], "texture": "#radio"},
				"up": {"uv": [6.5, 4.25, 7, 4], "texture": "#radio"},
				"down": {"uv": [6.5, 4, 7, 4.25], "texture": "#radio"}
			}
		},
		{
			"name": "radio13",
			"from": [12.5, 7, 8.5],
			"to": [13.5, 7.5, 9],
			"faces": {
				"north": {"uv": [7, 3.5, 6.5, 3.75], "texture": "#radio"},
				"east": {"uv": [7, 3.5, 6.75, 3.75], "texture": "#radio"},
				"south": {"uv": [6.5, 3.5, 7, 3.75], "texture": "#radio"},
				"west": {"uv": [6.5, 3.5, 6.75, 3.75], "texture": "#radio"},
				"up": {"uv": [6.5, 3.75, 7, 3.5], "texture": "#radio"},
				"down": {"uv": [6.5, 3.5, 7, 3.75], "texture": "#radio"}
			}
		},
		{
			"name": "radio14",
			"from": [12.5, 8, 8.5],
			"to": [13.5, 8.5, 9],
			"faces": {
				"north": {"uv": [7, 3, 6.5, 3.25], "texture": "#radio"},
				"east": {"uv": [7, 3, 6.75, 3.25], "texture": "#radio"},
				"south": {"uv": [6.5, 3, 7, 3.25], "texture": "#radio"},
				"west": {"uv": [6.5, 3, 6.75, 3.25], "texture": "#radio"},
				"up": {"uv": [6.5, 3.25, 7, 3], "texture": "#radio"},
				"down": {"uv": [6.5, 3, 7, 3.25], "texture": "#radio"}
			}
		},
		{
			"name": "radio15",
			"from": [11, 8, 8.5],
			"to": [12, 8.5, 9],
			"faces": {
				"north": {"uv": [6.25, 3, 5.75, 3.25], "texture": "#radio"},
				"east": {"uv": [6.25, 3, 6, 3.25], "texture": "#radio"},
				"south": {"uv": [5.75, 3, 6.25, 3.25], "texture": "#radio"},
				"west": {"uv": [5.75, 3, 6, 3.25], "texture": "#radio"},
				"up": {"uv": [5.75, 3.25, 6.25, 3], "texture": "#radio"},
				"down": {"uv": [5.75, 3, 6.25, 3.25], "texture": "#radio"}
			}
		},
		{
			"name": "radio16",
			"from": [11, 7, 8.5],
			"to": [12, 7.5, 9],
			"faces": {
				"north": {"uv": [6.25, 3.5, 5.75, 3.75], "texture": "#radio"},
				"east": {"uv": [6.25, 3.5, 6, 3.75], "texture": "#radio"},
				"south": {"uv": [5.75, 3.5, 6.25, 3.75], "texture": "#radio"},
				"west": {"uv": [5.75, 3.5, 6, 3.75], "texture": "#radio"},
				"up": {"uv": [5.75, 3.75, 6.25, 3.5], "texture": "#radio"},
				"down": {"uv": [5.75, 3.5, 6.25, 3.75], "texture": "#radio"}
			}
		},
		{
			"name": "radio17",
			"from": [9.5, 8, 8.5],
			"to": [10.5, 8.5, 9],
			"faces": {
				"north": {"uv": [5.5, 3, 5, 3.25], "texture": "#radio"},
				"east": {"uv": [5.5, 3, 5.25, 3.25], "texture": "#radio"},
				"south": {"uv": [5, 3, 5.5, 3.25], "texture": "#radio"},
				"west": {"uv": [5, 3, 5.25, 3.25], "texture": "#radio"},
				"up": {"uv": [5, 3.25, 5.5, 3], "texture": "#radio"},
				"down": {"uv": [5, 3, 5.5, 3.25], "texture": "#radio"}
			}
		},
		{
			"name": "radio18",
			"from": [9.5, 7, 8.5],
			"to": [10.5, 7.5, 9],
			"faces": {
				"north": {"uv": [5.5, 3.5, 5, 3.75], "texture": "#radio"},
				"east": {"uv": [5.5, 3.5, 5.25, 3.75], "texture": "#radio"},
				"south": {"uv": [5, 3.5, 5.5, 3.75], "texture": "#radio"},
				"west": {"uv": [5, 3.5, 5.25, 3.75], "texture": "#radio"},
				"up": {"uv": [5, 3.75, 5.5, 3.5], "texture": "#radio"},
				"down": {"uv": [5, 3.5, 5.5, 3.75], "texture": "#radio"}
			}
		},
		{
			"name": "radio19",
			"from": [8, 7, 8.5],
			"to": [9, 7.5, 9],
			"faces": {
				"north": {"uv": [4.75, 3.5, 4.25, 3.75], "texture": "#radio"},
				"east": {"uv": [4.75, 3.5, 4.5, 3.75], "texture": "#radio"},
				"south": {"uv": [4.25, 3.5, 4.75, 3.75], "texture": "#radio"},
				"west": {"uv": [4.25, 3.5, 4.5, 3.75], "texture": "#radio"},
				"up": {"uv": [4.25, 3.75, 4.75, 3.5], "texture": "#radio"},
				"down": {"uv": [4.25, 3.5, 4.75, 3.75], "texture": "#radio"}
			}
		},
		{
			"name": "radio20",
			"from": [8, 8, 8.5],
			"to": [9, 8.5, 9],
			"faces": {
				"north": {"uv": [4.75, 3, 4.25, 3.25], "texture": "#radio"},
				"east": {"uv": [4.75, 3, 4.5, 3.25], "texture": "#radio"},
				"south": {"uv": [4.25, 3, 4.75, 3.25], "texture": "#radio"},
				"west": {"uv": [4.25, 3, 4.5, 3.25], "texture": "#radio"},
				"up": {"uv": [4.25, 3.25, 4.75, 3], "texture": "#radio"},
				"down": {"uv": [4.25, 3, 4.75, 3.25], "texture": "#radio"}
			}
		},
		{
			"name": "radio21",
			"from": [14.5, 8.5, 7.5],
			"to": [15, 11.5, 8.5],
			"faces": {
				"north": {"uv": [15.25, 1.5, 15.5, 3], "texture": "#radio"},
				"east": {"uv": [15.75, 1.5, 15.25, 3], "texture": "#radio"},
				"south": {"uv": [15.75, 1.5, 15.5, 3], "texture": "#radio"},
				"west": {"uv": [15.25, 1.5, 15.75, 3], "texture": "#radio"},
				"up": {"uv": [15.25, 1.75, 15.75, 1.5], "rotation": 90, "texture": "#radio"},
				"down": {"uv": [15.25, 2.75, 15.75, 3], "rotation": 270, "texture": "#radio"}
			}
		},
		{
			"name": "radio22",
			"from": [14.5, 9, 7],
			"to": [15, 11, 7.5],
			"faces": {
				"north": {"uv": [15.75, 1.75, 16, 2.75], "texture": "#radio"},
				"east": {"uv": [16, 1.75, 15.75, 2.75], "texture": "#radio"},
				"south": {"uv": [16, 1.75, 15.75, 2.75], "texture": "#radio"},
				"west": {"uv": [15.75, 1.75, 16, 2.75], "texture": "#radio"},
				"up": {"uv": [15.75, 2, 16, 1.75], "rotation": 90, "texture": "#radio"},
				"down": {"uv": [15.75, 2.5, 16, 2.75], "rotation": 270, "texture": "#radio"}
			}
		},
		{
			"name": "radio23",
			"from": [14.5, 9, 8.5],
			"to": [15, 11, 9],
			"faces": {
				"north": {"uv": [15, 1.75, 15.25, 2.75], "texture": "#radio"},
				"east": {"uv": [15.25, 1.75, 15, 2.75], "texture": "#radio"},
				"south": {"uv": [15.25, 1.75, 15, 2.75], "texture": "#radio"},
				"west": {"uv": [15, 1.75, 15.25, 2.75], "texture": "#radio"},
				"up": {"uv": [15, 2, 15.25, 1.75], "rotation": 90, "texture": "#radio"},
				"down": {"uv": [15, 2.5, 15.25, 2.75], "rotation": 270, "texture": "#radio"}
			}
		},
		{
			"name": "radio24",
			"from": [2, 4, 8.5],
			"to": [7.5, 12.5, 9],
			"faces": {
				"north": {"uv": [4, 1, 1.25, 5.25], "texture": "#radio"},
				"east": {"uv": [4, 1, 3.75, 5.25], "texture": "#radio"},
				"south": {"uv": [1.25, 1, 4, 5.25], "texture": "#radio"},
				"west": {"uv": [1.25, 1, 1.5, 5.25], "texture": "#radio"},
				"up": {"uv": [1.25, 1.25, 4, 1], "texture": "#radio"},
				"down": {"uv": [1.25, 5, 4, 5.25], "texture": "#radio"}
			}
		},
		{
			"name": "radio25",
			"from": [7.5, 4, 8.5],
			"to": [14, 4.5, 9],
			"faces": {
				"north": {"uv": [7.25, 5, 4, 5.25], "texture": "#radio"},
				"east": {"uv": [7.25, 5, 7, 5.25], "texture": "#radio"},
				"south": {"uv": [4, 5, 7.25, 5.25], "texture": "#radio"},
				"west": {"uv": [4, 5, 4.25, 5.25], "texture": "#radio"},
				"up": {"uv": [4, 5.25, 7.25, 5], "texture": "#radio"},
				"down": {"uv": [4, 5, 7.25, 5.25], "texture": "#radio"}
			}
		},
		{
			"name": "radio26",
			"from": [7.5, 9, 8.5],
			"to": [14, 12.5, 9],
			"faces": {
				"north": {"uv": [7.25, 1, 4, 2.75], "texture": "#radio"},
				"east": {"uv": [7.25, 1, 7, 2.75], "texture": "#radio"},
				"south": {"uv": [4, 1, 7.25, 2.75], "texture": "#radio"},
				"west": {"uv": [4, 1, 4.25, 2.75], "texture": "#radio"},
				"up": {"uv": [4, 1.25, 7.25, 1], "texture": "#radio"},
				"down": {"uv": [4, 2.5, 7.25, 2.75], "texture": "#radio"}
			}
		}
	],
	"display": {
		"thirdperson_righthand": {
			"rotation": [30, -30, 0],
			"translation": [-3, 3, 0],
			"scale": [0.75, 0.75, 0.75]
		},
		"thirdperson_lefthand": {
			"rotation": [30, -30, 0],
			"translation": [-3, 3, 0],
			"scale": [0.75, 0.75, 0.75]
		},
		"firstperson_righthand": {
			"translation": [-8.95, 3, 0]
		},
		"firstperson_lefthand": {
			"translation": [-8.95, 3, 0]
		},
		"ground": {
			"rotation": [-90, 0, 0],
			"scale": [0.75, 0.75, 0.75]
		},
		"gui": {
			"rotation": [30, -45, 0]
		},
		"head": {
			"scale": [1.7, 1.7, 1.7]
		},
		"fixed": {
			"rotation": [0, 180, 0],
			"scale": [1.5, 1.5, 1.5]
		}
	}
}