{
	"credit": "Made with Blockbench",
	"textures": {
		"0": "blocks/survivalist",
		"particle": "blocks/survivalist"
	},
	"elements": [
		{
			"name": "steve_right_leg",
			"from": [4, 8, 7.5],
			"to": [8, 12, 19.5],
			"faces": {
				"north": {"uv": [1.01, 4.01, 1.99, 4.99], "rotation": 180, "texture": "#0"},
				"east": {"uv": [2.01, 5.01, 2.99, 7.99], "rotation": 90, "texture": "#0"},
				"south": {"uv": [2.01, 4.01, 2.99, 4.99], "rotation": 180, "texture": "#0"},
				"west": {"uv": [0.01, 5.01, 0.99, 7.99], "rotation": 270, "texture": "#0"},
				"up": {"uv": [1.01, 5.01, 1.99, 7.99], "texture": "#0"},
				"down": {"uv": [3.01, 5.01, 3.99, 7.99], "rotation": 180, "texture": "#0"}
			}
		},
		{
			"name": "steve_left_leg",
			"from": [8, 8, 7.5],
			"to": [12, 12, 19.5],
			"rotation": {"angle": 22.5, "axis": "y", "origin": [8, 8, 8]},
			"faces": {
				"north": {"uv": [5.01, 12.01, 5.99, 12.99], "rotation": 180, "texture": "#0"},
				"east": {"uv": [6.01, 13.01, 6.99, 15.99], "rotation": 90, "texture": "#0"},
				"south": {"uv": [6.01, 12.01, 6.99, 12.99], "rotation": 180, "texture": "#0"},
				"west": {"uv": [4.01, 13.01, 4.99, 15.99], "rotation": 270, "texture": "#0"},
				"up": {"uv": [5.01, 13.01, 5.99, 15.99], "texture": "#0"},
				"down": {"uv": [8.01, 13.01, 6.99, 15.99], "rotation": 180, "texture": "#0"}
			}
		},
		{
			"name": "steve_body",
			"from": [4, 11.5, 6],
			"to": [12, 23.5, 10],
			"faces": {
				"north": {"uv": [8.01, 5.01, 9.99, 7.99], "texture": "#0"},
				"east": {"uv": [7.01, 5.01, 7.99, 7.99], "texture": "#0"},
				"south": {"uv": [5.01, 5.01, 6.99, 7.99], "texture": "#0"},
				"west": {"uv": [4.01, 5.01, 4.99, 7.99], "texture": "#0"},
				"up": {"uv": [5.01, 4.01, 6.99, 4.99], "texture": "#0"},
				"down": {"uv": [7.01, 4.01, 8.99, 4.99], "texture": "#0"}
			}
		},
		{
			"name": "steve_head",
			"from": [4, 17, 14.5],
			"to": [12, 25, 22.5],
			"rotation": {"angle": -22.5, "axis": "x", "origin": [8, 8, 8]},
			"faces": {
				"north": {"uv": [4.01, 0.01, 5.99, 1.99], "texture": "#0"},
				"east": {"uv": [4.01, 2.01, 5.99, 3.99], "rotation": 270, "texture": "#0"},
				"south": {"uv": [2.01, 0.01, 3.99, 1.99], "texture": "#0"},
				"west": {"uv": [0.01, 2.01, 1.99, 3.99], "rotation": 90, "texture": "#0"},
				"up": {"uv": [6.01, 2.01, 6.99, 3.99], "rotation": 180, "texture": "#0"},
				"down": {"uv": [2.01, 2.01, 3.99, 3.99], "texture": "#0"}
			}
		},
		{
			"name": "steve_right_arm",
			"from": [0, 9.5, 11],
			"to": [4, 21.5, 15],
			"rotation": {"angle": -22.5, "axis": "x", "origin": [8, 8, 8]},
			"faces": {
				"north": {"uv": [13.01, 5.01, 13.99, 7.99], "texture": "#0"},
				"east": {"uv": [10.01, 5.01, 10.99, 7.99], "texture": "#0"},
				"south": {"uv": [11.01, 5.01, 11.99, 7.99], "texture": "#0"},
				"west": {"uv": [12.01, 5.01, 12.99, 7.99], "texture": "#0"},
				"up": {"uv": [11.01, 4.01, 11.99, 4.99], "texture": "#0"},
				"down": {"uv": [11.51, 4.01, 12.49, 4.99], "texture": "#0"}
			}
		},
		{
			"name": "steve_left_arm",
			"from": [12, 11.5, 6],
			"to": [16, 23.5, 10],
			"faces": {
				"north": {"uv": [11.01, 13.01, 11.99, 15.99], "texture": "#0"},
				"east": {"uv": [8.01, 13.01, 8.99, 15.99], "texture": "#0"},
				"south": {"uv": [9.01, 13.01, 9.99, 15.99], "texture": "#0"},
				"west": {"uv": [10.01, 13.01, 10.99, 15.99], "texture": "#0"},
				"up": {"uv": [9.01, 12.01, 9.99, 12.99], "texture": "#0"},
				"down": {"uv": [9.51, 12.01, 10.49, 12.99], "texture": "#0"}
			}
		},
		{
			"name": "steve_head_2nd_layer",
			"from": [3.5, 16.5, 14],
			"to": [12.5, 25.5, 23],
			"rotation": {"angle": -22.5, "axis": "x", "origin": [8, 8, 8]},
			"faces": {
				"north": {"uv": [12.01, 0.01, 13.99, 1.99], "texture": "#0"},
				"east": {"uv": [12.01, 2.01, 13.99, 3.99], "rotation": 270, "texture": "#0"},
				"south": {"uv": [10.01, 0.01, 11.99, 1.99], "texture": "#0"},
				"west": {"uv": [8.01, 2.01, 9.99, 3.99], "rotation": 90, "texture": "#0"},
				"up": {"uv": [14.01, 2.01, 15.99, 3.99], "rotation": 180, "texture": "#0"},
				"down": {"uv": [10.01, 2.01, 11.99, 3.99], "texture": "#0"}
			}
		},
		{
			"name": "steve_body_2nd_layer",
			"from": [4, 11.02, 5.51],
			"to": [12, 24.03, 10.51],
			"faces": {
				"north": {"uv": [8.01, 9.01, 9.99, 11.99], "texture": "#0"},
				"east": {"uv": [7.01, 9.01, 7.99, 11.99], "texture": "#0"},
				"south": {"uv": [5.01, 9.01, 6.99, 11.99], "texture": "#0"},
				"west": {"uv": [4.01, 9.01, 4.99, 11.99], "texture": "#0"},
				"up": {"uv": [5.01, 8.01, 6.99, 8.99], "texture": "#0"},
				"down": {"uv": [7.01, 8.01, 8.99, 8.99], "texture": "#0"}
			}
		}
	],
	"display": {
		"head": {
			"rotation": [0, 180, 0],
			"translation": [0, -33.37, 0],
			"scale": [1.75, 1.75, 1.75]
		}
	}
}