{
	"credit": "Made with Blockbench",
	"textures": {
		"1": "zcbm/weapons/minigun"
	},
	"elements": [
		{
			"from": [7.375, 7.23552, -1.25],
			"to": [8.82813, 8.73552, -1],
			"faces": {
				"north": {"uv": [11.75, 11.25, 12, 11.5], "texture": "#1"},
				"east": {"uv": [0, 0, 1, 1], "texture": "#1"},
				"south": {"uv": [11.75, 11.25, 12, 11.5], "texture": "#1"},
				"west": {"uv": [0, 0, 1, 1], "texture": "#1"},
				"up": {"uv": [0, 0, 1, 1], "texture": "#1"},
				"down": {"uv": [0, 0, 1, 1], "texture": "#1"}
			}
		},
		{
			"from": [7, 6.25114, -1.25],
			"to": [7.75, 7.40739, -1],
			"rotation": {"angle": 45, "axis": "z", "origin": [6.75, 7.04802, -1.125]},
			"faces": {
				"north": {"uv": [11.75, 11.25, 12, 11.5], "texture": "#1"},
				"east": {"uv": [0, 0, 1, 1], "texture": "#1"},
				"south": {"uv": [11.75, 11.25, 12, 11.5], "texture": "#1"},
				"west": {"uv": [15, 10.75, 15.25, 11.75], "texture": "#1"},
				"up": {"uv": [0, 0, 1, 1], "texture": "#1"},
				"down": {"uv": [0, 0, 1, 1], "texture": "#1"}
			}
		},
		{
			"from": [7.48438, 6.65739, -1.25],
			"to": [8.51563, 7.36052, -1],
			"faces": {
				"north": {"uv": [11.75, 11.25, 12, 11.5], "texture": "#1"},
				"east": {"uv": [0, 0, 1, 1], "rotation": 270, "texture": "#1"},
				"south": {"uv": [11.75, 11.25, 12, 11.5], "texture": "#1"},
				"west": {"uv": [0, 0, 1, 1], "rotation": 270, "texture": "#1"},
				"up": {"uv": [0, 0, 1, 1], "rotation": 270, "texture": "#1"},
				"down": {"uv": [15, 12.5, 15.25, 13.5], "rotation": 90, "texture": "#1"}
			}
		},
		{
			"from": [6.67188, 7.48552, -1.25],
			"to": [7.375, 8.48552, -1],
			"faces": {
				"north": {"uv": [11.75, 11.25, 12, 11.5], "texture": "#1"},
				"east": {"uv": [0, 0, 1, 1], "texture": "#1"},
				"south": {"uv": [11.75, 11.25, 12, 11.5], "texture": "#1"},
				"west": {"uv": [10, 11, 10.25, 12], "texture": "#1"},
				"up": {"uv": [0, 0, 1, 1], "texture": "#1"},
				"down": {"uv": [0, 0, 1, 1], "texture": "#1"}
			}
		},
		{
			"from": [7, 8.56364, -1.25],
			"to": [7.75, 9.71989, -1],
			"rotation": {"angle": -45, "axis": "z", "origin": [6.75, 8.92302, -1.125]},
			"faces": {
				"north": {"uv": [11.75, 11.25, 12, 11.5], "texture": "#1"},
				"east": {"uv": [0, 0, 1, 1], "texture": "#1"},
				"south": {"uv": [11.75, 11.25, 12, 11.5], "texture": "#1"},
				"west": {"uv": [14.5, 12.75, 14.75, 13.75], "texture": "#1"},
				"up": {"uv": [0, 0, 1, 1], "texture": "#1"},
				"down": {"uv": [0, 0, 1, 1], "texture": "#1"}
			}
		},
		{
			"from": [7.5, 8.61052, -1.25],
			"to": [8.5, 9.31364, -1],
			"faces": {
				"north": {"uv": [11.75, 11.25, 12, 11.5], "texture": "#1"},
				"east": {"uv": [0, 0, 1, 1], "rotation": 270, "texture": "#1"},
				"south": {"uv": [11.75, 11.25, 12, 11.5], "texture": "#1"},
				"west": {"uv": [0, 0, 1, 1], "rotation": 270, "texture": "#1"},
				"up": {"uv": [12.5, 12.5, 12.75, 13.5], "rotation": 90, "texture": "#1"},
				"down": {"uv": [0, 0, 1, 1], "rotation": 270, "texture": "#1"}
			}
		},
		{
			"from": [8.25, 8.56364, -1.25],
			"to": [9, 9.71989, -1],
			"rotation": {"angle": 45, "axis": "z", "origin": [9.25, 8.92302, -1.125]},
			"faces": {
				"north": {"uv": [11.75, 11.25, 12, 11.5], "texture": "#1"},
				"east": {"uv": [15.25, 13.5, 15.5, 14.5], "texture": "#1"},
				"south": {"uv": [11.75, 11.25, 12, 11.5], "texture": "#1"},
				"west": {"uv": [0, 0, 1, 1], "texture": "#1"},
				"up": {"uv": [0, 0, 1, 1], "texture": "#1"},
				"down": {"uv": [0, 0, 1, 1], "texture": "#1"}
			}
		},
		{
			"from": [8.625, 7.48552, -1.25],
			"to": [9.32813, 8.48552, -1],
			"faces": {
				"north": {"uv": [11.75, 11.25, 12, 11.5], "texture": "#1"},
				"east": {"uv": [12.75, 10.75, 13, 11.75], "texture": "#1"},
				"south": {"uv": [11.75, 11.25, 12, 11.5], "texture": "#1"},
				"west": {"uv": [0, 0, 1, 1], "texture": "#1"},
				"up": {"uv": [0, 0, 1, 1], "texture": "#1"},
				"down": {"uv": [0, 0, 1, 1], "texture": "#1"}
			}
		},
		{
			"from": [8.25, 6.25114, -1.25],
			"to": [9, 7.40739, -1],
			"rotation": {"angle": -45, "axis": "z", "origin": [9.25, 7.04802, -1.125]},
			"faces": {
				"north": {"uv": [11.75, 11.25, 12, 11.5], "texture": "#1"},
				"east": {"uv": [11, 9.5, 11.25, 10.5], "texture": "#1"},
				"south": {"uv": [11.75, 11.25, 12, 11.5], "texture": "#1"},
				"west": {"uv": [0, 0, 1, 1], "texture": "#1"},
				"up": {"uv": [0, 0, 1, 1], "texture": "#1"},
				"down": {"uv": [0, 0, 1, 1], "texture": "#1"}
			}
		},
		{
			"from": [7.375, 7.23552, 4],
			"to": [8.82813, 8.73552, 6.25],
			"faces": {
				"north": {"uv": [11.75, 11.25, 12, 11.5], "texture": "#1"},
				"east": {"uv": [0, 0, 1, 1], "texture": "#1"},
				"south": {"uv": [11.75, 11.25, 12, 11.5], "texture": "#1"},
				"west": {"uv": [0, 0, 1, 1], "texture": "#1"},
				"up": {"uv": [0, 0, 1, 1], "texture": "#1"},
				"down": {"uv": [0, 0, 1, 1], "texture": "#1"}
			}
		},
		{
			"from": [7, 6.25114, 4],
			"to": [7.75, 7.40739, 6.25],
			"rotation": {"angle": 45, "axis": "z", "origin": [6.75, 7.04802, 4.125]},
			"faces": {
				"north": {"uv": [11.75, 11.25, 12, 11.5], "texture": "#1"},
				"east": {"uv": [0, 0, 1, 1], "texture": "#1"},
				"south": {"uv": [11.75, 11.25, 12, 11.5], "texture": "#1"},
				"west": {"uv": [13, 9.5, 15.25, 10.65625], "texture": "#1"},
				"up": {"uv": [0, 0, 1, 1], "texture": "#1"},
				"down": {"uv": [0, 0, 1, 1], "texture": "#1"}
			}
		},
		{
			"from": [7.48438, 6.65739, 4],
			"to": [8.51563, 7.36052, 6.25],
			"faces": {
				"north": {"uv": [11.75, 11.25, 12, 11.5], "texture": "#1"},
				"east": {"uv": [0, 0, 1, 1], "rotation": 270, "texture": "#1"},
				"south": {"uv": [11.75, 11.25, 12, 11.5], "texture": "#1"},
				"west": {"uv": [0, 0, 1, 1], "rotation": 270, "texture": "#1"},
				"up": {"uv": [0, 0, 1, 1], "rotation": 270, "texture": "#1"},
				"down": {"uv": [8.75, 9.5, 9.78125, 11.75], "rotation": 90, "texture": "#1"}
			}
		},
		{
			"from": [6.67188, 7.48552, 4],
			"to": [7.375, 8.48552, 6.25],
			"faces": {
				"north": {"uv": [11.75, 11.25, 12, 11.5], "texture": "#1"},
				"east": {"uv": [0, 0, 1, 1], "texture": "#1"},
				"south": {"uv": [11.75, 11.25, 12, 11.5], "texture": "#1"},
				"west": {"uv": [11.5, 10, 12.5, 11], "texture": "#1"},
				"up": {"uv": [0, 0, 1, 1], "texture": "#1"},
				"down": {"uv": [0, 0, 1, 1], "texture": "#1"}
			}
		},
		{
			"from": [7, 8.56364, 4],
			"to": [7.75, 9.71989, 6.25],
			"rotation": {"angle": -45, "axis": "z", "origin": [6.75, 8.92302, 4.125]},
			"faces": {
				"north": {"uv": [11.75, 11.25, 12, 11.5], "texture": "#1"},
				"east": {"uv": [0, 0, 1, 1], "texture": "#1"},
				"south": {"uv": [11.75, 11.25, 12, 11.5], "texture": "#1"},
				"west": {"uv": [13.75, 12.75, 16, 13.90625], "texture": "#1"},
				"up": {"uv": [0, 0, 1, 1], "texture": "#1"},
				"down": {"uv": [0, 0, 1, 1], "texture": "#1"}
			}
		},
		{
			"from": [7.5, 8.61052, 4],
			"to": [8.5, 9.31364, 6.25],
			"faces": {
				"north": {"uv": [11.75, 11.25, 12, 11.5], "texture": "#1"},
				"east": {"uv": [0, 0, 1, 1], "rotation": 270, "texture": "#1"},
				"south": {"uv": [11.75, 11.25, 12, 11.5], "texture": "#1"},
				"west": {"uv": [0, 0, 1, 1], "rotation": 270, "texture": "#1"},
				"up": {"uv": [11.5, 10.5, 12.5, 12.75], "texture": "#1"},
				"down": {"uv": [0, 0, 1, 1], "rotation": 270, "texture": "#1"}
			}
		},
		{
			"from": [8.25, 8.56364, 4],
			"to": [9, 9.71989, 6.25],
			"rotation": {"angle": 45, "axis": "z", "origin": [9.25, 8.92302, 4.125]},
			"faces": {
				"north": {"uv": [11.75, 11.25, 12, 11.5], "texture": "#1"},
				"east": {"uv": [13.25, 12, 15.5, 13.15625], "texture": "#1"},
				"south": {"uv": [11.75, 11.25, 12, 11.5], "texture": "#1"},
				"west": {"uv": [0, 0, 1, 1], "texture": "#1"},
				"up": {"uv": [0, 0, 1, 1], "texture": "#1"},
				"down": {"uv": [0, 0, 1, 1], "texture": "#1"}
			}
		},
		{
			"from": [8.625, 7.48552, 4],
			"to": [9.32813, 8.48552, 6.25],
			"faces": {
				"north": {"uv": [11.75, 11.25, 12, 11.5], "texture": "#1"},
				"east": {"uv": [8, 9.75, 10.25, 10.75], "texture": "#1"},
				"south": {"uv": [11.75, 11.25, 12, 11.5], "texture": "#1"},
				"west": {"uv": [0, 0, 1, 1], "texture": "#1"},
				"up": {"uv": [0, 0, 1, 1], "texture": "#1"},
				"down": {"uv": [0, 0, 1, 1], "texture": "#1"}
			}
		},
		{
			"from": [8.25, 6.25114, 4],
			"to": [9, 7.40739, 6.25],
			"rotation": {"angle": -45, "axis": "z", "origin": [9.25, 7.04802, 4.125]},
			"faces": {
				"north": {"uv": [11.75, 11.25, 12, 11.5], "texture": "#1"},
				"east": {"uv": [10.5, 10.5, 12.75, 11.65625], "texture": "#1"},
				"south": {"uv": [11.75, 11.25, 12, 11.5], "texture": "#1"},
				"west": {"uv": [0, 0, 1, 1], "texture": "#1"},
				"up": {"uv": [0, 0, 1, 1], "texture": "#1"},
				"down": {"uv": [0, 0, 1, 1], "texture": "#1"}
			}
		},
		{
			"from": [7.8125, 6.80284, -5.5],
			"to": [8.1875, 7.17784, 15.5],
			"faces": {
				"north": {"uv": [11, 0, 11.375, 0.375], "texture": "#1"},
				"east": {"uv": [0, 0, 0.5, 14], "texture": "#1"},
				"south": {"uv": [0, 0, 16, 2], "texture": "#0"},
				"west": {"uv": [0, 0, 0.5, 14], "rotation": 90, "texture": "#1"},
				"up": {"uv": [0, 0, 0.375, 16], "texture": "#1"},
				"down": {"uv": [0, 0, 0.375, 16], "texture": "#1"}
			}
		},
		{
			"from": [8.5625, 6.8557, -5.5],
			"to": [8.9375, 7.2307, 15.5],
			"rotation": {"angle": -45, "axis": "z", "origin": [9, 7.2307, 1.5]},
			"faces": {
				"north": {"uv": [11, 0, 11.375, 0.375], "texture": "#1"},
				"east": {"uv": [0.5, 14, 0, 0], "texture": "#1"},
				"south": {"uv": [16, 2, 0, 0], "texture": "#0"},
				"west": {"uv": [0.5, 14, 0, 0], "rotation": 90, "texture": "#1"},
				"up": {"uv": [0, 0, 0.375, 16], "texture": "#1"},
				"down": {"uv": [0, 0, 0.375, 16], "texture": "#1"}
			}
		},
		{
			"from": [8.8125, 7.80284, -5.5],
			"to": [9.1875, 8.17784, 15.5],
			"faces": {
				"north": {"uv": [11, 0, 11.375, 0.375], "texture": "#1"},
				"east": {"uv": [0, 14, 0.5, 0], "texture": "#1"},
				"south": {"uv": [16, 0, 0, 2], "texture": "#0"},
				"west": {"uv": [0, 14, 0.5, 0], "rotation": 90, "texture": "#1"},
				"up": {"uv": [0, 0, 0.375, 16], "texture": "#1"},
				"down": {"uv": [0, 0, 0.375, 16], "texture": "#1"}
			}
		},
		{
			"from": [8.5625, 8.74034, -5.5],
			"to": [8.9375, 9.11534, 15.5],
			"rotation": {"angle": 45, "axis": "z", "origin": [9, 8.74034, 1.5]},
			"faces": {
				"north": {"uv": [11, 0, 11.375, 0.375], "texture": "#1"},
				"east": {"uv": [0, 14, 0.5, 0], "texture": "#1"},
				"south": {"uv": [16, 0, 0, 2], "texture": "#0"},
				"west": {"uv": [0, 14, 0.5, 0], "rotation": 90, "texture": "#1"},
				"up": {"uv": [0, 0, 0.375, 16], "texture": "#1"},
				"down": {"uv": [0, 0, 0.375, 16], "texture": "#1"}
			}
		},
		{
			"from": [7.8125, 8.80284, -5.5],
			"to": [8.1875, 9.17784, 15.5],
			"faces": {
				"north": {"uv": [11, 0, 11.375, 0.375], "texture": "#1"},
				"east": {"uv": [0, 0, 0.5, 14], "texture": "#1"},
				"south": {"uv": [0, 0, 16, 2], "texture": "#0"},
				"west": {"uv": [0, 0, 0.5, 14], "rotation": 90, "texture": "#1"},
				"up": {"uv": [0, 0, 0.375, 16], "texture": "#1"},
				"down": {"uv": [0, 0, 0.375, 16], "texture": "#1"}
			}
		},
		{
			"from": [7.0625, 8.74034, -5.5],
			"to": [7.4375, 9.11534, 15.5],
			"rotation": {"angle": -45, "axis": "z", "origin": [7, 8.74034, 1.5]},
			"faces": {
				"north": {"uv": [11, 0, 11.375, 0.375], "texture": "#1"},
				"east": {"uv": [0, 0, 0.5, 14], "texture": "#1"},
				"south": {"uv": [0, 0, 16, 2], "texture": "#0"},
				"west": {"uv": [0, 0, 0.5, 14], "rotation": 90, "texture": "#1"},
				"up": {"uv": [0, 0, 0.375, 16], "texture": "#1"},
				"down": {"uv": [0, 0, 0.375, 16], "texture": "#1"}
			}
		},
		{
			"from": [6.8125, 7.80284, -5.5],
			"to": [7.1875, 8.17784, 15.5],
			"faces": {
				"north": {"uv": [11, 0, 11.375, 0.375], "texture": "#1"},
				"east": {"uv": [0, 0, 0.5, 14], "texture": "#1"},
				"south": {"uv": [0, 0, 16, 2], "texture": "#0"},
				"west": {"uv": [0, 0, 0.5, 14], "rotation": 90, "texture": "#1"},
				"up": {"uv": [0, 0, 0.375, 16], "texture": "#1"},
				"down": {"uv": [0, 0, 0.375, 16], "texture": "#1"}
			}
		},
		{
			"from": [7.0625, 6.8557, -5.5],
			"to": [7.4375, 7.2307, 15.5],
			"rotation": {"angle": 45, "axis": "z", "origin": [7, 7.2307, 1.5]},
			"faces": {
				"north": {"uv": [11, 0, 11.375, 0.375], "texture": "#1"},
				"east": {"uv": [0.5, 0, 0, 14], "texture": "#1"},
				"south": {"uv": [0, 2, 16, 0], "texture": "#0"},
				"west": {"uv": [0.5, 0, 0, 14], "rotation": 90, "texture": "#1"},
				"up": {"uv": [0, 0, 0.375, 16], "texture": "#1"},
				"down": {"uv": [0, 0, 0.375, 16], "texture": "#1"}
			}
		},
		{
			"from": [7.125, 6.98552, 15.5],
			"to": [9.07813, 8.98552, 15.75],
			"faces": {
				"north": {"uv": [11.75, 11.25, 12, 11.5], "texture": "#1"},
				"east": {"uv": [0, 0, 1, 1], "texture": "#1"},
				"south": {"uv": [0, 0, 1, 1], "texture": "#1"},
				"west": {"uv": [0, 0, 1, 1], "texture": "#1"},
				"up": {"uv": [0, 0, 1, 1], "texture": "#1"},
				"down": {"uv": [0, 0, 1, 1], "texture": "#1"}
			}
		},
		{
			"from": [6.65625, 6.25114, 15.5],
			"to": [8, 7.40739, 15.75],
			"rotation": {"angle": 45, "axis": "z", "origin": [6.75, 7.04802, 15.625]},
			"faces": {
				"north": {"uv": [11.75, 11.25, 12, 11.5], "texture": "#1"},
				"east": {"uv": [0, 0, 1, 1], "texture": "#1"},
				"south": {"uv": [0, 0, 1, 1], "texture": "#1"},
				"west": {"uv": [11.75, 11.25, 12, 11.5], "texture": "#1"},
				"up": {"uv": [0, 0, 1, 1], "texture": "#1"},
				"down": {"uv": [0, 0, 1, 1], "texture": "#1"}
			}
		},
		{
			"from": [7.23438, 6.40739, 15.5],
			"to": [8.76563, 7.61052, 15.75],
			"faces": {
				"north": {"uv": [11.75, 11.25, 12, 11.5], "texture": "#1"},
				"east": {"uv": [0, 0, 1, 1], "rotation": 270, "texture": "#1"},
				"south": {"uv": [0, 0, 1, 1], "rotation": 90, "texture": "#1"},
				"west": {"uv": [0, 0, 1, 1], "rotation": 270, "texture": "#1"},
				"up": {"uv": [0, 0, 1, 1], "rotation": 270, "texture": "#1"},
				"down": {"uv": [11.75, 11.25, 12, 11.5], "texture": "#1"}
			}
		},
		{
			"from": [6.42188, 7.23552, 15.5],
			"to": [7.625, 8.73552, 15.75],
			"faces": {
				"north": {"uv": [11.75, 11.25, 12, 11.5], "texture": "#1"},
				"east": {"uv": [0, 0, 1, 1], "texture": "#1"},
				"south": {"uv": [0, 0, 1, 1], "texture": "#1"},
				"west": {"uv": [11.75, 11.25, 12, 11.5], "texture": "#1"},
				"up": {"uv": [0, 0, 1, 1], "texture": "#1"},
				"down": {"uv": [0, 0, 1, 1], "texture": "#1"}
			}
		},
		{
			"from": [6.65625, 8.54802, 15.5],
			"to": [8, 9.73552, 15.75],
			"rotation": {"angle": -45, "axis": "z", "origin": [6.75, 8.92302, 15.625]},
			"faces": {
				"north": {"uv": [11.75, 11.25, 12, 11.5], "texture": "#1"},
				"east": {"uv": [0, 0, 1, 1], "texture": "#1"},
				"south": {"uv": [0, 0, 1, 1], "texture": "#1"},
				"west": {"uv": [11.75, 11.25, 12, 11.5], "texture": "#1"},
				"up": {"uv": [0, 0, 1, 1], "texture": "#1"},
				"down": {"uv": [0, 0, 1, 1], "texture": "#1"}
			}
		},
		{
			"from": [7.25, 8.36052, 15.5],
			"to": [8.75, 9.56364, 15.75],
			"faces": {
				"north": {"uv": [11.75, 11.25, 12, 11.5], "texture": "#1"},
				"east": {"uv": [0, 0, 1, 1], "rotation": 270, "texture": "#1"},
				"south": {"uv": [0, 0, 1, 1], "rotation": 90, "texture": "#1"},
				"west": {"uv": [0, 0, 1, 1], "rotation": 270, "texture": "#1"},
				"up": {"uv": [11.75, 11.25, 12, 11.5], "texture": "#1"},
				"down": {"uv": [0, 0, 1, 1], "rotation": 270, "texture": "#1"}
			}
		},
		{
			"from": [8, 8.56364, 15.5],
			"to": [9.34375, 9.71989, 15.75],
			"rotation": {"angle": 45, "axis": "z", "origin": [9.25, 8.92302, 15.625]},
			"faces": {
				"north": {"uv": [11.75, 11.25, 12, 11.5], "texture": "#1"},
				"east": {"uv": [11.75, 11.25, 12, 11.5], "texture": "#1"},
				"south": {"uv": [0, 0, 1, 1], "texture": "#1"},
				"west": {"uv": [0, 0, 1, 1], "texture": "#1"},
				"up": {"uv": [0, 0, 1, 1], "texture": "#1"},
				"down": {"uv": [0, 0, 1, 1], "texture": "#1"}
			}
		},
		{
			"from": [8.375, 7.23552, 15.5],
			"to": [9.57813, 8.73552, 15.75],
			"faces": {
				"north": {"uv": [11.75, 11.25, 12, 11.5], "texture": "#1"},
				"east": {"uv": [11.75, 11.25, 12, 11.5], "texture": "#1"},
				"south": {"uv": [0, 0, 1, 1], "texture": "#1"},
				"west": {"uv": [0, 0, 1, 1], "texture": "#1"},
				"up": {"uv": [0, 0, 1, 1], "texture": "#1"},
				"down": {"uv": [0, 0, 1, 1], "texture": "#1"}
			}
		},
		{
			"from": [8, 6.23552, 15.5],
			"to": [9.34375, 7.42302, 15.75],
			"rotation": {"angle": -45, "axis": "z", "origin": [9.25, 7.04802, 15.625]},
			"faces": {
				"north": {"uv": [11.75, 11.25, 12, 11.5], "texture": "#1"},
				"east": {"uv": [11.75, 11.25, 12, 11.5], "texture": "#1"},
				"south": {"uv": [0, 0, 1, 1], "texture": "#1"},
				"west": {"uv": [0, 0, 1, 1], "texture": "#1"},
				"up": {"uv": [0, 0, 1, 1], "texture": "#1"},
				"down": {"uv": [0, 0, 1, 1], "texture": "#1"}
			}
		},
		{
			"from": [7.375, 7.23552, 21],
			"to": [8.82813, 8.73552, 21.25],
			"faces": {
				"north": {"uv": [11, 0, 12, 1], "texture": "#1"},
				"east": {"uv": [0, 0, 1, 1], "texture": "#1"},
				"south": {"uv": [11, 0, 12, 1], "texture": "#1"},
				"west": {"uv": [0, 0, 1, 1], "texture": "#1"},
				"up": {"uv": [0, 0, 1, 1], "texture": "#1"},
				"down": {"uv": [0, 0, 1, 1], "texture": "#1"}
			}
		},
		{
			"from": [6.5625, 6.25114, 15.75],
			"to": [8.0625, 7.42302, 16],
			"rotation": {"angle": 45, "axis": "z", "origin": [6.75, 7.04802, 15.875]},
			"faces": {
				"north": {"uv": [0, 0, 1, 1], "texture": "#1"},
				"east": {"uv": [0, 0, 1, 1], "texture": "#1"},
				"south": {"uv": [11, 0, 12, 1], "texture": "#1"},
				"west": {"uv": [0, 0, 0.25, 1.17188], "texture": "#1"},
				"up": {"uv": [0, 0, 1, 1], "texture": "#1"},
				"down": {"uv": [0, 0, 1, 1], "texture": "#1"}
			}
		},
		{
			"from": [7.17188, 6.34489, 15.75],
			"to": [8.82813, 7.67302, 16],
			"faces": {
				"north": {"uv": [0, 0, 1, 1], "texture": "#1"},
				"east": {"uv": [0, 0, 1, 1], "rotation": 270, "texture": "#1"},
				"south": {"uv": [11, 0, 12, 1], "texture": "#1"},
				"west": {"uv": [0, 0, 1, 1], "rotation": 270, "texture": "#1"},
				"up": {"uv": [0, 0, 1, 1], "rotation": 270, "texture": "#1"},
				"down": {"uv": [0, 0, 0.25, 1.17188], "texture": "#1"}
			}
		},
		{
			"from": [6.35938, 7.17302, 15.75],
			"to": [7.6875, 8.79802, 16],
			"faces": {
				"north": {"uv": [0, 0, 1, 1], "texture": "#1"},
				"east": {"uv": [0, 0, 1, 1], "texture": "#1"},
				"south": {"uv": [11, 0, 12, 1], "texture": "#1"},
				"west": {"uv": [0, 0, 0.25, 1.625], "texture": "#1"},
				"up": {"uv": [0, 0, 1, 1], "texture": "#1"},
				"down": {"uv": [0, 0, 1, 1], "texture": "#1"}
			}
		},
		{
			"from": [6.5625, 8.54802, 15.75],
			"to": [8.0625, 9.71989, 16],
			"rotation": {"angle": -45, "axis": "z", "origin": [6.75, 8.92302, 15.875]},
			"faces": {
				"north": {"uv": [0, 0, 1, 1], "texture": "#1"},
				"east": {"uv": [0, 0, 1, 1], "texture": "#1"},
				"south": {"uv": [11, 0, 12, 1], "texture": "#1"},
				"west": {"uv": [0, 0, 0.25, 1.17188], "texture": "#1"},
				"up": {"uv": [0, 0, 1, 1], "texture": "#1"},
				"down": {"uv": [0, 0, 1, 1], "texture": "#1"}
			}
		},
		{
			"from": [7.1875, 8.29802, 15.75],
			"to": [8.8125, 9.62614, 16],
			"faces": {
				"north": {"uv": [0, 0, 1, 1], "texture": "#1"},
				"east": {"uv": [0, 0, 1, 1], "rotation": 270, "texture": "#1"},
				"south": {"uv": [11, 0, 12, 1], "texture": "#1"},
				"west": {"uv": [0, 0, 1, 1], "rotation": 270, "texture": "#1"},
				"up": {"uv": [0, 0, 0.25, 1.17188], "rotation": 90, "texture": "#1"},
				"down": {"uv": [0, 0, 1, 1], "rotation": 270, "texture": "#1"}
			}
		},
		{
			"from": [7.9375, 8.57927, 15.75],
			"to": [9.4375, 9.71989, 16],
			"rotation": {"angle": 45, "axis": "z", "origin": [9.25, 8.92302, 15.875]},
			"faces": {
				"north": {"uv": [0, 0, 1, 1], "texture": "#1"},
				"east": {"uv": [0, 0, 0.25, 1.17188], "texture": "#1"},
				"south": {"uv": [11, 0, 12, 1], "texture": "#1"},
				"west": {"uv": [0, 0, 1, 1], "texture": "#1"},
				"up": {"uv": [0, 0, 1, 1], "texture": "#1"},
				"down": {"uv": [0, 0, 1, 1], "texture": "#1"}
			}
		},
		{
			"from": [8.3125, 7.17302, 15.75],
			"to": [9.64063, 8.79802, 16],
			"faces": {
				"north": {"uv": [0, 0, 1, 1], "texture": "#1"},
				"east": {"uv": [0, 0, 0.25, 1.17188], "texture": "#1"},
				"south": {"uv": [11, 0, 12, 1], "texture": "#1"},
				"west": {"uv": [0, 0, 1, 1], "texture": "#1"},
				"up": {"uv": [0, 0, 1, 1], "texture": "#1"},
				"down": {"uv": [0, 0, 1, 1], "texture": "#1"}
			}
		},
		{
			"from": [7.9375, 6.23552, 15.75],
			"to": [9.4375, 7.42302, 16],
			"rotation": {"angle": -45, "axis": "z", "origin": [9.25, 7.04802, 15.875]},
			"faces": {
				"north": {"uv": [0, 0, 1, 1], "texture": "#1"},
				"east": {"uv": [0, 0, 0.25, 1.17188], "texture": "#1"},
				"south": {"uv": [11, 0, 12, 1], "texture": "#1"},
				"west": {"uv": [0, 0, 1, 1], "texture": "#1"},
				"up": {"uv": [0, 0, 1, 1], "texture": "#1"},
				"down": {"uv": [0, 0, 1, 1], "texture": "#1"}
			}
		},
		{
			"from": [8.4375, 6.42302, 17],
			"to": [8.875, 7.29802, 21.25],
			"rotation": {"angle": -45, "axis": "z", "origin": [9.25, 7.04802, 17.125]},
			"faces": {
				"north": {"uv": [0, 0, 0.25, 1.17188], "texture": "#1"},
				"east": {"uv": [2, 0, 6.25, 0.73438], "texture": "#1"},
				"south": {"uv": [11, 0, 12, 1], "texture": "#1"},
				"west": {"uv": [0, 0, 0.25, 1.17188], "texture": "#1"},
				"up": {"uv": [0, 0, 0.25, 1.17188], "texture": "#1"},
				"down": {"uv": [0, 0, 0.25, 1.17188], "texture": "#1"}
			}
		},
		{
			"from": [8.5625, 7.48552, 17],
			"to": [9.17188, 8.48552, 21.25],
			"faces": {
				"north": {"uv": [0, 0, 0.25, 1.17188], "texture": "#1"},
				"east": {"uv": [2, 0, 6.25, 1], "texture": "#1"},
				"south": {"uv": [11, 0, 12, 1], "texture": "#1"},
				"west": {"uv": [0, 0, 0.25, 1.17188], "texture": "#1"},
				"up": {"uv": [0, 0, 0.25, 1.17188], "texture": "#1"},
				"down": {"uv": [0, 0, 0.25, 1.17188], "texture": "#1"}
			}
		},
		{
			"from": [8.4375, 8.67302, 17],
			"to": [8.89063, 9.53239, 21.25],
			"rotation": {"angle": 45, "axis": "z", "origin": [9.25, 8.92302, 17.125]},
			"faces": {
				"north": {"uv": [0, 0, 0.25, 1.17188], "texture": "#1"},
				"east": {"uv": [2, 0, 6.25, 0.73438], "texture": "#1"},
				"south": {"uv": [11, 0, 12, 1], "texture": "#1"},
				"west": {"uv": [0, 0, 0.25, 1.17188], "texture": "#1"},
				"up": {"uv": [0, 0, 0.25, 1.17188], "texture": "#1"},
				"down": {"uv": [0, 0, 0.25, 1.17188], "texture": "#1"}
			}
		},
		{
			"from": [7.4375, 8.54802, 17],
			"to": [8.5625, 9.09489, 21.25],
			"faces": {
				"north": {"uv": [0, 0, 0.25, 1.17188], "texture": "#1"},
				"east": {"uv": [0, 0, 0.25, 1.17188], "rotation": 270, "texture": "#1"},
				"south": {"uv": [11, 0, 12, 1], "texture": "#1"},
				"west": {"uv": [0, 0, 0.25, 1.17188], "texture": "#1"},
				"up": {"uv": [2, 0, 6.25, 1], "rotation": 90, "texture": "#1"},
				"down": {"uv": [0, 0, 0.25, 1.17188], "rotation": 270, "texture": "#1"}
			}
		},
		{
			"from": [7.10938, 8.67302, 17],
			"to": [7.5625, 9.53239, 21.25],
			"rotation": {"angle": -45, "axis": "z", "origin": [6.75, 8.92302, 17.125]},
			"faces": {
				"north": {"uv": [0.25, 0, 0, 1.17188], "texture": "#1"},
				"east": {"uv": [0.25, 0, 0, 1.17188], "texture": "#1"},
				"south": {"uv": [11, 0, 12, 1], "texture": "#1"},
				"west": {"uv": [2, 0, 6.25, 0.73438], "texture": "#1"},
				"up": {"uv": [0.25, 0, 0, 1.17188], "texture": "#1"},
				"down": {"uv": [0.25, 0, 0, 1.17188], "texture": "#1"}
			}
		},
		{
			"from": [6.82813, 7.50114, 17],
			"to": [7.6875, 8.50114, 21.25],
			"faces": {
				"north": {"uv": [0.25, 0, 0, 1.17188], "texture": "#1"},
				"east": {"uv": [0.25, 0, 0, 1.17188], "texture": "#1"},
				"south": {"uv": [11, 0, 12, 1], "texture": "#1"},
				"west": {"uv": [2, 0, 6.25, 1], "texture": "#1"},
				"up": {"uv": [0.25, 0, 0, 1.17188], "texture": "#1"},
				"down": {"uv": [0.25, 0, 0, 1.17188], "texture": "#1"}
			}
		},
		{
			"from": [7.125, 6.42302, 17],
			"to": [7.5625, 7.29802, 21.25],
			"rotation": {"angle": 45, "axis": "z", "origin": [6.75, 7.04802, 17.125]},
			"faces": {
				"north": {"uv": [0.25, 0, 0, 1.17188], "texture": "#1"},
				"east": {"uv": [0.25, 0, 0, 1.17188], "texture": "#1"},
				"south": {"uv": [11, 0, 12, 1], "texture": "#1"},
				"west": {"uv": [2, 0, 6.25, 0.73438], "texture": "#1"},
				"up": {"uv": [0.25, 0, 0, 1.17188], "texture": "#1"},
				"down": {"uv": [0.25, 0, 0, 1.17188], "texture": "#1"}
			}
		},
		{
			"from": [7.45313, 6.87614, 17],
			"to": [8.54688, 7.42302, 21.25],
			"faces": {
				"north": {"uv": [0, 0, 0.25, 1.17188], "texture": "#1"},
				"east": {"uv": [0, 0, 0.25, 1.17188], "rotation": 270, "texture": "#1"},
				"south": {"uv": [11, 0, 12, 1], "texture": "#1"},
				"west": {"uv": [0, 0, 0.25, 1.17188], "texture": "#1"},
				"up": {"uv": [2, 0, 6.25, 1.5], "rotation": 90, "texture": "#1"},
				"down": {"uv": [2, 0, 6.25, 1], "rotation": 90, "texture": "#1"}
			}
		},
		{
			"from": [7.10938, 8.67302, 17],
			"to": [7.5625, 9.53239, 21.25],
			"rotation": {"angle": -45, "axis": "z", "origin": [6.75, 8.92302, 17.125]},
			"faces": {
				"north": {"uv": [0.25, 0, 0, 1.17188], "texture": "#1"},
				"east": {"uv": [0.25, 0, 0, 1.17188], "texture": "#1"},
				"south": {"uv": [11, 0, 12, 1], "texture": "#1"},
				"west": {"uv": [5.25, 0, 2, 1.1875], "texture": "#1"},
				"up": {"uv": [0.25, 0, 0, 1.17188], "texture": "#1"},
				"down": {"uv": [0.25, 0, 0, 1.17188], "texture": "#1"}
			}
		},
		{
			"from": [6.67188, 7.23552, 16],
			"to": [7.375, 8.73552, 17],
			"faces": {
				"north": {"uv": [0, 0, 0.25, 1.17188], "texture": "#1"},
				"east": {"uv": [0, 0, 0.25, 1.17188], "texture": "#1"},
				"south": {"uv": [11, 0, 12, 1], "texture": "#1"},
				"west": {"uv": [3, 0, 4, 1.5], "texture": "#1"},
				"up": {"uv": [0, 0, 0.25, 1.17188], "texture": "#1"},
				"down": {"uv": [0, 0, 0.25, 1.17188], "texture": "#1"}
			}
		},
		{
			"from": [6.71875, 6.31364, 16],
			"to": [7.9375, 7.34489, 17],
			"rotation": {"angle": 45, "axis": "z", "origin": [6.75, 7.04802, 16.125]},
			"faces": {
				"north": {"uv": [0, 0, 0.25, 1.17188], "texture": "#1"},
				"east": {"uv": [0, 0, 0.25, 1.17188], "texture": "#1"},
				"south": {"uv": [11, 0, 12, 1], "texture": "#1"},
				"west": {"uv": [3, 0, 4, 1.1875], "texture": "#1"},
				"up": {"uv": [0, 0, 0.25, 1.17188], "texture": "#1"},
				"down": {"uv": [0, 0, 0.25, 1.17188], "texture": "#1"}
			}
		},
		{
			"from": [7.23438, 6.65739, 16],
			"to": [8.76563, 7.36052, 17],
			"faces": {
				"north": {"uv": [0, 0, 0.25, 1.17188], "texture": "#1"},
				"east": {"uv": [0, 0, 0.25, 1.17188], "rotation": 270, "texture": "#1"},
				"south": {"uv": [11, 0, 12, 1], "texture": "#1"},
				"west": {"uv": [0, 0, 0.25, 1.17188], "texture": "#1"},
				"up": {"uv": [0, 0, 0.25, 1.17188], "rotation": 270, "texture": "#1"},
				"down": {"uv": [3, 0, 4, 1.5], "rotation": 90, "texture": "#1"}
			}
		},
		{
			"from": [8.0625, 6.29802, 16],
			"to": [9.28125, 7.36052, 17],
			"rotation": {"angle": -45, "axis": "z", "origin": [9.25, 7.04802, 16.125]},
			"faces": {
				"north": {"uv": [0, 0, 0.25, 1.17188], "texture": "#1"},
				"east": {"uv": [3, 0, 4, 1.1875], "texture": "#1"},
				"south": {"uv": [11, 0, 12, 1], "texture": "#1"},
				"west": {"uv": [0, 0, 0.25, 1.17188], "texture": "#1"},
				"up": {"uv": [0, 0, 0.25, 1.17188], "texture": "#1"},
				"down": {"uv": [0, 0, 0.25, 1.17188], "texture": "#1"}
			}
		},
		{
			"from": [8.625, 7.23552, 16],
			"to": [9.32813, 8.73552, 17],
			"faces": {
				"north": {"uv": [0, 0, 0.25, 1.17188], "texture": "#1"},
				"east": {"uv": [3, 0, 4, 1.5], "texture": "#1"},
				"south": {"uv": [11, 0, 12, 1], "texture": "#1"},
				"west": {"uv": [0, 0, 0.25, 1.17188], "texture": "#1"},
				"up": {"uv": [0, 0, 0.25, 1.17188], "texture": "#1"},
				"down": {"uv": [0, 0, 0.25, 1.17188], "texture": "#1"}
			}
		},
		{
			"from": [8.0625, 8.62614, 16],
			"to": [9.28125, 9.65739, 17],
			"rotation": {"angle": 45, "axis": "z", "origin": [9.25, 8.92302, 16.125]},
			"faces": {
				"north": {"uv": [0, 0, 0.25, 1.17188], "texture": "#1"},
				"east": {"uv": [3, 0, 4, 1.1875], "texture": "#1"},
				"south": {"uv": [11, 0, 12, 1], "texture": "#1"},
				"west": {"uv": [0, 0, 0.25, 1.17188], "texture": "#1"},
				"up": {"uv": [0, 0, 0.25, 1.17188], "texture": "#1"},
				"down": {"uv": [0, 0, 0.25, 1.17188], "texture": "#1"}
			}
		},
		{
			"from": [7.25, 8.61052, 16],
			"to": [8.75, 9.31364, 17],
			"faces": {
				"north": {"uv": [0, 0, 0.25, 1.17188], "texture": "#1"},
				"east": {"uv": [0, 0, 0.25, 1.17188], "rotation": 270, "texture": "#1"},
				"south": {"uv": [11, 0, 12, 1], "texture": "#1"},
				"west": {"uv": [0, 0, 0.25, 1.17188], "texture": "#1"},
				"up": {"uv": [3, 0, 4, 1.5], "rotation": 90, "texture": "#1"},
				"down": {"uv": [0, 0, 0.25, 1.17188], "rotation": 270, "texture": "#1"}
			}
		},
		{
			"from": [6.71875, 8.61052, 16],
			"to": [7.9375, 9.67302, 17],
			"rotation": {"angle": -45, "axis": "z", "origin": [6.75, 8.92302, 16.125]},
			"faces": {
				"north": {"uv": [0, 0, 0.25, 1.17188], "texture": "#1"},
				"east": {"uv": [0, 0, 0.25, 1.17188], "texture": "#1"},
				"south": {"uv": [11, 0, 12, 1], "texture": "#1"},
				"west": {"uv": [3, 0, 4, 1.1875], "texture": "#1"},
				"up": {"uv": [0, 0, 0.25, 1.17188], "texture": "#1"},
				"down": {"uv": [0, 0, 0.25, 1.17188], "texture": "#1"}
			}
		},
		{
			"from": [5.22869, 9.36307, 15.125],
			"to": [5.47869, 9.61307, 16.125],
			"rotation": {"angle": -22.5, "axis": "z", "origin": [6.65056, 9.33182, 16.5]},
			"faces": {
				"north": {"uv": [0, 0, 0.25, 1.17188], "texture": "#1"},
				"east": {"uv": [0, 0, 0.25, 1.17188], "rotation": 180, "texture": "#1"},
				"south": {"uv": [11, 0, 12, 1], "texture": "#1"},
				"west": {"uv": [2.25, 4.75, 3.25, 5.9375], "rotation": 180, "texture": "#1"},
				"up": {"uv": [0, 0, 0.25, 1.17188], "rotation": 180, "texture": "#1"},
				"down": {"uv": [0, 0, 0.25, 1.17188], "rotation": 180, "texture": "#1"}
			}
		},
		{
			"from": [5.10369, 9.23807, 15.625],
			"to": [5.60369, 9.73807, 16.4375],
			"rotation": {"angle": -22.5, "axis": "z", "origin": [6.65056, 9.33182, 16.5]},
			"faces": {
				"north": {"uv": [0, 0, 0.25, 1.17188], "texture": "#1"},
				"east": {"uv": [0, 0, 0.25, 1.17188], "rotation": 180, "texture": "#1"},
				"south": {"uv": [11, 0, 12, 1], "texture": "#1"},
				"west": {"uv": [5.25, 5, 6.25, 6.1875], "rotation": 180, "texture": "#1"},
				"up": {"uv": [0, 0, 0.25, 1.17188], "rotation": 180, "texture": "#1"},
				"down": {"uv": [0, 0, 0.25, 1.17188], "rotation": 180, "texture": "#1"}
			}
		},
		{
			"from": [5.1372, 9.59746, 16.4375],
			"to": [5.8872, 10.34746, 16.6875],
			"rotation": {"angle": -22.5, "axis": "z", "origin": [5.5122, 9.97246, 16.5625]},
			"faces": {
				"north": {"uv": [0, 0, 0.25, 1.17188], "texture": "#1"},
				"east": {"uv": [0, 0, 0.25, 1.17188], "texture": "#1"},
				"south": {"uv": [3.75, 6.25, 4.75, 7.25], "texture": "#1"},
				"west": {"uv": [5.25, 5, 6.25, 6.1875], "texture": "#1"},
				"up": {"uv": [0, 0, 0.25, 1.17188], "texture": "#1"},
				"down": {"uv": [6, 8, 6.25, 9.17188], "texture": "#1"}
			}
		},
		{
			"from": [5.8872, 9.65996, 16.4375],
			"to": [7.3872, 10.09746, 16.6875],
			"rotation": {"angle": -22.5, "axis": "z", "origin": [5.5122, 9.97246, 16.5625]},
			"faces": {
				"north": {"uv": [0, 0, 0.25, 1.17188], "texture": "#1"},
				"east": {"uv": [0, 0, 0.25, 1.17188], "texture": "#1"},
				"south": {"uv": [3.75, 6.25, 4.75, 7.25], "texture": "#1"},
				"west": {"uv": [5.25, 5, 6.25, 6.1875], "texture": "#1"},
				"up": {"uv": [0, 0, 0.25, 1.17188], "texture": "#1"},
				"down": {"uv": [6, 8, 6.25, 9.17188], "texture": "#1"}
			}
		},
		{
			"from": [8.6128, 9.65996, 16.4375],
			"to": [10.1128, 10.09746, 16.6875],
			"rotation": {"angle": 22.5, "axis": "z", "origin": [10.4878, 9.97246, 16.5625]},
			"faces": {
				"north": {"uv": [0.25, 0, 0, 1.17188], "texture": "#1"},
				"east": {"uv": [6.25, 5, 5.25, 6.1875], "texture": "#1"},
				"south": {"uv": [4.75, 6.25, 3.75, 7.25], "texture": "#1"},
				"west": {"uv": [0.25, 0, 0, 1.17188], "texture": "#1"},
				"up": {"uv": [0.25, 0, 0, 1.17188], "texture": "#1"},
				"down": {"uv": [6.25, 8, 6, 9.17188], "texture": "#1"}
			}
		},
		{
			"from": [10.1128, 9.59746, 16.4375],
			"to": [10.8628, 10.34746, 16.6875],
			"rotation": {"angle": 22.5, "axis": "z", "origin": [10.4878, 9.97246, 16.5625]},
			"faces": {
				"north": {"uv": [0.25, 0, 0, 1.17188], "texture": "#1"},
				"east": {"uv": [6.25, 5, 5.25, 6.1875], "texture": "#1"},
				"south": {"uv": [4.75, 6.25, 3.75, 7.25], "texture": "#1"},
				"west": {"uv": [0.25, 0, 0, 1.17188], "texture": "#1"},
				"up": {"uv": [0.25, 0, 0, 1.17188], "texture": "#1"},
				"down": {"uv": [6.25, 8, 6, 9.17188], "texture": "#1"}
			}
		},
		{
			"from": [10.39631, 9.23807, 15.625],
			"to": [10.89631, 9.73807, 16.4375],
			"rotation": {"angle": 22.5, "axis": "z", "origin": [9.34944, 9.33182, 16.5]},
			"faces": {
				"north": {"uv": [0.25, 0, 0, 1.17188], "texture": "#1"},
				"east": {"uv": [6.25, 5, 5.25, 6.1875], "rotation": 180, "texture": "#1"},
				"south": {"uv": [12, 0, 11, 1], "texture": "#1"},
				"west": {"uv": [0.25, 0, 0, 1.17188], "rotation": 180, "texture": "#1"},
				"up": {"uv": [0.25, 0, 0, 1.17188], "rotation": 180, "texture": "#1"},
				"down": {"uv": [0.25, 0, 0, 1.17188], "rotation": 180, "texture": "#1"}
			}
		},
		{
			"from": [10.52131, 9.36307, 15.125],
			"to": [10.77131, 9.61307, 16.125],
			"rotation": {"angle": 22.5, "axis": "z", "origin": [9.34944, 9.33182, 16.5]},
			"faces": {
				"north": {"uv": [0.25, 0, 0, 1.17188], "texture": "#1"},
				"east": {"uv": [3.25, 4.75, 2.25, 5.9375], "rotation": 180, "texture": "#1"},
				"south": {"uv": [12, 0, 11, 1], "texture": "#1"},
				"west": {"uv": [0.25, 0, 0, 1.17188], "rotation": 180, "texture": "#1"},
				"up": {"uv": [0.25, 0, 0, 1.17188], "rotation": 180, "texture": "#1"},
				"down": {"uv": [0.25, 0, 0, 1.17188], "rotation": 180, "texture": "#1"}
			}
		},
		{
			"from": [3.3247, 6.59746, 16.5],
			"to": [4.8247, 7.03496, 16.875],
			"rotation": {"angle": 45, "axis": "z", "origin": [5.5122, 9.97246, 16.5625]},
			"faces": {
				"north": {"uv": [0, 0, 0.25, 1.17188], "texture": "#1"},
				"east": {"uv": [0, 0, 0.25, 1.17188], "texture": "#1"},
				"south": {"uv": [3.75, 6.25, 4.75, 7.25], "texture": "#1"},
				"west": {"uv": [5.25, 5, 6.25, 6.1875], "texture": "#1"},
				"up": {"uv": [0, 0, 0.25, 1.17188], "texture": "#1"},
				"down": {"uv": [6, 8, 6.25, 9.17188], "texture": "#1"}
			}
		},
		{
			"from": [7.75, 7.75, 21.125],
			"to": [8.25, 8.25, 22.125],
			"faces": {
				"north": {"uv": [0, 0, 0.5, 0.5], "texture": "#missing"},
				"east": {"uv": [4, 0, 5, 0.5], "texture": "#1"},
				"south": {"uv": [4, 0, 4.5, 0.5], "texture": "#1"},
				"west": {"uv": [4, 0, 5, 0.5], "texture": "#1"},
				"up": {"uv": [4, 0, 5, 0.5], "rotation": 90, "texture": "#1"},
				"down": {"uv": [4, 0, 5, 0.5], "rotation": 90, "texture": "#1"}
			}
		},
		{
			"from": [7.875, 7.875, 22.125],
			"to": [8.125, 8.125, 24.625],
			"faces": {
				"north": {"uv": [0, 0, 0.5, 0.5], "texture": "#missing"},
				"east": {"uv": [8, 0, 8.25, 2.5], "rotation": 90, "texture": "#1"},
				"south": {"uv": [8, 0, 8.25, 0.25], "rotation": 90, "texture": "#1"},
				"west": {"uv": [8, 0, 8.25, 2.5], "rotation": 90, "texture": "#1"},
				"up": {"uv": [8, 0, 8.25, 2.5], "texture": "#1"},
				"down": {"uv": [8, 0, 8.25, 2.5], "texture": "#1"}
			}
		},
		{
			"from": [7.67188, 7.375, 23.875],
			"to": [8.32813, 9, 24.125],
			"faces": {
				"north": {"uv": [4, 0, 4.5, 0.5], "texture": "#1"},
				"east": {"uv": [4, 0, 5, 0.5], "texture": "#1"},
				"south": {"uv": [3, 3, 3.75, 4.75], "texture": "#1"},
				"west": {"uv": [0, 0, 0.25, 1.75], "texture": "#1"},
				"up": {"uv": [4, 0, 5, 0.5], "rotation": 90, "texture": "#1"},
				"down": {"uv": [4, 0, 5, 0.5], "rotation": 90, "texture": "#1"}
			}
		},
		{
			"from": [7.625, 9, 21.625],
			"to": [8.375, 9.25, 24.625],
			"faces": {
				"north": {"uv": [0, 0, 0.75, 0.25], "texture": "#1"},
				"east": {"uv": [0, 0, 3.25, 0.25], "texture": "#1"},
				"south": {"uv": [0, 0, 0.75, 0.25], "texture": "#1"},
				"west": {"uv": [0, 2.75, 3.25, 3], "texture": "#1"},
				"up": {"uv": [0, 3.75, 0.75, 7], "texture": "#1"},
				"down": {"uv": [0, 0, 0.75, 3.25], "rotation": 180, "texture": "#1"}
			}
		},
		{
			"from": [7.375, 7.23552, -4.75],
			"to": [8.82813, 8.73552, -4.5],
			"faces": {
				"north": {"uv": [11.75, 11.25, 12, 11.5], "texture": "#1"},
				"east": {"uv": [0, 0, 1, 1], "texture": "#1"},
				"south": {"uv": [11.75, 11.25, 12, 11.5], "texture": "#1"},
				"west": {"uv": [0, 0, 1, 1], "texture": "#1"},
				"up": {"uv": [0, 0, 1, 1], "texture": "#1"},
				"down": {"uv": [0, 0, 1, 1], "texture": "#1"}
			}
		},
		{
			"from": [7, 6.25114, -4.75],
			"to": [7.75, 7.40739, -4.5],
			"rotation": {"angle": 45, "axis": "z", "origin": [6.75, 7.04802, -4.625]},
			"faces": {
				"north": {"uv": [11.75, 11.25, 12, 11.5], "texture": "#1"},
				"east": {"uv": [0, 0, 1, 1], "texture": "#1"},
				"south": {"uv": [11.75, 11.25, 12, 11.5], "texture": "#1"},
				"west": {"uv": [15, 10.75, 15.25, 11.75], "texture": "#1"},
				"up": {"uv": [0, 0, 1, 1], "texture": "#1"},
				"down": {"uv": [0, 0, 1, 1], "texture": "#1"}
			}
		},
		{
			"from": [7.48438, 6.65739, -4.75],
			"to": [8.51563, 7.36052, -4.5],
			"faces": {
				"north": {"uv": [11.75, 11.25, 12, 11.5], "texture": "#1"},
				"east": {"uv": [0, 0, 1, 1], "rotation": 270, "texture": "#1"},
				"south": {"uv": [11.75, 11.25, 12, 11.5], "texture": "#1"},
				"west": {"uv": [0, 0, 1, 1], "rotation": 270, "texture": "#1"},
				"up": {"uv": [0, 0, 1, 1], "rotation": 270, "texture": "#1"},
				"down": {"uv": [15, 12.5, 15.25, 13.5], "rotation": 90, "texture": "#1"}
			}
		},
		{
			"from": [6.67188, 7.48552, -4.75],
			"to": [7.375, 8.48552, -4.5],
			"faces": {
				"north": {"uv": [11.75, 11.25, 12, 11.5], "texture": "#1"},
				"east": {"uv": [0, 0, 1, 1], "texture": "#1"},
				"south": {"uv": [11.75, 11.25, 12, 11.5], "texture": "#1"},
				"west": {"uv": [10, 11, 10.25, 12], "texture": "#1"},
				"up": {"uv": [0, 0, 1, 1], "texture": "#1"},
				"down": {"uv": [0, 0, 1, 1], "texture": "#1"}
			}
		},
		{
			"from": [7, 8.56364, -4.75],
			"to": [7.75, 9.71989, -4.5],
			"rotation": {"angle": -45, "axis": "z", "origin": [6.75, 8.92302, -4.625]},
			"faces": {
				"north": {"uv": [11.75, 11.25, 12, 11.5], "texture": "#1"},
				"east": {"uv": [0, 0, 1, 1], "texture": "#1"},
				"south": {"uv": [11.75, 11.25, 12, 11.5], "texture": "#1"},
				"west": {"uv": [14.5, 12.75, 14.75, 13.75], "texture": "#1"},
				"up": {"uv": [0, 0, 1, 1], "texture": "#1"},
				"down": {"uv": [0, 0, 1, 1], "texture": "#1"}
			}
		},
		{
			"from": [7.5, 8.61052, -4.75],
			"to": [8.5, 9.31364, -4.5],
			"faces": {
				"north": {"uv": [11.75, 11.25, 12, 11.5], "texture": "#1"},
				"east": {"uv": [0, 0, 1, 1], "rotation": 270, "texture": "#1"},
				"south": {"uv": [11.75, 11.25, 12, 11.5], "texture": "#1"},
				"west": {"uv": [0, 0, 1, 1], "rotation": 270, "texture": "#1"},
				"up": {"uv": [12.5, 12.5, 12.75, 13.5], "rotation": 90, "texture": "#1"},
				"down": {"uv": [0, 0, 1, 1], "rotation": 270, "texture": "#1"}
			}
		},
		{
			"from": [8.25, 8.56364, -4.75],
			"to": [9, 9.71989, -4.5],
			"rotation": {"angle": 45, "axis": "z", "origin": [9.25, 8.92302, -4.625]},
			"faces": {
				"north": {"uv": [11.75, 11.25, 12, 11.5], "texture": "#1"},
				"east": {"uv": [15.25, 13.5, 15.5, 14.5], "texture": "#1"},
				"south": {"uv": [11.75, 11.25, 12, 11.5], "texture": "#1"},
				"west": {"uv": [0, 0, 1, 1], "texture": "#1"},
				"up": {"uv": [0, 0, 1, 1], "texture": "#1"},
				"down": {"uv": [0, 0, 1, 1], "texture": "#1"}
			}
		},
		{
			"from": [8.625, 7.48552, -4.75],
			"to": [9.32813, 8.48552, -4.5],
			"faces": {
				"north": {"uv": [11.75, 11.25, 12, 11.5], "texture": "#1"},
				"east": {"uv": [12.75, 10.75, 13, 11.75], "texture": "#1"},
				"south": {"uv": [11.75, 11.25, 12, 11.5], "texture": "#1"},
				"west": {"uv": [0, 0, 1, 1], "texture": "#1"},
				"up": {"uv": [0, 0, 1, 1], "texture": "#1"},
				"down": {"uv": [0, 0, 1, 1], "texture": "#1"}
			}
		},
		{
			"from": [8.25, 6.25114, -4.75],
			"to": [9, 7.40739, -4.5],
			"rotation": {"angle": -45, "axis": "z", "origin": [9.25, 7.04802, -4.625]},
			"faces": {
				"north": {"uv": [11.75, 11.25, 12, 11.5], "texture": "#1"},
				"east": {"uv": [11, 9.5, 11.25, 10.5], "texture": "#1"},
				"south": {"uv": [11.75, 11.25, 12, 11.5], "texture": "#1"},
				"west": {"uv": [0, 0, 1, 1], "texture": "#1"},
				"up": {"uv": [0, 0, 1, 1], "texture": "#1"},
				"down": {"uv": [0, 0, 1, 1], "texture": "#1"}
			}
		},
		{
			"from": [7.375, 7.23552, -3],
			"to": [8.82813, 8.73552, -2.75],
			"faces": {
				"north": {"uv": [11.75, 11.25, 12, 11.5], "texture": "#1"},
				"east": {"uv": [0, 0, 1, 1], "texture": "#1"},
				"south": {"uv": [11.75, 11.25, 12, 11.5], "texture": "#1"},
				"west": {"uv": [0, 0, 1, 1], "texture": "#1"},
				"up": {"uv": [0, 0, 1, 1], "texture": "#1"},
				"down": {"uv": [0, 0, 1, 1], "texture": "#1"}
			}
		},
		{
			"from": [7, 6.25114, -3],
			"to": [7.75, 7.40739, -2.75],
			"rotation": {"angle": 45, "axis": "z", "origin": [6.75, 7.04802, -2.875]},
			"faces": {
				"north": {"uv": [11.75, 11.25, 12, 11.5], "texture": "#1"},
				"east": {"uv": [0, 0, 1, 1], "texture": "#1"},
				"south": {"uv": [11.75, 11.25, 12, 11.5], "texture": "#1"},
				"west": {"uv": [15, 10.75, 15.25, 11.75], "texture": "#1"},
				"up": {"uv": [0, 0, 1, 1], "texture": "#1"},
				"down": {"uv": [0, 0, 1, 1], "texture": "#1"}
			}
		},
		{
			"from": [7.48438, 6.65739, -3],
			"to": [8.51563, 7.36052, -2.75],
			"faces": {
				"north": {"uv": [11.75, 11.25, 12, 11.5], "texture": "#1"},
				"east": {"uv": [0, 0, 1, 1], "rotation": 270, "texture": "#1"},
				"south": {"uv": [11.75, 11.25, 12, 11.5], "texture": "#1"},
				"west": {"uv": [0, 0, 1, 1], "rotation": 270, "texture": "#1"},
				"up": {"uv": [0, 0, 1, 1], "rotation": 270, "texture": "#1"},
				"down": {"uv": [15, 12.5, 15.25, 13.5], "rotation": 90, "texture": "#1"}
			}
		},
		{
			"from": [6.67188, 7.48552, -3],
			"to": [7.375, 8.48552, -2.75],
			"faces": {
				"north": {"uv": [11.75, 11.25, 12, 11.5], "texture": "#1"},
				"east": {"uv": [0, 0, 1, 1], "texture": "#1"},
				"south": {"uv": [11.75, 11.25, 12, 11.5], "texture": "#1"},
				"west": {"uv": [10, 11, 10.25, 12], "texture": "#1"},
				"up": {"uv": [0, 0, 1, 1], "texture": "#1"},
				"down": {"uv": [0, 0, 1, 1], "texture": "#1"}
			}
		},
		{
			"from": [7, 8.56364, -3],
			"to": [7.75, 9.71989, -2.75],
			"rotation": {"angle": -45, "axis": "z", "origin": [6.75, 8.92302, -2.875]},
			"faces": {
				"north": {"uv": [11.75, 11.25, 12, 11.5], "texture": "#1"},
				"east": {"uv": [0, 0, 1, 1], "texture": "#1"},
				"south": {"uv": [11.75, 11.25, 12, 11.5], "texture": "#1"},
				"west": {"uv": [14.5, 12.75, 14.75, 13.75], "texture": "#1"},
				"up": {"uv": [0, 0, 1, 1], "texture": "#1"},
				"down": {"uv": [0, 0, 1, 1], "texture": "#1"}
			}
		},
		{
			"from": [7.5, 8.61052, -3],
			"to": [8.5, 9.31364, -2.75],
			"faces": {
				"north": {"uv": [11.75, 11.25, 12, 11.5], "texture": "#1"},
				"east": {"uv": [0, 0, 1, 1], "rotation": 270, "texture": "#1"},
				"south": {"uv": [11.75, 11.25, 12, 11.5], "texture": "#1"},
				"west": {"uv": [0, 0, 1, 1], "rotation": 270, "texture": "#1"},
				"up": {"uv": [12.5, 12.5, 12.75, 13.5], "rotation": 90, "texture": "#1"},
				"down": {"uv": [0, 0, 1, 1], "rotation": 270, "texture": "#1"}
			}
		},
		{
			"from": [8.25, 8.56364, -3],
			"to": [9, 9.71989, -2.75],
			"rotation": {"angle": 45, "axis": "z", "origin": [9.25, 8.92302, -2.875]},
			"faces": {
				"north": {"uv": [11.75, 11.25, 12, 11.5], "texture": "#1"},
				"east": {"uv": [15.25, 13.5, 15.5, 14.5], "texture": "#1"},
				"south": {"uv": [11.75, 11.25, 12, 11.5], "texture": "#1"},
				"west": {"uv": [0, 0, 1, 1], "texture": "#1"},
				"up": {"uv": [0, 0, 1, 1], "texture": "#1"},
				"down": {"uv": [0, 0, 1, 1], "texture": "#1"}
			}
		},
		{
			"from": [8.625, 7.48552, -3],
			"to": [9.32813, 8.48552, -2.75],
			"faces": {
				"north": {"uv": [11.75, 11.25, 12, 11.5], "texture": "#1"},
				"east": {"uv": [12.75, 10.75, 13, 11.75], "texture": "#1"},
				"south": {"uv": [11.75, 11.25, 12, 11.5], "texture": "#1"},
				"west": {"uv": [0, 0, 1, 1], "texture": "#1"},
				"up": {"uv": [0, 0, 1, 1], "texture": "#1"},
				"down": {"uv": [0, 0, 1, 1], "texture": "#1"}
			}
		},
		{
			"from": [8.25, 6.25114, -3],
			"to": [9, 7.40739, -2.75],
			"rotation": {"angle": -45, "axis": "z", "origin": [9.25, 7.04802, -2.875]},
			"faces": {
				"north": {"uv": [11.75, 11.25, 12, 11.5], "texture": "#1"},
				"east": {"uv": [11, 9.5, 11.25, 10.5], "texture": "#1"},
				"south": {"uv": [11.75, 11.25, 12, 11.5], "texture": "#1"},
				"west": {"uv": [0, 0, 1, 1], "texture": "#1"},
				"up": {"uv": [0, 0, 1, 1], "texture": "#1"},
				"down": {"uv": [0, 0, 1, 1], "texture": "#1"}
			}
		},
		{
			"from": [7.625, 9, 21.40625],
			"to": [8.375, 10.4375, 21.625],
			"rotation": {"angle": -22.5, "axis": "x", "origin": [8, 9.625, 21.5]},
			"faces": {
				"north": {"uv": [0, 0, 0.75, 0.8125], "texture": "#1"},
				"east": {"uv": [0, 0, 0.21875, 0.8125], "texture": "#1"},
				"south": {"uv": [0, 0, 0.75, 0.8125], "texture": "#1"},
				"west": {"uv": [0, 0, 0.21875, 0.8125], "texture": "#1"},
				"up": {"uv": [4, 0, 5, 0.5], "rotation": 90, "texture": "#1"},
				"down": {"uv": [4, 0, 5, 0.5], "rotation": 90, "texture": "#1"}
			}
		},
		{
			"from": [7.625, 10.25, 19.875],
			"to": [8.375, 10.5, 21.375],
			"faces": {
				"north": {"uv": [0, 0, 0.75, 0.25], "texture": "#1"},
				"east": {"uv": [0, 0, 3.25, 0.25], "texture": "#1"},
				"south": {"uv": [0, 0, 0.75, 0.25], "texture": "#1"},
				"west": {"uv": [0, 2.75, 3.25, 3], "texture": "#1"},
				"up": {"uv": [0, 3.75, 0.75, 7], "texture": "#1"},
				"down": {"uv": [0, 0, 0.75, 3.25], "rotation": 180, "texture": "#1"}
			}
		},
		{
			"from": [7.9375, 10.28125, 14.125],
			"to": [8.4375, 10.48438, 20.125],
			"rotation": {"angle": 22.5, "axis": "y", "origin": [8, 10.375, 20.75]},
			"faces": {
				"north": {"uv": [0, 0, 0.5, 0.25], "texture": "#1"},
				"east": {"uv": [0, 0, 1.75, 0.25], "texture": "#1"},
				"south": {"uv": [0, 0, 0.75, 0.25], "texture": "#1"},
				"west": {"uv": [0, 0, 1.75, 0.25], "texture": "#1"},
				"up": {"uv": [0, 0, 0.5, 1.75], "texture": "#1"},
				"down": {"uv": [0, 0, 0.5, 1.75], "rotation": 180, "texture": "#1"}
			}
		},
		{
			"from": [7.5625, 10.28125, 14.125],
			"to": [8.0625, 10.48438, 20.125],
			"rotation": {"angle": -22.5, "axis": "y", "origin": [8, 10.375, 20.75]},
			"faces": {
				"north": {"uv": [0.5, 0, 0, 0.25], "texture": "#1"},
				"east": {"uv": [1.75, 0, 0, 0.25], "texture": "#1"},
				"south": {"uv": [0.75, 0, 0, 0.25], "texture": "#1"},
				"west": {"uv": [1.75, 0, 0, 0.25], "texture": "#1"},
				"up": {"uv": [0.5, 0, 0, 1.75], "texture": "#1"},
				"down": {"uv": [0.5, 0, 0, 1.75], "rotation": 180, "texture": "#1"}
			}
		},
		{
			"from": [5.125, 9.4375, 14.375],
			"to": [10.875, 10.3125, 15.125],
			"faces": {
				"north": {"uv": [0, 0, 5.75, 0.875], "texture": "#1"},
				"east": {"uv": [0, 0, 0.75, 0.5625], "texture": "#1"},
				"south": {"uv": [0, 0, 5.75, 0.875], "texture": "#1"},
				"west": {"uv": [0, 0, 0.75, 0.5625], "texture": "#1"},
				"up": {"uv": [0, 0, 5.75, 0.75], "texture": "#1"},
				"down": {"uv": [0, 0, 5.75, 0.75], "texture": "#1"}
			}
		},
		{
			"from": [10.03125, 5.21875, 14.39063],
			"to": [10.84375, 10.21875, 15.09375],
			"faces": {
				"north": {"uv": [0, 0, 0.8125, 5], "texture": "#1"},
				"east": {"uv": [0, 0, 5.75, 0.75], "rotation": 270, "texture": "#1"},
				"south": {"uv": [0, 0, 5.75, 0.5625], "rotation": 90, "texture": "#1"},
				"west": {"uv": [0, 0, 5.75, 0.75], "rotation": 270, "texture": "#1"},
				"up": {"uv": [0, 0, 0.75, 0.5625], "rotation": 90, "texture": "#1"},
				"down": {"uv": [0, 0, 0.75, 0.5625], "rotation": 270, "texture": "#1"}
			}
		},
		{
			"from": [7.625, 5.25, 15.4375],
			"to": [10.5, 5.8125, 16.0625],
			"rotation": {"angle": 22.5, "axis": "y", "origin": [8, 4.78125, 14.75]},
			"faces": {
				"north": {"uv": [0, 0, 5.75, 0.5625], "texture": "#1"},
				"east": {"uv": [0, 0, 0.75, 0.5625], "texture": "#1"},
				"south": {"uv": [0, 0, 5.75, 0.5625], "texture": "#1"},
				"west": {"uv": [0, 0, 0.75, 0.5625], "texture": "#1"},
				"up": {"uv": [0, 0, 5.75, 0.75], "texture": "#1"},
				"down": {"uv": [0, 0, 5.75, 0.75], "texture": "#1"}
			}
		},
		{
			"from": [9.25, 10.3125, 14.5],
			"to": [9.625, 11.1875, 15],
			"faces": {
				"north": {"uv": [3.5, 2.5, 3.875, 3.375], "texture": "#1"},
				"east": {"uv": [0, 0, 0.5, 0.875], "texture": "#1"},
				"south": {"uv": [0, 0, 0.375, 0.875], "texture": "#1"},
				"west": {"uv": [0, 0, 0.5, 0.875], "texture": "#1"},
				"up": {"uv": [0, 0, 0.375, 0.5], "texture": "#1"},
				"down": {"uv": [0, 0, 5.75, 0.75], "texture": "#1"}
			}
		},
		{
			"from": [10.67188, 9.25, 14.51563],
			"to": [11.04688, 10.125, 14.98438],
			"rotation": {"angle": 45, "axis": "z", "origin": [8, 8.5, 8]},
			"faces": {
				"north": {"uv": [0, 4.25, 0.375, 5.125], "texture": "#1"},
				"east": {"uv": [0, 0, 0.5, 0.875], "texture": "#1"},
				"south": {"uv": [0, 0, 0.375, 0.875], "texture": "#1"},
				"west": {"uv": [0, 0, 0.5, 0.875], "texture": "#1"},
				"up": {"uv": [0, 0, 0.375, 0.5], "texture": "#1"},
				"down": {"uv": [0, 0, 5.75, 0.75], "texture": "#1"}
			}
		},
		{
			"from": [4.95313, 9.25, 14.51563],
			"to": [5.32813, 10.125, 14.98438],
			"rotation": {"angle": -45, "axis": "z", "origin": [8, 8.5, 8]},
			"faces": {
				"north": {"uv": [4.625, 5.5, 4.25, 6.375], "texture": "#1"},
				"east": {"uv": [0.5, 0, 0, 0.875], "texture": "#1"},
				"south": {"uv": [0.375, 0, 0, 0.875], "texture": "#1"},
				"west": {"uv": [0.5, 0, 0, 0.875], "texture": "#1"},
				"up": {"uv": [0.375, 0, 0, 0.5], "texture": "#1"},
				"down": {"uv": [5.75, 0, 0, 0.75], "texture": "#1"}
			}
		},
		{
			"from": [6.375, 10.3125, 14.5],
			"to": [6.75, 11.1875, 15],
			"faces": {
				"north": {"uv": [0.375, 0, 0, 0.875], "texture": "#1"},
				"east": {"uv": [0.5, 0, 0, 0.875], "texture": "#1"},
				"south": {"uv": [0.375, 0, 0, 0.875], "texture": "#1"},
				"west": {"uv": [0.5, 0, 0, 0.875], "texture": "#1"},
				"up": {"uv": [0.375, 0, 0, 0.5], "texture": "#1"},
				"down": {"uv": [5.75, 0, 0, 0.75], "texture": "#1"}
			}
		},
		{
			"from": [7, 11.42188, 14.5],
			"to": [9, 11.79688, 15],
			"faces": {
				"north": {"uv": [0, 4.25, 0.375, 5.125], "rotation": 90, "texture": "#1"},
				"east": {"uv": [0, 0, 5.75, 0.75], "rotation": 270, "texture": "#1"},
				"south": {"uv": [0, 0, 0.375, 0.875], "rotation": 270, "texture": "#1"},
				"west": {"uv": [0, 0, 0.375, 0.5], "rotation": 90, "texture": "#1"},
				"up": {"uv": [0, 0, 0.5, 0.875], "rotation": 270, "texture": "#1"},
				"down": {"uv": [0, 0, 0.5, 0.875], "rotation": 270, "texture": "#1"}
			}
		},
		{
			"from": [7.8125, 8.0625, 23.53125],
			"to": [8.1875, 10.125, 24.125],
			"rotation": {"angle": -22.5, "axis": "x", "origin": [8, 9.625, 21.5]},
			"faces": {
				"north": {"uv": [10.25, 14.5, 10.625, 15.9375], "texture": "#1"},
				"east": {"uv": [12, 14.5, 12.40625, 15.9375], "texture": "#1"},
				"south": {"uv": [15.5, 14.5, 15.875, 15.9375], "texture": "#1"},
				"west": {"uv": [15.5, 14.5, 15.90625, 15.9375], "texture": "#1"},
				"up": {"uv": [15.5, 15.5, 15.875, 15.90625], "rotation": 90, "texture": "#1"},
				"down": {"uv": [4, 0, 5, 0.5], "rotation": 90, "texture": "#1"}
			}
		},
		{
			"from": [7.75, 8.875, 23.40625],
			"to": [8.25, 9.4375, 24.125],
			"rotation": {"angle": -45, "axis": "x", "origin": [8, 9.625, 21.5]},
			"faces": {
				"north": {"uv": [14.5, 13.5, 15, 14.0625], "texture": "#1"},
				"east": {"uv": [13.5, 12.75, 14.21875, 13.3125], "texture": "#1"},
				"south": {"uv": [13.25, 12.75, 13.75, 13.3125], "texture": "#1"},
				"west": {"uv": [11.25, 11.75, 11.96875, 12.3125], "texture": "#1"},
				"up": {"uv": [15.5, 15, 16, 15.71875], "texture": "#1"},
				"down": {"uv": [4, 0, 5, 0.5], "rotation": 90, "texture": "#1"}
			}
		},
		{
			"from": [7.9375, 10.125, 23.28125],
			"to": [8.0625, 10.5625, 23.5625],
			"faces": {
				"north": {"uv": [8, 1.5, 8.28125, 1.9375], "texture": "#1"},
				"east": {"uv": [8, 1.5, 8.28125, 1.9375], "texture": "#1"},
				"south": {"uv": [8, 1.5, 8.28125, 1.9375], "texture": "#1"},
				"west": {"uv": [8, 1.5, 8.28125, 1.9375], "texture": "#1"},
				"up": {"uv": [8, 1.5, 8.28125, 1.9375], "rotation": 90, "texture": "#1"},
				"down": {"uv": [8, 1.5, 8.28125, 1.9375], "rotation": 90, "texture": "#1"}
			}
		},
		{
			"from": [5.4375, 5.6875, 16.875],
			"to": [6.4375, 6.6875, 19.875],
			"rotation": {"angle": 45, "axis": "z", "origin": [5.9375, 6.6875, 18.375]},
			"faces": {
				"north": {"uv": [0, 0, 1, 1], "texture": "#1"},
				"east": {"uv": [5.25, 0, 8.25, 1], "rotation": 180, "texture": "#1"},
				"south": {"uv": [8.5, 0, 9.5, 1], "texture": "#1"},
				"west": {"uv": [5.25, 0, 8.25, 1], "texture": "#1"},
				"up": {"uv": [5.25, 0, 8.25, 1], "rotation": 90, "texture": "#1"},
				"down": {"uv": [5.25, 0, 8.25, 1], "rotation": 270, "texture": "#1"}
			}
		},
		{
			"from": [9.5, 5.8125, 20.3125],
			"to": [10.25, 6.5625, 22.5625],
			"rotation": {"angle": -45, "axis": "z", "origin": [10.0625, 6.6875, 18.375]},
			"faces": {
				"north": {"uv": [1, 0, 0, 1], "texture": "#1"},
				"east": {"uv": [0, 0, 3, 1], "texture": "#1"},
				"south": {"uv": [0, 0, 1, 1], "texture": "#1"},
				"west": {"uv": [0, 0, 3, 1], "rotation": 180, "texture": "#1"},
				"up": {"uv": [0, 0, 1, 3], "texture": "#1"},
				"down": {"uv": [0, 0, 1, 3], "texture": "#1"}
			}
		},
		{
			"from": [7.9375, 7.3125, 18.6875],
			"to": [8.625, 7.9375, 20.0625],
			"rotation": {"angle": 22.5, "axis": "z", "origin": [10.0625, 6.6875, 18.375]},
			"faces": {
				"north": {"uv": [1, 0, 0, 1], "rotation": 270, "texture": "#1"},
				"east": {"uv": [0, 0, 1, 3], "rotation": 270, "texture": "#1"},
				"south": {"uv": [0, 0, 1, 1], "rotation": 90, "texture": "#1"},
				"west": {"uv": [0, 0, 1, 3], "rotation": 270, "texture": "#1"},
				"up": {"uv": [0, 0, 3, 1], "rotation": 270, "texture": "#1"},
				"down": {"uv": [0, 0, 3, 1], "rotation": 270, "texture": "#1"}
			}
		},
		{
			"from": [9.25, 5.5625, 16.3125],
			"to": [10.5, 6.8125, 18.5625],
			"rotation": {"angle": -45, "axis": "z", "origin": [10.0625, 6.6875, 18.375]},
			"faces": {
				"north": {"uv": [1, 0, 0, 1], "texture": "#1"},
				"east": {"uv": [0, 0, 3, 1], "texture": "#1"},
				"south": {"uv": [0, 0, 1, 1], "texture": "#1"},
				"west": {"uv": [0, 0, 3, 1], "rotation": 180, "texture": "#1"},
				"up": {"uv": [0, 0, 1, 3], "texture": "#1"},
				"down": {"uv": [0, 0, 1, 3], "texture": "#1"}
			}
		},
		{
			"from": [8.4375, 5.6875, 18.5625],
			"to": [10, 6.6875, 20.375],
			"rotation": {"angle": -45, "axis": "z", "origin": [10.0625, 6.6875, 18.375]},
			"faces": {
				"north": {"uv": [1, 0, 0, 1], "texture": "#1"},
				"east": {"uv": [0, 0, 3, 1], "texture": "#1"},
				"south": {"uv": [0, 0, 1, 1], "texture": "#1"},
				"west": {"uv": [0, 0, 3, 1], "rotation": 180, "texture": "#1"},
				"up": {"uv": [0, 0, 1, 3], "texture": "#1"},
				"down": {"uv": [0, 0, 1, 3], "texture": "#1"}
			}
		}
	],
	"display": {
		"thirdperson_righthand": {
			"rotation": [0, -15, 0],
			"translation": [-0.5, 1.25, -2.75],
			"scale": [1.5, 1.5, 1.5]
		},
		"thirdperson_lefthand": {
			"rotation": [65, 0, 0],
			"translation": [-1.5, 0.5, 4],
			"scale": [1.5, 1.5, 1.5]
		},
		"firstperson_righthand": {
			"rotation": [8, -4, 0],
			"translation": [8, 9, 3.25]
		},
		"firstperson_lefthand": {
			"scale": [0, 0, 0]
		},
		"ground": {
			"translation": [0, 5, 0]
		},
		"gui": {
			"rotation": [90, 50, -90],
			"translation": [7, 3, 0],
			"scale": [1.2, 1.2, 1.2]
		},
		"head": {
			"translation": [0, 9.5, -18.5],
			"scale": [2, 2, 2]
		},
		"fixed": {
			"rotation": [90, 50, -90],
			"translation": [7, 5, 0],
			"scale": [1.5, 1.5, 1.5]
		}
	},
	"groups": [
		{
			"name": "r",
			"children": [0, 1, 2, 3, 4, 5, 6, 7, 8]
		},
		{
			"name": "r2",
			"children": [9, 10, 11, 12, 13, 14, 15, 16, 17]
		},
		{
			"name": "b",
			"children": [18, 19, 20, 21, 22, 23, 24, 25]
		},
		{
			"name": "base0",
			"children": [26, 27, 28, 29, 30, 31, 32, 33, 34, 35]
		},
		{
			"name": "base2",
			"children": [36, 37, 38, 39, 40, 41, 42, 43]
		},
		{
			"name": "group",
			"children": [44, 45, 46, 47, 48, 49, 50, 51, 52]
		},
		{
			"name": "group2",
			"children": [53, 54, 55, 56, 57, 58, 59, 60, 61, 62, 63, 64, 65, 66, 67, 68, 69]
		}, 70, 71, 72, 73,
		{
			"name": "r3",
			"children": [74, 75, 76, 77, 78, 79, 80, 81, 82]
		},
		{
			"name": "r4",
			"children": [83, 84, 85, 86, 87, 88, 89, 90, 91]
		}, 92, 93, 94, 95, 96, 97, 98, 99, 100, 101, 102, 103, 104, 105, 106, 107, 108, 109, 110, 111]
}