{
	"credit": "Made with Blockbench",
	"textures": {
		"2": "block/black_concrete",
		"3": "zcbm/weapons/minigun"
	},
	"elements": [
		{
			"from": [6.51719, 2.03607, -5.5],
			"to": [7.01719, 2.53607, 8.5],
			"rotation": {"angle": 45, "axis": "z", "origin": [7.14531, 2.8767, 1.5]},
			"faces": {
				"north": {"uv": [0, 0, 16, 16], "texture": "#2"},
				"east": {"uv": [0, 0, 0.5, 14], "rotation": 90, "texture": "#3"},
				"south": {"uv": [0, 0, 16, 2], "texture": "#0"},
				"west": {"uv": [0, 0, 0.5, 14], "rotation": 90, "texture": "#3"},
				"up": {"uv": [0, 0, 0.5, 14], "texture": "#3"},
				"down": {"uv": [0, 0, 0.5, 14], "texture": "#3"}
			}
		},
		{
			"from": [7.12656, 2.6767, -5.5],
			"to": [7.62656, 3.1767, 8.5],
			"rotation": {"angle": 45, "axis": "z", "origin": [7.14531, 2.92357, 1.5]},
			"faces": {
				"north": {"uv": [0, 0, 16, 16], "texture": "#2"},
				"east": {"uv": [0, 0, 0.5, 14], "rotation": 90, "texture": "#3"},
				"south": {"uv": [0, 0, 16, 2], "texture": "#0"},
				"west": {"uv": [0, 0, 0.5, 14], "rotation": 90, "texture": "#3"},
				"up": {"uv": [0, 0, 0.5, 14], "texture": "#3"},
				"down": {"uv": [0, 0, 0.5, 14], "texture": "#3"}
			}
		},
		{
			"from": [7.72031, 1.56732, -5.5],
			"to": [8.22031, 2.06732, 8.5],
			"faces": {
				"north": {"uv": [0, 0, 16, 16], "texture": "#2"},
				"east": {"uv": [0, 0, 0.5, 14], "rotation": 90, "texture": "#3"},
				"south": {"uv": [0, 0, 16, 2], "texture": "#0"},
				"west": {"uv": [0, 0, 0.5, 14], "rotation": 90, "texture": "#3"},
				"up": {"uv": [0, 0, 0.5, 14], "texture": "#3"},
				"down": {"uv": [0, 0, 0.5, 14], "texture": "#3"}
			}
		},
		{
			"from": [7.72031, 3.19232, -5.5],
			"to": [8.22031, 3.69232, 8.5],
			"faces": {
				"north": {"uv": [0, 0, 16, 16], "texture": "#2"},
				"east": {"uv": [0, 0, 0.5, 14], "rotation": 90, "texture": "#3"},
				"south": {"uv": [0, 0, 16, 2], "texture": "#0"},
				"west": {"uv": [0, 0, 0.5, 14], "rotation": 90, "texture": "#3"},
				"up": {"uv": [0, 0, 0.5, 14], "texture": "#3"},
				"down": {"uv": [0, 0, 0.5, 14], "texture": "#3"}
			}
		},
		{
			"from": [9.00469, 1.81732, -5.5],
			"to": [9.50469, 2.31732, 8.5],
			"rotation": {"angle": -45, "axis": "z", "origin": [9.09531, 2.8767, 1.5]},
			"faces": {
				"north": {"uv": [16, 0, 0, 16], "texture": "#2"},
				"east": {"uv": [0, 14, 0.5, 0], "rotation": 90, "texture": "#3"},
				"south": {"uv": [16, 0, 0, 2], "texture": "#0"},
				"west": {"uv": [0, 14, 0.5, 0], "rotation": 90, "texture": "#3"},
				"up": {"uv": [0.5, 0, 0, 14], "texture": "#3"},
				"down": {"uv": [0.5, 0, 0, 14], "texture": "#3"}
			}
		},
		{
			"from": [8.41094, 2.45795, -5.5],
			"to": [8.91094, 2.95795, 8.5],
			"rotation": {"angle": -45, "axis": "z", "origin": [9.09531, 2.92357, 1.5]},
			"faces": {
				"north": {"uv": [16, 0, 0, 16], "texture": "#2"},
				"east": {"uv": [0, 14, 0.5, 0], "rotation": 90, "texture": "#3"},
				"south": {"uv": [16, 0, 0, 2], "texture": "#0"},
				"west": {"uv": [0, 14, 0.5, 0], "rotation": 90, "texture": "#3"},
				"up": {"uv": [0.5, 0, 0, 14], "texture": "#3"},
				"down": {"uv": [0.5, 0, 0, 14], "texture": "#3"}
			}
		},
		{
			"from": [6.8125, 2.25, -5.25],
			"to": [6.9375, 3, -5],
			"faces": {
				"north": {"uv": [0, 0, 0.125, 0.75], "texture": "#3"},
				"east": {"uv": [0, 0, 0.25, 0.75], "texture": "#missing"},
				"south": {"uv": [0, 0, 0.125, 0.75], "texture": "#missing"},
				"west": {"uv": [0, 0, 0.25, 0.75], "texture": "#missing"},
				"up": {"uv": [0, 0, 0.125, 0.25], "texture": "#missing"},
				"down": {"uv": [0, 0, 0.125, 0.25], "texture": "#missing"}
			}
		}
	],
	"display": {
		"thirdperson_righthand": {
			"rotation": [0, -15, 0],
			"translation": [-0.5, 1.25, -2.75],
			"scale": [1.5, 1.5, 1.5]
		},
		"thirdperson_lefthand": {
			"rotation": [65, 0, 0],
			"translation": [-1.5, 0.5, 4],
			"scale": [1.5, 1.5, 1.5]
		},
		"firstperson_righthand": {
			"rotation": [8, -4, 0],
			"translation": [8, 9, 3.25]
		},
		"firstperson_lefthand": {
			"scale": [0, 0, 0]
		},
		"ground": {
			"translation": [0, 5, 0]
		},
		"gui": {
			"rotation": [90, 50, -90],
			"translation": [7, 3, 0],
			"scale": [1.2, 1.2, 1.2]
		},
		"fixed": {
			"rotation": [90, 50, -90],
			"translation": [7, 5, 0],
			"scale": [1.5, 1.5, 1.5]
		}
	}
}