{
	"credit": "Made with Blockbench, a free, modern block model editor by JannisX11",
	"textures": {
		"0": "block/orange_concrete",
		"1": "block/black_concrete",
		"2": "block/cauldron_inner",
		"3": "block/anvil",
		"4": "block/iron_block",
		"5": "block/red_concrete",
		"6": "block/light_gray_concrete",
		"particle": "block/orange_concrete"
	},
	"elements": [
		{
			"from": [6, 2.2, 12],
			"to": [10, 5.005, 15.95],
			"rotation": {"angle": -22.5, "axis": "x", "origin": [8, 3, 14]},
			"faces": {
				"north": {"uv": [0, 0, 4, 2.8], "texture": "#0"},
				"east": {"uv": [0, 0, 4, 2.8], "texture": "#0"},
				"south": {"uv": [0, 0, 4, 2.8], "texture": "#0"},
				"west": {"uv": [0, 0, 4, 2.8], "texture": "#0"},
				"up": {"uv": [0, 0, 4, 2.8], "texture": "#0"},
				"down": {"uv": [0, 0, 4, 2.8], "texture": "#0"}
			}
		},
		{
			"from": [6, 2.6, 8],
			"to": [10, 5.6, 15.035],
			"rotation": {"angle": 0, "axis": "x", "origin": [8, 3.6, 13]},
			"faces": {
				"north": {"uv": [0, 0, 15.4, 9], "texture": "#0"},
				"east": {"uv": [0, 0, 15.4, 9], "texture": "#0"},
				"south": {"uv": [0, 0, 15.4, 9], "texture": "#0"},
				"west": {"uv": [0, 0, 15.4, 9], "texture": "#0"},
				"up": {"uv": [0, 0, 15.4, 9], "texture": "#0"},
				"down": {"uv": [0, 0, 15.4, 9], "texture": "#0"}
			}
		},
		{
			"from": [7.1, 3.7, 7.3],
			"to": [8.8, 5.3, 7.8],
			"rotation": {"angle": 0, "axis": "x", "origin": [8, 3.6, 10.6]},
			"faces": {
				"north": {"uv": [0, 0, 1.7, 1.6], "texture": "#1"},
				"east": {"uv": [0, 0, 1.7, 1.6], "texture": "#1"},
				"south": {"uv": [0, 0, 1.7, 1.6], "texture": "#1"},
				"west": {"uv": [0, 0, 1.7, 1.6], "texture": "#1"},
				"up": {"uv": [0, 0, 1.7, 1.6], "texture": "#1"},
				"down": {"uv": [0, 0, 1.7, 1.6], "texture": "#1"}
			}
		},
		{
			"from": [6.9, 3.5, 7.6],
			"to": [9, 5.5, 8.4],
			"rotation": {"angle": 0, "axis": "x", "origin": [8, 3.6, 10.6]},
			"faces": {
				"north": {"uv": [0, 0, 5.1, 5], "texture": "#0"},
				"east": {"uv": [0, 0, 5.1, 5], "texture": "#0"},
				"south": {"uv": [0, 0, 5.1, 5], "texture": "#0"},
				"west": {"uv": [0, 0, 5.1, 5], "texture": "#0"},
				"up": {"uv": [0, 0, 5.1, 5], "texture": "#0"},
				"down": {"uv": [0, 0, 5.1, 5], "texture": "#0"}
			}
		},
		{
			"from": [6.01, 2, 8.3],
			"to": [9.99, 4.8, 12.5],
			"rotation": {"angle": 22.5, "axis": "x", "origin": [8, 3, 10.5]},
			"faces": {
				"north": {"uv": [0, 0, 6, 5.8], "texture": "#0"},
				"east": {"uv": [0, 0, 6, 5.8], "texture": "#0"},
				"south": {"uv": [0, 0, 6, 5.8], "texture": "#0"},
				"west": {"uv": [0, 0, 6, 5.8], "texture": "#0"},
				"up": {"uv": [0, 0, 6, 5.8], "texture": "#0"},
				"down": {"uv": [0, 0, 6, 5.8], "texture": "#0"}
			}
		},
		{
			"from": [6, 0.3, 10.7],
			"to": [10, 2.4, 14.7],
			"rotation": {"angle": 45, "axis": "x", "origin": [8, 0.4, 12.7]},
			"faces": {
				"north": {"uv": [0, 0, 12, 6.1], "texture": "#0"},
				"east": {"uv": [0, 0, 12, 6.1], "texture": "#0"},
				"south": {"uv": [0, 0, 12, 6.1], "texture": "#0"},
				"west": {"uv": [0, 0, 12, 6.1], "texture": "#0"},
				"up": {"uv": [0, 0, 12, 6.1], "texture": "#0"},
				"down": {"uv": [0, 0, 12, 6.1], "texture": "#0"}
			}
		},
		{
			"from": [6.2, 0.3, 14],
			"to": [7.6, 1.7, 15.4],
			"rotation": {"angle": 0, "axis": "x", "origin": [8.2, 0.4, 13.8]},
			"faces": {
				"north": {"uv": [0, 0, 1.4, 1.4], "texture": "#1"},
				"east": {"uv": [0, 0, 1.4, 1.4], "texture": "#1"},
				"south": {"uv": [0, 0, 1.4, 1.4], "texture": "#1"},
				"west": {"uv": [0, 0, 1.4, 1.4], "texture": "#1"},
				"up": {"uv": [0, 0, 1.4, 1.4], "texture": "#1"},
				"down": {"uv": [0, 0, 1.4, 1.4], "texture": "#1"}
			}
		},
		{
			"from": [6.4, 1.7, 14.2],
			"to": [7.4, 3.1, 15.2],
			"rotation": {"angle": 0, "axis": "x", "origin": [8.4, 1.8, 14]},
			"faces": {
				"north": {"uv": [1, 1, 4, 4], "texture": "#4"},
				"east": {"uv": [1, 1, 4, 4], "texture": "#4"},
				"south": {"uv": [1, 1, 4, 4], "texture": "#4"},
				"west": {"uv": [1, 1, 4, 4], "texture": "#4"},
				"up": {"uv": [1, 1, 4, 4], "texture": "#4"},
				"down": {"uv": [1, 1, 4, 4], "texture": "#4"}
			}
		},
		{
			"from": [9.59, -0.03934, 14.01213],
			"to": [9.87, 1.36066, 15.41213],
			"rotation": {"angle": -45, "axis": "x", "origin": [9.75, 0.66066, 14.71213]},
			"faces": {
				"north": {"uv": [0, 0, 1.4, 1.4], "texture": "#4"},
				"east": {"uv": [0, 0, 1.4, 1.4], "texture": "#4"},
				"south": {"uv": [0, 0, 1.4, 1.4], "texture": "#4"},
				"west": {"uv": [0, 0, 1.4, 1.4], "texture": "#4"},
				"up": {"uv": [0, 0, 1.4, 1.4], "texture": "#4"},
				"down": {"uv": [0, 0, 1.4, 1.4], "texture": "#4"}
			}
		},
		{
			"from": [9.6, 0.36066, 14.91213],
			"to": [9.9, 1.06066, 17.11213],
			"rotation": {"angle": 0, "axis": "x", "origin": [9.75, 0.66066, 15.61213]},
			"faces": {
				"north": {"uv": [0, 0, 2.2, 0.7], "texture": "#4"},
				"east": {"uv": [0, 0, 2.2, 0.7], "texture": "#4"},
				"south": {"uv": [0, 0, 2.2, 0.7], "texture": "#4"},
				"west": {"uv": [0, 0, 2.2, 0.7], "texture": "#4"},
				"up": {"uv": [0, 0, 2.2, 0.7], "texture": "#4"},
				"down": {"uv": [0, 0, 2.2, 0.7], "texture": "#4"}
			}
		},
		{
			"from": [9.59, 1.12886, 16.55962],
			"to": [9.91, 1.62886, 17.85962],
			"rotation": {"angle": -45, "axis": "x", "origin": [9.74, 1.47886, 17.65962]},
			"faces": {
				"north": {"uv": [0, 0, 1.3, 0.5], "texture": "#4"},
				"east": {"uv": [0, 0, 1.3, 0.5], "texture": "#4"},
				"south": {"uv": [0, 0, 1.3, 0.5], "texture": "#4"},
				"west": {"uv": [0, 0, 1.3, 0.5], "texture": "#4"},
				"up": {"uv": [0, 0, 1.3, 0.5], "texture": "#4"},
				"down": {"uv": [0, 0, 1.3, 0.5], "texture": "#4"}
			}
		},
		{
			"from": [9.6, 1.22886, 14.55962],
			"to": [9.9, 1.62886, 17.85962],
			"rotation": {"angle": 22.5, "axis": "x", "origin": [9.75, 1.57886, 17.65962]},
			"faces": {
				"north": {"uv": [0, 0, 3.3, 0.5], "texture": "#1"},
				"east": {"uv": [0, 0, 3.3, 0.5], "texture": "#1"},
				"south": {"uv": [0, 0, 3.3, 0.5], "texture": "#1"},
				"west": {"uv": [0, 0, 3.3, 0.5], "texture": "#1"},
				"up": {"uv": [0, 0, 3.3, 0.5], "texture": "#1"},
				"down": {"uv": [0, 0, 3.3, 0.5], "texture": "#1"}
			}
		},
		{
			"from": [6, -0.8, 9.2],
			"to": [6.8, 2.5, 13.8],
			"rotation": {"angle": 0, "axis": "x", "origin": [8, 0.5, 11.2]},
			"faces": {
				"north": {"uv": [0, 0, 15.6, 11.3], "texture": "#0"},
				"east": {"uv": [0, 0, 15.6, 11.3], "texture": "#0"},
				"south": {"uv": [0, 0, 15.6, 11.3], "texture": "#0"},
				"west": {"uv": [0, 0, 15.6, 11.3], "texture": "#0"},
				"up": {"uv": [0, 0, 15.6, 11.3], "texture": "#0"},
				"down": {"uv": [0, 0, 15.6, 11.3], "texture": "#0"}
			}
		},
		{
			"from": [6.8, -0.6, 9.4],
			"to": [9.3, 2.5, 13.2],
			"rotation": {"angle": 0, "axis": "x", "origin": [8.8, 0.5, 11.2]},
			"faces": {
				"north": {"uv": [1, 1, 15, 15], "texture": "#4"},
				"east": {"uv": [1, 1, 15, 15], "texture": "#4"},
				"south": {"uv": [1, 1, 15, 15], "texture": "#4"},
				"west": {"uv": [1, 1, 15, 15], "texture": "#4"},
				"up": {"uv": [1, 1, 15, 15], "texture": "#4"},
				"down": {"uv": [1, 1, 15, 15], "texture": "#4"}
			}
		},
		{
			"from": [9.3, -0.5, 9.4],
			"to": [9.9, 1.7, 13.5],
			"rotation": {"angle": 0, "axis": "x", "origin": [9.3, 0.5, 11.2]},
			"faces": {
				"north": {"uv": [1, 1, 15, 15], "texture": "#4"},
				"east": {"uv": [1, 1, 15, 15], "texture": "#4"},
				"south": {"uv": [1, 1, 15, 15], "texture": "#4"},
				"west": {"uv": [1, 1, 15, 15], "texture": "#4"},
				"up": {"uv": [1, 1, 15, 15], "texture": "#4"},
				"down": {"uv": [1, 1, 15, 15], "texture": "#4"}
			}
		},
		{
			"from": [9.45, -0.292, -0.55],
			"to": [9.65, 1.418, 10.1],
			"rotation": {"angle": 0, "axis": "x", "origin": [8.75, 0.49, 6.65]},
			"faces": {
				"north": {"uv": [0, 0, 15.65, 3.71], "texture": "#3"},
				"east": {"uv": [0, 0, 15.65, 3.71], "texture": "#3"},
				"south": {"uv": [0, 0, 15.65, 3.71], "texture": "#3"},
				"west": {"uv": [0, 0, 15.65, 3.71], "texture": "#3"},
				"up": {"uv": [0, 0, 15.65, 3.71], "texture": "#3"},
				"down": {"uv": [0, 0, 15.65, 3.71], "texture": "#3"}
			}
		},
		{
			"from": [9.465, -0.03, -1.26056],
			"to": [9.645, 1.22, -0.01056],
			"rotation": {"angle": -45, "axis": "x", "origin": [9.55, 0.74478, -0.53556]},
			"faces": {
				"north": {"uv": [0, 0, 1.25, 1.25], "texture": "#3"},
				"east": {"uv": [0, 0, 1.25, 1.25], "texture": "#3"},
				"south": {"uv": [0, 0, 1.25, 1.25], "texture": "#3"},
				"west": {"uv": [0, 0, 1.25, 1.25], "texture": "#3"},
				"up": {"uv": [0, 0, 1.25, 1.25], "texture": "#3"},
				"down": {"uv": [0, 0, 1.25, 1.25], "texture": "#3"}
			}
		},
		{
			"from": [9.44, 1.94, 0.65],
			"to": [9.66, 2.06, 0.77],
			"rotation": {"angle": -45, "axis": "x", "origin": [9.19, 2.444, 1.7]},
			"faces": {
				"north": {"uv": [7, 7, 9, 9], "texture": "#2"},
				"east": {"uv": [7, 7, 9, 9], "texture": "#2"},
				"south": {"uv": [7, 7, 9, 9], "texture": "#2"},
				"west": {"uv": [7, 7, 9, 9], "texture": "#2"},
				"up": {"uv": [7, 7, 9, 9], "texture": "#2"},
				"down": {"uv": [7, 7, 9, 9], "texture": "#2"}
			}
		},
		{
			"from": [9.44, 1.94, 0.5],
			"to": [9.66, 2.06, 0.62],
			"rotation": {"angle": -45, "axis": "x", "origin": [9.19, 2.444, 1.55]},
			"faces": {
				"north": {"uv": [7, 7, 9, 9], "texture": "#2"},
				"east": {"uv": [7, 7, 9, 9], "texture": "#2"},
				"south": {"uv": [7, 7, 9, 9], "texture": "#2"},
				"west": {"uv": [7, 7, 9, 9], "texture": "#2"},
				"up": {"uv": [7, 7, 9, 9], "texture": "#2"},
				"down": {"uv": [7, 7, 9, 9], "texture": "#2"}
			}
		},
		{
			"from": [9.44, 1.94, 0.35],
			"to": [9.66, 2.06, 0.47],
			"rotation": {"angle": -45, "axis": "x", "origin": [9.19, 2.444, 1.4]},
			"faces": {
				"north": {"uv": [7, 7, 9, 9], "texture": "#2"},
				"east": {"uv": [7, 7, 9, 9], "texture": "#2"},
				"south": {"uv": [7, 7, 9, 9], "texture": "#2"},
				"west": {"uv": [7, 7, 9, 9], "texture": "#2"},
				"up": {"uv": [7, 7, 9, 9], "texture": "#2"},
				"down": {"uv": [7, 7, 9, 9], "texture": "#2"}
			}
		},
		{
			"from": [9.44, 1.94, 0.2],
			"to": [9.66, 2.06, 0.32],
			"rotation": {"angle": -45, "axis": "x", "origin": [9.19, 2.444, 1.25]},
			"faces": {
				"north": {"uv": [7, 7, 9, 9], "texture": "#2"},
				"east": {"uv": [7, 7, 9, 9], "texture": "#2"},
				"south": {"uv": [7, 7, 9, 9], "texture": "#2"},
				"west": {"uv": [7, 7, 9, 9], "texture": "#2"},
				"up": {"uv": [7, 7, 9, 9], "texture": "#2"},
				"down": {"uv": [7, 7, 9, 9], "texture": "#2"}
			}
		},
		{
			"from": [9.44, 1.94, 0.05],
			"to": [9.66, 2.06, 0.17],
			"rotation": {"angle": -45, "axis": "x", "origin": [9.19, 2.444, 1.1]},
			"faces": {
				"north": {"uv": [7, 7, 9, 9], "texture": "#2"},
				"east": {"uv": [7, 7, 9, 9], "texture": "#2"},
				"south": {"uv": [7, 7, 9, 9], "texture": "#2"},
				"west": {"uv": [7, 7, 9, 9], "texture": "#2"},
				"up": {"uv": [7, 7, 9, 9], "texture": "#2"},
				"down": {"uv": [7, 7, 9, 9], "texture": "#2"}
			}
		},
		{
			"from": [9.44, 1.94, -0.1],
			"to": [9.66, 2.06, 0.02],
			"rotation": {"angle": -45, "axis": "x", "origin": [9.19, 2.444, 0.95]},
			"faces": {
				"north": {"uv": [7, 7, 9, 9], "texture": "#2"},
				"east": {"uv": [7, 7, 9, 9], "texture": "#2"},
				"south": {"uv": [7, 7, 9, 9], "texture": "#2"},
				"west": {"uv": [7, 7, 9, 9], "texture": "#2"},
				"up": {"uv": [7, 7, 9, 9], "texture": "#2"},
				"down": {"uv": [7, 7, 9, 9], "texture": "#2"}
			}
		},
		{
			"from": [9.44, 1.94, -0.25],
			"to": [9.66, 2.06, -0.13],
			"rotation": {"angle": -45, "axis": "x", "origin": [9.19, 2.444, 0.8]},
			"faces": {
				"north": {"uv": [7, 7, 9, 9], "texture": "#2"},
				"east": {"uv": [7, 7, 9, 9], "texture": "#2"},
				"south": {"uv": [7, 7, 9, 9], "texture": "#2"},
				"west": {"uv": [7, 7, 9, 9], "texture": "#2"},
				"up": {"uv": [7, 7, 9, 9], "texture": "#2"},
				"down": {"uv": [7, 7, 9, 9], "texture": "#2"}
			}
		},
		{
			"from": [9.44, 1.94, -0.4],
			"to": [9.66, 2.06, -0.28],
			"rotation": {"angle": -45, "axis": "x", "origin": [9.19, 2.444, 0.65]},
			"faces": {
				"north": {"uv": [7, 7, 9, 9], "texture": "#2"},
				"east": {"uv": [7, 7, 9, 9], "texture": "#2"},
				"south": {"uv": [7, 7, 9, 9], "texture": "#2"},
				"west": {"uv": [7, 7, 9, 9], "texture": "#2"},
				"up": {"uv": [7, 7, 9, 9], "texture": "#2"},
				"down": {"uv": [7, 7, 9, 9], "texture": "#2"}
			}
		},
		{
			"from": [9.44, 1.94, -0.85],
			"to": [9.66, 2.06, -0.73],
			"rotation": {"angle": -45, "axis": "x", "origin": [9.19, 2.444, 0.2]},
			"faces": {
				"north": {"uv": [7, 7, 9, 9], "texture": "#2"},
				"east": {"uv": [7, 7, 9, 9], "texture": "#2"},
				"south": {"uv": [7, 7, 9, 9], "texture": "#2"},
				"west": {"uv": [7, 7, 9, 9], "texture": "#2"},
				"up": {"uv": [7, 7, 9, 9], "texture": "#2"},
				"down": {"uv": [7, 7, 9, 9], "texture": "#2"}
			}
		},
		{
			"from": [9.44, 1.94, -0.7],
			"to": [9.66, 2.06, -0.58],
			"rotation": {"angle": -45, "axis": "x", "origin": [9.19, 2.444, 0.35]},
			"faces": {
				"north": {"uv": [7, 7, 9, 9], "texture": "#2"},
				"east": {"uv": [7, 7, 9, 9], "texture": "#2"},
				"south": {"uv": [7, 7, 9, 9], "texture": "#2"},
				"west": {"uv": [7, 7, 9, 9], "texture": "#2"},
				"up": {"uv": [7, 7, 9, 9], "texture": "#2"},
				"down": {"uv": [7, 7, 9, 9], "texture": "#2"}
			}
		},
		{
			"from": [9.44, 1.94, -0.55],
			"to": [9.66, 2.06, -0.43],
			"rotation": {"angle": -45, "axis": "x", "origin": [9.19, 2.444, 0.5]},
			"faces": {
				"north": {"uv": [7, 7, 9, 9], "texture": "#2"},
				"east": {"uv": [7, 7, 9, 9], "texture": "#2"},
				"south": {"uv": [7, 7, 9, 9], "texture": "#2"},
				"west": {"uv": [7, 7, 9, 9], "texture": "#2"},
				"up": {"uv": [7, 7, 9, 9], "texture": "#2"},
				"down": {"uv": [7, 7, 9, 9], "texture": "#2"}
			}
		},
		{
			"from": [9.44, 1.94, -1.15],
			"to": [9.66, 2.06, -1.03],
			"rotation": {"angle": -45, "axis": "x", "origin": [9.19, 2.444, -0.1]},
			"faces": {
				"north": {"uv": [7, 7, 9, 9], "texture": "#2"},
				"east": {"uv": [7, 7, 9, 9], "texture": "#2"},
				"south": {"uv": [7, 7, 9, 9], "texture": "#2"},
				"west": {"uv": [7, 7, 9, 9], "texture": "#2"},
				"up": {"uv": [7, 7, 9, 9], "texture": "#2"},
				"down": {"uv": [7, 7, 9, 9], "texture": "#2"}
			}
		},
		{
			"from": [9.44, 1.94, -1],
			"to": [9.66, 2.06, -0.88],
			"rotation": {"angle": -45, "axis": "x", "origin": [9.19, 2.444, 0.05]},
			"faces": {
				"north": {"uv": [7, 7, 9, 9], "texture": "#2"},
				"east": {"uv": [7, 7, 9, 9], "texture": "#2"},
				"south": {"uv": [7, 7, 9, 9], "texture": "#2"},
				"west": {"uv": [7, 7, 9, 9], "texture": "#2"},
				"up": {"uv": [7, 7, 9, 9], "texture": "#2"},
				"down": {"uv": [7, 7, 9, 9], "texture": "#2"}
			}
		},
		{
			"from": [9.44, 1.94, 3.5],
			"to": [9.66, 2.06, 3.62],
			"rotation": {"angle": -45, "axis": "x", "origin": [9.19, 2.444, 4.55]},
			"faces": {
				"north": {"uv": [7, 7, 9, 9], "texture": "#2"},
				"east": {"uv": [7, 7, 9, 9], "texture": "#2"},
				"south": {"uv": [7, 7, 9, 9], "texture": "#2"},
				"west": {"uv": [7, 7, 9, 9], "texture": "#2"},
				"up": {"uv": [7, 7, 9, 9], "texture": "#2"},
				"down": {"uv": [7, 7, 9, 9], "texture": "#2"}
			}
		},
		{
			"from": [9.44, 1.94, 3.35],
			"to": [9.66, 2.06, 3.47],
			"rotation": {"angle": -45, "axis": "x", "origin": [9.19, 2.444, 4.4]},
			"faces": {
				"north": {"uv": [7, 7, 9, 9], "texture": "#2"},
				"east": {"uv": [7, 7, 9, 9], "texture": "#2"},
				"south": {"uv": [7, 7, 9, 9], "texture": "#2"},
				"west": {"uv": [7, 7, 9, 9], "texture": "#2"},
				"up": {"uv": [7, 7, 9, 9], "texture": "#2"},
				"down": {"uv": [7, 7, 9, 9], "texture": "#2"}
			}
		},
		{
			"from": [9.44, 1.94, 3.2],
			"to": [9.66, 2.06, 3.32],
			"rotation": {"angle": -45, "axis": "x", "origin": [9.19, 2.444, 4.25]},
			"faces": {
				"north": {"uv": [7, 7, 9, 9], "texture": "#2"},
				"east": {"uv": [7, 7, 9, 9], "texture": "#2"},
				"south": {"uv": [7, 7, 9, 9], "texture": "#2"},
				"west": {"uv": [7, 7, 9, 9], "texture": "#2"},
				"up": {"uv": [7, 7, 9, 9], "texture": "#2"},
				"down": {"uv": [7, 7, 9, 9], "texture": "#2"}
			}
		},
		{
			"from": [9.44, 1.94, 3.05],
			"to": [9.66, 2.06, 3.17],
			"rotation": {"angle": -45, "axis": "x", "origin": [9.19, 2.444, 4.1]},
			"faces": {
				"north": {"uv": [7, 7, 9, 9], "texture": "#2"},
				"east": {"uv": [7, 7, 9, 9], "texture": "#2"},
				"south": {"uv": [7, 7, 9, 9], "texture": "#2"},
				"west": {"uv": [7, 7, 9, 9], "texture": "#2"},
				"up": {"uv": [7, 7, 9, 9], "texture": "#2"},
				"down": {"uv": [7, 7, 9, 9], "texture": "#2"}
			}
		},
		{
			"from": [9.44, 1.94, 2.9],
			"to": [9.66, 2.06, 3.02],
			"rotation": {"angle": -45, "axis": "x", "origin": [9.19, 2.444, 3.95]},
			"faces": {
				"north": {"uv": [7, 7, 9, 9], "texture": "#2"},
				"east": {"uv": [7, 7, 9, 9], "texture": "#2"},
				"south": {"uv": [7, 7, 9, 9], "texture": "#2"},
				"west": {"uv": [7, 7, 9, 9], "texture": "#2"},
				"up": {"uv": [7, 7, 9, 9], "texture": "#2"},
				"down": {"uv": [7, 7, 9, 9], "texture": "#2"}
			}
		},
		{
			"from": [9.44, 1.94, 2.75],
			"to": [9.66, 2.06, 2.87],
			"rotation": {"angle": -45, "axis": "x", "origin": [9.19, 2.444, 3.8]},
			"faces": {
				"north": {"uv": [7, 7, 9, 9], "texture": "#2"},
				"east": {"uv": [7, 7, 9, 9], "texture": "#2"},
				"south": {"uv": [7, 7, 9, 9], "texture": "#2"},
				"west": {"uv": [7, 7, 9, 9], "texture": "#2"},
				"up": {"uv": [7, 7, 9, 9], "texture": "#2"},
				"down": {"uv": [7, 7, 9, 9], "texture": "#2"}
			}
		},
		{
			"from": [9.44, 1.94, 2.6],
			"to": [9.66, 2.06, 2.72],
			"rotation": {"angle": -45, "axis": "x", "origin": [9.19, 2.444, 3.65]},
			"faces": {
				"north": {"uv": [7, 7, 9, 9], "texture": "#2"},
				"east": {"uv": [7, 7, 9, 9], "texture": "#2"},
				"south": {"uv": [7, 7, 9, 9], "texture": "#2"},
				"west": {"uv": [7, 7, 9, 9], "texture": "#2"},
				"up": {"uv": [7, 7, 9, 9], "texture": "#2"},
				"down": {"uv": [7, 7, 9, 9], "texture": "#2"}
			}
		},
		{
			"from": [9.44, 1.94, 2.15],
			"to": [9.66, 2.06, 2.27],
			"rotation": {"angle": -45, "axis": "x", "origin": [9.19, 2.444, 3.2]},
			"faces": {
				"north": {"uv": [7, 7, 9, 9], "texture": "#2"},
				"east": {"uv": [7, 7, 9, 9], "texture": "#2"},
				"south": {"uv": [7, 7, 9, 9], "texture": "#2"},
				"west": {"uv": [7, 7, 9, 9], "texture": "#2"},
				"up": {"uv": [7, 7, 9, 9], "texture": "#2"},
				"down": {"uv": [7, 7, 9, 9], "texture": "#2"}
			}
		},
		{
			"from": [9.44, 1.94, 2.3],
			"to": [9.66, 2.06, 2.42],
			"rotation": {"angle": -45, "axis": "x", "origin": [9.19, 2.444, 3.35]},
			"faces": {
				"north": {"uv": [7, 7, 9, 9], "texture": "#2"},
				"east": {"uv": [7, 7, 9, 9], "texture": "#2"},
				"south": {"uv": [7, 7, 9, 9], "texture": "#2"},
				"west": {"uv": [7, 7, 9, 9], "texture": "#2"},
				"up": {"uv": [7, 7, 9, 9], "texture": "#2"},
				"down": {"uv": [7, 7, 9, 9], "texture": "#2"}
			}
		},
		{
			"from": [9.44, 1.94, 2.45],
			"to": [9.66, 2.06, 2.57],
			"rotation": {"angle": -45, "axis": "x", "origin": [9.19, 2.444, 3.5]},
			"faces": {
				"north": {"uv": [7, 7, 9, 9], "texture": "#2"},
				"east": {"uv": [7, 7, 9, 9], "texture": "#2"},
				"south": {"uv": [7, 7, 9, 9], "texture": "#2"},
				"west": {"uv": [7, 7, 9, 9], "texture": "#2"},
				"up": {"uv": [7, 7, 9, 9], "texture": "#2"},
				"down": {"uv": [7, 7, 9, 9], "texture": "#2"}
			}
		},
		{
			"from": [9.44, 1.94, 1.85],
			"to": [9.66, 2.06, 1.97],
			"rotation": {"angle": -45, "axis": "x", "origin": [9.19, 2.444, 2.9]},
			"faces": {
				"north": {"uv": [7, 7, 9, 9], "texture": "#2"},
				"east": {"uv": [7, 7, 9, 9], "texture": "#2"},
				"south": {"uv": [7, 7, 9, 9], "texture": "#2"},
				"west": {"uv": [7, 7, 9, 9], "texture": "#2"},
				"up": {"uv": [7, 7, 9, 9], "texture": "#2"},
				"down": {"uv": [7, 7, 9, 9], "texture": "#2"}
			}
		},
		{
			"from": [9.44, 1.94, 1.7],
			"to": [9.66, 2.06, 1.82],
			"rotation": {"angle": -45, "axis": "x", "origin": [9.19, 2.444, 2.75]},
			"faces": {
				"north": {"uv": [7, 7, 9, 9], "texture": "#2"},
				"east": {"uv": [7, 7, 9, 9], "texture": "#2"},
				"south": {"uv": [7, 7, 9, 9], "texture": "#2"},
				"west": {"uv": [7, 7, 9, 9], "texture": "#2"},
				"up": {"uv": [7, 7, 9, 9], "texture": "#2"},
				"down": {"uv": [7, 7, 9, 9], "texture": "#2"}
			}
		},
		{
			"from": [9.44, 1.94, 1.55],
			"to": [9.66, 2.06, 1.67],
			"rotation": {"angle": -45, "axis": "x", "origin": [9.19, 2.444, 2.6]},
			"faces": {
				"north": {"uv": [7, 7, 9, 9], "texture": "#2"},
				"east": {"uv": [7, 7, 9, 9], "texture": "#2"},
				"south": {"uv": [7, 7, 9, 9], "texture": "#2"},
				"west": {"uv": [7, 7, 9, 9], "texture": "#2"},
				"up": {"uv": [7, 7, 9, 9], "texture": "#2"},
				"down": {"uv": [7, 7, 9, 9], "texture": "#2"}
			}
		},
		{
			"from": [9.44, 1.94, 2],
			"to": [9.66, 2.06, 2.12],
			"rotation": {"angle": -45, "axis": "x", "origin": [9.19, 2.444, 3.05]},
			"faces": {
				"north": {"uv": [7, 7, 9, 9], "texture": "#2"},
				"east": {"uv": [7, 7, 9, 9], "texture": "#2"},
				"south": {"uv": [7, 7, 9, 9], "texture": "#2"},
				"west": {"uv": [7, 7, 9, 9], "texture": "#2"},
				"up": {"uv": [7, 7, 9, 9], "texture": "#2"},
				"down": {"uv": [7, 7, 9, 9], "texture": "#2"}
			}
		},
		{
			"from": [9.44, 1.94, 1.4],
			"to": [9.66, 2.06, 1.52],
			"rotation": {"angle": -45, "axis": "x", "origin": [9.19, 2.444, 2.45]},
			"faces": {
				"north": {"uv": [7, 7, 9, 9], "texture": "#2"},
				"east": {"uv": [7, 7, 9, 9], "texture": "#2"},
				"south": {"uv": [7, 7, 9, 9], "texture": "#2"},
				"west": {"uv": [7, 7, 9, 9], "texture": "#2"},
				"up": {"uv": [7, 7, 9, 9], "texture": "#2"},
				"down": {"uv": [7, 7, 9, 9], "texture": "#2"}
			}
		},
		{
			"from": [9.44, 1.94, 1.25],
			"to": [9.66, 2.06, 1.37],
			"rotation": {"angle": -45, "axis": "x", "origin": [9.19, 2.444, 2.3]},
			"faces": {
				"north": {"uv": [7, 7, 9, 9], "texture": "#2"},
				"east": {"uv": [7, 7, 9, 9], "texture": "#2"},
				"south": {"uv": [7, 7, 9, 9], "texture": "#2"},
				"west": {"uv": [7, 7, 9, 9], "texture": "#2"},
				"up": {"uv": [7, 7, 9, 9], "texture": "#2"},
				"down": {"uv": [7, 7, 9, 9], "texture": "#2"}
			}
		},
		{
			"from": [9.44, 1.94, 1.1],
			"to": [9.66, 2.06, 1.22],
			"rotation": {"angle": -45, "axis": "x", "origin": [9.19, 2.444, 2.15]},
			"faces": {
				"north": {"uv": [7, 7, 9, 9], "texture": "#2"},
				"east": {"uv": [7, 7, 9, 9], "texture": "#2"},
				"south": {"uv": [7, 7, 9, 9], "texture": "#2"},
				"west": {"uv": [7, 7, 9, 9], "texture": "#2"},
				"up": {"uv": [7, 7, 9, 9], "texture": "#2"},
				"down": {"uv": [7, 7, 9, 9], "texture": "#2"}
			}
		},
		{
			"from": [9.44, 1.94, 0.95],
			"to": [9.66, 2.06, 1.07],
			"rotation": {"angle": -45, "axis": "x", "origin": [9.19, 2.444, 2]},
			"faces": {
				"north": {"uv": [7, 7, 9, 9], "texture": "#2"},
				"east": {"uv": [7, 7, 9, 9], "texture": "#2"},
				"south": {"uv": [7, 7, 9, 9], "texture": "#2"},
				"west": {"uv": [7, 7, 9, 9], "texture": "#2"},
				"up": {"uv": [7, 7, 9, 9], "texture": "#2"},
				"down": {"uv": [7, 7, 9, 9], "texture": "#2"}
			}
		},
		{
			"from": [9.44, 1.94, 0.8],
			"to": [9.66, 2.06, 0.92],
			"rotation": {"angle": -45, "axis": "x", "origin": [9.19, 2.444, 1.85]},
			"faces": {
				"north": {"uv": [7, 7, 9, 9], "texture": "#2"},
				"east": {"uv": [7, 7, 9, 9], "texture": "#2"},
				"south": {"uv": [7, 7, 9, 9], "texture": "#2"},
				"west": {"uv": [7, 7, 9, 9], "texture": "#2"},
				"up": {"uv": [7, 7, 9, 9], "texture": "#2"},
				"down": {"uv": [7, 7, 9, 9], "texture": "#2"}
			}
		},
		{
			"from": [9.44, 1.94, 5.45],
			"to": [9.66, 2.06, 5.57],
			"rotation": {"angle": -45, "axis": "x", "origin": [9.19, 2.444, 6.5]},
			"faces": {
				"north": {"uv": [7, 7, 9, 9], "texture": "#2"},
				"east": {"uv": [7, 7, 9, 9], "texture": "#2"},
				"south": {"uv": [7, 7, 9, 9], "texture": "#2"},
				"west": {"uv": [7, 7, 9, 9], "texture": "#2"},
				"up": {"uv": [7, 7, 9, 9], "texture": "#2"},
				"down": {"uv": [7, 7, 9, 9], "texture": "#2"}
			}
		},
		{
			"from": [9.44, 1.94, 4.85],
			"to": [9.66, 2.06, 4.97],
			"rotation": {"angle": -45, "axis": "x", "origin": [9.19, 2.444, 5.9]},
			"faces": {
				"north": {"uv": [7, 7, 9, 9], "texture": "#2"},
				"east": {"uv": [7, 7, 9, 9], "texture": "#2"},
				"south": {"uv": [7, 7, 9, 9], "texture": "#2"},
				"west": {"uv": [7, 7, 9, 9], "texture": "#2"},
				"up": {"uv": [7, 7, 9, 9], "texture": "#2"},
				"down": {"uv": [7, 7, 9, 9], "texture": "#2"}
			}
		},
		{
			"from": [9.44, 1.94, 4.7],
			"to": [9.66, 2.06, 4.82],
			"rotation": {"angle": -45, "axis": "x", "origin": [9.19, 2.444, 5.75]},
			"faces": {
				"north": {"uv": [7, 7, 9, 9], "texture": "#2"},
				"east": {"uv": [7, 7, 9, 9], "texture": "#2"},
				"south": {"uv": [7, 7, 9, 9], "texture": "#2"},
				"west": {"uv": [7, 7, 9, 9], "texture": "#2"},
				"up": {"uv": [7, 7, 9, 9], "texture": "#2"},
				"down": {"uv": [7, 7, 9, 9], "texture": "#2"}
			}
		},
		{
			"from": [9.44, 1.94, 4.55],
			"to": [9.66, 2.06, 4.67],
			"rotation": {"angle": -45, "axis": "x", "origin": [9.19, 2.444, 5.6]},
			"faces": {
				"north": {"uv": [7, 7, 9, 9], "texture": "#2"},
				"east": {"uv": [7, 7, 9, 9], "texture": "#2"},
				"south": {"uv": [7, 7, 9, 9], "texture": "#2"},
				"west": {"uv": [7, 7, 9, 9], "texture": "#2"},
				"up": {"uv": [7, 7, 9, 9], "texture": "#2"},
				"down": {"uv": [7, 7, 9, 9], "texture": "#2"}
			}
		},
		{
			"from": [9.44, 1.94, 5],
			"to": [9.66, 2.06, 5.12],
			"rotation": {"angle": -45, "axis": "x", "origin": [9.19, 2.444, 6.05]},
			"faces": {
				"north": {"uv": [7, 7, 9, 9], "texture": "#2"},
				"east": {"uv": [7, 7, 9, 9], "texture": "#2"},
				"south": {"uv": [7, 7, 9, 9], "texture": "#2"},
				"west": {"uv": [7, 7, 9, 9], "texture": "#2"},
				"up": {"uv": [7, 7, 9, 9], "texture": "#2"},
				"down": {"uv": [7, 7, 9, 9], "texture": "#2"}
			}
		},
		{
			"from": [9.44, 1.94, 4.4],
			"to": [9.66, 2.06, 4.52],
			"rotation": {"angle": -45, "axis": "x", "origin": [9.19, 2.444, 5.45]},
			"faces": {
				"north": {"uv": [7, 7, 9, 9], "texture": "#2"},
				"east": {"uv": [7, 7, 9, 9], "texture": "#2"},
				"south": {"uv": [7, 7, 9, 9], "texture": "#2"},
				"west": {"uv": [7, 7, 9, 9], "texture": "#2"},
				"up": {"uv": [7, 7, 9, 9], "texture": "#2"},
				"down": {"uv": [7, 7, 9, 9], "texture": "#2"}
			}
		},
		{
			"from": [9.44, 1.94, 4.25],
			"to": [9.66, 2.06, 4.37],
			"rotation": {"angle": -45, "axis": "x", "origin": [9.19, 2.444, 5.3]},
			"faces": {
				"north": {"uv": [7, 7, 9, 9], "texture": "#2"},
				"east": {"uv": [7, 7, 9, 9], "texture": "#2"},
				"south": {"uv": [7, 7, 9, 9], "texture": "#2"},
				"west": {"uv": [7, 7, 9, 9], "texture": "#2"},
				"up": {"uv": [7, 7, 9, 9], "texture": "#2"},
				"down": {"uv": [7, 7, 9, 9], "texture": "#2"}
			}
		},
		{
			"from": [9.44, 1.94, 4.1],
			"to": [9.66, 2.06, 4.22],
			"rotation": {"angle": -45, "axis": "x", "origin": [9.19, 2.444, 5.15]},
			"faces": {
				"north": {"uv": [7, 7, 9, 9], "texture": "#2"},
				"east": {"uv": [7, 7, 9, 9], "texture": "#2"},
				"south": {"uv": [7, 7, 9, 9], "texture": "#2"},
				"west": {"uv": [7, 7, 9, 9], "texture": "#2"},
				"up": {"uv": [7, 7, 9, 9], "texture": "#2"},
				"down": {"uv": [7, 7, 9, 9], "texture": "#2"}
			}
		},
		{
			"from": [9.44, 1.94, 3.95],
			"to": [9.66, 2.06, 4.07],
			"rotation": {"angle": -45, "axis": "x", "origin": [9.19, 2.444, 5]},
			"faces": {
				"north": {"uv": [7, 7, 9, 9], "texture": "#2"},
				"east": {"uv": [7, 7, 9, 9], "texture": "#2"},
				"south": {"uv": [7, 7, 9, 9], "texture": "#2"},
				"west": {"uv": [7, 7, 9, 9], "texture": "#2"},
				"up": {"uv": [7, 7, 9, 9], "texture": "#2"},
				"down": {"uv": [7, 7, 9, 9], "texture": "#2"}
			}
		},
		{
			"from": [9.44, 1.94, 3.8],
			"to": [9.66, 2.06, 3.92],
			"rotation": {"angle": -45, "axis": "x", "origin": [9.19, 2.444, 4.85]},
			"faces": {
				"north": {"uv": [7, 7, 9, 9], "texture": "#2"},
				"east": {"uv": [7, 7, 9, 9], "texture": "#2"},
				"south": {"uv": [7, 7, 9, 9], "texture": "#2"},
				"west": {"uv": [7, 7, 9, 9], "texture": "#2"},
				"up": {"uv": [7, 7, 9, 9], "texture": "#2"},
				"down": {"uv": [7, 7, 9, 9], "texture": "#2"}
			}
		},
		{
			"from": [9.44, 1.94, 3.65],
			"to": [9.66, 2.06, 3.77],
			"rotation": {"angle": -45, "axis": "x", "origin": [9.19, 2.444, 4.7]},
			"faces": {
				"north": {"uv": [7, 7, 9, 9], "texture": "#2"},
				"east": {"uv": [7, 7, 9, 9], "texture": "#2"},
				"south": {"uv": [7, 7, 9, 9], "texture": "#2"},
				"west": {"uv": [7, 7, 9, 9], "texture": "#2"},
				"up": {"uv": [7, 7, 9, 9], "texture": "#2"},
				"down": {"uv": [7, 7, 9, 9], "texture": "#2"}
			}
		},
		{
			"from": [9.44, 1.94, 5.15],
			"to": [9.66, 2.06, 5.27],
			"rotation": {"angle": -45, "axis": "x", "origin": [9.19, 2.444, 6.2]},
			"faces": {
				"north": {"uv": [7, 7, 9, 9], "texture": "#2"},
				"east": {"uv": [7, 7, 9, 9], "texture": "#2"},
				"south": {"uv": [7, 7, 9, 9], "texture": "#2"},
				"west": {"uv": [7, 7, 9, 9], "texture": "#2"},
				"up": {"uv": [7, 7, 9, 9], "texture": "#2"},
				"down": {"uv": [7, 7, 9, 9], "texture": "#2"}
			}
		},
		{
			"from": [9.44, 1.94, 5.3],
			"to": [9.66, 2.06, 5.42],
			"rotation": {"angle": -45, "axis": "x", "origin": [9.19, 2.444, 6.35]},
			"faces": {
				"north": {"uv": [7, 7, 9, 9], "texture": "#2"},
				"east": {"uv": [7, 7, 9, 9], "texture": "#2"},
				"south": {"uv": [7, 7, 9, 9], "texture": "#2"},
				"west": {"uv": [7, 7, 9, 9], "texture": "#2"},
				"up": {"uv": [7, 7, 9, 9], "texture": "#2"},
				"down": {"uv": [7, 7, 9, 9], "texture": "#2"}
			}
		},
		{
			"from": [9.44, 1.94, 5.75],
			"to": [9.66, 2.06, 5.87],
			"rotation": {"angle": -45, "axis": "x", "origin": [9.19, 2.444, 6.8]},
			"faces": {
				"north": {"uv": [7, 7, 9, 9], "texture": "#2"},
				"east": {"uv": [7, 7, 9, 9], "texture": "#2"},
				"south": {"uv": [7, 7, 9, 9], "texture": "#2"},
				"west": {"uv": [7, 7, 9, 9], "texture": "#2"},
				"up": {"uv": [7, 7, 9, 9], "texture": "#2"},
				"down": {"uv": [7, 7, 9, 9], "texture": "#2"}
			}
		},
		{
			"from": [9.44, 1.94, 5.6],
			"to": [9.66, 2.06, 5.72],
			"rotation": {"angle": -45, "axis": "x", "origin": [9.19, 2.444, 6.65]},
			"faces": {
				"north": {"uv": [7, 7, 9, 9], "texture": "#2"},
				"east": {"uv": [7, 7, 9, 9], "texture": "#2"},
				"south": {"uv": [7, 7, 9, 9], "texture": "#2"},
				"west": {"uv": [7, 7, 9, 9], "texture": "#2"},
				"up": {"uv": [7, 7, 9, 9], "texture": "#2"},
				"down": {"uv": [7, 7, 9, 9], "texture": "#2"}
			}
		},
		{
			"from": [9.44, 1.94, 6.05],
			"to": [9.66, 2.06, 6.17],
			"rotation": {"angle": -45, "axis": "x", "origin": [9.19, 2.444, 7.1]},
			"faces": {
				"north": {"uv": [7, 7, 9, 9], "texture": "#2"},
				"east": {"uv": [7, 7, 9, 9], "texture": "#2"},
				"south": {"uv": [7, 7, 9, 9], "texture": "#2"},
				"west": {"uv": [7, 7, 9, 9], "texture": "#2"},
				"up": {"uv": [7, 7, 9, 9], "texture": "#2"},
				"down": {"uv": [7, 7, 9, 9], "texture": "#2"}
			}
		},
		{
			"from": [9.44, 1.94, 5.9],
			"to": [9.66, 2.06, 6.02],
			"rotation": {"angle": -45, "axis": "x", "origin": [9.19, 2.444, 6.95]},
			"faces": {
				"north": {"uv": [7, 7, 9, 9], "texture": "#2"},
				"east": {"uv": [7, 7, 9, 9], "texture": "#2"},
				"south": {"uv": [7, 7, 9, 9], "texture": "#2"},
				"west": {"uv": [7, 7, 9, 9], "texture": "#2"},
				"up": {"uv": [7, 7, 9, 9], "texture": "#2"},
				"down": {"uv": [7, 7, 9, 9], "texture": "#2"}
			}
		},
		{
			"from": [9.44, 1.94, 6.8],
			"to": [9.66, 2.06, 6.92],
			"rotation": {"angle": -45, "axis": "x", "origin": [9.19, 2.444, 7.85]},
			"faces": {
				"north": {"uv": [7, 7, 9, 9], "texture": "#2"},
				"east": {"uv": [7, 7, 9, 9], "texture": "#2"},
				"south": {"uv": [7, 7, 9, 9], "texture": "#2"},
				"west": {"uv": [7, 7, 9, 9], "texture": "#2"},
				"up": {"uv": [7, 7, 9, 9], "texture": "#2"},
				"down": {"uv": [7, 7, 9, 9], "texture": "#2"}
			}
		},
		{
			"from": [9.44, 1.94, 6.95],
			"to": [9.66, 2.06, 7.07],
			"rotation": {"angle": -45, "axis": "x", "origin": [9.19, 2.444, 8]},
			"faces": {
				"north": {"uv": [7, 7, 9, 9], "texture": "#2"},
				"east": {"uv": [7, 7, 9, 9], "texture": "#2"},
				"south": {"uv": [7, 7, 9, 9], "texture": "#2"},
				"west": {"uv": [7, 7, 9, 9], "texture": "#2"},
				"up": {"uv": [7, 7, 9, 9], "texture": "#2"},
				"down": {"uv": [7, 7, 9, 9], "texture": "#2"}
			}
		},
		{
			"from": [9.44, 1.94, 7.1],
			"to": [9.66, 2.06, 7.22],
			"rotation": {"angle": -45, "axis": "x", "origin": [9.19, 2.444, 8.15]},
			"faces": {
				"north": {"uv": [7, 7, 9, 9], "texture": "#2"},
				"east": {"uv": [7, 7, 9, 9], "texture": "#2"},
				"south": {"uv": [7, 7, 9, 9], "texture": "#2"},
				"west": {"uv": [7, 7, 9, 9], "texture": "#2"},
				"up": {"uv": [7, 7, 9, 9], "texture": "#2"},
				"down": {"uv": [7, 7, 9, 9], "texture": "#2"}
			}
		},
		{
			"from": [9.44, 1.94, 6.35],
			"to": [9.66, 2.06, 6.47],
			"rotation": {"angle": -45, "axis": "x", "origin": [9.19, 2.444, 7.4]},
			"faces": {
				"north": {"uv": [7, 7, 9, 9], "texture": "#2"},
				"east": {"uv": [7, 7, 9, 9], "texture": "#2"},
				"south": {"uv": [7, 7, 9, 9], "texture": "#2"},
				"west": {"uv": [7, 7, 9, 9], "texture": "#2"},
				"up": {"uv": [7, 7, 9, 9], "texture": "#2"},
				"down": {"uv": [7, 7, 9, 9], "texture": "#2"}
			}
		},
		{
			"from": [9.44, 1.94, 6.2],
			"to": [9.66, 2.06, 6.32],
			"rotation": {"angle": -45, "axis": "x", "origin": [9.19, 2.444, 7.25]},
			"faces": {
				"north": {"uv": [7, 7, 9, 9], "texture": "#2"},
				"east": {"uv": [7, 7, 9, 9], "texture": "#2"},
				"south": {"uv": [7, 7, 9, 9], "texture": "#2"},
				"west": {"uv": [7, 7, 9, 9], "texture": "#2"},
				"up": {"uv": [7, 7, 9, 9], "texture": "#2"},
				"down": {"uv": [7, 7, 9, 9], "texture": "#2"}
			}
		},
		{
			"from": [9.44, 1.94, 8.45],
			"to": [9.66, 2.06, 8.57],
			"rotation": {"angle": -45, "axis": "x", "origin": [9.19, 2.444, 9.5]},
			"faces": {
				"north": {"uv": [7, 7, 9, 9], "texture": "#2"},
				"east": {"uv": [7, 7, 9, 9], "texture": "#2"},
				"south": {"uv": [7, 7, 9, 9], "texture": "#2"},
				"west": {"uv": [7, 7, 9, 9], "texture": "#2"},
				"up": {"uv": [7, 7, 9, 9], "texture": "#2"},
				"down": {"uv": [7, 7, 9, 9], "texture": "#2"}
			}
		},
		{
			"from": [9.44, 1.94, 8.6],
			"to": [9.66, 2.06, 8.72],
			"rotation": {"angle": -45, "axis": "x", "origin": [9.19, 2.444, 9.65]},
			"faces": {
				"north": {"uv": [7, 7, 9, 9], "texture": "#2"},
				"east": {"uv": [7, 7, 9, 9], "texture": "#2"},
				"south": {"uv": [7, 7, 9, 9], "texture": "#2"},
				"west": {"uv": [7, 7, 9, 9], "texture": "#2"},
				"up": {"uv": [7, 7, 9, 9], "texture": "#2"},
				"down": {"uv": [7, 7, 9, 9], "texture": "#2"}
			}
		},
		{
			"from": [9.44, 1.94, 7.25],
			"to": [9.66, 2.06, 7.37],
			"rotation": {"angle": -45, "axis": "x", "origin": [9.19, 2.444, 8.3]},
			"faces": {
				"north": {"uv": [7, 7, 9, 9], "texture": "#2"},
				"east": {"uv": [7, 7, 9, 9], "texture": "#2"},
				"south": {"uv": [7, 7, 9, 9], "texture": "#2"},
				"west": {"uv": [7, 7, 9, 9], "texture": "#2"},
				"up": {"uv": [7, 7, 9, 9], "texture": "#2"},
				"down": {"uv": [7, 7, 9, 9], "texture": "#2"}
			}
		},
		{
			"from": [9.44, 1.94, 7.4],
			"to": [9.66, 2.06, 7.52],
			"rotation": {"angle": -45, "axis": "x", "origin": [9.19, 2.444, 8.45]},
			"faces": {
				"north": {"uv": [7, 7, 9, 9], "texture": "#2"},
				"east": {"uv": [7, 7, 9, 9], "texture": "#2"},
				"south": {"uv": [7, 7, 9, 9], "texture": "#2"},
				"west": {"uv": [7, 7, 9, 9], "texture": "#2"},
				"up": {"uv": [7, 7, 9, 9], "texture": "#2"},
				"down": {"uv": [7, 7, 9, 9], "texture": "#2"}
			}
		},
		{
			"from": [9.44, 1.94, 7.55],
			"to": [9.66, 2.06, 7.67],
			"rotation": {"angle": -45, "axis": "x", "origin": [9.19, 2.444, 8.6]},
			"faces": {
				"north": {"uv": [7, 7, 9, 9], "texture": "#2"},
				"east": {"uv": [7, 7, 9, 9], "texture": "#2"},
				"south": {"uv": [7, 7, 9, 9], "texture": "#2"},
				"west": {"uv": [7, 7, 9, 9], "texture": "#2"},
				"up": {"uv": [7, 7, 9, 9], "texture": "#2"},
				"down": {"uv": [7, 7, 9, 9], "texture": "#2"}
			}
		},
		{
			"from": [9.44, 1.94, 7.7],
			"to": [9.66, 2.06, 7.82],
			"rotation": {"angle": -45, "axis": "x", "origin": [9.19, 2.444, 8.75]},
			"faces": {
				"north": {"uv": [7, 7, 9, 9], "texture": "#2"},
				"east": {"uv": [7, 7, 9, 9], "texture": "#2"},
				"south": {"uv": [7, 7, 9, 9], "texture": "#2"},
				"west": {"uv": [7, 7, 9, 9], "texture": "#2"},
				"up": {"uv": [7, 7, 9, 9], "texture": "#2"},
				"down": {"uv": [7, 7, 9, 9], "texture": "#2"}
			}
		},
		{
			"from": [9.44, 1.94, 7.85],
			"to": [9.66, 2.06, 7.97],
			"rotation": {"angle": -45, "axis": "x", "origin": [9.19, 2.444, 8.9]},
			"faces": {
				"north": {"uv": [7, 7, 9, 9], "texture": "#2"},
				"east": {"uv": [7, 7, 9, 9], "texture": "#2"},
				"south": {"uv": [7, 7, 9, 9], "texture": "#2"},
				"west": {"uv": [7, 7, 9, 9], "texture": "#2"},
				"up": {"uv": [7, 7, 9, 9], "texture": "#2"},
				"down": {"uv": [7, 7, 9, 9], "texture": "#2"}
			}
		},
		{
			"from": [9.44, 1.94, 6.5],
			"to": [9.66, 2.06, 6.62],
			"rotation": {"angle": -45, "axis": "x", "origin": [9.19, 2.444, 7.55]},
			"faces": {
				"north": {"uv": [7, 7, 9, 9], "texture": "#2"},
				"east": {"uv": [7, 7, 9, 9], "texture": "#2"},
				"south": {"uv": [7, 7, 9, 9], "texture": "#2"},
				"west": {"uv": [7, 7, 9, 9], "texture": "#2"},
				"up": {"uv": [7, 7, 9, 9], "texture": "#2"},
				"down": {"uv": [7, 7, 9, 9], "texture": "#2"}
			}
		},
		{
			"from": [9.44, 1.94, 6.65],
			"to": [9.66, 2.06, 6.77],
			"rotation": {"angle": -45, "axis": "x", "origin": [9.19, 2.444, 7.7]},
			"faces": {
				"north": {"uv": [7, 7, 9, 9], "texture": "#2"},
				"east": {"uv": [7, 7, 9, 9], "texture": "#2"},
				"south": {"uv": [7, 7, 9, 9], "texture": "#2"},
				"west": {"uv": [7, 7, 9, 9], "texture": "#2"},
				"up": {"uv": [7, 7, 9, 9], "texture": "#2"},
				"down": {"uv": [7, 7, 9, 9], "texture": "#2"}
			}
		},
		{
			"from": [9.44, 1.94, 8],
			"to": [9.66, 2.06, 8.12],
			"rotation": {"angle": -45, "axis": "x", "origin": [9.19, 2.444, 9.05]},
			"faces": {
				"north": {"uv": [7, 7, 9, 9], "texture": "#2"},
				"east": {"uv": [7, 7, 9, 9], "texture": "#2"},
				"south": {"uv": [7, 7, 9, 9], "texture": "#2"},
				"west": {"uv": [7, 7, 9, 9], "texture": "#2"},
				"up": {"uv": [7, 7, 9, 9], "texture": "#2"},
				"down": {"uv": [7, 7, 9, 9], "texture": "#2"}
			}
		},
		{
			"from": [9.44, 1.94, 8.15],
			"to": [9.66, 2.06, 8.27],
			"rotation": {"angle": -45, "axis": "x", "origin": [9.19, 2.444, 9.2]},
			"faces": {
				"north": {"uv": [7, 7, 9, 9], "texture": "#2"},
				"east": {"uv": [7, 7, 9, 9], "texture": "#2"},
				"south": {"uv": [7, 7, 9, 9], "texture": "#2"},
				"west": {"uv": [7, 7, 9, 9], "texture": "#2"},
				"up": {"uv": [7, 7, 9, 9], "texture": "#2"},
				"down": {"uv": [7, 7, 9, 9], "texture": "#2"}
			}
		},
		{
			"from": [9.44, 1.94, 8.3],
			"to": [9.66, 2.06, 8.42],
			"rotation": {"angle": -45, "axis": "x", "origin": [9.19, 2.444, 9.35]},
			"faces": {
				"north": {"uv": [7, 7, 9, 9], "texture": "#2"},
				"east": {"uv": [7, 7, 9, 9], "texture": "#2"},
				"south": {"uv": [7, 7, 9, 9], "texture": "#2"},
				"west": {"uv": [7, 7, 9, 9], "texture": "#2"},
				"up": {"uv": [7, 7, 9, 9], "texture": "#2"},
				"down": {"uv": [7, 7, 9, 9], "texture": "#2"}
			}
		},
		{
			"from": [9.44, 1.94, 8.9],
			"to": [9.66, 2.06, 9.02],
			"rotation": {"angle": -45, "axis": "x", "origin": [9.19, 2.444, 9.95]},
			"faces": {
				"north": {"uv": [7, 7, 9, 9], "texture": "#2"},
				"east": {"uv": [7, 7, 9, 9], "texture": "#2"},
				"south": {"uv": [7, 7, 9, 9], "texture": "#2"},
				"west": {"uv": [7, 7, 9, 9], "texture": "#2"},
				"up": {"uv": [7, 7, 9, 9], "texture": "#2"},
				"down": {"uv": [7, 7, 9, 9], "texture": "#2"}
			}
		},
		{
			"from": [9.44, 1.94, 8.75],
			"to": [9.66, 2.06, 8.87],
			"rotation": {"angle": -45, "axis": "x", "origin": [9.19, 2.444, 9.8]},
			"faces": {
				"north": {"uv": [7, 7, 9, 9], "texture": "#2"},
				"east": {"uv": [7, 7, 9, 9], "texture": "#2"},
				"south": {"uv": [7, 7, 9, 9], "texture": "#2"},
				"west": {"uv": [7, 7, 9, 9], "texture": "#2"},
				"up": {"uv": [7, 7, 9, 9], "texture": "#2"},
				"down": {"uv": [7, 7, 9, 9], "texture": "#2"}
			}
		},
		{
			"from": [9.44, 1.94, 9.05],
			"to": [9.66, 2.06, 9.17],
			"rotation": {"angle": -45, "axis": "x", "origin": [9.19, 2.444, 10.1]},
			"faces": {
				"north": {"uv": [7, 7, 9, 9], "texture": "#2"},
				"east": {"uv": [7, 7, 9, 9], "texture": "#2"},
				"south": {"uv": [7, 7, 9, 9], "texture": "#2"},
				"west": {"uv": [7, 7, 9, 9], "texture": "#2"},
				"up": {"uv": [7, 7, 9, 9], "texture": "#2"},
				"down": {"uv": [7, 7, 9, 9], "texture": "#2"}
			}
		},
		{
			"from": [9.44, 1.94, 8.9],
			"to": [9.66, 2.06, 9.02],
			"rotation": {"angle": -45, "axis": "x", "origin": [9.19, 2.444, 9.95]},
			"faces": {
				"north": {"uv": [7, 7, 9, 9], "texture": "#2"},
				"east": {"uv": [7, 7, 9, 9], "texture": "#2"},
				"south": {"uv": [7, 7, 9, 9], "texture": "#2"},
				"west": {"uv": [7, 7, 9, 9], "texture": "#2"},
				"up": {"uv": [7, 7, 9, 9], "texture": "#2"},
				"down": {"uv": [7, 7, 9, 9], "texture": "#2"}
			}
		},
		{
			"from": [9.44, 1.94, 9.2],
			"to": [9.66, 2.06, 9.32],
			"rotation": {"angle": -45, "axis": "x", "origin": [9.19, 2.444, 10.25]},
			"faces": {
				"north": {"uv": [7, 7, 9, 9], "texture": "#2"},
				"east": {"uv": [7, 7, 9, 9], "texture": "#2"},
				"south": {"uv": [7, 7, 9, 9], "texture": "#2"},
				"west": {"uv": [7, 7, 9, 9], "texture": "#2"},
				"up": {"uv": [7, 7, 9, 9], "texture": "#2"},
				"down": {"uv": [7, 7, 9, 9], "texture": "#2"}
			}
		},
		{
			"from": [9.44, 1.94, 9.35],
			"to": [9.66, 2.06, 9.47],
			"rotation": {"angle": -45, "axis": "x", "origin": [9.19, 2.444, 10.4]},
			"faces": {
				"north": {"uv": [7, 7, 9, 9], "texture": "#2"},
				"east": {"uv": [7, 7, 9, 9], "texture": "#2"},
				"south": {"uv": [7, 7, 9, 9], "texture": "#2"},
				"west": {"uv": [7, 7, 9, 9], "texture": "#2"},
				"up": {"uv": [7, 7, 9, 9], "texture": "#2"},
				"down": {"uv": [7, 7, 9, 9], "texture": "#2"}
			}
		},
		{
			"from": [9.44, 0.23, 0.65],
			"to": [9.66, 0.35, 0.77],
			"rotation": {"angle": -45, "axis": "x", "origin": [9.19, 0.734, 1.7]},
			"faces": {
				"north": {"uv": [7, 7, 9, 9], "texture": "#2"},
				"east": {"uv": [7, 7, 9, 9], "texture": "#2"},
				"south": {"uv": [7, 7, 9, 9], "texture": "#2"},
				"west": {"uv": [7, 7, 9, 9], "texture": "#2"},
				"up": {"uv": [7, 7, 9, 9], "texture": "#2"},
				"down": {"uv": [7, 7, 9, 9], "texture": "#2"}
			}
		},
		{
			"from": [9.44, 0.23, 0.5],
			"to": [9.66, 0.35, 0.62],
			"rotation": {"angle": -45, "axis": "x", "origin": [9.19, 0.734, 1.55]},
			"faces": {
				"north": {"uv": [7, 7, 9, 9], "texture": "#2"},
				"east": {"uv": [7, 7, 9, 9], "texture": "#2"},
				"south": {"uv": [7, 7, 9, 9], "texture": "#2"},
				"west": {"uv": [7, 7, 9, 9], "texture": "#2"},
				"up": {"uv": [7, 7, 9, 9], "texture": "#2"},
				"down": {"uv": [7, 7, 9, 9], "texture": "#2"}
			}
		},
		{
			"from": [9.44, 0.23, 0.35],
			"to": [9.66, 0.35, 0.47],
			"rotation": {"angle": -45, "axis": "x", "origin": [9.19, 0.734, 1.4]},
			"faces": {
				"north": {"uv": [7, 7, 9, 9], "texture": "#2"},
				"east": {"uv": [7, 7, 9, 9], "texture": "#2"},
				"south": {"uv": [7, 7, 9, 9], "texture": "#2"},
				"west": {"uv": [7, 7, 9, 9], "texture": "#2"},
				"up": {"uv": [7, 7, 9, 9], "texture": "#2"},
				"down": {"uv": [7, 7, 9, 9], "texture": "#2"}
			}
		},
		{
			"from": [9.44, 0.23, 0.2],
			"to": [9.66, 0.35, 0.32],
			"rotation": {"angle": -45, "axis": "x", "origin": [9.19, 0.734, 1.25]},
			"faces": {
				"north": {"uv": [7, 7, 9, 9], "texture": "#2"},
				"east": {"uv": [7, 7, 9, 9], "texture": "#2"},
				"south": {"uv": [7, 7, 9, 9], "texture": "#2"},
				"west": {"uv": [7, 7, 9, 9], "texture": "#2"},
				"up": {"uv": [7, 7, 9, 9], "texture": "#2"},
				"down": {"uv": [7, 7, 9, 9], "texture": "#2"}
			}
		},
		{
			"from": [9.44, 0.23, 0.05],
			"to": [9.66, 0.35, 0.17],
			"rotation": {"angle": -45, "axis": "x", "origin": [9.19, 0.734, 1.1]},
			"faces": {
				"north": {"uv": [7, 7, 9, 9], "texture": "#2"},
				"east": {"uv": [7, 7, 9, 9], "texture": "#2"},
				"south": {"uv": [7, 7, 9, 9], "texture": "#2"},
				"west": {"uv": [7, 7, 9, 9], "texture": "#2"},
				"up": {"uv": [7, 7, 9, 9], "texture": "#2"},
				"down": {"uv": [7, 7, 9, 9], "texture": "#2"}
			}
		},
		{
			"from": [9.44, 0.23, -0.1],
			"to": [9.66, 0.35, 0.02],
			"rotation": {"angle": -45, "axis": "x", "origin": [9.19, 0.734, 0.95]},
			"faces": {
				"north": {"uv": [7, 7, 9, 9], "texture": "#2"},
				"east": {"uv": [7, 7, 9, 9], "texture": "#2"},
				"south": {"uv": [7, 7, 9, 9], "texture": "#2"},
				"west": {"uv": [7, 7, 9, 9], "texture": "#2"},
				"up": {"uv": [7, 7, 9, 9], "texture": "#2"},
				"down": {"uv": [7, 7, 9, 9], "texture": "#2"}
			}
		},
		{
			"from": [9.44, 0.23, -0.25],
			"to": [9.66, 0.35, -0.13],
			"rotation": {"angle": -45, "axis": "x", "origin": [9.19, 0.734, 0.8]},
			"faces": {
				"north": {"uv": [7, 7, 9, 9], "texture": "#2"},
				"east": {"uv": [7, 7, 9, 9], "texture": "#2"},
				"south": {"uv": [7, 7, 9, 9], "texture": "#2"},
				"west": {"uv": [7, 7, 9, 9], "texture": "#2"},
				"up": {"uv": [7, 7, 9, 9], "texture": "#2"},
				"down": {"uv": [7, 7, 9, 9], "texture": "#2"}
			}
		},
		{
			"from": [9.44, 0.23, -0.4],
			"to": [9.66, 0.35, -0.28],
			"rotation": {"angle": -45, "axis": "x", "origin": [9.19, 0.734, 0.65]},
			"faces": {
				"north": {"uv": [7, 7, 9, 9], "texture": "#2"},
				"east": {"uv": [7, 7, 9, 9], "texture": "#2"},
				"south": {"uv": [7, 7, 9, 9], "texture": "#2"},
				"west": {"uv": [7, 7, 9, 9], "texture": "#2"},
				"up": {"uv": [7, 7, 9, 9], "texture": "#2"},
				"down": {"uv": [7, 7, 9, 9], "texture": "#2"}
			}
		},
		{
			"from": [9.44, 0.23, -0.85],
			"to": [9.66, 0.35, -0.73],
			"rotation": {"angle": -45, "axis": "x", "origin": [9.19, 0.734, 0.2]},
			"faces": {
				"north": {"uv": [7, 7, 9, 9], "texture": "#2"},
				"east": {"uv": [7, 7, 9, 9], "texture": "#2"},
				"south": {"uv": [7, 7, 9, 9], "texture": "#2"},
				"west": {"uv": [7, 7, 9, 9], "texture": "#2"},
				"up": {"uv": [7, 7, 9, 9], "texture": "#2"},
				"down": {"uv": [7, 7, 9, 9], "texture": "#2"}
			}
		},
		{
			"from": [9.44, 0.23, -0.7],
			"to": [9.66, 0.35, -0.58],
			"rotation": {"angle": -45, "axis": "x", "origin": [9.19, 0.734, 0.35]},
			"faces": {
				"north": {"uv": [7, 7, 9, 9], "texture": "#2"},
				"east": {"uv": [7, 7, 9, 9], "texture": "#2"},
				"south": {"uv": [7, 7, 9, 9], "texture": "#2"},
				"west": {"uv": [7, 7, 9, 9], "texture": "#2"},
				"up": {"uv": [7, 7, 9, 9], "texture": "#2"},
				"down": {"uv": [7, 7, 9, 9], "texture": "#2"}
			}
		},
		{
			"from": [9.44, 0.23, -0.55],
			"to": [9.66, 0.35, -0.43],
			"rotation": {"angle": -45, "axis": "x", "origin": [9.19, 0.734, 0.5]},
			"faces": {
				"north": {"uv": [7, 7, 9, 9], "texture": "#2"},
				"east": {"uv": [7, 7, 9, 9], "texture": "#2"},
				"south": {"uv": [7, 7, 9, 9], "texture": "#2"},
				"west": {"uv": [7, 7, 9, 9], "texture": "#2"},
				"up": {"uv": [7, 7, 9, 9], "texture": "#2"},
				"down": {"uv": [7, 7, 9, 9], "texture": "#2"}
			}
		},
		{
			"from": [9.44, 0.23, -1.15],
			"to": [9.66, 0.35, -1.03],
			"rotation": {"angle": -45, "axis": "x", "origin": [9.19, 0.734, -0.1]},
			"faces": {
				"north": {"uv": [7, 7, 9, 9], "texture": "#2"},
				"east": {"uv": [7, 7, 9, 9], "texture": "#2"},
				"south": {"uv": [7, 7, 9, 9], "texture": "#2"},
				"west": {"uv": [7, 7, 9, 9], "texture": "#2"},
				"up": {"uv": [7, 7, 9, 9], "texture": "#2"},
				"down": {"uv": [7, 7, 9, 9], "texture": "#2"}
			}
		},
		{
			"from": [9.44, 0.23, -1],
			"to": [9.66, 0.35, -0.88],
			"rotation": {"angle": -45, "axis": "x", "origin": [9.19, 0.734, 0.05]},
			"faces": {
				"north": {"uv": [7, 7, 9, 9], "texture": "#2"},
				"east": {"uv": [7, 7, 9, 9], "texture": "#2"},
				"south": {"uv": [7, 7, 9, 9], "texture": "#2"},
				"west": {"uv": [7, 7, 9, 9], "texture": "#2"},
				"up": {"uv": [7, 7, 9, 9], "texture": "#2"},
				"down": {"uv": [7, 7, 9, 9], "texture": "#2"}
			}
		},
		{
			"from": [9.44, 0.23, 3.5],
			"to": [9.66, 0.35, 3.62],
			"rotation": {"angle": -45, "axis": "x", "origin": [9.19, 0.734, 4.55]},
			"faces": {
				"north": {"uv": [7, 7, 9, 9], "texture": "#2"},
				"east": {"uv": [7, 7, 9, 9], "texture": "#2"},
				"south": {"uv": [7, 7, 9, 9], "texture": "#2"},
				"west": {"uv": [7, 7, 9, 9], "texture": "#2"},
				"up": {"uv": [7, 7, 9, 9], "texture": "#2"},
				"down": {"uv": [7, 7, 9, 9], "texture": "#2"}
			}
		},
		{
			"from": [9.44, 0.23, 3.35],
			"to": [9.66, 0.35, 3.47],
			"rotation": {"angle": -45, "axis": "x", "origin": [9.19, 0.734, 4.4]},
			"faces": {
				"north": {"uv": [7, 7, 9, 9], "texture": "#2"},
				"east": {"uv": [7, 7, 9, 9], "texture": "#2"},
				"south": {"uv": [7, 7, 9, 9], "texture": "#2"},
				"west": {"uv": [7, 7, 9, 9], "texture": "#2"},
				"up": {"uv": [7, 7, 9, 9], "texture": "#2"},
				"down": {"uv": [7, 7, 9, 9], "texture": "#2"}
			}
		},
		{
			"from": [9.44, 0.23, 3.2],
			"to": [9.66, 0.35, 3.32],
			"rotation": {"angle": -45, "axis": "x", "origin": [9.19, 0.734, 4.25]},
			"faces": {
				"north": {"uv": [7, 7, 9, 9], "texture": "#2"},
				"east": {"uv": [7, 7, 9, 9], "texture": "#2"},
				"south": {"uv": [7, 7, 9, 9], "texture": "#2"},
				"west": {"uv": [7, 7, 9, 9], "texture": "#2"},
				"up": {"uv": [7, 7, 9, 9], "texture": "#2"},
				"down": {"uv": [7, 7, 9, 9], "texture": "#2"}
			}
		},
		{
			"from": [9.44, 0.23, 3.05],
			"to": [9.66, 0.35, 3.17],
			"rotation": {"angle": -45, "axis": "x", "origin": [9.19, 0.734, 4.1]},
			"faces": {
				"north": {"uv": [7, 7, 9, 9], "texture": "#2"},
				"east": {"uv": [7, 7, 9, 9], "texture": "#2"},
				"south": {"uv": [7, 7, 9, 9], "texture": "#2"},
				"west": {"uv": [7, 7, 9, 9], "texture": "#2"},
				"up": {"uv": [7, 7, 9, 9], "texture": "#2"},
				"down": {"uv": [7, 7, 9, 9], "texture": "#2"}
			}
		},
		{
			"from": [9.44, 0.23, 2.9],
			"to": [9.66, 0.35, 3.02],
			"rotation": {"angle": -45, "axis": "x", "origin": [9.19, 0.734, 3.95]},
			"faces": {
				"north": {"uv": [7, 7, 9, 9], "texture": "#2"},
				"east": {"uv": [7, 7, 9, 9], "texture": "#2"},
				"south": {"uv": [7, 7, 9, 9], "texture": "#2"},
				"west": {"uv": [7, 7, 9, 9], "texture": "#2"},
				"up": {"uv": [7, 7, 9, 9], "texture": "#2"},
				"down": {"uv": [7, 7, 9, 9], "texture": "#2"}
			}
		},
		{
			"from": [9.44, 0.23, 2.75],
			"to": [9.66, 0.35, 2.87],
			"rotation": {"angle": -45, "axis": "x", "origin": [9.19, 0.734, 3.8]},
			"faces": {
				"north": {"uv": [7, 7, 9, 9], "texture": "#2"},
				"east": {"uv": [7, 7, 9, 9], "texture": "#2"},
				"south": {"uv": [7, 7, 9, 9], "texture": "#2"},
				"west": {"uv": [7, 7, 9, 9], "texture": "#2"},
				"up": {"uv": [7, 7, 9, 9], "texture": "#2"},
				"down": {"uv": [7, 7, 9, 9], "texture": "#2"}
			}
		},
		{
			"from": [9.44, 0.23, 2.6],
			"to": [9.66, 0.35, 2.72],
			"rotation": {"angle": -45, "axis": "x", "origin": [9.19, 0.734, 3.65]},
			"faces": {
				"north": {"uv": [7, 7, 9, 9], "texture": "#2"},
				"east": {"uv": [7, 7, 9, 9], "texture": "#2"},
				"south": {"uv": [7, 7, 9, 9], "texture": "#2"},
				"west": {"uv": [7, 7, 9, 9], "texture": "#2"},
				"up": {"uv": [7, 7, 9, 9], "texture": "#2"},
				"down": {"uv": [7, 7, 9, 9], "texture": "#2"}
			}
		},
		{
			"from": [9.44, 0.23, 2.15],
			"to": [9.66, 0.35, 2.27],
			"rotation": {"angle": -45, "axis": "x", "origin": [9.19, 0.734, 3.2]},
			"faces": {
				"north": {"uv": [7, 7, 9, 9], "texture": "#2"},
				"east": {"uv": [7, 7, 9, 9], "texture": "#2"},
				"south": {"uv": [7, 7, 9, 9], "texture": "#2"},
				"west": {"uv": [7, 7, 9, 9], "texture": "#2"},
				"up": {"uv": [7, 7, 9, 9], "texture": "#2"},
				"down": {"uv": [7, 7, 9, 9], "texture": "#2"}
			}
		},
		{
			"from": [9.44, 0.23, 2.3],
			"to": [9.66, 0.35, 2.42],
			"rotation": {"angle": -45, "axis": "x", "origin": [9.19, 0.734, 3.35]},
			"faces": {
				"north": {"uv": [7, 7, 9, 9], "texture": "#2"},
				"east": {"uv": [7, 7, 9, 9], "texture": "#2"},
				"south": {"uv": [7, 7, 9, 9], "texture": "#2"},
				"west": {"uv": [7, 7, 9, 9], "texture": "#2"},
				"up": {"uv": [7, 7, 9, 9], "texture": "#2"},
				"down": {"uv": [7, 7, 9, 9], "texture": "#2"}
			}
		},
		{
			"from": [9.44, 0.23, 2.45],
			"to": [9.66, 0.35, 2.57],
			"rotation": {"angle": -45, "axis": "x", "origin": [9.19, 0.734, 3.5]},
			"faces": {
				"north": {"uv": [7, 7, 9, 9], "texture": "#2"},
				"east": {"uv": [7, 7, 9, 9], "texture": "#2"},
				"south": {"uv": [7, 7, 9, 9], "texture": "#2"},
				"west": {"uv": [7, 7, 9, 9], "texture": "#2"},
				"up": {"uv": [7, 7, 9, 9], "texture": "#2"},
				"down": {"uv": [7, 7, 9, 9], "texture": "#2"}
			}
		},
		{
			"from": [9.44, 0.23, 1.85],
			"to": [9.66, 0.35, 1.97],
			"rotation": {"angle": -45, "axis": "x", "origin": [9.19, 0.734, 2.9]},
			"faces": {
				"north": {"uv": [7, 7, 9, 9], "texture": "#2"},
				"east": {"uv": [7, 7, 9, 9], "texture": "#2"},
				"south": {"uv": [7, 7, 9, 9], "texture": "#2"},
				"west": {"uv": [7, 7, 9, 9], "texture": "#2"},
				"up": {"uv": [7, 7, 9, 9], "texture": "#2"},
				"down": {"uv": [7, 7, 9, 9], "texture": "#2"}
			}
		},
		{
			"from": [9.44, 0.23, 1.7],
			"to": [9.66, 0.35, 1.82],
			"rotation": {"angle": -45, "axis": "x", "origin": [9.19, 0.734, 2.75]},
			"faces": {
				"north": {"uv": [7, 7, 9, 9], "texture": "#2"},
				"east": {"uv": [7, 7, 9, 9], "texture": "#2"},
				"south": {"uv": [7, 7, 9, 9], "texture": "#2"},
				"west": {"uv": [7, 7, 9, 9], "texture": "#2"},
				"up": {"uv": [7, 7, 9, 9], "texture": "#2"},
				"down": {"uv": [7, 7, 9, 9], "texture": "#2"}
			}
		},
		{
			"from": [9.44, 0.23, 1.55],
			"to": [9.66, 0.35, 1.67],
			"rotation": {"angle": -45, "axis": "x", "origin": [9.19, 0.734, 2.6]},
			"faces": {
				"north": {"uv": [7, 7, 9, 9], "texture": "#2"},
				"east": {"uv": [7, 7, 9, 9], "texture": "#2"},
				"south": {"uv": [7, 7, 9, 9], "texture": "#2"},
				"west": {"uv": [7, 7, 9, 9], "texture": "#2"},
				"up": {"uv": [7, 7, 9, 9], "texture": "#2"},
				"down": {"uv": [7, 7, 9, 9], "texture": "#2"}
			}
		},
		{
			"from": [9.44, 0.23, 2],
			"to": [9.66, 0.35, 2.12],
			"rotation": {"angle": -45, "axis": "x", "origin": [9.19, 0.734, 3.05]},
			"faces": {
				"north": {"uv": [7, 7, 9, 9], "texture": "#2"},
				"east": {"uv": [7, 7, 9, 9], "texture": "#2"},
				"south": {"uv": [7, 7, 9, 9], "texture": "#2"},
				"west": {"uv": [7, 7, 9, 9], "texture": "#2"},
				"up": {"uv": [7, 7, 9, 9], "texture": "#2"},
				"down": {"uv": [7, 7, 9, 9], "texture": "#2"}
			}
		},
		{
			"from": [9.44, 0.23, 1.4],
			"to": [9.66, 0.35, 1.52],
			"rotation": {"angle": -45, "axis": "x", "origin": [9.19, 0.734, 2.45]},
			"faces": {
				"north": {"uv": [7, 7, 9, 9], "texture": "#2"},
				"east": {"uv": [7, 7, 9, 9], "texture": "#2"},
				"south": {"uv": [7, 7, 9, 9], "texture": "#2"},
				"west": {"uv": [7, 7, 9, 9], "texture": "#2"},
				"up": {"uv": [7, 7, 9, 9], "texture": "#2"},
				"down": {"uv": [7, 7, 9, 9], "texture": "#2"}
			}
		},
		{
			"from": [9.44, 0.23, 1.25],
			"to": [9.66, 0.35, 1.37],
			"rotation": {"angle": -45, "axis": "x", "origin": [9.19, 0.734, 2.3]},
			"faces": {
				"north": {"uv": [7, 7, 9, 9], "texture": "#2"},
				"east": {"uv": [7, 7, 9, 9], "texture": "#2"},
				"south": {"uv": [7, 7, 9, 9], "texture": "#2"},
				"west": {"uv": [7, 7, 9, 9], "texture": "#2"},
				"up": {"uv": [7, 7, 9, 9], "texture": "#2"},
				"down": {"uv": [7, 7, 9, 9], "texture": "#2"}
			}
		},
		{
			"from": [9.44, 0.23, 1.1],
			"to": [9.66, 0.35, 1.22],
			"rotation": {"angle": -45, "axis": "x", "origin": [9.19, 0.734, 2.15]},
			"faces": {
				"north": {"uv": [7, 7, 9, 9], "texture": "#2"},
				"east": {"uv": [7, 7, 9, 9], "texture": "#2"},
				"south": {"uv": [7, 7, 9, 9], "texture": "#2"},
				"west": {"uv": [7, 7, 9, 9], "texture": "#2"},
				"up": {"uv": [7, 7, 9, 9], "texture": "#2"},
				"down": {"uv": [7, 7, 9, 9], "texture": "#2"}
			}
		},
		{
			"from": [9.44, 0.23, 0.95],
			"to": [9.66, 0.35, 1.07],
			"rotation": {"angle": -45, "axis": "x", "origin": [9.19, 0.734, 2]},
			"faces": {
				"north": {"uv": [7, 7, 9, 9], "texture": "#2"},
				"east": {"uv": [7, 7, 9, 9], "texture": "#2"},
				"south": {"uv": [7, 7, 9, 9], "texture": "#2"},
				"west": {"uv": [7, 7, 9, 9], "texture": "#2"},
				"up": {"uv": [7, 7, 9, 9], "texture": "#2"},
				"down": {"uv": [7, 7, 9, 9], "texture": "#2"}
			}
		},
		{
			"from": [9.44, 0.23, 0.8],
			"to": [9.66, 0.35, 0.92],
			"rotation": {"angle": -45, "axis": "x", "origin": [9.19, 0.734, 1.85]},
			"faces": {
				"north": {"uv": [7, 7, 9, 9], "texture": "#2"},
				"east": {"uv": [7, 7, 9, 9], "texture": "#2"},
				"south": {"uv": [7, 7, 9, 9], "texture": "#2"},
				"west": {"uv": [7, 7, 9, 9], "texture": "#2"},
				"up": {"uv": [7, 7, 9, 9], "texture": "#2"},
				"down": {"uv": [7, 7, 9, 9], "texture": "#2"}
			}
		},
		{
			"from": [9.44, 0.23, 5.45],
			"to": [9.66, 0.35, 5.57],
			"rotation": {"angle": -45, "axis": "x", "origin": [9.19, 0.734, 6.5]},
			"faces": {
				"north": {"uv": [7, 7, 9, 9], "texture": "#2"},
				"east": {"uv": [7, 7, 9, 9], "texture": "#2"},
				"south": {"uv": [7, 7, 9, 9], "texture": "#2"},
				"west": {"uv": [7, 7, 9, 9], "texture": "#2"},
				"up": {"uv": [7, 7, 9, 9], "texture": "#2"},
				"down": {"uv": [7, 7, 9, 9], "texture": "#2"}
			}
		},
		{
			"from": [9.44, 0.23, 4.85],
			"to": [9.66, 0.35, 4.97],
			"rotation": {"angle": -45, "axis": "x", "origin": [9.19, 0.734, 5.9]},
			"faces": {
				"north": {"uv": [7, 7, 9, 9], "texture": "#2"},
				"east": {"uv": [7, 7, 9, 9], "texture": "#2"},
				"south": {"uv": [7, 7, 9, 9], "texture": "#2"},
				"west": {"uv": [7, 7, 9, 9], "texture": "#2"},
				"up": {"uv": [7, 7, 9, 9], "texture": "#2"},
				"down": {"uv": [7, 7, 9, 9], "texture": "#2"}
			}
		},
		{
			"from": [9.44, 0.23, 4.7],
			"to": [9.66, 0.35, 4.82],
			"rotation": {"angle": -45, "axis": "x", "origin": [9.19, 0.734, 5.75]},
			"faces": {
				"north": {"uv": [7, 7, 9, 9], "texture": "#2"},
				"east": {"uv": [7, 7, 9, 9], "texture": "#2"},
				"south": {"uv": [7, 7, 9, 9], "texture": "#2"},
				"west": {"uv": [7, 7, 9, 9], "texture": "#2"},
				"up": {"uv": [7, 7, 9, 9], "texture": "#2"},
				"down": {"uv": [7, 7, 9, 9], "texture": "#2"}
			}
		},
		{
			"from": [9.44, 0.23, 4.55],
			"to": [9.66, 0.35, 4.67],
			"rotation": {"angle": -45, "axis": "x", "origin": [9.19, 0.734, 5.6]},
			"faces": {
				"north": {"uv": [7, 7, 9, 9], "texture": "#2"},
				"east": {"uv": [7, 7, 9, 9], "texture": "#2"},
				"south": {"uv": [7, 7, 9, 9], "texture": "#2"},
				"west": {"uv": [7, 7, 9, 9], "texture": "#2"},
				"up": {"uv": [7, 7, 9, 9], "texture": "#2"},
				"down": {"uv": [7, 7, 9, 9], "texture": "#2"}
			}
		},
		{
			"from": [9.44, 0.23, 5],
			"to": [9.66, 0.35, 5.12],
			"rotation": {"angle": -45, "axis": "x", "origin": [9.19, 0.734, 6.05]},
			"faces": {
				"north": {"uv": [7, 7, 9, 9], "texture": "#2"},
				"east": {"uv": [7, 7, 9, 9], "texture": "#2"},
				"south": {"uv": [7, 7, 9, 9], "texture": "#2"},
				"west": {"uv": [7, 7, 9, 9], "texture": "#2"},
				"up": {"uv": [7, 7, 9, 9], "texture": "#2"},
				"down": {"uv": [7, 7, 9, 9], "texture": "#2"}
			}
		},
		{
			"from": [9.44, 0.23, 4.4],
			"to": [9.66, 0.35, 4.52],
			"rotation": {"angle": -45, "axis": "x", "origin": [9.19, 0.734, 5.45]},
			"faces": {
				"north": {"uv": [7, 7, 9, 9], "texture": "#2"},
				"east": {"uv": [7, 7, 9, 9], "texture": "#2"},
				"south": {"uv": [7, 7, 9, 9], "texture": "#2"},
				"west": {"uv": [7, 7, 9, 9], "texture": "#2"},
				"up": {"uv": [7, 7, 9, 9], "texture": "#2"},
				"down": {"uv": [7, 7, 9, 9], "texture": "#2"}
			}
		},
		{
			"from": [9.44, 0.23, 4.25],
			"to": [9.66, 0.35, 4.37],
			"rotation": {"angle": -45, "axis": "x", "origin": [9.19, 0.734, 5.3]},
			"faces": {
				"north": {"uv": [7, 7, 9, 9], "texture": "#2"},
				"east": {"uv": [7, 7, 9, 9], "texture": "#2"},
				"south": {"uv": [7, 7, 9, 9], "texture": "#2"},
				"west": {"uv": [7, 7, 9, 9], "texture": "#2"},
				"up": {"uv": [7, 7, 9, 9], "texture": "#2"},
				"down": {"uv": [7, 7, 9, 9], "texture": "#2"}
			}
		},
		{
			"from": [9.44, 0.23, 4.1],
			"to": [9.66, 0.35, 4.22],
			"rotation": {"angle": -45, "axis": "x", "origin": [9.19, 0.734, 5.15]},
			"faces": {
				"north": {"uv": [7, 7, 9, 9], "texture": "#2"},
				"east": {"uv": [7, 7, 9, 9], "texture": "#2"},
				"south": {"uv": [7, 7, 9, 9], "texture": "#2"},
				"west": {"uv": [7, 7, 9, 9], "texture": "#2"},
				"up": {"uv": [7, 7, 9, 9], "texture": "#2"},
				"down": {"uv": [7, 7, 9, 9], "texture": "#2"}
			}
		},
		{
			"from": [9.44, 0.23, 3.95],
			"to": [9.66, 0.35, 4.07],
			"rotation": {"angle": -45, "axis": "x", "origin": [9.19, 0.734, 5]},
			"faces": {
				"north": {"uv": [7, 7, 9, 9], "texture": "#2"},
				"east": {"uv": [7, 7, 9, 9], "texture": "#2"},
				"south": {"uv": [7, 7, 9, 9], "texture": "#2"},
				"west": {"uv": [7, 7, 9, 9], "texture": "#2"},
				"up": {"uv": [7, 7, 9, 9], "texture": "#2"},
				"down": {"uv": [7, 7, 9, 9], "texture": "#2"}
			}
		},
		{
			"from": [9.44, 0.23, 3.8],
			"to": [9.66, 0.35, 3.92],
			"rotation": {"angle": -45, "axis": "x", "origin": [9.19, 0.734, 4.85]},
			"faces": {
				"north": {"uv": [7, 7, 9, 9], "texture": "#2"},
				"east": {"uv": [7, 7, 9, 9], "texture": "#2"},
				"south": {"uv": [7, 7, 9, 9], "texture": "#2"},
				"west": {"uv": [7, 7, 9, 9], "texture": "#2"},
				"up": {"uv": [7, 7, 9, 9], "texture": "#2"},
				"down": {"uv": [7, 7, 9, 9], "texture": "#2"}
			}
		},
		{
			"from": [9.44, 0.23, 3.65],
			"to": [9.66, 0.35, 3.77],
			"rotation": {"angle": -45, "axis": "x", "origin": [9.19, 0.734, 4.7]},
			"faces": {
				"north": {"uv": [7, 7, 9, 9], "texture": "#2"},
				"east": {"uv": [7, 7, 9, 9], "texture": "#2"},
				"south": {"uv": [7, 7, 9, 9], "texture": "#2"},
				"west": {"uv": [7, 7, 9, 9], "texture": "#2"},
				"up": {"uv": [7, 7, 9, 9], "texture": "#2"},
				"down": {"uv": [7, 7, 9, 9], "texture": "#2"}
			}
		},
		{
			"from": [9.44, 0.23, 5.15],
			"to": [9.66, 0.35, 5.27],
			"rotation": {"angle": -45, "axis": "x", "origin": [9.19, 0.734, 6.2]},
			"faces": {
				"north": {"uv": [7, 7, 9, 9], "texture": "#2"},
				"east": {"uv": [7, 7, 9, 9], "texture": "#2"},
				"south": {"uv": [7, 7, 9, 9], "texture": "#2"},
				"west": {"uv": [7, 7, 9, 9], "texture": "#2"},
				"up": {"uv": [7, 7, 9, 9], "texture": "#2"},
				"down": {"uv": [7, 7, 9, 9], "texture": "#2"}
			}
		},
		{
			"from": [9.44, 0.23, 5.3],
			"to": [9.66, 0.35, 5.42],
			"rotation": {"angle": -45, "axis": "x", "origin": [9.19, 0.734, 6.35]},
			"faces": {
				"north": {"uv": [7, 7, 9, 9], "texture": "#2"},
				"east": {"uv": [7, 7, 9, 9], "texture": "#2"},
				"south": {"uv": [7, 7, 9, 9], "texture": "#2"},
				"west": {"uv": [7, 7, 9, 9], "texture": "#2"},
				"up": {"uv": [7, 7, 9, 9], "texture": "#2"},
				"down": {"uv": [7, 7, 9, 9], "texture": "#2"}
			}
		},
		{
			"from": [9.44, 0.23, 5.75],
			"to": [9.66, 0.35, 5.87],
			"rotation": {"angle": -45, "axis": "x", "origin": [9.19, 0.734, 6.8]},
			"faces": {
				"north": {"uv": [7, 7, 9, 9], "texture": "#2"},
				"east": {"uv": [7, 7, 9, 9], "texture": "#2"},
				"south": {"uv": [7, 7, 9, 9], "texture": "#2"},
				"west": {"uv": [7, 7, 9, 9], "texture": "#2"},
				"up": {"uv": [7, 7, 9, 9], "texture": "#2"},
				"down": {"uv": [7, 7, 9, 9], "texture": "#2"}
			}
		},
		{
			"from": [9.44, 0.23, 5.6],
			"to": [9.66, 0.35, 5.72],
			"rotation": {"angle": -45, "axis": "x", "origin": [9.19, 0.734, 6.65]},
			"faces": {
				"north": {"uv": [7, 7, 9, 9], "texture": "#2"},
				"east": {"uv": [7, 7, 9, 9], "texture": "#2"},
				"south": {"uv": [7, 7, 9, 9], "texture": "#2"},
				"west": {"uv": [7, 7, 9, 9], "texture": "#2"},
				"up": {"uv": [7, 7, 9, 9], "texture": "#2"},
				"down": {"uv": [7, 7, 9, 9], "texture": "#2"}
			}
		},
		{
			"from": [9.44, 0.23, 6.05],
			"to": [9.66, 0.35, 6.17],
			"rotation": {"angle": -45, "axis": "x", "origin": [9.19, 0.734, 7.1]},
			"faces": {
				"north": {"uv": [7, 7, 9, 9], "texture": "#2"},
				"east": {"uv": [7, 7, 9, 9], "texture": "#2"},
				"south": {"uv": [7, 7, 9, 9], "texture": "#2"},
				"west": {"uv": [7, 7, 9, 9], "texture": "#2"},
				"up": {"uv": [7, 7, 9, 9], "texture": "#2"},
				"down": {"uv": [7, 7, 9, 9], "texture": "#2"}
			}
		},
		{
			"from": [9.44, 0.23, 5.9],
			"to": [9.66, 0.35, 6.02],
			"rotation": {"angle": -45, "axis": "x", "origin": [9.19, 0.734, 6.95]},
			"faces": {
				"north": {"uv": [7, 7, 9, 9], "texture": "#2"},
				"east": {"uv": [7, 7, 9, 9], "texture": "#2"},
				"south": {"uv": [7, 7, 9, 9], "texture": "#2"},
				"west": {"uv": [7, 7, 9, 9], "texture": "#2"},
				"up": {"uv": [7, 7, 9, 9], "texture": "#2"},
				"down": {"uv": [7, 7, 9, 9], "texture": "#2"}
			}
		},
		{
			"from": [9.44, 0.23, 6.8],
			"to": [9.66, 0.35, 6.92],
			"rotation": {"angle": -45, "axis": "x", "origin": [9.19, 0.734, 7.85]},
			"faces": {
				"north": {"uv": [7, 7, 9, 9], "texture": "#2"},
				"east": {"uv": [7, 7, 9, 9], "texture": "#2"},
				"south": {"uv": [7, 7, 9, 9], "texture": "#2"},
				"west": {"uv": [7, 7, 9, 9], "texture": "#2"},
				"up": {"uv": [7, 7, 9, 9], "texture": "#2"},
				"down": {"uv": [7, 7, 9, 9], "texture": "#2"}
			}
		},
		{
			"from": [9.44, 0.23, 6.95],
			"to": [9.66, 0.35, 7.07],
			"rotation": {"angle": -45, "axis": "x", "origin": [9.19, 0.734, 8]},
			"faces": {
				"north": {"uv": [7, 7, 9, 9], "texture": "#2"},
				"east": {"uv": [7, 7, 9, 9], "texture": "#2"},
				"south": {"uv": [7, 7, 9, 9], "texture": "#2"},
				"west": {"uv": [7, 7, 9, 9], "texture": "#2"},
				"up": {"uv": [7, 7, 9, 9], "texture": "#2"},
				"down": {"uv": [7, 7, 9, 9], "texture": "#2"}
			}
		},
		{
			"from": [9.44, 0.23, 7.1],
			"to": [9.66, 0.35, 7.22],
			"rotation": {"angle": -45, "axis": "x", "origin": [9.19, 0.734, 8.15]},
			"faces": {
				"north": {"uv": [7, 7, 9, 9], "texture": "#2"},
				"east": {"uv": [7, 7, 9, 9], "texture": "#2"},
				"south": {"uv": [7, 7, 9, 9], "texture": "#2"},
				"west": {"uv": [7, 7, 9, 9], "texture": "#2"},
				"up": {"uv": [7, 7, 9, 9], "texture": "#2"},
				"down": {"uv": [7, 7, 9, 9], "texture": "#2"}
			}
		},
		{
			"from": [9.44, 0.23, 6.35],
			"to": [9.66, 0.35, 6.47],
			"rotation": {"angle": -45, "axis": "x", "origin": [9.19, 0.734, 7.4]},
			"faces": {
				"north": {"uv": [7, 7, 9, 9], "texture": "#2"},
				"east": {"uv": [7, 7, 9, 9], "texture": "#2"},
				"south": {"uv": [7, 7, 9, 9], "texture": "#2"},
				"west": {"uv": [7, 7, 9, 9], "texture": "#2"},
				"up": {"uv": [7, 7, 9, 9], "texture": "#2"},
				"down": {"uv": [7, 7, 9, 9], "texture": "#2"}
			}
		},
		{
			"from": [9.44, 0.23, 6.2],
			"to": [9.66, 0.35, 6.32],
			"rotation": {"angle": -45, "axis": "x", "origin": [9.19, 0.734, 7.25]},
			"faces": {
				"north": {"uv": [7, 7, 9, 9], "texture": "#2"},
				"east": {"uv": [7, 7, 9, 9], "texture": "#2"},
				"south": {"uv": [7, 7, 9, 9], "texture": "#2"},
				"west": {"uv": [7, 7, 9, 9], "texture": "#2"},
				"up": {"uv": [7, 7, 9, 9], "texture": "#2"},
				"down": {"uv": [7, 7, 9, 9], "texture": "#2"}
			}
		},
		{
			"from": [9.44, 0.23, 8.45],
			"to": [9.66, 0.35, 8.57],
			"rotation": {"angle": -45, "axis": "x", "origin": [9.19, 0.734, 9.5]},
			"faces": {
				"north": {"uv": [7, 7, 9, 9], "texture": "#2"},
				"east": {"uv": [7, 7, 9, 9], "texture": "#2"},
				"south": {"uv": [7, 7, 9, 9], "texture": "#2"},
				"west": {"uv": [7, 7, 9, 9], "texture": "#2"},
				"up": {"uv": [7, 7, 9, 9], "texture": "#2"},
				"down": {"uv": [7, 7, 9, 9], "texture": "#2"}
			}
		},
		{
			"from": [9.44, 0.23, 8.6],
			"to": [9.66, 0.35, 8.72],
			"rotation": {"angle": -45, "axis": "x", "origin": [9.19, 0.734, 9.65]},
			"faces": {
				"north": {"uv": [7, 7, 9, 9], "texture": "#2"},
				"east": {"uv": [7, 7, 9, 9], "texture": "#2"},
				"south": {"uv": [7, 7, 9, 9], "texture": "#2"},
				"west": {"uv": [7, 7, 9, 9], "texture": "#2"},
				"up": {"uv": [7, 7, 9, 9], "texture": "#2"},
				"down": {"uv": [7, 7, 9, 9], "texture": "#2"}
			}
		},
		{
			"from": [9.44, 0.23, 7.25],
			"to": [9.66, 0.35, 7.37],
			"rotation": {"angle": -45, "axis": "x", "origin": [9.19, 0.734, 8.3]},
			"faces": {
				"north": {"uv": [7, 7, 9, 9], "texture": "#2"},
				"east": {"uv": [7, 7, 9, 9], "texture": "#2"},
				"south": {"uv": [7, 7, 9, 9], "texture": "#2"},
				"west": {"uv": [7, 7, 9, 9], "texture": "#2"},
				"up": {"uv": [7, 7, 9, 9], "texture": "#2"},
				"down": {"uv": [7, 7, 9, 9], "texture": "#2"}
			}
		},
		{
			"from": [9.44, 0.23, 7.4],
			"to": [9.66, 0.35, 7.52],
			"rotation": {"angle": -45, "axis": "x", "origin": [9.19, 0.734, 8.45]},
			"faces": {
				"north": {"uv": [7, 7, 9, 9], "texture": "#2"},
				"east": {"uv": [7, 7, 9, 9], "texture": "#2"},
				"south": {"uv": [7, 7, 9, 9], "texture": "#2"},
				"west": {"uv": [7, 7, 9, 9], "texture": "#2"},
				"up": {"uv": [7, 7, 9, 9], "texture": "#2"},
				"down": {"uv": [7, 7, 9, 9], "texture": "#2"}
			}
		},
		{
			"from": [9.44, 0.23, 7.55],
			"to": [9.66, 0.35, 7.67],
			"rotation": {"angle": -45, "axis": "x", "origin": [9.19, 0.734, 8.6]},
			"faces": {
				"north": {"uv": [7, 7, 9, 9], "texture": "#2"},
				"east": {"uv": [7, 7, 9, 9], "texture": "#2"},
				"south": {"uv": [7, 7, 9, 9], "texture": "#2"},
				"west": {"uv": [7, 7, 9, 9], "texture": "#2"},
				"up": {"uv": [7, 7, 9, 9], "texture": "#2"},
				"down": {"uv": [7, 7, 9, 9], "texture": "#2"}
			}
		},
		{
			"from": [9.44, 0.23, 7.7],
			"to": [9.66, 0.35, 7.82],
			"rotation": {"angle": -45, "axis": "x", "origin": [9.19, 0.734, 8.75]},
			"faces": {
				"north": {"uv": [7, 7, 9, 9], "texture": "#2"},
				"east": {"uv": [7, 7, 9, 9], "texture": "#2"},
				"south": {"uv": [7, 7, 9, 9], "texture": "#2"},
				"west": {"uv": [7, 7, 9, 9], "texture": "#2"},
				"up": {"uv": [7, 7, 9, 9], "texture": "#2"},
				"down": {"uv": [7, 7, 9, 9], "texture": "#2"}
			}
		},
		{
			"from": [9.44, 0.23, 7.85],
			"to": [9.66, 0.35, 7.97],
			"rotation": {"angle": -45, "axis": "x", "origin": [9.19, 0.734, 8.9]},
			"faces": {
				"north": {"uv": [7, 7, 9, 9], "texture": "#2"},
				"east": {"uv": [7, 7, 9, 9], "texture": "#2"},
				"south": {"uv": [7, 7, 9, 9], "texture": "#2"},
				"west": {"uv": [7, 7, 9, 9], "texture": "#2"},
				"up": {"uv": [7, 7, 9, 9], "texture": "#2"},
				"down": {"uv": [7, 7, 9, 9], "texture": "#2"}
			}
		},
		{
			"from": [9.44, 0.23, 6.5],
			"to": [9.66, 0.35, 6.62],
			"rotation": {"angle": -45, "axis": "x", "origin": [9.19, 0.734, 7.55]},
			"faces": {
				"north": {"uv": [7, 7, 9, 9], "texture": "#2"},
				"east": {"uv": [7, 7, 9, 9], "texture": "#2"},
				"south": {"uv": [7, 7, 9, 9], "texture": "#2"},
				"west": {"uv": [7, 7, 9, 9], "texture": "#2"},
				"up": {"uv": [7, 7, 9, 9], "texture": "#2"},
				"down": {"uv": [7, 7, 9, 9], "texture": "#2"}
			}
		},
		{
			"from": [9.44, 0.23, 6.65],
			"to": [9.66, 0.35, 6.77],
			"rotation": {"angle": -45, "axis": "x", "origin": [9.19, 0.734, 7.7]},
			"faces": {
				"north": {"uv": [7, 7, 9, 9], "texture": "#2"},
				"east": {"uv": [7, 7, 9, 9], "texture": "#2"},
				"south": {"uv": [7, 7, 9, 9], "texture": "#2"},
				"west": {"uv": [7, 7, 9, 9], "texture": "#2"},
				"up": {"uv": [7, 7, 9, 9], "texture": "#2"},
				"down": {"uv": [7, 7, 9, 9], "texture": "#2"}
			}
		},
		{
			"from": [9.44, 0.23, 8],
			"to": [9.66, 0.35, 8.12],
			"rotation": {"angle": -45, "axis": "x", "origin": [9.19, 0.734, 9.05]},
			"faces": {
				"north": {"uv": [7, 7, 9, 9], "texture": "#2"},
				"east": {"uv": [7, 7, 9, 9], "texture": "#2"},
				"south": {"uv": [7, 7, 9, 9], "texture": "#2"},
				"west": {"uv": [7, 7, 9, 9], "texture": "#2"},
				"up": {"uv": [7, 7, 9, 9], "texture": "#2"},
				"down": {"uv": [7, 7, 9, 9], "texture": "#2"}
			}
		},
		{
			"from": [9.44, 0.23, 8.15],
			"to": [9.66, 0.35, 8.27],
			"rotation": {"angle": -45, "axis": "x", "origin": [9.19, 0.734, 9.2]},
			"faces": {
				"north": {"uv": [7, 7, 9, 9], "texture": "#2"},
				"east": {"uv": [7, 7, 9, 9], "texture": "#2"},
				"south": {"uv": [7, 7, 9, 9], "texture": "#2"},
				"west": {"uv": [7, 7, 9, 9], "texture": "#2"},
				"up": {"uv": [7, 7, 9, 9], "texture": "#2"},
				"down": {"uv": [7, 7, 9, 9], "texture": "#2"}
			}
		},
		{
			"from": [9.44, 0.23, 8.3],
			"to": [9.66, 0.35, 8.42],
			"rotation": {"angle": -45, "axis": "x", "origin": [9.19, 0.734, 9.35]},
			"faces": {
				"north": {"uv": [7, 7, 9, 9], "texture": "#2"},
				"east": {"uv": [7, 7, 9, 9], "texture": "#2"},
				"south": {"uv": [7, 7, 9, 9], "texture": "#2"},
				"west": {"uv": [7, 7, 9, 9], "texture": "#2"},
				"up": {"uv": [7, 7, 9, 9], "texture": "#2"},
				"down": {"uv": [7, 7, 9, 9], "texture": "#2"}
			}
		},
		{
			"from": [9.44, 0.23, 8.9],
			"to": [9.66, 0.35, 9.02],
			"rotation": {"angle": -45, "axis": "x", "origin": [9.19, 0.734, 9.95]},
			"faces": {
				"north": {"uv": [7, 7, 9, 9], "texture": "#2"},
				"east": {"uv": [7, 7, 9, 9], "texture": "#2"},
				"south": {"uv": [7, 7, 9, 9], "texture": "#2"},
				"west": {"uv": [7, 7, 9, 9], "texture": "#2"},
				"up": {"uv": [7, 7, 9, 9], "texture": "#2"},
				"down": {"uv": [7, 7, 9, 9], "texture": "#2"}
			}
		},
		{
			"from": [9.44, 0.23, 8.75],
			"to": [9.66, 0.35, 8.87],
			"rotation": {"angle": -45, "axis": "x", "origin": [9.19, 0.734, 9.8]},
			"faces": {
				"north": {"uv": [7, 7, 9, 9], "texture": "#2"},
				"east": {"uv": [7, 7, 9, 9], "texture": "#2"},
				"south": {"uv": [7, 7, 9, 9], "texture": "#2"},
				"west": {"uv": [7, 7, 9, 9], "texture": "#2"},
				"up": {"uv": [7, 7, 9, 9], "texture": "#2"},
				"down": {"uv": [7, 7, 9, 9], "texture": "#2"}
			}
		},
		{
			"from": [9.44, 0.23, 9.05],
			"to": [9.66, 0.35, 9.17],
			"rotation": {"angle": -45, "axis": "x", "origin": [9.19, 0.734, 10.1]},
			"faces": {
				"north": {"uv": [7, 7, 9, 9], "texture": "#2"},
				"east": {"uv": [7, 7, 9, 9], "texture": "#2"},
				"south": {"uv": [7, 7, 9, 9], "texture": "#2"},
				"west": {"uv": [7, 7, 9, 9], "texture": "#2"},
				"up": {"uv": [7, 7, 9, 9], "texture": "#2"},
				"down": {"uv": [7, 7, 9, 9], "texture": "#2"}
			}
		},
		{
			"from": [9.44, 0.23, 8.9],
			"to": [9.66, 0.35, 9.02],
			"rotation": {"angle": -45, "axis": "x", "origin": [9.19, 0.734, 9.95]},
			"faces": {
				"north": {"uv": [7, 7, 9, 9], "texture": "#2"},
				"east": {"uv": [7, 7, 9, 9], "texture": "#2"},
				"south": {"uv": [7, 7, 9, 9], "texture": "#2"},
				"west": {"uv": [7, 7, 9, 9], "texture": "#2"},
				"up": {"uv": [7, 7, 9, 9], "texture": "#2"},
				"down": {"uv": [7, 7, 9, 9], "texture": "#2"}
			}
		},
		{
			"from": [9.44, 0.23, 9.2],
			"to": [9.66, 0.35, 9.32],
			"rotation": {"angle": -45, "axis": "x", "origin": [9.19, 0.734, 10.25]},
			"faces": {
				"north": {"uv": [7, 7, 9, 9], "texture": "#2"},
				"east": {"uv": [7, 7, 9, 9], "texture": "#2"},
				"south": {"uv": [7, 7, 9, 9], "texture": "#2"},
				"west": {"uv": [7, 7, 9, 9], "texture": "#2"},
				"up": {"uv": [7, 7, 9, 9], "texture": "#2"},
				"down": {"uv": [7, 7, 9, 9], "texture": "#2"}
			}
		},
		{
			"from": [9.44, 0.23, 9.35],
			"to": [9.66, 0.35, 9.47],
			"rotation": {"angle": -45, "axis": "x", "origin": [9.19, 0.734, 10.4]},
			"faces": {
				"north": {"uv": [7, 7, 9, 9], "texture": "#2"},
				"east": {"uv": [7, 7, 9, 9], "texture": "#2"},
				"south": {"uv": [7, 7, 9, 9], "texture": "#2"},
				"west": {"uv": [7, 7, 9, 9], "texture": "#2"},
				"up": {"uv": [7, 7, 9, 9], "texture": "#2"},
				"down": {"uv": [7, 7, 9, 9], "texture": "#2"}
			}
		},
		{
			"from": [9.44, 1.3, -0.64608],
			"to": [9.66, 1.42, -0.52608],
			"rotation": {"angle": 0, "axis": "x", "origin": [9.55, 1.36, -0.58608]},
			"faces": {
				"north": {"uv": [7, 7, 9, 9], "texture": "#2"},
				"east": {"uv": [7, 7, 9, 9], "texture": "#2"},
				"south": {"uv": [7, 7, 9, 9], "texture": "#2"},
				"west": {"uv": [7, 7, 9, 9], "texture": "#2"},
				"up": {"uv": [7, 7, 9, 9], "texture": "#2"},
				"down": {"uv": [7, 7, 9, 9], "texture": "#2"}
			}
		},
		{
			"from": [9.44, 1.2, -0.74608],
			"to": [9.66, 1.32, -0.62608],
			"rotation": {"angle": 0, "axis": "x", "origin": [9.55, 1.26, -0.68608]},
			"faces": {
				"north": {"uv": [7, 7, 9, 9], "texture": "#2"},
				"east": {"uv": [7, 7, 9, 9], "texture": "#2"},
				"south": {"uv": [7, 7, 9, 9], "texture": "#2"},
				"west": {"uv": [7, 7, 9, 9], "texture": "#2"},
				"up": {"uv": [7, 7, 9, 9], "texture": "#2"},
				"down": {"uv": [7, 7, 9, 9], "texture": "#2"}
			}
		},
		{
			"from": [9.44, 1.1, -0.84608],
			"to": [9.66, 1.22, -0.72608],
			"rotation": {"angle": 0, "axis": "x", "origin": [9.55, 1.16, -0.78608]},
			"faces": {
				"north": {"uv": [7, 7, 9, 9], "texture": "#2"},
				"east": {"uv": [7, 7, 9, 9], "texture": "#2"},
				"south": {"uv": [7, 7, 9, 9], "texture": "#2"},
				"west": {"uv": [7, 7, 9, 9], "texture": "#2"},
				"up": {"uv": [7, 7, 9, 9], "texture": "#2"},
				"down": {"uv": [7, 7, 9, 9], "texture": "#2"}
			}
		},
		{
			"from": [9.44, 1, -0.94608],
			"to": [9.66, 1.12, -0.82608],
			"rotation": {"angle": 0, "axis": "x", "origin": [9.55, 1.06, -0.88608]},
			"faces": {
				"north": {"uv": [7, 7, 9, 9], "texture": "#2"},
				"east": {"uv": [7, 7, 9, 9], "texture": "#2"},
				"south": {"uv": [7, 7, 9, 9], "texture": "#2"},
				"west": {"uv": [7, 7, 9, 9], "texture": "#2"},
				"up": {"uv": [7, 7, 9, 9], "texture": "#2"},
				"down": {"uv": [7, 7, 9, 9], "texture": "#2"}
			}
		},
		{
			"from": [9.44, 0.9, -1.04608],
			"to": [9.66, 1.02, -0.92608],
			"rotation": {"angle": 0, "axis": "x", "origin": [9.55, 0.96, -0.98608]},
			"faces": {
				"north": {"uv": [7, 7, 9, 9], "texture": "#2"},
				"east": {"uv": [7, 7, 9, 9], "texture": "#2"},
				"south": {"uv": [7, 7, 9, 9], "texture": "#2"},
				"west": {"uv": [7, 7, 9, 9], "texture": "#2"},
				"up": {"uv": [7, 7, 9, 9], "texture": "#2"},
				"down": {"uv": [7, 7, 9, 9], "texture": "#2"}
			}
		},
		{
			"from": [9.44, 0.8, -1.14608],
			"to": [9.66, 0.92, -1.02608],
			"rotation": {"angle": 0, "axis": "x", "origin": [9.55, 0.86, -1.08608]},
			"faces": {
				"north": {"uv": [7, 7, 9, 9], "texture": "#2"},
				"east": {"uv": [7, 7, 9, 9], "texture": "#2"},
				"south": {"uv": [7, 7, 9, 9], "texture": "#2"},
				"west": {"uv": [7, 7, 9, 9], "texture": "#2"},
				"up": {"uv": [7, 7, 9, 9], "texture": "#2"},
				"down": {"uv": [7, 7, 9, 9], "texture": "#2"}
			}
		},
		{
			"from": [9.44, 0.7, -1.24608],
			"to": [9.66, 0.82, -1.12608],
			"rotation": {"angle": 0, "axis": "x", "origin": [9.55, 0.76, -1.18608]},
			"faces": {
				"north": {"uv": [7, 7, 9, 9], "texture": "#2"},
				"east": {"uv": [7, 7, 9, 9], "texture": "#2"},
				"south": {"uv": [7, 7, 9, 9], "texture": "#2"},
				"west": {"uv": [7, 7, 9, 9], "texture": "#2"},
				"up": {"uv": [7, 7, 9, 9], "texture": "#2"},
				"down": {"uv": [7, 7, 9, 9], "texture": "#2"}
			}
		},
		{
			"from": [9.44, 0.6, -1.34608],
			"to": [9.66, 0.72, -1.22608],
			"rotation": {"angle": 0, "axis": "x", "origin": [9.55, 0.66, -1.28608]},
			"faces": {
				"north": {"uv": [7, 7, 9, 9], "texture": "#2"},
				"east": {"uv": [7, 7, 9, 9], "texture": "#2"},
				"south": {"uv": [7, 7, 9, 9], "texture": "#2"},
				"west": {"uv": [7, 7, 9, 9], "texture": "#2"},
				"up": {"uv": [7, 7, 9, 9], "texture": "#2"},
				"down": {"uv": [7, 7, 9, 9], "texture": "#2"}
			}
		},
		{
			"from": [9.44, 0.5, -1.44608],
			"to": [9.66, 0.62, -1.32608],
			"rotation": {"angle": 0, "axis": "x", "origin": [9.55, 0.56, -1.38608]},
			"faces": {
				"north": {"uv": [7, 7, 9, 9], "texture": "#2"},
				"east": {"uv": [7, 7, 9, 9], "texture": "#2"},
				"south": {"uv": [7, 7, 9, 9], "texture": "#2"},
				"west": {"uv": [7, 7, 9, 9], "texture": "#2"},
				"up": {"uv": [7, 7, 9, 9], "texture": "#2"},
				"down": {"uv": [7, 7, 9, 9], "texture": "#2"}
			}
		},
		{
			"from": [9.44, 0.4, -1.34608],
			"to": [9.66, 0.52, -1.22608],
			"rotation": {"angle": 0, "axis": "x", "origin": [9.55, 0.46, -1.28608]},
			"faces": {
				"north": {"uv": [7, 7, 9, 9], "texture": "#2"},
				"east": {"uv": [7, 7, 9, 9], "texture": "#2"},
				"south": {"uv": [7, 7, 9, 9], "texture": "#2"},
				"west": {"uv": [7, 7, 9, 9], "texture": "#2"},
				"up": {"uv": [7, 7, 9, 9], "texture": "#2"},
				"down": {"uv": [7, 7, 9, 9], "texture": "#2"}
			}
		},
		{
			"from": [9.44, 0.3, -1.24608],
			"to": [9.66, 0.42, -1.12608],
			"rotation": {"angle": 0, "axis": "x", "origin": [9.55, 0.36, -1.18608]},
			"faces": {
				"north": {"uv": [7, 7, 9, 9], "texture": "#2"},
				"east": {"uv": [7, 7, 9, 9], "texture": "#2"},
				"south": {"uv": [7, 7, 9, 9], "texture": "#2"},
				"west": {"uv": [7, 7, 9, 9], "texture": "#2"},
				"up": {"uv": [7, 7, 9, 9], "texture": "#2"},
				"down": {"uv": [7, 7, 9, 9], "texture": "#2"}
			}
		},
		{
			"from": [9.44, 0.2, -1.14608],
			"to": [9.66, 0.32, -1.02608],
			"rotation": {"angle": 0, "axis": "x", "origin": [9.55, 0.26, -1.08608]},
			"faces": {
				"north": {"uv": [7, 7, 9, 9], "texture": "#2"},
				"east": {"uv": [7, 7, 9, 9], "texture": "#2"},
				"south": {"uv": [7, 7, 9, 9], "texture": "#2"},
				"west": {"uv": [7, 7, 9, 9], "texture": "#2"},
				"up": {"uv": [7, 7, 9, 9], "texture": "#2"},
				"down": {"uv": [7, 7, 9, 9], "texture": "#2"}
			}
		},
		{
			"from": [9.44, 0.1, -1.04608],
			"to": [9.66, 0.22, -0.92608],
			"rotation": {"angle": 0, "axis": "x", "origin": [9.55, 0.16, -0.98608]},
			"faces": {
				"north": {"uv": [7, 7, 9, 9], "texture": "#2"},
				"east": {"uv": [7, 7, 9, 9], "texture": "#2"},
				"south": {"uv": [7, 7, 9, 9], "texture": "#2"},
				"west": {"uv": [7, 7, 9, 9], "texture": "#2"},
				"up": {"uv": [7, 7, 9, 9], "texture": "#2"},
				"down": {"uv": [7, 7, 9, 9], "texture": "#2"}
			}
		},
		{
			"from": [9.44, 0, -0.94608],
			"to": [9.66, 0.12, -0.82608],
			"rotation": {"angle": 0, "axis": "x", "origin": [9.55, 0.06, -0.88608]},
			"faces": {
				"north": {"uv": [7, 7, 9, 9], "texture": "#2"},
				"east": {"uv": [7, 7, 9, 9], "texture": "#2"},
				"south": {"uv": [7, 7, 9, 9], "texture": "#2"},
				"west": {"uv": [7, 7, 9, 9], "texture": "#2"},
				"up": {"uv": [7, 7, 9, 9], "texture": "#2"},
				"down": {"uv": [7, 7, 9, 9], "texture": "#2"}
			}
		},
		{
			"from": [9.44, -0.1, -0.84608],
			"to": [9.66, 0.02, -0.72608],
			"rotation": {"angle": 0, "axis": "x", "origin": [9.55, -0.04, -0.78608]},
			"faces": {
				"north": {"uv": [7, 7, 9, 9], "texture": "#2"},
				"east": {"uv": [7, 7, 9, 9], "texture": "#2"},
				"south": {"uv": [7, 7, 9, 9], "texture": "#2"},
				"west": {"uv": [7, 7, 9, 9], "texture": "#2"},
				"up": {"uv": [7, 7, 9, 9], "texture": "#2"},
				"down": {"uv": [7, 7, 9, 9], "texture": "#2"}
			}
		},
		{
			"from": [9.44, -0.2, -0.74608],
			"to": [9.66, -0.08, -0.62608],
			"rotation": {"angle": 0, "axis": "x", "origin": [9.55, -0.14, -0.68608]},
			"faces": {
				"north": {"uv": [7, 7, 9, 9], "texture": "#2"},
				"east": {"uv": [7, 7, 9, 9], "texture": "#2"},
				"south": {"uv": [7, 7, 9, 9], "texture": "#2"},
				"west": {"uv": [7, 7, 9, 9], "texture": "#2"},
				"up": {"uv": [7, 7, 9, 9], "texture": "#2"},
				"down": {"uv": [7, 7, 9, 9], "texture": "#2"}
			}
		},
		{
			"from": [9.44, -0.3, -0.64608],
			"to": [9.66, -0.18, -0.52608],
			"rotation": {"angle": 0, "axis": "x", "origin": [9.55, -0.24, -0.58608]},
			"faces": {
				"north": {"uv": [7, 7, 9, 9], "texture": "#2"},
				"east": {"uv": [7, 7, 9, 9], "texture": "#2"},
				"south": {"uv": [7, 7, 9, 9], "texture": "#2"},
				"west": {"uv": [7, 7, 9, 9], "texture": "#2"},
				"up": {"uv": [7, 7, 9, 9], "texture": "#2"},
				"down": {"uv": [7, 7, 9, 9], "texture": "#2"}
			}
		},
		{
			"from": [5.2, -0.3, 13.3],
			"to": [6, 0.1, 13.7],
			"rotation": {"angle": 0, "axis": "x", "origin": [5.55, -0.1, 13.5]},
			"faces": {
				"north": {"uv": [0, 0, 0.4, 0.4], "texture": "#1"},
				"east": {"uv": [0, 0, 0.4, 0.4], "texture": "#1"},
				"south": {"uv": [0, 0, 0.4, 0.4], "texture": "#1"},
				"west": {"uv": [0, 0, 0.4, 0.4], "texture": "#1"},
				"up": {"uv": [0, 0, 0.4, 0.4], "texture": "#1"},
				"down": {"uv": [0, 0, 0.4, 0.4], "texture": "#1"}
			}
		},
		{
			"from": [4.8, -0.3, 10.7],
			"to": [5.2, 0.1, 13.7],
			"rotation": {"angle": 0, "axis": "x", "origin": [5, -0.1, 13.5]},
			"faces": {
				"north": {"uv": [0, 0, 3, 0.4], "texture": "#1"},
				"east": {"uv": [0, 0, 3, 0.4], "texture": "#1"},
				"south": {"uv": [0, 0, 3, 0.4], "texture": "#1"},
				"west": {"uv": [0, 0, 3, 0.4], "texture": "#1"},
				"up": {"uv": [0, 0, 3, 0.4], "texture": "#1"},
				"down": {"uv": [0, 0, 3, 0.4], "texture": "#1"}
			}
		},
		{
			"from": [4.8, 0.08284, 9.71716],
			"to": [5.2, 0.48284, 10.91716],
			"rotation": {"angle": 45, "axis": "x", "origin": [5, 0.28284, 10.31716]},
			"faces": {
				"north": {"uv": [0, 0, 1.2, 0.4], "texture": "#1"},
				"east": {"uv": [0, 0, 1.2, 0.4], "texture": "#1"},
				"south": {"uv": [0, 0, 1.2, 0.4], "texture": "#1"},
				"west": {"uv": [0, 0, 1.2, 0.4], "texture": "#1"},
				"up": {"uv": [0, 0, 1.2, 0.4], "texture": "#1"},
				"down": {"uv": [0, 0, 1.2, 0.4], "texture": "#1"}
			}
		},
		{
			"from": [4.8, 0.58284, 9.71716],
			"to": [5.2, 3.88284, 10.11716],
			"rotation": {"angle": 0, "axis": "x", "origin": [5, 1.18284, 9.91716]},
			"faces": {
				"north": {"uv": [0, 0, 3.3, 0.4], "texture": "#1", "rotation": 270},
				"east": {"uv": [0, 0, 3.3, 0.4], "texture": "#1", "rotation": 270},
				"south": {"uv": [0, 0, 3.3, 0.4], "texture": "#1", "rotation": 270},
				"west": {"uv": [0, 0, 3.3, 0.4], "texture": "#1", "rotation": 270},
				"up": {"uv": [0, 0, 3.3, 0.4], "texture": "#1", "rotation": 270},
				"down": {"uv": [0, 0, 3.3, 0.4], "texture": "#1", "rotation": 270}
			}
		},
		{
			"from": [4.7, 3.88284, 9.61716],
			"to": [5.3, 6.58284, 10.21716],
			"rotation": {"angle": 0, "axis": "x", "origin": [5, 4.48284, 9.91716]},
			"faces": {
				"north": {"uv": [0, 0, 2.7, 0.6], "texture": "#1", "rotation": 270},
				"east": {"uv": [0, 0, 2.7, 0.6], "texture": "#1", "rotation": 270},
				"south": {"uv": [0, 0, 2.7, 0.6], "texture": "#1", "rotation": 270},
				"west": {"uv": [0, 0, 2.7, 0.6], "texture": "#1", "rotation": 270},
				"up": {"uv": [0, 0, 2.7, 0.6], "texture": "#1", "rotation": 270},
				"down": {"uv": [0, 0, 2.7, 0.6], "texture": "#1", "rotation": 270}
			}
		},
		{
			"from": [4.9, 6.28284, 9.61716],
			"to": [5.5, 7.18284, 10.21716],
			"rotation": {"angle": -45, "axis": "z", "origin": [5.2, 6.68284, 9.91716]},
			"faces": {
				"north": {"uv": [0, 0, 0.9, 0.6], "texture": "#1", "rotation": 270},
				"east": {"uv": [0, 0, 0.9, 0.6], "texture": "#1", "rotation": 270},
				"south": {"uv": [0, 0, 0.9, 0.6], "texture": "#1", "rotation": 270},
				"west": {"uv": [0, 0, 0.9, 0.6], "texture": "#1", "rotation": 270},
				"up": {"uv": [0, 0, 0.9, 0.6], "texture": "#1", "rotation": 270},
				"down": {"uv": [0, 0, 0.9, 0.6], "texture": "#1", "rotation": 270}
			}
		},
		{
			"from": [5.3, 6.58284, 9.71716],
			"to": [10.7, 7.18284, 10.31716],
			"rotation": {"angle": -22.5, "axis": "y", "origin": [5.75, 6.88284, 10.01716]},
			"faces": {
				"north": {"uv": [0, 0, 0.6, 0.6], "texture": "#1", "rotation": 270},
				"east": {"uv": [0, 0, 0.6, 0.6], "texture": "#1", "rotation": 270},
				"south": {"uv": [0, 0, 0.6, 0.6], "texture": "#1", "rotation": 270},
				"west": {"uv": [0, 0, 0.6, 0.6], "texture": "#1", "rotation": 270},
				"up": {"uv": [0, 0, 0.6, 0.6], "texture": "#1", "rotation": 270},
				"down": {"uv": [0, 0, 0.6, 0.6], "texture": "#1", "rotation": 270}
			}
		},
		{
			"from": [10.3, -0.71716, 11.81716],
			"to": [10.9, 7.18284, 12.41716],
			"rotation": {"angle": -22.5, "axis": "y", "origin": [10.6, 4.63284, 12.11716]},
			"faces": {
				"north": {"uv": [0, 0, 7.9, 0.6], "texture": "#1", "rotation": 270},
				"east": {"uv": [0, 0, 7.9, 0.6], "texture": "#1", "rotation": 270},
				"south": {"uv": [0, 0, 7.9, 0.6], "texture": "#1", "rotation": 270},
				"west": {"uv": [0, 0, 7.9, 0.6], "texture": "#1", "rotation": 270},
				"up": {"uv": [0, 0, 7.9, 0.6], "texture": "#1", "rotation": 270},
				"down": {"uv": [0, 0, 7.9, 0.6], "texture": "#1", "rotation": 270}
			}
		},
		{
			"from": [5.4, 1.6, 10.6],
			"to": [6.3, 2, 11],
			"rotation": {"angle": -22.5, "axis": "z", "origin": [5.9, 1.7, 10.8]},
			"faces": {
				"north": {"uv": [0, 0, 0.4, 0.4], "texture": "#0"},
				"east": {"uv": [0, 0, 0.4, 0.4], "texture": "#0"},
				"south": {"uv": [0, 0, 0.4, 0.4], "texture": "#0"},
				"west": {"uv": [0, 0, 0.4, 0.4], "texture": "#0"},
				"up": {"uv": [0, 0, 0.4, 0.4], "texture": "#0"},
				"down": {"uv": [0, 0, 0.4, 0.4], "texture": "#0"}
			}
		},
		{
			"from": [5.34567, 1.92961, 10.7],
			"to": [5.44567, 2.12961, 10.9],
			"rotation": {"angle": -22.5, "axis": "z", "origin": [5.34567, 1.92961, 10.8]},
			"faces": {
				"north": {"uv": [0, 0, 0.4, 0.4], "texture": "#1"},
				"east": {"uv": [0, 0, 0.4, 0.4], "texture": "#1"},
				"south": {"uv": [0, 0, 0.4, 0.4], "texture": "#1"},
				"west": {"uv": [0, 0, 0.4, 0.4], "texture": "#1"},
				"up": {"uv": [0, 0, 0.4, 0.4], "texture": "#1"},
				"down": {"uv": [0, 0, 0.4, 0.4], "texture": "#1"}
			}
		},
		{
			"from": [5, 1.7, 10.7],
			"to": [5.1, 1.9, 10.9],
			"rotation": {"angle": -22.5, "axis": "z", "origin": [5.9, 1.7, 10.8]},
			"faces": {
				"north": {"uv": [0, 0, 0.4, 0.4], "texture": "#5"},
				"east": {"uv": [0, 0, 0.4, 0.4], "texture": "#5"},
				"south": {"uv": [0, 0, 0.4, 0.4], "texture": "#5"},
				"west": {"uv": [0, 0, 0.4, 0.4], "texture": "#5"},
				"up": {"uv": [0, 0, 0.4, 0.4], "texture": "#5"},
				"down": {"uv": [0, 0, 0.4, 0.4], "texture": "#5"}
			}
		},
		{
			"from": [5.14567, 1.22961, 10.5],
			"to": [5.34567, 2.82961, 11.1],
			"rotation": {"angle": -22.5, "axis": "z", "origin": [5.34567, 1.92961, 10.8]},
			"faces": {
				"north": {"uv": [0, 0, 0.4, 0.4], "texture": "#1"},
				"east": {"uv": [0, 0, 0.4, 0.4], "texture": "#1"},
				"south": {"uv": [0, 0, 0.4, 0.4], "texture": "#1"},
				"west": {"uv": [0, 0, 0.4, 0.4], "texture": "#1"},
				"up": {"uv": [0, 0, 0.4, 0.4], "texture": "#1"},
				"down": {"uv": [0, 0, 0.4, 0.4], "texture": "#1"}
			}
		},
		{
			"from": [6.3, 2.9, 15.9],
			"to": [7.5, 4.4, 16],
			"rotation": {"angle": -22.5, "axis": "x", "origin": [8, 3, 14]},
			"faces": {
				"north": {"uv": [0, 0, 4, 2.8], "texture": "#6"},
				"east": {"uv": [0, 0, 4, 2.8], "texture": "#6"},
				"south": {"uv": [0, 0, 4, 2.8], "texture": "#6"},
				"west": {"uv": [0, 0, 4, 2.8], "texture": "#6"},
				"up": {"uv": [0, 0, 4, 2.8], "texture": "#6"},
				"down": {"uv": [0, 0, 4, 2.8], "texture": "#6"}
			}
		},
		{
			"from": [6.6, 3.6, 16],
			"to": [7.2, 4.2, 16.01],
			"rotation": {"angle": -22.5, "axis": "x", "origin": [8, 3, 14]},
			"faces": {
				"north": {"uv": [0, 0, 4, 2.8], "texture": "#1"},
				"east": {"uv": [0, 0, 4, 2.8], "texture": "#1"},
				"south": {"uv": [0, 0, 4, 2.8], "texture": "#1"},
				"west": {"uv": [0, 0, 4, 2.8], "texture": "#1"},
				"up": {"uv": [0, 0, 4, 2.8], "texture": "#1"},
				"down": {"uv": [0, 0, 4, 2.8], "texture": "#1"}
			}
		},
		{
			"from": [6.8, 3.8, 16.01],
			"to": [7, 4, 16.02],
			"rotation": {"angle": -22.5, "axis": "x", "origin": [8, 3, 14]},
			"faces": {
				"north": {"uv": [0, 0, 4, 2.8], "texture": "#6"},
				"east": {"uv": [0, 0, 4, 2.8], "texture": "#6"},
				"south": {"uv": [0, 0, 4, 2.8], "texture": "#6"},
				"west": {"uv": [0, 0, 4, 2.8], "texture": "#6"},
				"up": {"uv": [0, 0, 4, 2.8], "texture": "#6"},
				"down": {"uv": [0, 0, 4, 2.8], "texture": "#6"}
			}
		},
		{
			"from": [6.7, -0.8, 8.9],
			"to": [9.4, 0.7, 10.4],
			"rotation": {"angle": -22.5, "axis": "x", "origin": [8.05, -0.15, 9.4]},
			"faces": {
				"north": {"uv": [1, 1, 15, 15], "texture": "#4"},
				"east": {"uv": [1, 1, 15, 15], "texture": "#4"},
				"south": {"uv": [1, 1, 15, 15], "texture": "#4"},
				"west": {"uv": [1, 1, 15, 15], "texture": "#4"},
				"up": {"uv": [1, 1, 15, 15], "texture": "#4"},
				"down": {"uv": [1, 1, 15, 15], "texture": "#4"}
			}
		},
		{
			"from": [8, 3.9, 7.2],
			"to": [8.5, 5.1, 7.7],
			"rotation": {"angle": 0, "axis": "x", "origin": [7.8, 3.6, 10.5]},
			"faces": {
				"north": {"uv": [0, 0, 1.7, 1.6], "texture": "#6"},
				"east": {"uv": [0, 0, 1.7, 1.6], "texture": "#6"},
				"south": {"uv": [0, 0, 1.7, 1.6], "texture": "#6"},
				"west": {"uv": [0, 0, 1.7, 1.6], "texture": "#6"},
				"up": {"uv": [0, 0, 1.7, 1.6], "texture": "#6"},
				"down": {"uv": [0, 0, 1.7, 1.6], "texture": "#6"}
			}
		},
		{
			"from": [7.4, 3.9, 7.2],
			"to": [7.9, 5.1, 7.7],
			"rotation": {"angle": 0, "axis": "x", "origin": [7.1, 3.6, 10.5]},
			"faces": {
				"north": {"uv": [0, 0, 1.7, 1.6], "texture": "#6"},
				"east": {"uv": [0, 0, 1.7, 1.6], "texture": "#6"},
				"south": {"uv": [0, 0, 1.7, 1.6], "texture": "#6"},
				"west": {"uv": [0, 0, 1.7, 1.6], "texture": "#6"},
				"up": {"uv": [0, 0, 1.7, 1.6], "texture": "#6"},
				"down": {"uv": [0, 0, 1.7, 1.6], "texture": "#6"}
			}
		}
	],
	"display": {
		"thirdperson_righthand": {
			"rotation": [70, 0, 0],
			"translation": [0.5, 2, 0.5]
		},
		"thirdperson_lefthand": {
			"rotation": [70, 0, 0],
			"translation": [0.5, 2, 0.5]
		},
		"firstperson_righthand": {
			"translation": [0, 9, 3.5],
			"rotation": [22, 20, 0]
		},
		"firstperson_lefthand": {
			"rotation": [22, 20, 0],
			"translation": [0, 9, 3.5]
		},
		"ground": {
			"translation": [0, 5, 0]
		},
		"fixed": {
			"rotation": [90, 50, -90],
			"translation": [4, 5.5, 0]
		},
		"gui": {
			"rotation": [90, 50, -90],
			"translation": [4, 5.5, 0]
		}
	},
	"groups": [0, 1, 2, 3, 4, 5, 6, 7, 8, 9, 10, 11, 12, 13, 14, 15, 16,
		{
			"name": "group",
			"isOpen": true,
			"shade": true,
			"display": {
				"visibility": true,
				"autouv": true
			},
			"children": [17, 18, 19, 20, 21, 22, 23, 24, 25, 26, 27, 28, 29, 30, 31, 32, 33, 34, 35, 36, 37, 38, 39, 40, 41, 42, 43, 44, 45, 46, 47, 48, 49, 50, 51, 52, 53, 54, 55, 56, 57, 58, 59, 60, 61, 62, 63, 64, 65, 66, 67, 68, 69, 70, 71, 72, 73, 74, 75, 76, 77, 78, 79, 80, 81, 82, 83, 84, 85, 86, 87, 88, 89, 90, 91, 92, 93, 94, 95, 96, 97, 98, 99, 100, 101, 102, 103, 104, 105, 106, 107, 108, 109, 110, 111, 112, 113, 114, 115, 116, 117, 118, 119, 120, 121, 122, 123, 124, 125, 126, 127, 128, 129, 130, 131, 132, 133, 134, 135, 136, 137, 138, 139, 140, 141, 142, 143, 144, 145, 146, 147, 148, 149, 150, 151, 152, 153, 154, 155, 156, 157, 158, 159, 160, 161, 162, 163, 164, 165, 166, 167, 168, 169, 170, 171, 172, 173, 174, 175, 176, 177]
		}, 178, 179, 180, 181, 182, 183, 184, 185, 186, 187, 188, 189, 190, 191, 192, 193, 194, 195]
}