{
	"__comment": "Maded by PhilippO. / pro_pixel_ from BuildmodeOne",
	"textures": {
		"particle": "block/light_gray_concrete",
		"texture": "block/gray_concrete",
		"lamp": "block/redstone_lamp_on"
	},
	"elements": [ 	 
		{
			"__comment": "Box1",
			"from": [ 3, 0, 5.5 ],
			"to": [ 10.5, 1, 10.5 ],
			"faces": {
				"down": { "uv": [ 3, 5.5, 10.5, 10.5 ], "texture": "#texture" },
				"up": { "uv": [ 3, 5.5, 10.5, 10.5 ], "texture": "#texture" },
				"north": { "uv": [ 5.5, 15, 13, 16 ], "texture": "#texture" },
				"south": { "uv": [ 3, 15, 10.5, 16 ], "texture": "#texture" },
				"west": { "uv": [ 5.5, 15, 10.5, 16 ], "texture": "#texture" },
				"east": { "uv": [ 5.5, 15, 10.5, 16 ], "texture": "#texture" }
			}
		},
		{
			"__comment": "Box2",
			"from": [ 6.5, 1, 6.5 ],
			"to": [ 9.5, 1.5, 9.5 ],
			"faces": {
				"down": { "uv": [ 6.5, 6.5, 9.5, 9.5 ], "texture": "#particle" },
				"up": { "uv": [ 6.5, 6.5, 9.5, 9.5 ], "texture": "#particle" },
				"north": { "uv": [ 6.5, 14.5, 9.5, 15 ], "texture": "#particle" },
				"south": { "uv": [ 6.5, 14.5, 9.5, 15 ], "texture": "#particle" },
				"west": { "uv": [ 6.5, 14.5, 9.5, 15 ], "texture": "#particle" },
				"east": { "uv": [ 6.5, 14.5, 9.5, 15 ], "texture": "#particle" }
			}
		},
		{
			"__comment": "Box3",
			"from": [ 7, 1, 7.5 ],
			"to": [ 8, 8.5, 8.5 ],
			"rotation": { "origin": [ 7, 1, 7.5 ], "axis": "z", "angle": -22.5 },
			"faces": {
				"down": { "uv": [ 9.5, 1, 10.5, 2 ], "texture": "#texture" },
				"up": { "uv": [ 9.5, 14, 10.5, 15 ], "texture": "#texture" },
				"north": { "uv": [ 5.5, 6, 6.5, 14 ], "texture": "#texture" },
				"south": { "uv": [ 9.5, 6, 10.5, 14 ], "texture": "#texture" },
				"west": { "uv": [ 14, 6, 15, 14 ], "texture": "#texture" },
				"east": { "uv": [ 1, 6, 2, 14 ], "texture": "#texture" }
			}
		},
		{
			"__comment": "Box4",
			"from": [ 12.5, 4, 7 ],
			"to": [ 14, 5.5, 9 ],
			"faces": {
				"down": { "uv": [ 12.5, 7, 14, 9 ], "texture": "#particle" },
				"up": { "uv": [ 12.5, 7, 14, 9 ], "texture": "#particle" },
				"north": { "uv": [ 2, 10.5, 3.5, 12 ], "texture": "#particle" },
				"south": { "uv": [ 12.5, 10.5, 14, 12 ], "texture": "#particle" },
				"west": { "uv": [ 7, 10.5, 9, 12 ], "texture": "#particle" },
				"east": { "uv": [ 7, 10.5, 9, 12 ], "texture": "#particle" }
			}
		},
		{
			"__comment": "Box5",
			"from": [ 13, 4.5, 7.5 ],
			"to": [ 14, 19, 8.5 ],
			"rotation": { "origin": [ 13, 4.5, 7.5 ], "axis": "z", "angle": 45 },
			"faces": {
				"down": { "uv": [ 12.5, 1, 13.5, 2 ], "texture": "#texture" },
				"up": { "uv": [ 12.5, 14, 13.5, 15 ], "texture": "#texture" },
				"north": { "uv": [ 2.5, 1.5, 3.5, 7.5 ], "texture": "#texture" },
				"south": { "uv": [ 12.5, 1.5, 13.5, 7.5 ], "texture": "#texture" },
				"west": { "uv": [ 14, 1.5, 15, 7.5 ], "texture": "#texture" },
				"east": { "uv": [ 1, 1.5, 2, 7.5 ], "texture": "#texture" }
			}
		},
		{
			"__comment": "Box4",
			"from": [ 2.5, 14.5, 6 ],
			"to": [ 3.5, 15.5, 10 ],
			"faces": {
				"down": { "uv": [ 12, 7, 13.5, 9 ], "texture": "#particle" },
				"up": { "uv": [ 12, 7, 13.5, 9 ], "texture": "#particle" },
				"north": { "uv": [ 2.5, 7.5, 4, 8.5 ], "texture": "#particle" },
				"south": { "uv": [ 12, 7.5, 13.5, 8.5 ], "texture": "#particle" },
				"west": { "uv": [ 7, 7.5, 9, 8.5 ], "texture": "#particle" },
				"east": { "uv": [ 7, 7.5, 9, 8.5 ], "texture": "#particle" }
			}
		},
		{
			"__comment": "Box7",
			"from": [ -6, 15, 6 ],
			"to": [ 2.5, 15.5, 10 ],
			"faces": {
				"down": { "uv": [ 6, 5.5, 9, 9.5 ], "texture": "#lamp" },
				"up": { "uv": [ 0, 6, 2.5, 10 ], "texture": "#texture" },
				"north": { "uv": [ 13.5, 0.5, 16, 1 ], "texture": "#texture" },
				"south": { "uv": [ 0, 0.5, 2.5, 1 ], "texture": "#texture" },
				"west": { "uv": [ 6, 0.5, 10, 1 ], "texture": "#texture" },
				"east": { "uv": [ 6, 0.5, 10, 1 ], "texture": "#texture" }
			}
		},
		{
			"__comment": "Box8",
			"from": [ -6, 14.5, 6 ],
			"to": [ 2.5, 15, 6.5 ],
			"faces": {
				"down": { "uv": [ 0, 9.5, 2.5, 10 ], "texture": "#texture" },
				"up": { "uv": [ 0, 6, 2.5, 6.5 ], "texture": "#texture" },
				"north": { "uv": [ 13.5, 1, 16, 1.5 ], "texture": "#texture" },
				"south": { "uv": [ 0, 1, 2.5, 1.5 ], "texture": "#texture" },
				"west": { "uv": [ 6, 1, 6.5, 1.5 ], "texture": "#texture" },
				"east": { "uv": [ 9.5, 1, 10, 1.5 ], "texture": "#texture" }
			}
		},
		{
			"__comment": "Box8",
			"from": [ -6, 14.5, 9.5 ],
			"to": [ 2.5, 15, 10 ],
			"faces": {
				"down": { "uv": [ 0, 9.5, 2.5, 10 ], "texture": "#texture" },
				"up": { "uv": [ 0, 6, 2.5, 6.5 ], "texture": "#texture" },
				"north": { "uv": [ 13.5, 0, 16, 0.5 ], "texture": "#texture" },
				"south": { "uv": [ 0, 0, 2.5, 0.5 ], "texture": "#texture" },
				"west": { "uv": [ 6, 0, 6.5, 0.5 ], "texture": "#texture" },
				"east": { "uv": [ 9.5, 0, 10, 0.5 ], "texture": "#texture" }
			}
		},
		{
			"__comment": "Box8",
			"from": [ -6, 14.5, 6.5 ],
			"to": [ -5.5, 15, 9.5 ],
			"faces": {
				"down": { "uv": [ 0, 9.5, 2.5, 10 ], "texture": "#texture" },
				"up": { "uv": [ 0, 6, 2.5, 6.5 ], "texture": "#texture" },
				"north": { "uv": [ 13.5, 0, 16, 0.5 ], "texture": "#texture" },
				"south": { "uv": [ 0, 0, 2.5, 0.5 ], "texture": "#texture" },
				"west": { "uv": [ 6, 0, 6.5, 0.5 ], "texture": "#texture" },
				"east": { "uv": [ 9.5, 0, 10, 0.5 ], "texture": "#texture" }
			}
		},
		{
			"__comment": "Box8",
			"from": [ 2, 14.5, 6.5 ],
			"to": [ 2.5, 15, 9.5 ],
			"faces": {
				"down": { "uv": [ 0, 9.5, 2.5, 10 ], "texture": "#texture" },
				"up": { "uv": [ 0, 6, 2.5, 6.5 ], "texture": "#texture" },
				"north": { "uv": [ 13.5, 0, 16, 0.5 ], "texture": "#texture" },
				"south": { "uv": [ 0, 0, 2.5, 0.5 ], "texture": "#texture" },
				"west": { "uv": [ 6, 0, 6.5, 0.5 ], "texture": "#texture" },
				"east": { "uv": [ 9.5, 0, 10, 0.5 ], "texture": "#texture" }
			}
		}
	],
	"display": {
		"head": {
			"translation":  [ 0, -14.5, 0 ],
			"scale":  [ 2.3, 2.3, 2.3 ]
		}
	}
}