{
	"__comment": "Maded by PhilippOph; Created for PixelPack by PhilippOph",
	"textures": {
		"particle": "block/flower_pot",
		"texture": "block/flower_pot",
		"dirt": "block/dirt",
		"leaves": "block/flower1"
	},
	"elements": [ 	 
		{
			"__comment": "Box1",
			"from": [ 5, 0, 5 ],
			"to": [ 11, 5, 11 ],
			"faces": {
				"down": { "uv": [ 5, 10, 11, 16 ], "texture": "#texture" },
				"up": { "uv": [ 5, 5, 11, 11 ], "texture": "#texture" },
				"north": { "uv": [ 5, 11, 11, 16 ], "texture": "#texture" },
				"south": { "uv": [ 5, 11, 11, 16 ], "texture": "#texture" },
				"west": { "uv": [ 5, 11, 11, 16 ], "texture": "#texture" },
				"east": { "uv": [ 5, 11, 11, 16 ], "texture": "#texture" }
			}
		},
		{
			"__comment": "Box2",
			"from": [ 6, 4, 6 ],
			"to": [ 10, 5, 10 ],
			"faces": {
				"down": { "uv": [ 6, 6, 10, 10 ], "texture": "#dirt" },
				"up": { "uv": [ 6, 6, 10, 10 ], "texture": "#dirt" },
				"north": { "uv": [ 6, 11, 10, 12 ], "texture": "#dirt" },
				"south": { "uv": [ 6, 11, 10, 12 ], "texture": "#dirt" },
				"west": { "uv": [ 6, 11, 10, 12 ], "texture": "#dirt" },
				"east": { "uv": [ 6, 11, 10, 12 ], "texture": "#dirt" }
			}
		},
		{
			"__comment": "Box3",
			"from": [ 5, 5, 5 ],
			"to": [ 10, 6, 6 ],
			"faces": {
				"down": { "uv": [ 5, 10, 10, 11 ], "texture": "#texture" },
				"up": { "uv": [ 5, 5, 10, 6 ], "texture": "#texture" },
				"north": { "uv": [ 6, 10, 11, 11 ], "texture": "#texture" },
				"south": { "uv": [ 5, 10, 10, 11 ], "texture": "#texture" },
				"west": { "uv": [ 5, 10, 6, 11 ], "texture": "#texture" },
				"east": { "uv": [ 10, 10, 11, 11 ], "texture": "#texture" }
			}
		},
		{
			"__comment": "Box3",
			"from": [ 6, 5, 10 ],
			"to": [ 11, 6, 11 ],
			"faces": {
				"down": { "uv": [ 5, 10, 10, 11 ], "texture": "#texture" },
				"up": { "uv": [ 5, 5, 10, 6 ], "texture": "#texture" },
				"north": { "uv": [ 6, 10, 11, 11 ], "texture": "#texture" },
				"south": { "uv": [ 5, 10, 10, 11 ], "texture": "#texture" },
				"west": { "uv": [ 5, 10, 6, 11 ], "texture": "#texture" },
				"east": { "uv": [ 10, 10, 11, 11 ], "texture": "#texture" }
			}
		},
		{
			"__comment": "Box3",
			"from": [ 5, 5, 6 ],
			"to": [ 6, 6, 11 ],
			"faces": {
				"down": { "uv": [ 5, 10, 10, 11 ], "texture": "#texture", "rotation": 90 },
				"up": { "uv": [ 5, 5, 10, 6 ], "texture": "#texture", "rotation": 90 },
				"north": { "uv": [ 5, 10, 6, 11 ], "texture": "#texture" },
				"south": { "uv": [ 5, 10, 6, 11 ], "texture": "#texture" },
				"west": { "uv": [ 6, 10, 11, 11 ], "texture": "#texture" },
				"east": { "uv": [ 6, 10, 11, 11 ], "texture": "#texture" }
			}
		},
		{
			"__comment": "Box3",
			"from": [ 10, 5, 5 ],
			"to": [ 11, 6, 10 ],
			"faces": {
				"down": { "uv": [ 5, 10, 10, 11 ], "texture": "#texture", "rotation": 90 },
				"up": { "uv": [ 5, 5, 10, 6 ], "texture": "#texture", "rotation": 90 },
				"north": { "uv": [ 5, 10, 6, 11 ], "texture": "#texture" },
				"south": { "uv": [ 5, 10, 6, 11 ], "texture": "#texture" },
				"west": { "uv": [ 6, 10, 11, 11 ], "texture": "#texture" },
				"east": { "uv": [ 6, 10, 11, 11 ], "texture": "#texture" }
			}
		},
		{
			"__comment": "Box8",
			"from": [ 4.5, 11, 1 ],
			"to": [ 11.5, 11.001, 9.5 ],
			"rotation": { "origin": [ 4.5, 11, 1 ], "axis": "x", "angle": 45 },
			"faces": {
				"down": { "uv": [ 0, 0, 16, 16 ], "texture": "#leaves", "rotation": 180 },
				"up": { "uv": [ 0, 0, 16, 16 ], "texture": "#leaves" }
			}
		},
		{
			"__comment": "Box8",
			"from": [ 4.4999, 11, 6 ],
			"to": [ 11.4999, 11.001, 14.5 ],
			"rotation": { "origin": [ 11.5, 11, 14.5 ], "axis": "x", "angle": -45 },
			"faces": {
				"down": { "uv": [ 0, 0, 16, 16 ], "texture": "#leaves" },
				"up": { "uv": [ 0, 0, 16, 16 ], "texture": "#leaves", "rotation": 180 }
			}
		},
		{
			"__comment": "Box8",
			"from": [ 1, 11, 4.5001 ],
			"to": [ 9.5, 11.001, 11.5001 ],
			"rotation": { "origin": [ 1, 11, 11.5 ], "axis": "z", "angle": -45 },
			"faces": {
				"down": { "uv": [ 0, 0, 16, 16 ], "texture": "#leaves", "rotation": 270 },
				"up": { "uv": [ 0, 0, 16, 16 ], "texture": "#leaves", "rotation": 270 }
			}
		},
		{
			"__comment": "Box8",
			"from": [ 6, 11, 4.4999 ],
			"to": [ 14.5, 11.001, 11.4999 ],
			"rotation": { "origin": [ 14.5, 11, 4.5 ], "axis": "z", "angle": 45 },
			"faces": {
				"down": { "uv": [ 0, 0, 16, 16 ], "texture": "#leaves", "rotation": 90 },
				"up": { "uv": [ 0, 0, 16, 16 ], "texture": "#leaves", "rotation": 90 }
			}
		},
		{
			"__comment": "Box8",
			"from": [ 4.5, 4.5, 4 ],
			"to": [ 11.5, 13, 4.001 ],
			"rotation": { "origin": [ 4.5, 13, 4 ], "axis": "x", "angle": -22.5 },
			"faces": {
				"north": { "uv": [ 16, 16, 0, 0 ], "texture": "#leaves", "rotation": 180 },
				"south": { "uv": [ 0, 0, 16, 16 ], "texture": "#leaves" }
			}
		},
		{
			"__comment": "Box8",
			"from": [ 3.5, 4.5, 4.5001 ],
			"to": [ 3.501, 13, 11.5001 ],
			"rotation": { "origin": [ 3.5, 13, 11.5 ], "axis": "z", "angle": 22.5 },
			"faces": {
				"west": { "uv": [ 16, 16, 0, 0 ], "texture": "#leaves", "rotation": 180 },
				"east": { "uv": [ 0, 0, 16, 16 ], "texture": "#leaves" }
			}
		},
		{
			"__comment": "Box8",
			"from": [ 12.499, 4.5, 4.4999 ],
			"to": [ 12.5, 13, 11.4999 ],
			"rotation": { "origin": [ 12.5, 13, 4.5 ], "axis": "z", "angle": -22.5 },
			"faces": {
				"west": { "uv": [ 16, 16, 0, 0 ], "texture": "#leaves", "rotation": 180 },
				"east": { "uv": [ 0, 0, 16, 16 ], "texture": "#leaves" }
			}
		},
		{
			"__comment": "Box8",
			"from": [ 4.4999, 4.5, 12.499 ],
			"to": [ 11.4999, 13, 12.5 ],
			"rotation": { "origin": [ 11.5, 13, 12.5 ], "axis": "x", "angle": 22.5 },
			"faces": {
				"north": { "uv": [ 16, 16, 0, 0 ], "texture": "#leaves", "rotation": 180 },
				"south": { "uv": [ 0, 0, 16, 16 ], "texture": "#leaves" }
			}
		},
		{
			"__comment": "Box15",
			"from": [ 7, 4, 7 ],
			"to": [ 9, 6, 9 ],
			"faces": {
				"down": { "uv": [ 7, 7, 11.5, 11 ], "texture": "#leaves" },
				"up": { "uv": [ 7, 7, 11.5, 11 ], "texture": "#leaves" },
				"north": { "uv": [ 7, 7, 11.5, 11 ], "texture": "#leaves" },
				"south": { "uv": [ 7, 7, 11.5, 11 ], "texture": "#leaves" },
				"west": { "uv": [ 7, 7, 11.5, 11 ], "texture": "#leaves" },
				"east": { "uv": [ 7, 7, 11.5, 11 ], "texture": "#leaves" }
			}
		}
	],
	"display": {
		"head": {
			"translation":  [ 0, -22.5, 0 ],
			"scale":  [ 1.3, 1.3, 1.3 ]
		}
	}
}