{
	"__comment": "Maded by PhilippOph; Created for PixelPack by PhilippOph",
	"textures": {
		"particle": "block/iron_block",
		"texture": "block/iron_block"
	},
	"elements": [ 	 
		{
			"__comment": "Box1",
			"from": [ 10.5, 0, 9.5 ],
			"to": [ 12.5, 1, 15.5 ],
			"faces": {
				"down": { "uv": [ 6.5, 1, 8.5, 5 ], "texture": "#texture" },
				"up": { "uv": [ 6.5, 11, 8.5, 15 ], "texture": "#texture" },
				"north": { "uv": [ 7.5, 14, 9.5, 15 ], "texture": "#texture" },
				"west": { "uv": [ 11, 14, 15, 15 ], "texture": "#texture" },
				"east": { "uv": [ 11, 14, 15, 15 ], "texture": "#texture" }
			}
		},
		{
			"__comment": "Box2",
			"from": [ 11, 0, 2 ],
			"to": [ 12, 1, 9.5 ],
			"faces": {
				"down": { "uv": [ 11, 6.5, 12, 14 ], "texture": "#texture" },
				"up": { "uv": [ 11, 2, 12, 9.5 ], "texture": "#texture" },
				"west": { "uv": [ 2, 15, 9.5, 16 ], "texture": "#texture" },
				"east": { "uv": [ 6.5, 15, 14, 16 ], "texture": "#texture" }
			}
		},
		{
			"__comment": "Box3",
			"from": [ 10.5, 0, -4 ],
			"to": [ 11, 1, 0 ],
			"faces": {
				"down": { "uv": [ 10.5, 0, 11, 4 ], "texture": "#texture" },
				"up": { "uv": [ 10.5, 12, 11, 16 ], "texture": "#texture" },
				"north": { "uv": [ 5, 15, 5.5, 16 ], "texture": "#texture" },
				"west": { "uv": [ 12, 15, 16, 16 ], "texture": "#texture" },
				"east": { "uv": [ 0, 15, 4, 16 ], "texture": "#texture" }
			}
		},
		{
			"__comment": "Box4",
			"from": [ 10, 0, 1 ],
			"to": [ 13, 1, 2 ],
			"faces": {
				"down": { "uv": [ 10, 14, 13, 15 ], "texture": "#texture" },
				"up": { "uv": [ 10, 1, 13, 2 ], "texture": "#texture" },
				"south": { "uv": [ 10, 15, 13, 16 ], "texture": "#texture" },
				"west": { "uv": [ 1, 15, 2, 16 ], "texture": "#texture" },
				"east": { "uv": [ 14, 15, 15, 16 ], "texture": "#texture" }
			}
		},
		{
			"__comment": "Box5",
			"from": [ 9, 0, 0 ],
			"to": [ 14, 1, 1 ],
			"faces": {
				"down": { "uv": [ 9, 15, 14, 16 ], "texture": "#texture" },
				"up": { "uv": [ 9, 0, 14, 1 ], "texture": "#texture" },
				"north": { "uv": [ 2, 15, 7, 16 ], "texture": "#texture" },
				"south": { "uv": [ 9, 15, 14, 16 ], "texture": "#texture" },
				"west": { "uv": [ 0, 15, 1, 16 ], "texture": "#texture" },
				"east": { "uv": [ 15, 15, 16, 16 ], "texture": "#texture" }
			}
		},
		{
			"__comment": "Box3",
			"from": [ 9, 0, -4 ],
			"to": [ 9.5, 1, 0 ],
			"faces": {
				"down": { "uv": [ 7.5, 12.5, 8, 16 ], "texture": "#texture" },
				"up": { "uv": [ 7.5, 0, 8, 3.5 ], "texture": "#texture" },
				"north": { "uv": [ 8, 15, 8.5, 16 ], "texture": "#texture" },
				"west": { "uv": [ 0, 15, 3.5, 16 ], "texture": "#texture" },
				"east": { "uv": [ 12.5, 15, 16, 16 ], "texture": "#texture" }
			}
		},
		{
			"__comment": "Box3",
			"from": [ 13.5, 0, -4 ],
			"to": [ 14, 1, 0 ],
			"faces": {
				"down": { "uv": [ 7.5, 12.5, 8, 16 ], "texture": "#texture" },
				"up": { "uv": [ 7.5, 0, 8, 3.5 ], "texture": "#texture" },
				"north": { "uv": [ 8, 15, 8.5, 16 ], "texture": "#texture" },
				"west": { "uv": [ 0, 15, 3.5, 16 ], "texture": "#texture" },
				"east": { "uv": [ 12.5, 15, 16, 16 ], "texture": "#texture" }
			}
		},
		{
			"__comment": "Box3",
			"from": [ 12, 0, -4 ],
			"to": [ 12.5, 1, 0 ],
			"faces": {
				"down": { "uv": [ 6.5, 12.5, 7, 16 ], "texture": "#texture" },
				"up": { "uv": [ 6.5, 0, 7, 3.5 ], "texture": "#texture" },
				"north": { "uv": [ 9, 15, 9.5, 16 ], "texture": "#texture" },
				"west": { "uv": [ 0, 15, 3.5, 16 ], "texture": "#texture" },
				"east": { "uv": [ 12.5, 15, 16, 16 ], "texture": "#texture" }
			}
		},
		{
			"__comment": "Box9",
			"from": [ 9, 0, -4.5 ],
			"to": [ 9.5, 0.5, -4 ],
			"faces": {
				"down": { "uv": [ 9, 4, 9.5, 4.5 ], "texture": "#texture" },
				"up": { "uv": [ 9, 11.5, 9.5, 12 ], "texture": "#texture" },
				"north": { "uv": [ 6.5, 15.5, 7, 16 ], "texture": "#texture" },
				"west": { "uv": [ 11.5, 15.5, 12, 16 ], "texture": "#texture" },
				"east": { "uv": [ 4, 15.5, 4.5, 16 ], "texture": "#texture" }
			}
		},
		{
			"__comment": "Box9",
			"from": [ 13.5, 0, -4.5 ],
			"to": [ 14, 0.5, -4 ],
			"faces": {
				"down": { "uv": [ 5, 0.5, 5.5, 1 ], "texture": "#texture" },
				"up": { "uv": [ 5, 15, 5.5, 15.5 ], "texture": "#texture" },
				"north": { "uv": [ 10.5, 15.5, 11, 16 ], "texture": "#texture" },
				"west": { "uv": [ 15, 15.5, 15.5, 16 ], "texture": "#texture" },
				"east": { "uv": [ 0.5, 15.5, 1, 16 ], "texture": "#texture" }
			}
		},
		{
			"__comment": "Box9",
			"from": [ 10.5, 0, -5 ],
			"to": [ 11, 0.5, -4 ],
			"faces": {
				"down": { "uv": [ 5, 0.5, 5.5, 1 ], "texture": "#texture" },
				"up": { "uv": [ 5, 15, 5.5, 15.5 ], "texture": "#texture" },
				"north": { "uv": [ 10.5, 15.5, 11, 16 ], "texture": "#texture" },
				"west": { "uv": [ 15, 15.5, 15.5, 16 ], "texture": "#texture" },
				"east": { "uv": [ 0.5, 15.5, 1, 16 ], "texture": "#texture" }
			}
		},
		{
			"__comment": "Box9",
			"from": [ 12, 0, -5 ],
			"to": [ 12.5, 0.5, -4 ],
			"faces": {
				"down": { "uv": [ 5, 0.5, 5.5, 1 ], "texture": "#texture" },
				"up": { "uv": [ 5, 15, 5.5, 15.5 ], "texture": "#texture" },
				"north": { "uv": [ 10.5, 15.5, 11, 16 ], "texture": "#texture" },
				"west": { "uv": [ 15, 15.5, 15.5, 16 ], "texture": "#texture" },
				"east": { "uv": [ 0.5, 15.5, 1, 16 ], "texture": "#texture" }
			}
		},
		{
			"__comment": "Box1",
			"from": [ 10, 0, 15.5 ],
			"to": [ 13, 1, 18.5 ],
			"faces": {
				"down": { "uv": [ 6.5, 0, 8.5, 4 ], "texture": "#texture" },
				"up": { "uv": [ 6.5, 12, 8.5, 16 ], "texture": "#texture" },
				"north": { "uv": [ 7.5, 15, 9.5, 16 ], "texture": "#texture" },
				"south": { "uv": [ 6.5, 15, 8.5, 16 ], "texture": "#texture" },
				"west": { "uv": [ 12, 15, 16, 16 ], "texture": "#texture" },
				"east": { "uv": [ 0, 15, 4, 16 ], "texture": "#texture" }
			}
		},
		{
			"__comment": "Box5",
			"from": [ 2, 0, 1 ],
			"to": [ 7, 1, 2 ],
			"faces": {
				"down": { "uv": [ 5.5, 13, 10.5, 14 ], "texture": "#texture" },
				"up": { "uv": [ 5.5, 2, 10.5, 3 ], "texture": "#texture" },
				"north": { "uv": [ 5.5, 15, 10.5, 16 ], "texture": "#texture" },
				"south": { "uv": [ 5.5, 15, 10.5, 16 ], "texture": "#texture" },
				"west": { "uv": [ 2, 15, 3, 16 ], "texture": "#texture" },
				"east": { "uv": [ 13, 15, 14, 16 ], "texture": "#texture" }
			}
		},
		{
			"__comment": "Box3",
			"from": [ 2, 0, -3 ],
			"to": [ 2.5, 1, 1 ],
			"faces": {
				"down": { "uv": [ 7.5, 12.5, 8, 16 ], "texture": "#texture" },
				"up": { "uv": [ 7.5, 0, 8, 3.5 ], "texture": "#texture" },
				"north": { "uv": [ 8, 15, 8.5, 16 ], "texture": "#texture" },
				"west": { "uv": [ 0, 15, 3.5, 16 ], "texture": "#texture" },
				"east": { "uv": [ 12.5, 15, 16, 16 ], "texture": "#texture" }
			}
		},
		{
			"__comment": "Box9",
			"from": [ 2, 0, -3.5 ],
			"to": [ 2.5, 0.5, -3 ],
			"faces": {
				"down": { "uv": [ 5, 0.5, 5.5, 1 ], "texture": "#texture" },
				"up": { "uv": [ 5, 15, 5.5, 15.5 ], "texture": "#texture" },
				"north": { "uv": [ 10.5, 15.5, 11, 16 ], "texture": "#texture" },
				"west": { "uv": [ 15, 15.5, 15.5, 16 ], "texture": "#texture" },
				"east": { "uv": [ 0.5, 15.5, 1, 16 ], "texture": "#texture" }
			}
		},
		{
			"__comment": "Box4",
			"from": [ 3, 0, 2 ],
			"to": [ 6, 1, 3 ],
			"faces": {
				"down": { "uv": [ 6, 10.5, 9, 11.5 ], "texture": "#texture" },
				"up": { "uv": [ 6, 4.5, 9, 5.5 ], "texture": "#texture" },
				"south": { "uv": [ 6, 15, 9, 16 ], "texture": "#texture" },
				"west": { "uv": [ 4.5, 15, 5.5, 16 ], "texture": "#texture" },
				"east": { "uv": [ 10.5, 15, 11.5, 16 ], "texture": "#texture" }
			}
		},
		{
			"__comment": "Box3",
			"from": [ 3.5, 0, -3 ],
			"to": [ 4, 1, 1 ],
			"faces": {
				"down": { "uv": [ 6.5, 12.5, 7, 16 ], "texture": "#texture" },
				"up": { "uv": [ 6.5, 0, 7, 3.5 ], "texture": "#texture" },
				"north": { "uv": [ 9, 15, 9.5, 16 ], "texture": "#texture" },
				"west": { "uv": [ 0, 15, 3.5, 16 ], "texture": "#texture" },
				"east": { "uv": [ 12.5, 15, 16, 16 ], "texture": "#texture" }
			}
		},
		{
			"__comment": "Box9",
			"from": [ 3.5, 0, -4 ],
			"to": [ 4, 0.5, -3 ],
			"faces": {
				"down": { "uv": [ 5, 0.5, 5.5, 1 ], "texture": "#texture" },
				"up": { "uv": [ 5, 15, 5.5, 15.5 ], "texture": "#texture" },
				"north": { "uv": [ 10.5, 15.5, 11, 16 ], "texture": "#texture" },
				"west": { "uv": [ 15, 15.5, 15.5, 16 ], "texture": "#texture" },
				"east": { "uv": [ 0.5, 15.5, 1, 16 ], "texture": "#texture" }
			}
		},
		{
			"__comment": "Box2",
			"from": [ 4, 0, 3 ],
			"to": [ 5, 1, 9.5 ],
			"faces": {
				"down": { "uv": [ 7, 4, 8, 10.5 ], "texture": "#texture" },
				"up": { "uv": [ 7, 5.5, 8, 12 ], "texture": "#texture" },
				"west": { "uv": [ 5.5, 15, 12, 16 ], "texture": "#texture" },
				"east": { "uv": [ 4, 15, 10.5, 16 ], "texture": "#texture" }
			}
		},
		{
			"__comment": "Box1",
			"from": [ 3.5, 0, 9.5 ],
			"to": [ 5.5, 1, 15 ],
			"faces": {
				"down": { "uv": [ 6.5, 1, 8.5, 5 ], "texture": "#texture" },
				"up": { "uv": [ 6.5, 11, 8.5, 15 ], "texture": "#texture" },
				"north": { "uv": [ 7.5, 14, 9.5, 15 ], "texture": "#texture" },
				"west": { "uv": [ 11, 14, 15, 15 ], "texture": "#texture" },
				"east": { "uv": [ 11, 14, 15, 15 ], "texture": "#texture" }
			}
		},
		{
			"__comment": "Box3",
			"from": [ 5, 0, -3 ],
			"to": [ 5.5, 1, 1 ],
			"faces": {
				"down": { "uv": [ 6.5, 12.5, 7, 16 ], "texture": "#texture" },
				"up": { "uv": [ 6.5, 0, 7, 3.5 ], "texture": "#texture" },
				"north": { "uv": [ 9, 15, 9.5, 16 ], "texture": "#texture" },
				"west": { "uv": [ 0, 15, 3.5, 16 ], "texture": "#texture" },
				"east": { "uv": [ 12.5, 15, 16, 16 ], "texture": "#texture" }
			}
		},
		{
			"__comment": "Box9",
			"from": [ 5, 0, -4 ],
			"to": [ 5.5, 0.5, -3 ],
			"faces": {
				"down": { "uv": [ 5, 0.5, 5.5, 1 ], "texture": "#texture" },
				"up": { "uv": [ 5, 15, 5.5, 15.5 ], "texture": "#texture" },
				"north": { "uv": [ 10.5, 15.5, 11, 16 ], "texture": "#texture" },
				"west": { "uv": [ 15, 15.5, 15.5, 16 ], "texture": "#texture" },
				"east": { "uv": [ 0.5, 15.5, 1, 16 ], "texture": "#texture" }
			}
		},
		{
			"__comment": "Box1",
			"from": [ 3, 0, 15 ],
			"to": [ 6, 1, 18 ],
			"faces": {
				"down": { "uv": [ 6.5, 0, 8.5, 4 ], "texture": "#texture" },
				"up": { "uv": [ 6.5, 12, 8.5, 16 ], "texture": "#texture" },
				"north": { "uv": [ 7.5, 15, 9.5, 16 ], "texture": "#texture" },
				"south": { "uv": [ 6.5, 15, 8.5, 16 ], "texture": "#texture" },
				"west": { "uv": [ 12, 15, 16, 16 ], "texture": "#texture" },
				"east": { "uv": [ 0, 15, 4, 16 ], "texture": "#texture" }
			}
		},
		{
			"__comment": "Box3",
			"from": [ 6.5, 0, -3 ],
			"to": [ 7, 1, 1 ],
			"faces": {
				"down": { "uv": [ 7.5, 12.5, 8, 16 ], "texture": "#texture" },
				"up": { "uv": [ 7.5, 0, 8, 3.5 ], "texture": "#texture" },
				"north": { "uv": [ 8, 15, 8.5, 16 ], "texture": "#texture" },
				"west": { "uv": [ 0, 15, 3.5, 16 ], "texture": "#texture" },
				"east": { "uv": [ 12.5, 15, 16, 16 ], "texture": "#texture" }
			}
		},
		{
			"__comment": "Box9",
			"from": [ 6.5, 0, -3.5 ],
			"to": [ 7, 0.5, -3 ],
			"faces": {
				"down": { "uv": [ 5, 0.5, 5.5, 1 ], "texture": "#texture" },
				"up": { "uv": [ 5, 15, 5.5, 15.5 ], "texture": "#texture" },
				"north": { "uv": [ 10.5, 15.5, 11, 16 ], "texture": "#texture" },
				"west": { "uv": [ 15, 15.5, 15.5, 16 ], "texture": "#texture" },
				"east": { "uv": [ 0.5, 15.5, 1, 16 ], "texture": "#texture" }
			}
		}
	],
	"display": {
		"head": {
			"rotation":  [ 0, 180, 0 ],
			"translation":  [ 1, -28, 2.5 ],
			"scale":  [ 0.6, 0.6, 0.6 ]
		}
	}
}