{
	"__comment": "Maded by PhilippOph; Created for PixelPack by PhilippOph",
	"textures": {
		"particle": "block/green_concrete",
		"green": "block/green_concrete",
		"wine": "block/wine",
		"gold": "block/gold_block"
	},
	"elements": [ 	 
		{
			"__comment": "Box1",
			"from": [ 7, 0, 6.5 ],
			"to": [ 9, 5.5, 7 ],
			"faces": {
				"down": { "uv": [ 7, 9, 9, 9.5 ], "texture": "#green" },
				"up": { "uv": [ 7, 6.5, 9, 7 ], "texture": "#green" },
				"north": { "uv": [ 0, 8, 5, 16 ], "texture": "#wine" },
				"south": { "uv": [ 0, 8, 5, 16 ], "texture": "#wine" },
				"west": { "uv": [ 0, 8, 1, 16 ], "texture": "#wine" },
				"east": { "uv": [ 0, 8, 1, 16 ], "texture": "#wine" }
			}
		},
		{
			"__comment": "Box1",
			"from": [ 7, 0, 7 ],
			"to": [ 9, 7, 9 ],
			"faces": {
				"down": { "uv": [ 6.5, 6.5, 9.5, 9.5 ], "texture": "#green" },
				"up": { "uv": [ 6.5, 6.5, 9.5, 9.5 ], "texture": "#green" },
				"north": { "uv": [ 6.5, 10, 9.5, 16 ], "texture": "#green" },
				"south": { "uv": [ 6.5, 10, 9.5, 16 ], "texture": "#green" },
				"west": { "uv": [ 6.5, 10, 9.5, 16 ], "texture": "#green" },
				"east": { "uv": [ 6.5, 10, 9.5, 16 ], "texture": "#green" }
			}
		},
		{
			"__comment": "Box1",
			"from": [ 7.5, 7, 7.5 ],
			"to": [ 8.5, 8, 8.5 ],
			"faces": {
				"down": { "uv": [ 6.5, 6.5, 9.5, 9.5 ], "texture": "#green" },
				"up": { "uv": [ 6.5, 6.5, 9.5, 9.5 ], "texture": "#green" },
				"north": { "uv": [ 6.5, 10, 9.5, 16 ], "texture": "#green" },
				"south": { "uv": [ 6.5, 10, 9.5, 16 ], "texture": "#green" },
				"west": { "uv": [ 6.5, 10, 9.5, 16 ], "texture": "#green" },
				"east": { "uv": [ 6.5, 10, 9.5, 16 ], "texture": "#green" }
			}
		},
		{
			"__comment": "Box1",
			"from": [ 7, 0, 9 ],
			"to": [ 9, 5.5, 9.5 ],
			"faces": {
				"down": { "uv": [ 7, 9, 9, 9.5 ], "texture": "#green" },
				"up": { "uv": [ 7, 6.5, 9, 7 ], "texture": "#green" },
				"north": { "uv": [ 0, 8, 5, 16 ], "texture": "#wine" },
				"south": { "uv": [ 0, 8, 5, 16 ], "texture": "#wine" },
				"west": { "uv": [ 0, 8, 1, 16 ], "texture": "#wine" },
				"east": { "uv": [ 0, 8, 1, 16 ], "texture": "#wine" }
			}
		},
		{
			"__comment": "Box1",
			"from": [ 6.5, 0, 7 ],
			"to": [ 7, 5.5, 9 ],
			"faces": {
				"down": { "uv": [ 7, 9, 9, 9.5 ], "texture": "#green" },
				"up": { "uv": [ 7, 6.5, 9, 7 ], "texture": "#green" },
				"north": { "uv": [ 0, 8, 1, 16 ], "texture": "#wine" },
				"south": { "uv": [ 0, 8, 1, 16 ], "texture": "#wine" },
				"west": { "uv": [ 0, 8, 5, 16 ], "texture": "#wine" },
				"east": { "uv": [ 0, 8, 1, 16 ], "texture": "#wine" }
			}
		},
		{
			"__comment": "Box1",
			"from": [ 9, 0, 7 ],
			"to": [ 9.5, 5.5, 9 ],
			"faces": {
				"down": { "uv": [ 7, 9, 9, 9.5 ], "texture": "#green" },
				"up": { "uv": [ 7, 6.5, 9, 7 ], "texture": "#green" },
				"north": { "uv": [ 0, 8, 1, 16 ], "texture": "#wine" },
				"south": { "uv": [ 0, 8, 1, 16 ], "texture": "#wine" },
				"west": { "uv": [ 0, 8, 5, 16 ], "texture": "#wine" },
				"east": { "uv": [ 0, 8, 5, 16 ], "texture": "#wine" }
			}
		},
		{
			"__comment": "Box7",
			"from": [ 7.5, 5.5, 6.5 ],
			"to": [ 8.5, 6.5, 7 ],
			"faces": {
				"down": { "uv": [ 7.5, 9, 8.5, 9.5 ], "texture": "#green" },
				"up": { "uv": [ 7.5, 6.5, 8.5, 7 ], "texture": "#green" },
				"north": { "uv": [ 7.5, 9.5, 8.5, 10.5 ], "texture": "#green" },
				"south": { "uv": [ 7.5, 9.5, 8.5, 10.5 ], "texture": "#green" },
				"west": { "uv": [ 6.5, 9.5, 7, 10.5 ], "texture": "#green" },
				"east": { "uv": [ 9, 9.5, 9.5, 10.5 ], "texture": "#green" }
			}
		},
		{
			"__comment": "Box7",
			"from": [ 7.5, 5.5, 9 ],
			"to": [ 8.5, 6.5, 9.5 ],
			"faces": {
				"down": { "uv": [ 7.5, 9, 8.5, 9.5 ], "texture": "#green" },
				"up": { "uv": [ 7.5, 6.5, 8.5, 7 ], "texture": "#green" },
				"north": { "uv": [ 7.5, 9.5, 8.5, 10.5 ], "texture": "#green" },
				"south": { "uv": [ 7.5, 9.5, 8.5, 10.5 ], "texture": "#green" },
				"west": { "uv": [ 6.5, 9.5, 7, 10.5 ], "texture": "#green" },
				"east": { "uv": [ 9, 9.5, 9.5, 10.5 ], "texture": "#green" }
			}
		},
		{
			"__comment": "Box7",
			"from": [ 6.5, 5.5, 7.5 ],
			"to": [ 7, 6.5, 8.5 ],
			"faces": {
				"down": { "uv": [ 7.5, 9, 8.5, 9.5 ], "texture": "#green" },
				"up": { "uv": [ 7.5, 6.5, 8.5, 7 ], "texture": "#green" },
				"north": { "uv": [ 7.5, 9.5, 8.5, 10.5 ], "texture": "#green" },
				"south": { "uv": [ 7.5, 9.5, 8.5, 10.5 ], "texture": "#green" },
				"west": { "uv": [ 6.5, 9.5, 7, 10.5 ], "texture": "#green" },
				"east": { "uv": [ 9, 9.5, 9.5, 10.5 ], "texture": "#green" }
			}
		},
		{
			"__comment": "Box7",
			"from": [ 9, 5.5, 7.5 ],
			"to": [ 9.5, 6.5, 8.5 ],
			"faces": {
				"down": { "uv": [ 7.5, 9, 8.5, 9.5 ], "texture": "#green" },
				"up": { "uv": [ 7.5, 6.5, 8.5, 7 ], "texture": "#green" },
				"north": { "uv": [ 7.5, 9.5, 8.5, 10.5 ], "texture": "#green" },
				"south": { "uv": [ 7.5, 9.5, 8.5, 10.5 ], "texture": "#green" },
				"west": { "uv": [ 6.5, 9.5, 7, 10.5 ], "texture": "#green" },
				"east": { "uv": [ 9, 9.5, 9.5, 10.5 ], "texture": "#green" }
			}
		},
		{
			"__comment": "Box11",
			"from": [ 7.5, 8, 7.5 ],
			"to": [ 8.5, 9, 8.5 ],
			"faces": {
				"down": { "uv": [ 0, 0, 16, 16 ], "texture": "#gold" },
				"up": { "uv": [ 0, 0, 16, 16 ], "texture": "#gold" },
				"north": { "uv": [ 0, 0, 16, 16 ], "texture": "#gold" },
				"south": { "uv": [ 0, 0, 16, 16 ], "texture": "#gold" },
				"west": { "uv": [ 0, 0, 16, 16 ], "texture": "#gold" },
				"east": { "uv": [ 0, 0, 16, 16 ], "texture": "#gold" }
			}
		}
	],
	"display": {
		"firstperson_righthand": {
			"rotation":  [ 0, -90, 25 ],
			"translation":  [ 1.13, 3.2, 1.13 ],
			"scale":  [ 0.68, 0.68, 0.68 ]
		},
		"gui": {
			"rotation":  [ 30, 225, 0 ],
			"translation":  [ 0, 3.4782, 0 ]
		},
		"head": {
			"translation":  [ 0, -14.5, 0 ],
			"scale":  [ 2.3, 2.3, 2.3 ]
		}
	}
}