{
	"__comment": "Maded by PhilippOph; Created for PixelPack by PhilippOph",
	"textures": {
		"particle": "block/iron_block",
		"texture": "block/iron_block"
	},
	"elements": [ 	 
		{
			"__comment": "Box27",
			"from": [ 10, 0, -4 ],
			"to": [ 11, 1, 9.5 ],
			"faces": {
				"down": { "uv": [ 10, 6.5, 11, 16 ], "texture": "#texture" },
				"up": { "uv": [ 10, 0, 11, 9.5 ], "texture": "#texture" },
				"north": { "uv": [ 5, 15, 6, 16 ], "texture": "#texture" },
				"south": { "uv": [ 10, 15, 11, 16 ], "texture": "#texture" },
				"west": { "uv": [ 0, 15, 9.5, 16 ], "texture": "#texture" },
				"east": { "uv": [ 6.5, 15, 16, 16 ], "texture": "#texture" }
			}
		},
		{
			"__comment": "Box28",
			"from": [ 9.5, 0, 9.5 ],
			"to": [ 11.5, 1, 18 ],
			"faces": {
				"down": { "uv": [ 9.5, 0, 11.5, 6.5 ], "texture": "#texture" },
				"up": { "uv": [ 9.5, 9.5, 11.5, 16 ], "texture": "#texture" },
				"north": { "uv": [ 4.5, 15, 6.5, 16 ], "texture": "#texture" },
				"south": { "uv": [ 9.5, 15, 11.5, 16 ], "texture": "#texture" },
				"west": { "uv": [ 9.5, 15, 16, 16 ], "texture": "#texture" },
				"east": { "uv": [ 0, 15, 6.5, 16 ], "texture": "#texture" }
			}
		},
		{
			"__comment": "Box29",
			"from": [ 11, 0, -4 ],
			"to": [ 11.5, 1, 6 ],
			"faces": {
				"down": { "uv": [ 11, 10, 11.5, 16 ], "texture": "#texture" },
				"up": { "uv": [ 11, 0, 11.5, 6 ], "texture": "#texture" },
				"north": { "uv": [ 4.5, 15, 5, 16 ], "texture": "#texture" },
				"south": { "uv": [ 11, 15, 11.5, 16 ], "texture": "#texture" },
				"west": { "uv": [ 0, 15, 6, 16 ], "texture": "#texture" },
				"east": { "uv": [ 10, 15, 16, 16 ], "texture": "#texture" }
			}
		},
		{
			"__comment": "Box29",
			"from": [ 11.5, 0, -3.5 ],
			"to": [ 12, 1, 5.5 ],
			"faces": {
				"down": { "uv": [ 3.5, 10, 4, 16 ], "texture": "#texture" },
				"up": { "uv": [ 3.5, 0, 4, 6 ], "texture": "#texture" },
				"north": { "uv": [ 12, 15, 12.5, 16 ], "texture": "#texture" },
				"south": { "uv": [ 3.5, 15, 4, 16 ], "texture": "#texture" },
				"west": { "uv": [ 0, 15, 6, 16 ], "texture": "#texture" },
				"east": { "uv": [ 10, 15, 16, 16 ], "texture": "#texture" }
			}
		},
		{
			"__comment": "Box29",
			"from": [ 12, 0, -2 ],
			"to": [ 12.5, 1, 5 ],
			"faces": {
				"down": { "uv": [ 3.5, 10, 4, 16 ], "texture": "#texture" },
				"up": { "uv": [ 3.5, 0, 4, 6 ], "texture": "#texture" },
				"north": { "uv": [ 12, 15, 12.5, 16 ], "texture": "#texture" },
				"south": { "uv": [ 3.5, 15, 4, 16 ], "texture": "#texture" },
				"west": { "uv": [ 0, 15, 6, 16 ], "texture": "#texture" },
				"east": { "uv": [ 10, 15, 16, 16 ], "texture": "#texture" }
			}
		},
		{
			"__comment": "Box29",
			"from": [ 12.5, 0, -1 ],
			"to": [ 13, 0.5, 3.5 ],
			"faces": {
				"down": { "uv": [ 3.5, 10, 4, 16 ], "texture": "#texture" },
				"up": { "uv": [ 3.5, 0, 4, 6 ], "texture": "#texture" },
				"north": { "uv": [ 12, 15, 12.5, 16 ], "texture": "#texture" },
				"south": { "uv": [ 3.5, 15, 4, 16 ], "texture": "#texture" },
				"west": { "uv": [ 0, 15, 6, 16 ], "texture": "#texture" },
				"east": { "uv": [ 10, 15, 16, 16 ], "texture": "#texture" }
			}
		},
		{
			"__comment": "Box27",
			"from": [ 4, 0, -5 ],
			"to": [ 5, 1, 10 ],
			"faces": {
				"down": { "uv": [ 3.5, 6.5, 4.5, 16 ], "texture": "#texture" },
				"up": { "uv": [ 3.5, 0, 4.5, 9.5 ], "texture": "#texture" },
				"north": { "uv": [ 11.5, 15, 12.5, 16 ], "texture": "#texture" },
				"south": { "uv": [ 3.5, 15, 4.5, 16 ], "texture": "#texture" },
				"west": { "uv": [ 0, 15, 9.5, 16 ], "texture": "#texture" },
				"east": { "uv": [ 6.5, 15, 16, 16 ], "texture": "#texture" }
			}
		},
		{
			"__comment": "Box29",
			"from": [ 5, 0, -5 ],
			"to": [ 5.5, 1, 5 ],
			"faces": {
				"down": { "uv": [ 5, 10, 5.5, 16 ], "texture": "#texture" },
				"up": { "uv": [ 5, 0, 5.5, 6 ], "texture": "#texture" },
				"north": { "uv": [ 10.5, 15, 11, 16 ], "texture": "#texture" },
				"south": { "uv": [ 5, 15, 5.5, 16 ], "texture": "#texture" },
				"west": { "uv": [ 0, 15, 6, 16 ], "texture": "#texture" },
				"east": { "uv": [ 10, 15, 16, 16 ], "texture": "#texture" }
			}
		},
		{
			"__comment": "Box29",
			"from": [ 5.5, 0, -4.5 ],
			"to": [ 6, 1, 4.5 ],
			"faces": {
				"down": { "uv": [ 3.5, 10, 4, 16 ], "texture": "#texture" },
				"up": { "uv": [ 3.5, 0, 4, 6 ], "texture": "#texture" },
				"north": { "uv": [ 12, 15, 12.5, 16 ], "texture": "#texture" },
				"south": { "uv": [ 3.5, 15, 4, 16 ], "texture": "#texture" },
				"west": { "uv": [ 0, 15, 6, 16 ], "texture": "#texture" },
				"east": { "uv": [ 10, 15, 16, 16 ], "texture": "#texture" }
			}
		},
		{
			"__comment": "Box29",
			"from": [ 6, 0, -3 ],
			"to": [ 6.5, 1, 4 ],
			"faces": {
				"down": { "uv": [ 3.5, 10, 4, 16 ], "texture": "#texture" },
				"up": { "uv": [ 3.5, 0, 4, 6 ], "texture": "#texture" },
				"north": { "uv": [ 12, 15, 12.5, 16 ], "texture": "#texture" },
				"south": { "uv": [ 3.5, 15, 4, 16 ], "texture": "#texture" },
				"west": { "uv": [ 0, 15, 6, 16 ], "texture": "#texture" },
				"east": { "uv": [ 10, 15, 16, 16 ], "texture": "#texture" }
			}
		},
		{
			"__comment": "Box28",
			"from": [ 3.5, 0, 10 ],
			"to": [ 5.5, 1, 18.5 ],
			"faces": {
				"down": { "uv": [ 3.5, 0, 5.5, 6.5 ], "texture": "#texture" },
				"up": { "uv": [ 3.5, 9.5, 5.5, 16 ], "texture": "#texture" },
				"north": { "uv": [ 10.5, 15, 12.5, 16 ], "texture": "#texture" },
				"south": { "uv": [ 3.5, 15, 5.5, 16 ], "texture": "#texture" },
				"west": { "uv": [ 9.5, 15, 16, 16 ], "texture": "#texture" },
				"east": { "uv": [ 0, 15, 6.5, 16 ], "texture": "#texture" }
			}
		},
		{
			"__comment": "Box29",
			"from": [ 6.5, 0, -2 ],
			"to": [ 7, 0.5, 2.5 ],
			"faces": {
				"down": { "uv": [ 3.5, 10, 4, 16 ], "texture": "#texture" },
				"up": { "uv": [ 3.5, 0, 4, 6 ], "texture": "#texture" },
				"north": { "uv": [ 12, 15, 12.5, 16 ], "texture": "#texture" },
				"south": { "uv": [ 3.5, 15, 4, 16 ], "texture": "#texture" },
				"west": { "uv": [ 0, 15, 6, 16 ], "texture": "#texture" },
				"east": { "uv": [ 10, 15, 16, 16 ], "texture": "#texture" }
			}
		}
	],
	"display": {
		"head": {
			"rotation":  [ 0, 180, 0 ],
			"translation":  [ -0.5, -28, 2.5 ],
			"scale":  [ 0.6, 0.6, 0.6 ]
		}
	}
}