{
	"__comment": "Maded by PhilippOph; Created for PixelPack by PhilippOph",
	"textures": {
		"particle": "block/white_stained_glass",
		"texture": "block/white_stained_glass"
	},
	"elements": [ 	 
		{
			"__comment": "Box20",
			"from": [ 7, 0.5, 9 ],
			"to": [ 9, 5, 9.5 ],
			"faces": {
				"down": { "uv": [ 7, 6.5, 9, 7 ], "texture": "#texture" },
				"up": { "uv": [ 7, 9, 9, 9.5 ], "texture": "#texture" },
				"north": { "uv": [ 7, 11, 9, 15.5 ], "texture": "#texture" },
				"south": { "uv": [ 7, 11, 9, 15.5 ], "texture": "#texture" },
				"west": { "uv": [ 9, 11, 9.5, 15.5 ], "texture": "#texture" },
				"east": { "uv": [ 6.5, 11, 7, 15.5 ], "texture": "#texture" }
			}
		},
		{
			"__comment": "Box21",
			"from": [ 7, 0, 7 ],
			"to": [ 9, 0.5, 9 ],
			"faces": {
				"down": { "uv": [ 7, 7, 9, 9 ], "texture": "#texture" },
				"up": { "uv": [ 7, 7, 9, 9 ], "texture": "#texture" },
				"north": { "uv": [ 7, 15.5, 9, 16 ], "texture": "#texture" },
				"south": { "uv": [ 7, 15.5, 9, 16 ], "texture": "#texture" },
				"west": { "uv": [ 7, 15.5, 9, 16 ], "texture": "#texture" },
				"east": { "uv": [ 7, 15.5, 9, 16 ], "texture": "#texture" }
			}
		},
		{
			"__comment": "Box20",
			"from": [ 7, 0.5, 6.5 ],
			"to": [ 9, 5, 7 ],
			"faces": {
				"down": { "uv": [ 7, 6.5, 9, 7 ], "texture": "#texture" },
				"up": { "uv": [ 7, 9, 9, 9.5 ], "texture": "#texture" },
				"north": { "uv": [ 7, 11, 9, 15.5 ], "texture": "#texture" },
				"south": { "uv": [ 7, 11, 9, 15.5 ], "texture": "#texture" },
				"west": { "uv": [ 9, 11, 9.5, 15.5 ], "texture": "#texture" },
				"east": { "uv": [ 6.5, 11, 7, 15.5 ], "texture": "#texture" }
			}
		},
		{
			"__comment": "Box20",
			"from": [ 6.5, 0.5, 7 ],
			"to": [ 7, 5, 9 ],
			"faces": {
				"down": { "uv": [ 7, 6.5, 9, 7 ], "texture": "#texture" },
				"up": { "uv": [ 7, 9, 9, 9.5 ], "texture": "#texture" },
				"north": { "uv": [ 7, 11, 9, 15.5 ], "texture": "#texture" },
				"south": { "uv": [ 7, 11, 9, 15.5 ], "texture": "#texture" },
				"west": { "uv": [ 9, 11, 9.5, 15.5 ], "texture": "#texture" },
				"east": { "uv": [ 6.5, 11, 7, 15.5 ], "texture": "#texture" }
			}
		},
		{
			"__comment": "Box20",
			"from": [ 9, 0.5, 7 ],
			"to": [ 9.5, 5, 9 ],
			"faces": {
				"down": { "uv": [ 7, 6.5, 9, 7 ], "texture": "#texture" },
				"up": { "uv": [ 7, 9, 9, 9.5 ], "texture": "#texture" },
				"north": { "uv": [ 7, 11, 9, 15.5 ], "texture": "#texture" },
				"south": { "uv": [ 7, 11, 9, 15.5 ], "texture": "#texture" },
				"west": { "uv": [ 9, 11, 9.5, 15.5 ], "texture": "#texture" },
				"east": { "uv": [ 6.5, 11, 7, 15.5 ], "texture": "#texture" }
			}
		}
	],
	"display": {
		"head": {
			"translation":  [ 0, -14.5, 3 ],
			"scale":  [ 2.3, 2.3, 2.3 ]
		}
	}
}