{
	"__comment": "Maded by PhilippOph; Created for PixelPack by PhilippOph",
	"textures": {
		"particle": "block/quartz_block_top",
		"texture": "block/quartz_block_top"
	},
	"elements": [ 	 
		{
			"__comment": "Box1",
			"from": [ 5, 0, 5 ],
			"to": [ 11, 0.5, 11 ],
			"faces": {
				"down": { "uv": [ 5, 5, 11, 11 ], "texture": "#texture" },
				"up": { "uv": [ 5, 5, 11, 11 ], "texture": "#texture" },
				"north": { "uv": [ 5, 15.5, 11, 16 ], "texture": "#texture" },
				"south": { "uv": [ 5, 15.5, 11, 16 ], "texture": "#texture" },
				"west": { "uv": [ 5, 15.5, 11, 16 ], "texture": "#texture" },
				"east": { "uv": [ 5, 15.5, 11, 16 ], "texture": "#texture" }
			}
		},
		{
			"__comment": "Box2",
			"from": [ 4.5, 0.5, 5 ],
			"to": [ 5, 1, 11 ],
			"faces": {
				"down": { "uv": [ 4.5, 5, 5, 11 ], "texture": "#texture" },
				"up": { "uv": [ 4.5, 5, 5, 11 ], "texture": "#texture" },
				"north": { "uv": [ 11, 15, 11.5, 15.5 ], "texture": "#texture" },
				"south": { "uv": [ 4.5, 15, 5, 15.5 ], "texture": "#texture" },
				"west": { "uv": [ 5, 15, 11, 15.5 ], "texture": "#texture" },
				"east": { "uv": [ 5, 15, 11, 15.5 ], "texture": "#texture" }
			}
		},
		{
			"__comment": "Box2",
			"from": [ 11, 0.5, 5 ],
			"to": [ 11.5, 1, 11 ],
			"faces": {
				"down": { "uv": [ 4.5, 5, 5, 11 ], "texture": "#texture" },
				"up": { "uv": [ 4.5, 5, 5, 11 ], "texture": "#texture" },
				"north": { "uv": [ 11, 15, 11.5, 15.5 ], "texture": "#texture" },
				"south": { "uv": [ 4.5, 15, 5, 15.5 ], "texture": "#texture" },
				"west": { "uv": [ 5, 15, 11, 15.5 ], "texture": "#texture" },
				"east": { "uv": [ 5, 15, 11, 15.5 ], "texture": "#texture" }
			}
		},
		{
			"__comment": "Box2",
			"from": [ 5, 0.5, 4.5 ],
			"to": [ 11, 1, 5 ],
			"faces": {
				"down": { "uv": [ 4.5, 5, 5, 11 ], "texture": "#texture" },
				"up": { "uv": [ 4.5, 5, 5, 11 ], "texture": "#texture" },
				"north": { "uv": [ 11, 15, 11.5, 15.5 ], "texture": "#texture" },
				"south": { "uv": [ 4.5, 15, 5, 15.5 ], "texture": "#texture" },
				"west": { "uv": [ 5, 15, 11, 15.5 ], "texture": "#texture" },
				"east": { "uv": [ 5, 15, 11, 15.5 ], "texture": "#texture" }
			}
		},
		{
			"__comment": "Box2",
			"from": [ 5, 0.5, 11 ],
			"to": [ 11, 1, 11.5 ],
			"faces": {
				"down": { "uv": [ 4.5, 5, 5, 11 ], "texture": "#texture" },
				"up": { "uv": [ 4.5, 5, 5, 11 ], "texture": "#texture" },
				"north": { "uv": [ 11, 15, 11.5, 15.5 ], "texture": "#texture" },
				"south": { "uv": [ 4.5, 15, 5, 15.5 ], "texture": "#texture" },
				"west": { "uv": [ 5, 15, 11, 15.5 ], "texture": "#texture" },
				"east": { "uv": [ 5, 15, 11, 15.5 ], "texture": "#texture" }
			}
		},
		{
			"__comment": "Box6",
			"from": [ 5, 0.5, 5 ],
			"to": [ 5.5, 1, 5.5 ],
			"faces": {
				"down": { "uv": [ 5, 10.5, 5.5, 11 ], "texture": "#texture" },
				"up": { "uv": [ 5, 5, 5.5, 5.5 ], "texture": "#texture" },
				"north": { "uv": [ 10.5, 15, 11, 15.5 ], "texture": "#texture" },
				"south": { "uv": [ 5, 15, 5.5, 15.5 ], "texture": "#texture" },
				"west": { "uv": [ 5, 15, 5.5, 15.5 ], "texture": "#texture" },
				"east": { "uv": [ 10.5, 15, 11, 15.5 ], "texture": "#texture" }
			}
		},
		{
			"__comment": "Box6",
			"from": [ 5, 0.5, 10.5 ],
			"to": [ 5.5, 1, 11 ],
			"faces": {
				"down": { "uv": [ 5, 10.5, 5.5, 11 ], "texture": "#texture" },
				"up": { "uv": [ 5, 5, 5.5, 5.5 ], "texture": "#texture" },
				"north": { "uv": [ 10.5, 15, 11, 15.5 ], "texture": "#texture" },
				"south": { "uv": [ 5, 15, 5.5, 15.5 ], "texture": "#texture" },
				"west": { "uv": [ 5, 15, 5.5, 15.5 ], "texture": "#texture" },
				"east": { "uv": [ 10.5, 15, 11, 15.5 ], "texture": "#texture" }
			}
		},
		{
			"__comment": "Box6",
			"from": [ 10.5, 0.5, 5 ],
			"to": [ 11, 1, 5.5 ],
			"faces": {
				"down": { "uv": [ 5, 10.5, 5.5, 11 ], "texture": "#texture" },
				"up": { "uv": [ 5, 5, 5.5, 5.5 ], "texture": "#texture" },
				"north": { "uv": [ 10.5, 15, 11, 15.5 ], "texture": "#texture" },
				"south": { "uv": [ 5, 15, 5.5, 15.5 ], "texture": "#texture" },
				"west": { "uv": [ 5, 15, 5.5, 15.5 ], "texture": "#texture" },
				"east": { "uv": [ 10.5, 15, 11, 15.5 ], "texture": "#texture" }
			}
		},
		{
			"__comment": "Box6",
			"from": [ 10.5, 0.5, 10.5 ],
			"to": [ 11, 1, 11 ],
			"faces": {
				"down": { "uv": [ 5, 10.5, 5.5, 11 ], "texture": "#texture" },
				"up": { "uv": [ 5, 5, 5.5, 5.5 ], "texture": "#texture" },
				"north": { "uv": [ 10.5, 15, 11, 15.5 ], "texture": "#texture" },
				"south": { "uv": [ 5, 15, 5.5, 15.5 ], "texture": "#texture" },
				"west": { "uv": [ 5, 15, 5.5, 15.5 ], "texture": "#texture" },
				"east": { "uv": [ 10.5, 15, 11, 15.5 ], "texture": "#texture" }
			}
		}
	],
	"display": {
		"head": {
			"translation":  [ 0, -14.5, 3 ],
			"scale":  [ 2.3, 2.3, 2.3 ]
		}
	}
}