{
	"__comment": "Maded by PhilippOph; Created for PixelPack by PhilippOph",
	"textures": {
		"particle": "block/white_stained_glass",
		"texture": "block/white_stained_glass"
	},
	"elements": [ 	 
		{
			"__comment": "Box1",
			"from": [ 7, 0, 7 ],
			"to": [ 9, 0.5, 9 ],
			"faces": {
				"down": { "uv": [ 7, 7, 9, 9 ], "texture": "#texture" },
				"up": { "uv": [ 7, 7, 9, 9 ], "texture": "#texture" }
			}
		},
		{
			"__comment": "Box2",
			"from": [ 7, 0, 6.5 ],
			"to": [ 9, 0.5, 7 ],
			"faces": {
				"down": { "uv": [ 7, 9, 9, 9.5 ], "texture": "#texture" },
				"up": { "uv": [ 7, 6.5, 9, 7 ], "texture": "#texture" },
				"north": { "uv": [ 7, 15.5, 9, 16 ], "texture": "#texture" },
				"west": { "uv": [ 6.5, 15.5, 7, 16 ], "texture": "#texture" },
				"east": { "uv": [ 9, 15.5, 9.5, 16 ], "texture": "#texture" }
			}
		},
		{
			"__comment": "Box2",
			"from": [ 6.5, 0, 7 ],
			"to": [ 7, 0.5, 9 ],
			"faces": {
				"down": { "uv": [ 6.5, 9, 9, 9.5 ], "texture": "#texture" },
				"up": { "uv": [ 6.5, 6.5, 9, 7 ], "texture": "#texture" },
				"north": { "uv": [ 7, 15.5, 9.5, 16 ], "texture": "#texture" },
				"south": { "uv": [ 6.5, 15.5, 9, 16 ], "texture": "#texture" },
				"west": { "uv": [ 6.5, 15.5, 7, 16 ], "texture": "#texture" }
			}
		},
		{
			"__comment": "Box2",
			"from": [ 7, 0, 9 ],
			"to": [ 9, 0.5, 9.5 ],
			"faces": {
				"down": { "uv": [ 7, 9, 9, 9.5 ], "texture": "#texture" },
				"up": { "uv": [ 7, 6.5, 9, 7 ], "texture": "#texture" },
				"south": { "uv": [ 7, 15.5, 9, 16 ], "texture": "#texture" },
				"west": { "uv": [ 6.5, 15.5, 7, 16 ], "texture": "#texture" },
				"east": { "uv": [ 9, 15.5, 9.5, 16 ], "texture": "#texture" }
			}
		},
		{
			"__comment": "Box2",
			"from": [ 9, 0, 7 ],
			"to": [ 9.5, 0.5, 9 ],
			"faces": {
				"down": { "uv": [ 6.5, 9, 9, 9.5 ], "texture": "#texture" },
				"up": { "uv": [ 6.5, 6.5, 9, 7 ], "texture": "#texture" },
				"north": { "uv": [ 7, 15.5, 9.5, 16 ], "texture": "#texture" },
				"south": { "uv": [ 6.5, 15.5, 9, 16 ], "texture": "#texture" },
				"east": { "uv": [ 9, 15.5, 9.5, 16 ], "texture": "#texture" }
			}
		},
		{
			"__comment": "Box6",
			"from": [ 7.5, 0.5, 7.5 ],
			"to": [ 8.5, 3.5, 8.5 ],
			"faces": {
				"north": { "uv": [ 7.5, 12.5, 8.5, 15.5 ], "texture": "#texture" },
				"south": { "uv": [ 7.5, 12.5, 8.5, 15.5 ], "texture": "#texture" },
				"west": { "uv": [ 7.5, 12.5, 8.5, 15.5 ], "texture": "#texture" },
				"east": { "uv": [ 7.5, 12.5, 8.5, 15.5 ], "texture": "#texture" }
			}
		},
		{
			"__comment": "Box7",
			"from": [ 7, 3.5, 7 ],
			"to": [ 9, 4.5, 9 ],
			"faces": {
				"down": { "uv": [ 7, 7, 9, 9 ], "texture": "#texture" },
				"up": { "uv": [ 7, 7, 9, 9 ], "texture": "#texture" },
				"north": { "uv": [ 7, 11.5, 9, 12.5 ], "texture": "#texture" },
				"south": { "uv": [ 7, 11.5, 9, 12.5 ], "texture": "#texture" },
				"west": { "uv": [ 7, 11.5, 9, 12.5 ], "texture": "#texture" },
				"east": { "uv": [ 7, 11.5, 9, 12.5 ], "texture": "#texture" }
			}
		},
		{
			"__comment": "Box8",
			"from": [ 7, 4.5, 6.5 ],
			"to": [ 7.5, 7, 7 ],
			"faces": {
				"down": { "uv": [ 7, 9, 7.5, 9.5 ], "texture": "#texture" },
				"up": { "uv": [ 7, 6.5, 7.5, 7 ], "texture": "#texture" },
				"north": { "uv": [ 8.5, 9, 9, 11.5 ], "texture": "#texture" },
				"south": { "uv": [ 7, 9, 7.5, 11.5 ], "texture": "#texture" },
				"west": { "uv": [ 6.5, 9, 7, 11.5 ], "texture": "#texture" }
			}
		},
		{
			"__comment": "Box8",
			"from": [ 8.5, 4.5, 6.5 ],
			"to": [ 9, 7, 7 ],
			"faces": {
				"down": { "uv": [ 7, 9, 7.5, 9.5 ], "texture": "#texture" },
				"up": { "uv": [ 7, 6.5, 7.5, 7 ], "texture": "#texture" },
				"north": { "uv": [ 8.5, 8.5, 9, 11.5 ], "texture": "#texture" },
				"south": { "uv": [ 7, 8.5, 7.5, 11.5 ], "texture": "#texture" },
				"east": { "uv": [ 9, 8.5, 9.5, 11.5 ], "texture": "#texture" }
			}
		},
		{
			"__comment": "Box8",
			"from": [ 7.5, 4, 6.5 ],
			"to": [ 8.5, 7, 7 ],
			"faces": {
				"down": { "uv": [ 7, 9, 7.5, 9.5 ], "texture": "#texture" },
				"up": { "uv": [ 7, 6.5, 7.5, 7 ], "texture": "#texture" },
				"north": { "uv": [ 8.5, 8.5, 9, 11.5 ], "texture": "#texture" },
				"south": { "uv": [ 7, 8.5, 7.5, 11.5 ], "texture": "#texture" },
				"west": { "uv": [ 6.5, 8.5, 7, 11.5 ], "texture": "#texture" },
				"east": { "uv": [ 9, 8.5, 9.5, 11.5 ], "texture": "#texture" }
			}
		},
		{
			"__comment": "Box8",
			"from": [ 7, 4.5, 9 ],
			"to": [ 7.5, 7, 9.5 ],
			"faces": {
				"down": { "uv": [ 7, 9, 7.5, 9.5 ], "texture": "#texture" },
				"up": { "uv": [ 7, 6.5, 7.5, 7 ], "texture": "#texture" },
				"north": { "uv": [ 8.5, 9, 9, 11.5 ], "texture": "#texture" },
				"south": { "uv": [ 7, 9, 7.5, 11.5 ], "texture": "#texture" },
				"west": { "uv": [ 6.5, 9, 7, 11.5 ], "texture": "#texture" }
			}
		},
		{
			"__comment": "Box8",
			"from": [ 8.5, 4.5, 9 ],
			"to": [ 9, 7, 9.5 ],
			"faces": {
				"down": { "uv": [ 7, 9, 7.5, 9.5 ], "texture": "#texture" },
				"up": { "uv": [ 7, 6.5, 7.5, 7 ], "texture": "#texture" },
				"north": { "uv": [ 8.5, 8.5, 9, 11.5 ], "texture": "#texture" },
				"south": { "uv": [ 7, 8.5, 7.5, 11.5 ], "texture": "#texture" },
				"east": { "uv": [ 9, 8.5, 9.5, 11.5 ], "texture": "#texture" }
			}
		},
		{
			"__comment": "Box8",
			"from": [ 7.5, 4, 9 ],
			"to": [ 8.5, 7, 9.5 ],
			"faces": {
				"down": { "uv": [ 7, 9, 7.5, 9.5 ], "texture": "#texture" },
				"up": { "uv": [ 7, 6.5, 7.5, 7 ], "texture": "#texture" },
				"north": { "uv": [ 8.5, 8.5, 9, 11.5 ], "texture": "#texture" },
				"south": { "uv": [ 7, 8.5, 7.5, 11.5 ], "texture": "#texture" },
				"west": { "uv": [ 6.5, 8.5, 7, 11.5 ], "texture": "#texture" },
				"east": { "uv": [ 9, 8.5, 9.5, 11.5 ], "texture": "#texture" }
			}
		},
		{
			"__comment": "Box8",
			"from": [ 6.5, 4.5, 8.5 ],
			"to": [ 7, 7, 9 ],
			"faces": {
				"down": { "uv": [ 7, 9, 7.5, 9.5 ], "texture": "#texture", "rotation": 90 },
				"up": { "uv": [ 7, 6.5, 7.5, 7 ], "texture": "#texture", "rotation": 270 },
				"south": { "uv": [ 6.5, 9, 7, 11.5 ], "texture": "#texture" },
				"west": { "uv": [ 8.5, 9, 9, 11.5 ], "texture": "#texture" },
				"east": { "uv": [ 7, 9, 7.5, 11.5 ], "texture": "#texture" }
			}
		},
		{
			"__comment": "Box8",
			"from": [ 9, 4.5, 8.5 ],
			"to": [ 9.5, 7, 9 ],
			"faces": {
				"down": { "uv": [ 7, 9, 7.5, 9.5 ], "texture": "#texture", "rotation": 90 },
				"up": { "uv": [ 7, 6.5, 7.5, 7 ], "texture": "#texture", "rotation": 270 },
				"south": { "uv": [ 6.5, 9, 7, 11.5 ], "texture": "#texture" },
				"west": { "uv": [ 8.5, 9, 9, 11.5 ], "texture": "#texture" },
				"east": { "uv": [ 7, 9, 7.5, 11.5 ], "texture": "#texture" }
			}
		},
		{
			"__comment": "Box8",
			"from": [ 6.5, 4.5, 7 ],
			"to": [ 7, 7, 7.5 ],
			"faces": {
				"down": { "uv": [ 7, 9, 7.5, 9.5 ], "texture": "#texture", "rotation": 90 },
				"up": { "uv": [ 7, 6.5, 7.5, 7 ], "texture": "#texture", "rotation": 270 },
				"north": { "uv": [ 9, 8.5, 9.5, 11.5 ], "texture": "#texture" },
				"west": { "uv": [ 8.5, 8.5, 9, 11.5 ], "texture": "#texture" },
				"east": { "uv": [ 7, 8.5, 7.5, 11.5 ], "texture": "#texture" }
			}
		},
		{
			"__comment": "Box8",
			"from": [ 9, 4.5, 7 ],
			"to": [ 9.5, 7, 7.5 ],
			"faces": {
				"down": { "uv": [ 7, 9, 7.5, 9.5 ], "texture": "#texture", "rotation": 90 },
				"up": { "uv": [ 7, 6.5, 7.5, 7 ], "texture": "#texture", "rotation": 270 },
				"north": { "uv": [ 9, 8.5, 9.5, 11.5 ], "texture": "#texture" },
				"west": { "uv": [ 8.5, 8.5, 9, 11.5 ], "texture": "#texture" },
				"east": { "uv": [ 7, 8.5, 7.5, 11.5 ], "texture": "#texture" }
			}
		},
		{
			"__comment": "Box8",
			"from": [ 6.5, 4, 7.5 ],
			"to": [ 7, 7, 8.5 ],
			"faces": {
				"down": { "uv": [ 7, 9, 7.5, 9.5 ], "texture": "#texture", "rotation": 90 },
				"up": { "uv": [ 7, 6.5, 7.5, 7 ], "texture": "#texture", "rotation": 270 },
				"north": { "uv": [ 9, 8.5, 9.5, 11.5 ], "texture": "#texture" },
				"south": { "uv": [ 6.5, 8.5, 7, 11.5 ], "texture": "#texture" },
				"west": { "uv": [ 8.5, 8.5, 9, 11.5 ], "texture": "#texture" },
				"east": { "uv": [ 7, 8.5, 7.5, 11.5 ], "texture": "#texture" }
			}
		},
		{
			"__comment": "Box8",
			"from": [ 9, 4, 7.5 ],
			"to": [ 9.5, 7, 8.5 ],
			"faces": {
				"down": { "uv": [ 7, 9, 7.5, 9.5 ], "texture": "#texture", "rotation": 90 },
				"up": { "uv": [ 7, 6.5, 7.5, 7 ], "texture": "#texture", "rotation": 270 },
				"north": { "uv": [ 9, 8.5, 9.5, 11.5 ], "texture": "#texture" },
				"south": { "uv": [ 6.5, 8.5, 7, 11.5 ], "texture": "#texture" },
				"west": { "uv": [ 8.5, 8.5, 9, 11.5 ], "texture": "#texture" },
				"east": { "uv": [ 7, 8.5, 7.5, 11.5 ], "texture": "#texture" }
			}
		}
	],
	"display": {
		"head": {
			"translation":  [ 0, -14.5, 3 ],
			"scale":  [ 2.3, 2.3, 2.3 ]
		}
	}
}